id,review_id,original_text,text,label
1,53576661316421,"খুব ভালো একটি প্রোডাক্ট । ভালো সাউন্ড কোয়ালিটি। চার্জ ও ভালো টিকে, লুক ও ভালো। কিন্তু অল্প সময়ে কানে ব্যাথা ধরে যায়।","খুব ভালো একটি প্রোডাক্ট ভালো সাউন্ড কোয়ালিটি চার্জ ও ভালো টিকে, লুক ও ভালো কিন্তু অল্প সময়ে কানে ব্যাথা ধরে যায়.",product_quality_positive
2,52724795316421,নষ্ট প্রোডাক্ট দিছে। বক্সে চার্জ হয় কিন্তু বার্ডে চার্জ ও হয় না ওন ও হয়না। প্যাকেজিং ও বাজে ছিলো। প্রোডাক্ট দেখেই মনে হচ্ছিল ইউজড। এখন রিটার্ন করা ছাড়া উপাই নাই।,নষ্ট প্রোডাক্ট দিছে বক্সে চার্জ হয় কিন্তু বার্ডে চার্জ ও হয় না ওন ও হয়না প্যাকেজিং ও বাজে ছিলো প্রোডাক্ট দেখেই মনে হচ্ছিল ইউজড এখন রিটার্ন করা ছাড়া উপাই নাই.,packaging_negative#product_quality_negative
3,52702994116421,"আলহামদুলিল্লাহ্। যেমন চেয়েছি তেমনই পেয়েছি 
এবং ডেলিভারি ম্যান ভাইটি অনেক ভালো ছিলো
সবাই নিতে পারেন",আলহামদুলিল্লাহ্ যেমন চেয়েছি তেমনই পেয়েছি এবং ডেলিভারি ম্যান ভাইটি অনেক ভালো ছিলো সবাই নিতে পারেন.,delivery_positive#product_quality_positive
4,52597766016421,"it's nice , but charging beshikhon thake na , tana onkkhon use Korte parben na , r ektu loose , grip vlo na atkanor","it's nice , but charging beshikhon thake na , tana onkkhon use Korte parben na , r ektu loose , grip vlo na atkanor.",product_quality_positive
5,53392045716421,"খুবই ভালো এ দামের ভিতরে এর চেয়ে বেশি আশা করা যায় না সাউন কোয়ালিটি ভালোই ছিল, এখন চার্জ কিরকম থাকে এটা ইউজ করার পরে বুঝতে পারব তবে মোটামুটি অনেক ভালোই ছিল ধন্যবাদ সেলারকে।","খুবই ভালো এ দামের ভিতরে এর চেয়ে বেশি আশা করা যায় না সাউন কোয়ালিটি ভালোই ছিল, এখন চার্জ কিরকম থাকে এটা ইউজ করার পরে বুঝতে পারব তবে মোটামুটি অনেক ভালোই ছিল ধন্যবাদ সেলারকে.",price_positive#product_quality_positive
6,54826942616421,এই পন্য টা মোটামুটি ভালো কিন্তু ব্যটারি বেকাপ ভালো না সাউন্ড কোয়ালিটি ও কম। অনেক খন ব্যবহার করলে কান ব্যাথা করে তাই সবাই কে বলবো একটু বুঝে শুনে কিনুন ✅,এই পন্য টা মোটামুটি ভালো কিন্তু ব্যটারি বেকাপ ভালো না সাউন্ড কোয়ালিটি ও কম অনেক খন ব্যবহার করলে কান ব্যাথা করে তাই সবাই কে বলবো একটু বুঝে শুনে কিনুন.,product_quality_neutral
7,53860378216421,"ভাই এটা অনেক ভালো ছিল,কিন্তু আমি এটা প্রথমে আন করতে পারিনি এরপর আমি সব পলিথিন সরানোর পরে অন হয়েছে। আমি এটা পছন্দ করেছি কিন্তু আমার থেকে ডেলিভারিটা অনেক লেট হয়েছে। তাই রেটিং কম দিলাম 😅।","ভাই এটা অনেক ভালো ছিল,কিন্তু আমি এটা প্রথমে আন করতে পারিনি এরপর আমি সব পলিথিন সরানোর পরে অন হয়েছে আমি এটা পছন্দ করেছি কিন্তু আমার থেকে ডেলিভারিটা অনেক লেট হয়েছে তাই রেটিং কম দিলাম.",delivery_negative#product_quality_positive
8,52751081516421,"যথেষ্ট ভালো প্রডাক্ট,,,  সাউন কয়ালিটি ও ডারুন,, কিন্তু চার্জ  কম থাকে😴।   টেনে টুনে সাড়ে তিন ঘন্টাই ব্যাকাপ পাওয়া যায় ,, এর ছাড়াও প্রড্যক্ট ভালো।  

চাইলে নিতে পারেন,,😘","যথেষ্ট ভালো প্রডাক্ট,, সাউন কয়ালিটি ও ডারুন,, কিন্তু চার্জ কম থাকে টেনে টুনে সাড়ে তিন ঘন্টাই ব্যাকাপ পাওয়া যায় ,, এর ছাড়াও প্রড্যক্ট ভালো চাইলে নিতে পারেন,,.",product_quality_positive
9,53287127316421,"সময় মত ডেলিভারি পাইছি। product ঠিক ছিল। রাইটারের ব্যবহার ভালোই ছিল।ওটা কে অসাধারণ বাজেট হিসেবে ঠিকই আছে, এর চেয়ে ভালো কিছু আশা করা যায় না। ধন্যবাদ আজকে অল্প মূল্যে  অথেনটিক প্রোডাক্ট দেওয়ার জন্য।","সময় মত ডেলিভারি পাইছি product ঠিক ছিল রাইটারের ব্যবহার ভালোই ছিল ওটা কে অসাধারণ বাজেট হিসেবে ঠিকই আছে, এর চেয়ে ভালো কিছু আশা করা যায় না ধন্যবাদ আজকে অল্প মূল্যে অথেনটিক প্রোডাক্ট দেওয়ার জন্য.",delivery_positive#price_positive#product_quality_positive
10,52384570516421,আলহামদুলিল্লাহ অনেক ভালো সাউন্ড । সাউন্ড কোয়ালিটি অনেক ভালো। কিন্তু গেমের মুড কিভাবে অন করব প্লিজ কেউ জানান please এবং কতটুকু চার্জ আছে তা সঠিক দেখাই না।,আলহামদুলিল্লাহ অনেক ভালো সাউন্ড সাউন্ড কোয়ালিটি অনেক ভালো কিন্তু গেমের মুড কিভাবে অন করব প্লিজ কেউ জানান please এবং কতটুকু চার্জ আছে তা সঠিক দেখাই না.,product_quality_positive
11,52125341416421,আলহামদুলিল্লাহ অনেক ভালো চাইলে নিতে পারেন কোন সমস্যা নাই এই প্রোডাক্টটি পাঁচ দিনের মাথায় আমি আমার হাতে পেয়েছি হাতে পেয়ে দেখলাম অনেক ভালো,আলহামদুলিল্লাহ অনেক ভালো চাইলে নিতে পারেন কোন সমস্যা নাই এই প্রোডাক্টটি পাঁচ দিনের মাথায় আমি আমার হাতে পেয়েছি হাতে পেয়ে দেখলাম অনেক ভালো.,delivery_negative#product_quality_positive
12,52834515016421,"এর মতোন বাজ পোডাক্ট এর আগে কখনও দেখিনি 
১৫০ টাকার হেডফোন ৩-৪ ঘণ্টা চার্জ থাকে এটা ৩ মিনিট ও থকে না
৫ ষ্টার দিলাম জাতে সবাই দেখে",এর মতোন বাজ পোডাক্ট এর আগে কখনও দেখিনি ১৫০ টাকার হেডফোন ৩-৪ ঘণ্টা চার্জ থাকে এটা ৩ মিনিট ও থকে না ৫ ষ্টার দিলাম জাতে সবাই দেখে.,product_quality_negative
13,53821031516421,"জিনিস ভালই সুন্দর আছে জেহুতু গেমিং এর জন্য চাইলে নিতে পারেন।  আর এটা সুধু নামেই গেমিং কিন্তু  কাজে না এটা সাধরন এয়ারবাসের মতই এতে আলাদা কুনো গেমিং মড নাই।  ৩৪৫টাকায় ভালই। আর একটা কথা ১০০টা মাল কিনলে ৮০টাতেই পবলেম থাকে। যেমন আমারটা ডান কানের টার ২০-৩০ ছেগেনটের বেসি চলত না। তাই আমার আগের এয়ারবাসের বেটরি এড করেছি এরপর ভালই ব্যকাব দিচ্ছে ।  ৭দিন ইওজ কারার পর রিভিও দিলাম।   
    আল্লাহাফেজ ❤️‍🩹",জিনিস ভালই সুন্দর আছে জেহুতু গেমিং এর জন্য চাইলে নিতে পারেন আর এটা সুধু নামেই গেমিং কিন্তু কাজে না এটা সাধরন এয়ারবাসের মতই এতে আলাদা কুনো গেমিং মড নাই ৩৪৫টাকায় ভালই আর একটা কথা ১০০টা মাল কিনলে ৮০টাতেই পবলেম থাকে যেমন আমারটা ডান কানের টার ২০-৩০ ছেগেনটের বেসি চলত না তাই আমার আগের এয়ারবাসের বেটরি এড করেছি এরপর ভালই ব্যকাব দিচ্ছে ৭দিন ইওজ কারার পর রিভিও দিলাম আল্লাহাফেজ.,product_quality_positive
14,54621081316421,really good sound really good best generally worth for money আরে ভাইরা আমার এতে game mode আছে যে কোন একটায় চারবার টেপ করব গেম চালু হয়ে যাবে,really good sound really good best generally worth for money আরে ভাইরা আমার এতে game mode আছে যে কোন একটায় চারবার টেপ করব গেম চালু হয়ে যাবে.,product_quality_positive
15,53547043316421,আলহামদুলিল্লাহ যেমনটা চেয়েছি তেমনটাই পেয়েছি প্রোডাক্টটি অনেক ভালো আপনারা চাইলে নিতে পারেন।আর ডেলিভারি ম্যান ভাইয়ের ব্যবহার ও আচরণ অনেক ভালো,আলহামদুলিল্লাহ যেমনটা চেয়েছি তেমনটাই পেয়েছি প্রোডাক্টটি অনেক ভালো আপনারা চাইলে নিতে পারেন আর ডেলিভারি ম্যান ভাইয়ের ব্যবহার ও আচরণ অনেক ভালো.,product_quality_positive
16,54107735216421,price range e onek valo product.plastic quality temon valo na.sound onek valo ei price range e.kaan betha hoy as plastic er body.overall kharap na.,price range e onek valo product.plastic quality temon valo na.sound onek valo ei price range e.kaan betha hoy as plastic er body.overall kharap na.,price_positive#product_quality_positive
17,52778760616421,ভালো চাইলে নিতে পারেন। কিন্তু একমাস গেলে কেসের ভিতরে থাকা ব্যাটারিতে চার্জ থাকে না একবারে ডেম হয়ে যায়।।।,ভালো চাইলে নিতে পারেন কিন্তু একমাস গেলে কেসের ভিতরে থাকা ব্যাটারিতে চার্জ থাকে না একবারে ডেম হয়ে যায়.,product_quality_positive
18,52823680416421,"AMI 
UTPAL
CUMILLA THAKA
প্রোডাক্ট এক কথায় অসাধারণ ছিল প্রোডাক্টটা সাউন্ড কোয়ালিটি  এটা ভালো এবং বেসটাও ভালো আর প্রোডাক্ট এর মধ্যে যে এয়ার বাস্টার্ড চার্জে যে অপশনটা এখানে আলাদা একটা পলি  লাগানো ছিল আমি ভাবছিলাম এটা নষ্ট তো আমি ঠিকমত  দেখি কোন একটা পলি আছে পলিটা উঠানোর পরে একদম সব পারফেক্ট ছিল সাউন্ড কোয়ালিটি অনেক ভালো। আর ভাই আর একটা কথা এটা একদম অরজিনাল কপি প্রোডাক্ট তো দেখার আগে সাবধানে কিন্তু কিনবেন। 
THANKS DARAZ AND BAD CHOICE
😊😡😞😡😞😡😞😡😞😡😞😡😞😡😞😡😞😡😞😡",AMI UTPAL CUMILLA THAKA প্রোডাক্ট এক কথায় অসাধারণ ছিল প্রোডাক্টটা সাউন্ড কোয়ালিটি এটা ভালো এবং বেসটাও ভালো আর প্রোডাক্ট এর মধ্যে যে এয়ার বাস্টার্ড চার্জে যে অপশনটা এখানে আলাদা একটা পলি লাগানো ছিল আমি ভাবছিলাম এটা নষ্ট তো আমি ঠিকমত দেখি কোন একটা পলি আছে পলিটা উঠানোর পরে একদম সব পারফেক্ট ছিল সাউন্ড কোয়ালিটি অনেক ভালো আর ভাই আর একটা কথা এটা একদম অরজিনাল কপি প্রোডাক্ট তো দেখার আগে সাবধানে কিন্তু কিনবেন THANKS DARAZ AND BAD CHOICE.,product_quality_positive
19,52265766516421,"গুড লুকিং 😍 সাউন্ড কোয়ালিটিও ভালোই, প্যাকেজিংও খুব ভালো ছিলো। তবে চার্জিং ব্যাকাপ আরও বেশি থাকলে ভালো হতো ওভারাল আর সব ঠিক আছে তবে চার্জিং কেবলের তারটা অনেক ছোট তাও আবার খারাপ। আমার ক্যাবল একটা আলাদা কেনা লাগছে।","গুড লুকিং সাউন্ড কোয়ালিটিও ভালোই, প্যাকেজিংও খুব ভালো ছিলো তবে চার্জিং ব্যাকাপ আরও বেশি থাকলে ভালো হতো ওভারাল আর সব ঠিক আছে তবে চার্জিং কেবলের তারটা অনেক ছোট তাও আবার খারাপ আমার ক্যাবল একটা আলাদা কেনা লাগছে.",packaging_positive#product_quality_positive
20,53150743216421,বিল্ড কোয়ালিটি বেশি ভারো না এমনে জিনিস টা ভালো ব্যাটারি টাও বেশি ভালো না এরোকম দামে ঠিক আছে আর বেশে আশা করা যায় না😔,বিল্ড কোয়ালিটি বেশি ভারো না এমনে জিনিস টা ভালো ব্যাটারি টাও বেশি ভালো না এরোকম দামে ঠিক আছে আর বেশে আশা করা যায় না.,price_negative#product_quality_positive
21,53122468816421,"আলহামদুলিল্লাহ ভালো একটা জিনিস পেলেম 
আজকেই পার্সেল টা হাতে পেলাম আর ডেলিভারি মেন টাও অনেক ভালো আপনারা চাইলে নিতে পারেন। সাউন্ড কোয়ালিটি ও অনেক ভালো।",আলহামদুলিল্লাহ ভালো একটা জিনিস পেলেম আজকেই পার্সেল টা হাতে পেলাম আর ডেলিভারি মেন টাও অনেক ভালো আপনারা চাইলে নিতে পারেন সাউন্ড কোয়ালিটি ও অনেক ভালো.,delivery_positive#product_quality_positive
22,53487023316421,"খুব খারাপ লাগলো যে বিশ্বাস করে একটা ব্লুটুথ অর্ডার করেছিলাম কিন্তু তারা নষ্ট একটা ব্লুটুথ দিয়েছে 😢 খুব ফালতু লোক দারাজ এর লোক গুলো, মানুষের হক এর টাকা ঠকিয়ে খাচ্ছে!😢 আল্লাহ কি বান্দার হক মাফ করবেন ? আহ্ মানুষ কেন যে বুঝে না?
টাকার পরিমাণ বেশি না তবে যথাযথ টাকা নিবে কিন্তু মাল ভালো দিবে না এটা তো ঠিক না ! আল্লাহ সবাইকে বুঝার তৌফিক দান করুক।
দয়া করে আপনারা কেউ নিবেন না না হয় আমার মতো ঠকবেন।
ধন্যবাদ","খুব খারাপ লাগলো যে বিশ্বাস করে একটা ব্লুটুথ অর্ডার করেছিলাম কিন্তু তারা নষ্ট একটা ব্লুটুথ দিয়েছে খুব ফালতু লোক দারাজ এর লোক গুলো, মানুষের হক এর টাকা ঠকিয়ে খাচ্ছে! আল্লাহ কি বান্দার হক মাফ করবেন ? আহ্ মানুষ কেন যে বুঝে না? টাকার পরিমাণ বেশি না তবে যথাযথ টাকা নিবে কিন্তু মাল ভালো দিবে না এটা তো ঠিক না ! আল্লাহ সবাইকে বুঝার তৌফিক দান করুক দয়া করে আপনারা কেউ নিবেন না না হয় আমার মতো ঠকবেন ধন্যবাদ.",product_quality_negative
23,53541410016421,সবচেয়ে বাজে প্রোডাক্ট চার্জে দিলে চার্জে ওঠেনা হেডফোনে ভালো মতো সাউন্ড হয় না যার যে দুইদিন নিছি চার্জ হয় না এত ফালত পর একটা জীবনে দেখি নাই,সবচেয়ে বাজে প্রোডাক্ট চার্জে দিলে চার্জে ওঠেনা হেডফোনে ভালো মতো সাউন্ড হয় না যার যে দুইদিন নিছি চার্জ হয় না এত ফালত পর একটা জীবনে দেখি নাই.,product_quality_negative
24,52730567816421,"ভাই এইটা নষ্ট কেন দিলেন টাকা তো নিয়ে নিলেন কিন্তু জিনিস তো টিক দিলেন না।চাজে দিলে লাইট জলে এমনে তে  কোন কিছু আসে না, এই টা কোন কথা ভাই","ভাই এইটা নষ্ট কেন দিলেন টাকা তো নিয়ে নিলেন কিন্তু জিনিস তো টিক দিলেন না চাজে দিলে লাইট জলে এমনে তে কোন কিছু আসে না, এই টা কোন কথা ভাই.",product_quality_negative
25,53246034516421,PRODUCT  এর QYALITY ভালো তবে প্যাকেজিং একদম বাজে 🤬🤬🤬👺।তবুও PRODUCT ভালো🥰🥰 চাইলে নিতে পারেন😚😚😚😚,PRODUCT এর QYALITY ভালো তবে প্যাকেজিং একদম বাজে তবুও PRODUCT ভালো চাইলে নিতে পারেন.,packaging_negative#product_quality_positive
26,53386066116421,প্রোডাক্টটা ভালো ।কিন্তু আসার সময় প্যাকেটের অবস্থা খারাপ ছিল ।এবং সাউন্ড কোয়ালিটি টা একটু খারাপ।,প্রোডাক্টটা ভালো কিন্তু আসার সময় প্যাকেটের অবস্থা খারাপ ছিল এবং সাউন্ড কোয়ালিটি টা একটু খারাপ.,packaging_negative#product_quality_positive
27,53067719716421,অনেক বাজে কোয়ালিটি কেউ নিবেন না 😡 একটা চলে আরেকটা চলে না । তার পরে সাউড কোয়ালিটি অনেক বাজে 😡😡,অনেক বাজে কোয়ালিটি কেউ নিবেন না একটা চলে আরেকটা চলে না তার পরে সাউড কোয়ালিটি অনেক বাজে.,product_quality_negative
28,53164143316421,"প্রথমে ভেবেছিলাম নষ্ট প্রোডাক্ট, কিন্তু পরে চেক করে দেখলাম ঠিক আছে। দাম হিসাবে ভালোই বলা চলে।","প্রথমে ভেবেছিলাম নষ্ট প্রোডাক্ট, কিন্তু পরে চেক করে দেখলাম ঠিক আছে দাম হিসাবে ভালোই বলা চলে.",price_positive#product_quality_positive
29,53814278016421,ওটা একটা একদমই ভালো না মাত্র এক ঘণ্টার মধ্যে চার্জ থাকে দয়া করে এটি কেউ কিনবেন আপনার ক্ষতি,ওটা একটা একদমই ভালো না মাত্র এক ঘণ্টার মধ্যে চার্জ থাকে দয়া করে এটি কেউ কিনবেন আপনার ক্ষতি.,product_quality_negative
30,52144928816421,এক কথায় অসাধারণ একটি পোডাক্ট ধন্যবাদ এতো সুন্দর পোডাক্ট দেওয়ার জন্য🥰সব মিলাই ২৯০৳ পরছে,এক কথায় অসাধারণ একটি পোডাক্ট ধন্যবাদ এতো সুন্দর পোডাক্ট দেওয়ার জন্য সব মিলাই ২৯০৳ পরছে.,product_quality_positive
31,52929763816421,প্রথমে রিভিউ দেখে ভয় ছিলাম মনে করেছিলাম খারাপ পরবে আমারও আলহামদুলিল্লাহ কোন সমস্যা নাই,প্রথমে রিভিউ দেখে ভয় ছিলাম মনে করেছিলাম খারাপ পরবে আমারও আলহামদুলিল্লাহ কোন সমস্যা নাই.,product_quality_positive
32,52596234116421,অনেক ভালো প্রোডাক্ট। আপনারা নিতে পারেন  ভাইয়া অনেক ভালো অনেক ভালো ব্যবহার করেছে।,অনেক ভালো প্রোডাক্ট আপনারা নিতে পারেন ভাইয়া অনেক ভালো অনেক ভালো ব্যবহার করেছে.,product_quality_positive
33,52349973516421,amazing 😍 yarbarths sound quality is good 👍 like it 👍 apnar o nitay paran 😱,amazing yarbarths sound quality is good like it apnar o nitay paran.,product_quality_positive
34,53782773316421,Same as a picture. Thank you Daraz and seller. Headphone ta te bass khub kom.,Same as a picture. Thank you Daraz and seller. Headphone ta te bass khub kom.,product_quality_positive
35,53936114016421,"আপনারা চাইলে প্রোডাক্টটি নিতে পারেন। প্রোডাক্টটি অনেক ভালো। 
thank you Daraz",আপনারা চাইলে প্রোডাক্টটি নিতে পারেন প্রোডাক্টটি অনেক ভালো thank you Daraz.,product_quality_positive
36,54054472516421,"আমি ১ মাস যাবত এটা ব্যাবহার করতেছি খুবই ভালো প্রোডাক্ট, আপনারা নিতে পারেন","আমি ১ মাস যাবত এটা ব্যাবহার করতেছি খুবই ভালো প্রোডাক্ট, আপনারা নিতে পারেন.",product_quality_positive
37,53207429716421,Keho niben na ei product onk baje charge dile light jole r 2 tai nosto 🤬,Keho niben na ei product onk baje charge dile light jole r 2 tai nosto.,product_quality_positive
38,53474357016421,"not working.
12 din hoise nichi.
kisu bolar vasa khuje pachchhi na 😡😡",not working. 12 din hoise nichi. kisu bolar vasa khuje pachchhi na.,product_quality_negative
39,52888464516421,হেডফোনটা দেখতে ভালো আছে কিন্তু noise cancellation নাই গান ভালো চলে,হেডফোনটা দেখতে ভালো আছে কিন্তু noise cancellation নাই গান ভালো চলে.,product_quality_positive
40,52431964316421,"মুটামুটি চলে,, কিছু টাকা বেশি নিয়ে এর থেকে ভালো টাই কিনা ভালো হবে","মুটামুটি চলে,, কিছু টাকা বেশি নিয়ে এর থেকে ভালো টাই কিনা ভালো হবে.",product_quality_neutral
41,52899598716421,vai ai ta MOTA moti Valo ache apnra nite paren Kono somossa nai,vai ai ta MOTA moti Valo ache apnra nite paren Kono somossa nai.,product_quality_neutral
42,52877452416421,quality valo e dekhlam akhon use kora Dekhi Kemon service day,quality valo e dekhlam akhon use kora Dekhi Kemon service day.,product_quality_positive
43,53064837816421,"অনেক সুন্দর একটা এয়ারপোর্টে আমার খুব পছন্দ হয়েছে 
অনেক ভালো",অনেক সুন্দর একটা এয়ারপোর্টে আমার খুব পছন্দ হয়েছে অনেক ভালো.,product_quality_positive
44,53997373716421,মোটামুটি ভালো আপনারা চাইলে নিতে পারেন দাম উনজাই ভালো,মোটামুটি ভালো আপনারা চাইলে নিতে পারেন দাম উনজাই ভালো.,price_positive#product_quality_neutral
45,54514502216421,আলহামদুলিল্লাহ এটা  অত্যন্ত ভালো ছিল আওজ অনেক সুন্দর,আলহামদুলিল্লাহ এটা অত্যন্ত ভালো ছিল আওজ অনেক সুন্দর.,product_quality_positive
46,53612500116421,এই দামা অনেক ভালো এয়ার পট সাওন কয়ালটিনঅনেক ভালো,এই দামা অনেক ভালো এয়ার পট সাওন কয়ালটিনঅনেক ভালো.,price_positive#product_quality_positive
47,53971921416421,একদম নষ্ট কাজ করে না। আমি কেমন করে রিফান্ড করবো,একদম নষ্ট কাজ করে না আমি কেমন করে রিফান্ড করবো.,price_positive#product_quality_positive
48,54439120316421,মোটামুটি ভালো। রিসিভ বাটন নেই।থাকলে ভাল হতো।,মোটামুটি ভালো রিসিভ বাটন নেই থাকলে ভাল হতো.,product_quality_positive
49,53312948116421,দাম হিসাবে খুব খারাপ না ভালই সবাই নিতে পারেন,দাম হিসাবে খুব খারাপ না ভালই সবাই নিতে পারেন.,price_positive#product_quality_positive
50,52880435416421,"valoi silo ager ta, tar jonno arekta nilam","valoi silo ager ta, tar jonno arekta nilam.",product_quality_positive
51,53096699016421,"alhamdulillah valoi product ta,nite paren","alhamdulillah valoi product ta,nite paren.",product_quality_positive
52,54201746816421,pordak or khubi Valo saile kau nite paren,pordak or khubi Valo saile kau nite paren.,product_quality_positive
53,52990791816421,kom taker betore  thes airport is best 💯,kom taker betore thes airport is best.,price_positive#product_quality_positive
54,52741360716421,মতি ভালো বেশি একটা ভালো না সাজ টিকে কম,মতি ভালো বেশি একটা ভালো না সাজ টিকে কম.,product_quality_negative
55,52338289216421,sob kicu thik Joss kintu dhaknita durbol,sob kicu thik Joss kintu dhaknita durbol.,product_quality_positive
56,54002247316421,একটা ভালো একটা নষ্ট একদম ভালো না ফালতু,একটা ভালো একটা নষ্ট একদম ভালো না ফালতু.,product_quality_negative
57,53325166216421,"অনেক ভালো ও,, আপনার ও চাইলে নিতে পারেন","অনেক ভালো ও,, আপনার ও চাইলে নিতে পারেন.",product_quality_positive
58,53086010816421,দাম অনুযায়ী ভালো আসে নিতে পারেন 😊😊,দাম অনুযায়ী ভালো আসে নিতে পারেন.,price_positive#product_quality_positive
59,53752605516421,"আল হামদুলিল্লাহ্, লাইটা অনেক ভালো","আল হামদুলিল্লাহ্, লাইটা অনেক ভালো.",product_quality_positive
60,52714835216421,valo apnara caile nite paren,valo apnara caile nite paren.,product_quality_positive
61,52817801116421,ওনেক সুন্দর  ওনেক ভালো পোডাক,ওনেক সুন্দর ওনেক ভালো পোডাক.,product_quality_positive
62,53969321616421,"Jodi sotti boli taile bolbo baire fitfat vitore sodor ghat .
dekte Pura agun . but onek besi latency . ekdom e game khela jai na . 2 sec pore sound ase . ar music try korlam valo but majhe majhe baidhe baidhe jasse sound . ar Kane valo Kore laige thake na . but fake jinis hisabe ei dam e khub kharap na . at least sound to ase 😂",Jodi sotti boli taile bolbo baire fitfat vitore sodor ghat . dekte Pura agun . but onek besi latency . ekdom e game khela jai na . 2 sec pore sound ase . ar music try korlam valo but majhe majhe baidhe baidhe jasse sound . ar Kane valo Kore laige thake na . but fake jinis hisabe ei dam e khub kharap na . at least sound to ase.,price_neutral#product_quality_neutral
63,54113999616421,খুবই রাগ হচ্ছে আর খুবই রাগান্বিত হই বলতে হচ্ছে প্রোডাক্টটা অত্যন্ত বাজে চাস তো থাকেই না এবং দুইটা কানেক্ট করলে একসঙ্গে বন্ধ হয়ে যায়,খুবই রাগ হচ্ছে আর খুবই রাগান্বিত হই বলতে হচ্ছে প্রোডাক্টটা অত্যন্ত বাজে চাস তো থাকেই না এবং দুইটা কানেক্ট করলে একসঙ্গে বন্ধ হয়ে যায়.,product_quality_negative
64,53450519016421,হেডফোনটা খুব সুন্দর ডেলিভারি ম্যান ভাইয়ের ব্যবহার খুব সুন্দর আমাকে ভালো লাগছে ধন্যবাদ ডেলিভারি ভাইকে,হেডফোনটা খুব সুন্দর ডেলিভারি ম্যান ভাইয়ের ব্যবহার খুব সুন্দর আমাকে ভালো লাগছে ধন্যবাদ ডেলিভারি ভাইকে.,delivery_positive#product_quality_positive
65,53278891516421,delivery onk taratari asche kalke order disi ajk sokale hate paiaa gesi takar tulonai vhalo ee akta earbuds apnara chaile nite pare,delivery onk taratari asche kalke order disi ajk sokale hate paiaa gesi takar tulonai vhalo ee akta earbuds apnara chaile nite pare.,delivery_positive#price_positive#product_quality_positive
66,53842292716421,ভাই মোটা মোটি ভালো ৩৫০ টাকার মধ্যে  একদিন হইসে নিসি মোটা মোটি ভালোই লাগলো দেখি কয়দিন পরে কি হয় একটা সমস্যা আসে তা হোলো কান বেথা করে সারবিস খারাপ দিলে চেন্জ কইরা নিবো,ভাই মোটা মোটি ভালো ৩৫০ টাকার মধ্যে একদিন হইসে নিসি মোটা মোটি ভালোই লাগলো দেখি কয়দিন পরে কি হয় একটা সমস্যা আসে তা হোলো কান বেথা করে সারবিস খারাপ দিলে চেন্জ কইরা নিবো.,product_quality_positive
67,52803539316421,"জঘন্য। আজকে হাতে পেলাম, আমি চেক না করে ডেলিভারি ম্যান থেকে নিয়ে যাই, পরে চেক করে দেখি একদম ই চার্জ থাকে না। এক কানেরটা চলে, আরেকটা নষ্ট। আমি খুবই হতাশ। আর কখনো অনলাইনে অর্ডার করব না।","জঘন্য আজকে হাতে পেলাম, আমি চেক না করে ডেলিভারি ম্যান থেকে নিয়ে যাই, পরে চেক করে দেখি একদম ই চার্জ থাকে না এক কানেরটা চলে, আরেকটা নষ্ট আমি খুবই হতাশ আর কখনো অনলাইনে অর্ডার করব না.",product_quality_negative
68,53032567516421,Ekdom baje product. Amr earbuds gulu charage e nite chai nh. Allah ader moto seller der business bondo koruk amin. Chi daraz Chi,Ekdom baje product. Amr earbuds gulu charage e nite chai nh. Allah ader moto seller der business bondo koruk amin. Chi daraz Chi.,product_quality_negative
69,54635775516421,ata jem dekte demon noy. ak don baje. ar jara game ar jonno niben. tara ata teke 100 hat dure taken.,ata jem dekte demon noy. ak don baje. ar jara game ar jonno niben. tara ata teke 100 hat dure taken.,product_quality_negative
70,52989523216421,দয়া করে কেউ কিনবেন না। একদম বাজে প্রোডাক্ট। প্রোডাক্ট টির এয়ার বার্ডস গুলো অচল ও কাজ করে না।। মনে হয় নষ্ট মাল দিয়ে দিসে।। হেয়ার বাডস গুলো বাতি জ্বলে না কানেক্টেড ও হয় না। নষ্ট বাজে। আসলেই দারাজ থেকে কেউ কিছু কিনবেন না৷।।,দয়া করে কেউ কিনবেন না একদম বাজে প্রোডাক্ট প্রোডাক্ট টির এয়ার বার্ডস গুলো অচল ও কাজ করে না মনে হয় নষ্ট মাল দিয়ে দিসে হেয়ার বাডস গুলো বাতি জ্বলে না কানেক্টেড ও হয় না নষ্ট বাজে আসলেই দারাজ থেকে কেউ কিছু কিনবেন না৷.,product_quality_negative
71,53080212816421,জিনিসটি খুবই ভালো লেগেছে যেমন দেখেছি তেমনি পেয়েছি এবার দেখা যাক কেমন ঠিক সই করে সমস্যা হলে রিটার্ন করে দিব সাত দিনের মধ্যে,জিনিসটি খুবই ভালো লেগেছে যেমন দেখেছি তেমনি পেয়েছি এবার দেখা যাক কেমন ঠিক সই করে সমস্যা হলে রিটার্ন করে দিব সাত দিনের মধ্যে.,product_quality_positive
72,52875874916421,হ্যাঁ প্রোডাক্টটির যেরকম দেখেছি অনলাইনে সেরকমই পেয়েছি প্রোডাক্টটি অনেক ভালো সাউন্ড কোয়ালিটি ভালো,হ্যাঁ প্রোডাক্টটির যেরকম দেখেছি অনলাইনে সেরকমই পেয়েছি প্রোডাক্টটি অনেক ভালো সাউন্ড কোয়ালিটি ভালো.,product_quality_positive
73,53142524516421,একদম বাজে জিনিস।নষ্ট একটা প্রোডাক্ট দিয়েছে।আশা করছি কেউ কিনবেন না।তারা যেনে সুনে নষ্ট টা দিয়েছে,একদম বাজে জিনিস নষ্ট একটা প্রোডাক্ট দিয়েছে আশা করছি কেউ কিনবেন না তারা যেনে সুনে নষ্ট টা দিয়েছে.,product_quality_negative
74,52779930416421,এতোটাও ভালো না সামনে দুইটা লাইটের জন্য চার্জ থাকে না বেশিক্ষণ আর চার্জ হইতে অনেক বেশি দেরি লাগে,এতোটাও ভালো না সামনে দুইটা লাইটের জন্য চার্জ থাকে না বেশিক্ষণ আর চার্জ হইতে অনেক বেশি দেরি লাগে.,product_quality_neutral
75,52901362416421,অনেক সুন্দর একটা ব্লুটুথ ধন্যবাদ ভাইদের কে অনেক তাড়াতাড়ি প্রোডাক্টটা দেওয়ার জন্য,অনেক সুন্দর একটা ব্লুটুথ ধন্যবাদ ভাইদের কে অনেক তাড়াতাড়ি প্রোডাক্টটা দেওয়ার জন্য.,delivery_positive#product_quality_positive
76,52829813116421,অনেক সুন্দর একটা ব্লুটু থ সাউন্ড আমি একটু নিয়েছি আপনারাও মিলে নিতে পারেন ধন্যবাদ,অনেক সুন্দর একটা ব্লুটু থ সাউন্ড আমি একটু নিয়েছি আপনারাও মিলে নিতে পারেন ধন্যবাদ.,product_quality_positive
77,52872625616421,খুবই বাজে। জাস্ট চার্জিং টাইমে লাইট জ্বলে। এবং একেবারে নন-ওয়ার্কিং। ডিজগাস্টিং।,খুবই বাজে জাস্ট চার্জিং টাইমে লাইট জ্বলে এবং একেবারে নন-ওয়ার্কিং ডিজগাস্টিং.,product_quality_negative
78,53264303216421,"8d Bass ওনেক ভালো 🥰
সাউন্ড কোয়ালিটি ওনেক ভালো 🥰
সেলার কে ধন্যবাদ দিলাম 🥰🥰",8d Bass ওনেক ভালো সাউন্ড কোয়ালিটি ওনেক ভালো সেলার কে ধন্যবাদ দিলাম.,product_quality_positive
79,52672649716421,একদম ফালতু একটা জিনিস নষ্ট জিনিস দিসে  একদম  ভালো  না  কেও নিয়েন  না  ফালতু,একদম ফালতু একটা জিনিস নষ্ট জিনিস দিসে একদম ভালো না কেও নিয়েন না ফালতু.,product_quality_negative
80,54536611016421,airport কেউ নিবেন না । একটা কানেরটা নষ্ট  চার্জ হয় কিন্তু কানেক্ট হয় না 😡,airport কেউ নিবেন না একটা কানেরটা নষ্ট চার্জ হয় কিন্তু কানেক্ট হয় না.,product_quality_negative
81,54747373116421,একদম বাজে আপনার প্রতি অনুরোধ থাকবে এদের কাছ থেকে কেউ কোন পুণ্য নিবেন নাহ.,একদম বাজে আপনার প্রতি অনুরোধ থাকবে এদের কাছ থেকে কেউ কোন পুণ্য নিবেন নাহ.,product_quality_negative
82,52534215216421,প্রোডাক্ট ভালো না চার্জিং ব্যাকআপ খুব কম। চার্জ বেশিক্ষণ থাকে না।,প্রোডাক্ট ভালো না চার্জিং ব্যাকআপ খুব কম চার্জ বেশিক্ষণ থাকে না.,product_quality_negative
83,53413978916421,আলহামদুলিল্লাহ খুব ভালো কিন্তু ফাইভ ডি লাইটের কারণে চার্জ কম থাকে,আলহামদুলিল্লাহ খুব ভালো কিন্তু ফাইভ ডি লাইটের কারণে চার্জ কম থাকে.,product_quality_positive
84,53470979316421,"not good at all
3-4 fit dure gelei connection lost hoiya jai",not good at all 3-4 fit dure gelei connection lost hoiya jai.,product_quality_negative
85,52520064516421,এত বাজে product আমি জবনে দেখি নাই একতা ভাল এর এক্তা নস্ত,এত বাজে product আমি জবনে দেখি নাই একতা ভাল এর এক্তা নস্ত.,product_quality_negative
86,53337897516421,besi valo na motamoti but gaming er jonno ei dam e best,besi valo na motamoti but gaming er jonno ei dam e best.,product_quality_neutral
87,53891270016421,alhumdullilah motamoti valo but case charge thakei na,alhumdullilah motamoti valo but case charge thakei na.,product_quality_positive
88,54935632816421,"1 side bati jole na r 1 ta ear nosto
totally waste🐸",1 side bati jole na r 1 ta ear nosto totally waste.,product_quality_negative
89,54762106616421,Good got the best but but the packaging is very bad,Good got the best but but the packaging is very bad.,packaging_negative#product_quality_positive
90,54272815216421,nostw akta airbuds.fultu products kew niben nah ata,nostw akta airbuds.fultu products kew niben nah ata.,product_quality_negative
91,53558065416421,অনেক ভালো ডিজাইন সুন্দর হয়েছে আলহামদুলিল্লাহ,অনেক ভালো ডিজাইন সুন্দর হয়েছে আলহামদুলিল্লাহ.,product_quality_positive
92,53105433016421,product ta Valo na Khali bondho hoye jay😡😡😡😡,product ta Valo na Khali bondho hoye jay.,product_quality_negative
93,54334074016421,দুনিয়ার সবচেয়ে বাজে হেডফোন কেউ এটা কিনবেন না,দুনিয়ার সবচেয়ে বাজে হেডফোন কেউ এটা কিনবেন না.,product_quality_negative
94,54420817616421,আপনারা চাইলে প্রোডাক্টটা নিতে পারেন অনেক ভালো,আপনারা চাইলে প্রোডাক্টটা নিতে পারেন অনেক ভালো.,product_quality_positive
95,53021282716421,প্রোডাক্ট অনেক ভালো সাউন্ড কোয়ালিটি ভালো অনেক,প্রোডাক্ট অনেক ভালো সাউন্ড কোয়ালিটি ভালো অনেক.,product_quality_positive
96,52676680316421,this is the best airpods for gaming and music,this is the best airpods for gaming and music.,product_quality_positive
97,53633538516421,"very bad quality 
একটা নষ্ট 😡😡😡
একদম ফালতু",very bad quality একটা নষ্ট একদম ফালতু.,product_quality_negative
98,53914881016421,vai ar kisu nen na nen aita niyen khub Valo,vai ar kisu nen na nen aita niyen khub Valo.,product_quality_positive
99,52876234116421,সাউন্ড কোয়ালিটি ভালো আছে দেখতেও সুন্দর 👌,সাউন্ড কোয়ালিটি ভালো আছে দেখতেও সুন্দর.,product_quality_positive
100,52619683416421,"মোটা মুটি ভালো আছে এই দামে, বাট একদম হালকা!","মোটা মুটি ভালো আছে এই দামে, বাট একদম হালকা!",price_positive#product_quality_positive
101,53874993816421,"একদম বাজে প্রডাক্ট একদম ফালতু
কানেক্ট হয়না",একদম বাজে প্রডাক্ট একদম ফালতু কানেক্ট হয়না.,product_quality_negative
102,53759728716421,ei earbud ta valo na charge akdomi thakena,ei earbud ta valo na charge akdomi thakena.,product_quality_negative
103,53284730816421,allhamdulillah onek Valo apnara nite paren,allhamdulillah onek Valo apnara nite paren.,product_quality_positive
104,54370095116421,ভালো না।। নষ্ট ইয়ারপড দিছে।।।।😡😡😡😡,ভালো না নষ্ট ইয়ারপড দিছে.,product_quality_negative
105,52553586016421,এভারেজ। বাট বেশি হালকা। সাউন্ড ভালই,এভারেজ বাট বেশি হালকা সাউন্ড ভালই.,product_quality_neutral
106,52537208616421,ফালতু একটা বন্য ভাই এটা চলে না%,ফালতু একটা বন্য ভাই এটা চলে না.,product_quality_negative
107,53114382116421,নষ্ট জিনিস দিসে কানেক্টই হয় না,নষ্ট জিনিস দিসে কানেক্টই হয় না.,product_quality_negative
108,53100162116421,"আনার পরে দেখি চলেনা, অনেই হয়না","আনার পরে দেখি চলেনা, অনেই হয়না.",product_quality_negative
109,53428440316421,ফালতু একটা জিনিস পুরাই নষ্ট।😡,ফালতু একটা জিনিস পুরাই নষ্ট.,product_quality_negative
110,52824090316421,onek Valo apnarao nite paren,onek Valo apnarao nite paren.,product_quality_positive
111,52341976016421,অনেক ভালো। সবাই নিতে পারেন🥰,অনেক ভালো সবাই নিতে পারেন.,product_quality_positive
112,54040347616421,valo kintu sound ektu kom 🙂,valo kintu sound ektu kom.,product_quality_positive
113,52465159516421,crg thaka na falto products,crg thaka na falto products.,product_quality_negative
114,53189440216421,একেবারে ফালতু কেউ নিয়েন না,একেবারে ফালতু কেউ নিয়েন না.,product_quality_negative
115,52720772716421,jmon asa korsi temon na 😔,jmon asa korsi temon na.,product_quality_negative
116,52356364716421,খুভই বাজে কেউ নিয়ন না ভাি,খুভই বাজে কেউ নিয়ন না ভাি.,product_quality_negative
117,52823831216421,দাম হিসাবে ওতোটা ভালো না,দাম হিসাবে ওতোটা ভালো না.,price_neutral#product_quality_negative
118,54346942316421,হ্যাঁ সবকিছু ঠিক আছে দাম হিসেবে তেমন একটা খারাপ না কিন্তু কোয়ালিটি তার তেমন একটা ভালো লাগে নাই এই দাম হিসেবে ঠিক আছে এটা পাইনি,হ্যাঁ সবকিছু ঠিক আছে দাম হিসেবে তেমন একটা খারাপ না কিন্তু কোয়ালিটি তার তেমন একটা ভালো লাগে নাই এই দাম হিসেবে ঠিক আছে এটা পাইনি.,price_neutral#product_quality_neutral
119,52741147716421,"কোয়ালেটি খুবই খারাপ এই দামে আরো ভাল এয়ারবার্ডস পাওয়া যাবে 

খুবই বাজে প্রডাক্ট না নিলে ভাল করবেন। 🤌",কোয়ালেটি খুবই খারাপ এই দামে আরো ভাল এয়ারবার্ডস পাওয়া যাবে খুবই বাজে প্রডাক্ট না নিলে ভাল করবেন.,product_quality_negative
120,53570828916421,"sound quality onkta baje.
r uporer mokh khole gese😑",sound quality onkta baje. r uporer mokh khole gese.,product_quality_negative
121,54344709116421,onek baje product 3 din ar vitor sob nosto hoia gse,onek baje product 3 din ar vitor sob nosto hoia gse.,product_quality_negative
122,52751173116421,Gaming er jonno bhalo na.. beat kom.,Gaming er jonno bhalo na.. beat kom.,product_quality_negative
123,49392773400629,👉প্রোডাক্ট যেটা চাইছি সেটাই পাইছি কিন্তু 😪দুঃখজনক বেপার একটা ভালো একটা খারাপ আর কোন সমস্যা নাই সাউন্ড কোয়ালিটি খুবই ভালো আপনারা চাইলেই নিতে পারেন 👈,প্রোডাক্ট যেটা চাইছি সেটাই পাইছি কিন্তু দুঃখজনক বেপার একটা ভালো একটা খারাপ আর কোন সমস্যা নাই সাউন্ড কোয়ালিটি খুবই ভালো আপনারা চাইলেই নিতে পারেন.,product_quality_positive
124,42797981900629,product sound 10-10 sob dik diye perfect ak kothai moner moton 😊😊😘,product sound 10-10 sob dik diye perfect ak kothai moner moton.,product_quality_positive
125,44205419400629,প্রোডাক্ট অনেক অনেক ভালো ব্যবহার করে রিভিউ দিছি আর সেলার এর ব্যবহার অনেক ভালো ছিল চোখ বন্ধ করে নিতে পারেন এই দামে অসাধারণ,প্রোডাক্ট অনেক অনেক ভালো ব্যবহার করে রিভিউ দিছি আর সেলার এর ব্যবহার অনেক ভালো ছিল চোখ বন্ধ করে নিতে পারেন এই দামে অসাধারণ.,seller_service_positive#product_quality_positive
126,43814616300629,"এক কথায় এটা একটা কিউট এর ডিব্বা।
সেলার ভাই কে, অসংখ্য ধন্যবাদ। অসাধারণ প্রোডাক্ট। আসলে আমি দরাজ থেকে প্রোডাক্ট কিনতে আগ্রহী না, কারণ একটা ভয় কাজ করে যে, যদি আমাকে খারাপ প্রোডাক্ট দেই! কিন্তু আজ আমি সন্তুষ্ট। খুব ভালো সাউন্ড অনেক বেশি, base ও খারাপ না। 
বিশেষ করে সেলার ভাই খুব ভালো মনে হয়েছে। কারণ আমি প্রোডাক্ট টি অর্ডার করার আগে, ভাইয়ের সাথে অনেক চ্যাট করেছি। ওনি প্রতিবারই আমাকে রেসপন্স করেছে, Thanks a lot bor❤️❤️. শেষ পর্যন্ত ভালো প্রোডাক্ট দেয়ার জন্য। ধন্যবাদ।","এক কথায় এটা একটা কিউট এর ডিব্বা সেলার ভাই কে, অসংখ্য ধন্যবাদ অসাধারণ প্রোডাক্ট আসলে আমি দরাজ থেকে প্রোডাক্ট কিনতে আগ্রহী না, কারণ একটা ভয় কাজ করে যে, যদি আমাকে খারাপ প্রোডাক্ট দেই! কিন্তু আজ আমি সন্তুষ্ট খুব ভালো সাউন্ড অনেক বেশি, base ও খারাপ না বিশেষ করে সেলার ভাই খুব ভালো মনে হয়েছে কারণ আমি প্রোডাক্ট টি অর্ডার করার আগে, ভাইয়ের সাথে অনেক চ্যাট করেছি ওনি প্রতিবারই আমাকে রেসপন্স করেছে, Thanks a lot bor . শেষ পর্যন্ত ভালো প্রোডাক্ট দেয়ার জন্য ধন্যবাদ.",seller_service_positive#product_quality_positive
127,42975935500629,আলহামদুলিল্লাহ অর্ডার করার টাইম এই যেমন আশা করেছি সম্পূর্ণ তেমনি পেয়েছি ১০/১০ ধন্যবাদ সেলার  ভাইকে আমি ওনার সাথে মেসেজ করে অর্ডার করেছি যেমনটা উনি বলেছেন ঠিক তেমনটাই দিয়েছেন ওনার কথা উনি  রেখেছেন ধন্যবাদ ভাই,আলহামদুলিল্লাহ অর্ডার করার টাইম এই যেমন আশা করেছি সম্পূর্ণ তেমনি পেয়েছি ১০ ১০ ধন্যবাদ সেলার ভাইকে আমি ওনার সাথে মেসেজ করে অর্ডার করেছি যেমনটা উনি বলেছেন ঠিক তেমনটাই দিয়েছেন ওনার কথা উনি রেখেছেন ধন্যবাদ ভাই.,product_quality_positive
128,49622670900629,"Ami 22 August Air pods pro 2nd Generation Order korsilam & 28 August Delivery Peyesi 🙃❤️ Alhamdulillah Onk Valo Service Ditasey & Sound Quality o onk valo... ❤️❤️ & Delivery Man er  behaviour o onk valo silo❤️🌸
Thanks MSB Shop & Also Daraz❤️🌸",Ami 22 August Air pods pro 2nd Generation Order korsilam 28 August Delivery Peyesi Alhamdulillah Onk Valo Service Ditasey Sound Quality o onk valo.. Delivery Man er behaviour o onk valo silo Thanks MSB Shop Also Daraz.,delivery_positive#product_quality_positive
129,50631992200629,মোটামুটি ভালো ঐ আগে নিয়েছি একটু pplm করাতে আর একটা নিয়েছি কিন্তুু আগের টাকা রিটান পেয়েছি এখন এইটা চালাছি মোটামুটি ভালো তবে আবার বউ বলে পাদ খুলে কথা বল ভালো বুঝি না কিলিয়ার আসে না,মোটামুটি ভালো ঐ আগে নিয়েছি একটু pplm করাতে আর একটা নিয়েছি কিন্তুু আগের টাকা রিটান পেয়েছি এখন এইটা চালাছি মোটামুটি ভালো তবে আবার বউ বলে পাদ খুলে কথা বল ভালো বুঝি না কিলিয়ার আসে না.,product_quality_positive
130,49883210500629,"প্রাই ২০দিনের মত ব্যবহার করেছি, 
মোটামুটি ভাল পছন্দ হলে নিতে পারেন।
হেবি ইউজে প্রায়ই দু'দিনের মত চার্জ থাকে।
মাস্টার কপি তাই সাউন্ড ভালোই।","প্রাই ২০দিনের মত ব্যবহার করেছি, মোটামুটি ভাল পছন্দ হলে নিতে পারেন হেবি ইউজে প্রায়ই দু'দিনের মত চার্জ থাকে মাস্টার কপি তাই সাউন্ড ভালোই.",product_quality_positive
131,52009479600629,ak kothai osadaron 4 din use korlam. Sound quality onak valo call a kotha bola clear kotha suna jai ear buds a charge o valo thaka... apnara chaila nita paran,ak kothai osadaron 4 din use korlam. Sound quality onak valo call a kotha bola clear kotha suna jai ear buds a charge o valo thaka.. apnara chaila nita paran.,product_quality_positive
132,50388178800629,product ar sound quality khube bhalo bass o deep bass vocal ar quality AK khothai osha dharon akkhtha ai dam a ar thaka Bhalo product Pao shombhob na  saller o onk Bhalo Manus ❤️🙂,product ar sound quality khube bhalo bass o deep bass vocal ar quality AK khothai osha dharon akkhtha ai dam a ar thaka Bhalo product Pao shombhob na saller o onk Bhalo Manus.,seller_service_positive#product_quality_positive
133,50457054200629,আমার কাছে দাম হিসেবে ওভার ওয়াল ভালো লেগেছে।আমি ৩ দিন ব্যবহার করে রিভিউ দিলাম।চার্জিং ব্যাকআপ ভালো।তবে প্যাকেজিং টা আরো  ভালো করা উচিৎ  ছিলো ।,আমার কাছে দাম হিসেবে ওভার ওয়াল ভালো লেগেছে আমি ৩ দিন ব্যবহার করে রিভিউ দিলাম চার্জিং ব্যাকআপ ভালো তবে প্যাকেজিং টা আরো ভালো করা উচিৎ ছিলো.,packaging_neutral#price_positive#product_quality_positive
134,54880093900629,ভাই যদি বলেন এক কথায় বলতে তাহলে আমি ১০/১০ দিব পেকেজিং সেরা ভিতরে সব কিছু আছে আবার এটা খুল্লে টুং করে একটা আওয়াজ করে এটা আরো ভালো লাগে আপনারা চাইলে নিতে পারেন সেরা সেরা,ভাই যদি বলেন এক কথায় বলতে তাহলে আমি ১০ ১০ দিব পেকেজিং সেরা ভিতরে সব কিছু আছে আবার এটা খুল্লে টুং করে একটা আওয়াজ করে এটা আরো ভালো লাগে আপনারা চাইলে নিতে পারেন সেরা সেরা.,packaging_positive#product_quality_positive
135,52432927900629,আলহামদুলিল্লাহ প্রোডাক্ট টা অনেক ভালো। আর ডেলিভারি ম্যান এর ব্যবহার ও অনেক ভালো ছিল ।আপনারা চাইলে নিতে পারেন নিঃসন্দেহে।,আলহামদুলিল্লাহ প্রোডাক্ট টা অনেক ভালো আর ডেলিভারি ম্যান এর ব্যবহার ও অনেক ভালো ছিল আপনারা চাইলে নিতে পারেন নিঃসন্দেহে.,delivery_positive#product_quality_positive
136,52346165900629,Alhamdulillah jmn ta review te dekhechi tar thekeo vlo.. ar Sound quality o vlo.. Tnx to the sellar and daraz thik time moto delivery deyar jonno.. sobai nite paren..,Alhamdulillah jmn ta review te dekhechi tar thekeo vlo.. ar Sound quality o vlo.. Tnx to the sellar and daraz thik time moto delivery deyar jonno.. sobai nite paren..,delivery_positive#product_quality_positive
137,53600319100629,"ফালতু, ৩ ঘন্টা ও চাজ যায় না একটা এয়ার বাড গুলো, কলে কথা ক্লিয়ার আসে না , বেস বেশি , মিউজিক সাউন্ড কম","ফালতু, ৩ ঘন্টা ও চাজ যায় না একটা এয়ার বাড গুলো, কলে কথা ক্লিয়ার আসে না , বেস বেশি , মিউজিক সাউন্ড কম.",product_quality_negative
138,53436122700629,"ভাইরে ভাই, দারাজ এটা আমাকে কি দিলো। আমি জাস্ট ফুল্লি স্যাটিসফাইড, এই দামে এর থেকে ভালো এয়ারপড মনে হয় না কোথাও পাবেন জাস্ট অসাধারণ একটা প্রোডাক্ট। অনেক ধন্যবাদ দারাজ কে অসংখ্য ধন্যবাদ সেলার ভাই কে।","ভাইরে ভাই, দারাজ এটা আমাকে কি দিলো আমি জাস্ট ফুল্লি স্যাটিসফাইড, এই দামে এর থেকে ভালো এয়ারপড মনে হয় না কোথাও পাবেন জাস্ট অসাধারণ একটা প্রোডাক্ট অনেক ধন্যবাদ দারাজ কে অসংখ্য ধন্যবাদ সেলার ভাই কে.",product_quality_positive
139,50556057000629,অবিশ্বাস্য ভাই আমি ২৪ ঘন্টার আগে পেয়ে গেছি এত তাড়াতাড়ি কিভাবে তা আমি জানিনা তবে প্রোডাক্টটিও আলহামদুলিল্লাহ  ভালো,অবিশ্বাস্য ভাই আমি ২৪ ঘন্টার আগে পেয়ে গেছি এত তাড়াতাড়ি কিভাবে তা আমি জানিনা তবে প্রোডাক্টটিও আলহামদুলিল্লাহ ভালো.,delivery_positive#product_quality_positive
140,52006121400629,"Alhamdulillah aj e receive korlam ,jemon cheyechilam temon e peyechi. onnoder kemon lagbe janina kintu amar kache best e mone hocche. sound quality o valo.  koyekta bad review dekhe onek voy e chilam kintu hathe peye ami satisfied 🥰 thanks to seller & daraz 😊","Alhamdulillah aj e receive korlam ,jemon cheyechilam temon e peyechi. onnoder kemon lagbe janina kintu amar kache best e mone hocche. sound quality o valo. koyekta bad review dekhe onek voy e chilam kintu hathe peye ami satisfied thanks to seller daraz.",product_quality_positive
141,52868968200629,"আলহামদুলিল্লাহ অনেক সুন্দর ইয়ারপোট ।
সবাই চোখ বন্ধ করে নিতে পারেন। 
ইয়ারপোট চাজ সার্ভিস অনেক ভালো।
যেটা আশা করেছিলাম তার থেকে ভালো পাইছি।
ধন্যবাদ দারাজ কে। চার্জ দিবো কি করে বুঝতে পারছিনা। কটের দুই মাথা এক রকম।",আলহামদুলিল্লাহ অনেক সুন্দর ইয়ারপোট সবাই চোখ বন্ধ করে নিতে পারেন ইয়ারপোট চাজ সার্ভিস অনেক ভালো যেটা আশা করেছিলাম তার থেকে ভালো পাইছি ধন্যবাদ দারাজ কে চার্জ দিবো কি করে বুঝতে পারছিনা কটের দুই মাথা এক রকম.,product_quality_positive
142,53597665900629,"এই বাজেটে এটি অনেক ভালো প্রিমিয়াম এবং ভালো কোয়ালিটিফুল। সাউন্ড কোয়ালিটিও ভালো। 
ডেলিভারি ম্যান এর ব্যবহার অনেক ভালো। ধন্যবাদ দারাজকে",এই বাজেটে এটি অনেক ভালো প্রিমিয়াম এবং ভালো কোয়ালিটিফুল সাউন্ড কোয়ালিটিও ভালো ডেলিভারি ম্যান এর ব্যবহার অনেক ভালো ধন্যবাদ দারাজকে.,delivery_positive#product_quality_positive
143,52801260600629,"অনেক ভালো প্রোডাক্ট, প্রথমে ভাবছিলাম অন্যদের মতো নিম্ন মানের কিছু ধরাই দিবে,,কিন্তু হাতে পেয়ে দেখলাম অসাধারণ জিনিস, এই দামে এরকম সাউন্ড কোয়ালিটি  সত্যিই অসাধারণ 🔥🔥 চার্জিং ব্যাকআপ ও ভালোই,এখন দেখা যাক কতদিন টিকে,,চাইলে নিতে পারেন অনেক ভালো প্রোডাক্ট","অনেক ভালো প্রোডাক্ট, প্রথমে ভাবছিলাম অন্যদের মতো নিম্ন মানের কিছু ধরাই দিবে,,কিন্তু হাতে পেয়ে দেখলাম অসাধারণ জিনিস, এই দামে এরকম সাউন্ড কোয়ালিটি সত্যিই অসাধারণ চার্জিং ব্যাকআপ ও ভালোই,এখন দেখা যাক কতদিন টিকে,,চাইলে নিতে পারেন অনেক ভালো প্রোডাক্ট.",product_quality_positive
144,52980028200629,"ডেলিভারি ম্যান ভাইকে অনেক অনেক ধন্যবাদ। 
দারাজ এর পক্ষ থেকে অসংখ্য ধন্যবাদ। এই  প্রোডাক্ট  অনেক অনেক ভালো। এই দামের মধ্যে বেস্ট প্রডাক্ট আপনারা চাইলে সকলেই নিতে পারেন। 
আমি অরজিনাল প্রোডাক্ট পেয়েছি ৫ দিন ব্যবহার করার পর রিভিউ দিলাম। 
সেলার ভাইকে অনেক ধন্যবাদ।",ডেলিভারি ম্যান ভাইকে অনেক অনেক ধন্যবাদ দারাজ এর পক্ষ থেকে অসংখ্য ধন্যবাদ এই প্রোডাক্ট অনেক অনেক ভালো এই দামের মধ্যে বেস্ট প্রডাক্ট আপনারা চাইলে সকলেই নিতে পারেন আমি অরজিনাল প্রোডাক্ট পেয়েছি ৫ দিন ব্যবহার করার পর রিভিউ দিলাম সেলার ভাইকে অনেক ধন্যবাদ.,seller_service_positive#delivery_positive#price_positive#product_quality_positive
145,50724039100629,আলহামদুলিল্লাহ ইয়াপোট টা অনেক ভালো এর আগে আমি ব্যাবহার করছি আপনারা চাইলে নিতে পারেন কোনো সমস্যা নাই আর ডেলিভারিটা ও অনেক তারা তারি পাইছি ডেলিভারি ম্যান ও অনেক ভালো 💞💞💞💞,আলহামদুলিল্লাহ ইয়াপোট টা অনেক ভালো এর আগে আমি ব্যাবহার করছি আপনারা চাইলে নিতে পারেন কোনো সমস্যা নাই আর ডেলিভারিটা ও অনেক তারা তারি পাইছি ডেলিভারি ম্যান ও অনেক ভালো.,delivery_positive#product_quality_positive
146,55028248800629,২ দিন পরে পেয়েছি ।খুব ভালো যেমন ছিল তেমন । প্যাকেট টা খুব সুন্দর । সাউন্ড খুব ভালো। আমার অনেক ভালো লাগছে,২ দিন পরে পেয়েছি খুব ভালো যেমন ছিল তেমন প্যাকেট টা খুব সুন্দর সাউন্ড খুব ভালো আমার অনেক ভালো লাগছে.,delivery_positive#product_quality_positive
147,51436744800629,"Alhamdulillah jymon ta review dykysi tar tykyo valo 🥰🥰 ar Sound quality kob kob valo 👍❤️ 
Tnx to sellar and daraz tik time moto delivery  dywar jonno❤️😎🫡 sobai nity paryn",Alhamdulillah jymon ta review dykysi tar tykyo valo ar Sound quality kob kob valo Tnx to sellar and daraz tik time moto delivery dywar jonno sobai nity paryn.,product_quality_positive
148,51286319900629,খুবই ভালো । টাইপ সি চার্জিং । আইফোনে পপআপ আসে । বাট এয়ারবাডের চার্জ কত সেটা দেখায় না । বাট কেইসের টা দেখায় । ওভারঅল গুড,খুবই ভালো টাইপ সি চার্জিং আইফোনে পপআপ আসে বাট এয়ারবাডের চার্জ কত সেটা দেখায় না বাট কেইসের টা দেখায় ওভারঅল গুড.,product_quality_positive
149,53754548100629,products ti onek valo ami discount Prize a মাত্র 561 takay peyeci. ce onujayi sound quality onek valo.,products ti onek valo ami discount Prize a মাত্র 561 takay peyeci. ce onujayi sound quality onek valo.,product_quality_positive
150,54551440200629,"intact product dear jonno onak onak thanks to the seller 
seller vaiya onak friendly chelo
sound quality o onak valo 
black color ta dekte onak sundor lage
shudu akta problem chelo, ai tar cable ta kaj kortese na 
ta chara ami product ta peye onak happy 😁","intact product dear jonno onak onak thanks to the seller seller vaiya onak friendly chelo sound quality o onak valo black color ta dekte onak sundor lage shudu akta problem chelo, ai tar cable ta kaj kortese na ta chara ami product ta peye onak happy.",seller_service_positive#product_quality_positive
151,54144520500629,কম দামে ভালোই সার্ভিস পাচ্ছি। দোকানে এর দাম ১৫০০ টাকা চায়।  দুই দিনের মধ্যে ডেলিভারি পেয়েছি।  ডারাজ ও সাপ্লায়ারকে ধন্যবাদ।,কম দামে ভালোই সার্ভিস পাচ্ছি দোকানে এর দাম ১৫০০ টাকা চায় দুই দিনের মধ্যে ডেলিভারি পেয়েছি ডারাজ ও সাপ্লায়ারকে ধন্যবাদ.,delivery_positive#price_positive#product_quality_positive
152,53616056500629,"দাম হিসেবে ভালোই আছে, সাউণ্ড কোয়ালিটি ৮/১০ এ এন সি সাপোর্ট করে না তবে সাউণ্ড তুলনামূলক কম বেস ভালো।
নিতে পারেন সবাই।","দাম হিসেবে ভালোই আছে, সাউণ্ড কোয়ালিটি ৮ ১০ এ এন সি সাপোর্ট করে না তবে সাউণ্ড তুলনামূলক কম বেস ভালো নিতে পারেন সবাই.",product_quality_positive
153,52725251200629,"বেস্ট প্রোডাক্ট । 
আপনাদের থেকে কম প্রাইসে এত ভালো কোয়ালিটি আমি অন্য কোথাও দেখি নাই । 
মার্কেটে যেগুলো ২০০০ টাকা সেল করে ওইগুলির কোয়ালিটি আর আপনাদের কোয়ালিটি একদম সেম । 
ধন্যবাদ আপনাদেরকে",বেস্ট প্রোডাক্ট আপনাদের থেকে কম প্রাইসে এত ভালো কোয়ালিটি আমি অন্য কোথাও দেখি নাই মার্কেটে যেগুলো ২০০ টাকা সেল করে ওইগুলির কোয়ালিটি আর আপনাদের কোয়ালিটি একদম সেম ধন্যবাদ আপনাদেরকে.,price_positive#product_quality_positive
154,52371967700629,এ মালের রিভু আর কি দেব অসম্ভব সুন্দর এই দিয়ে দুইটা নিলাম এক সপ্তাহের মধ্যে বেশি কিছু লিখতে চাই না দারাজ এবং ডেলিভারি ম্যান সেলার সব্বার ব্যবহারটাই ছিল অসাধারণ বলার মতো না আর মালটা পাইছি একদম অরজিনাল আপনারা চাইলে নিতে পারেন নিঃসন্দেহে কোন দ্বিধাদ্বন্দের মধ্যে পড়ার দরকার নাই রিলা এক্সে নিয়ে নিন আমার প্রাইজটা একদমই অল্প পড়ছে মাত্র 649 টাকা মাত্র এত অল্প বাজেটে আর কোথাও পাবেন কিনা আমার জানা নাই যারা যারা নিতে চান এখনি অর্ডার দিয়ে দিন ডেলিভারি দু থেকে তিন দিনের মধ্যে চলে আসবে ইনশাআল্লাহ সবাই ভালো থাকবেন সুস্থ থাকবেন আমার জন্য দোয়া করবেন ।,এ মালের রিভু আর কি দেব অসম্ভব সুন্দর এই দিয়ে দুইটা নিলাম এক সপ্তাহের মধ্যে বেশি কিছু লিখতে চাই না দারাজ এবং ডেলিভারি ম্যান সেলার সব্বার ব্যবহারটাই ছিল অসাধারণ বলার মতো না আর মালটা পাইছি একদম অরজিনাল আপনারা চাইলে নিতে পারেন নিঃসন্দেহে কোন দ্বিধাদ্বন্দের মধ্যে পড়ার দরকার নাই রিলা এক্সে নিয়ে নিন আমার প্রাইজটা একদমই অল্প পড়ছে মাত্র 649 টাকা মাত্র এত অল্প বাজেটে আর কোথাও পাবেন কিনা আমার জানা নাই যারা যারা নিতে চান এখনি অর্ডার দিয়ে দিন ডেলিভারি দু থেকে তিন দিনের মধ্যে চলে আসবে ইনশাআল্লাহ সবাই ভালো থাকবেন সুস্থ থাকবেন আমার জন্য দোয়া করবেন.,seller_service_positive#product_quality_positive
155,51201134700629,প্রোডাক্টটি ভালো কিন্তু চার্জার কেবিলটি একটুও ভালো না। পুরাই নষ্ট। চার্জার কেবল টা নষ্ট পাইছি। দয়া করে মানুষকে এভাবে খারাপ চার্জার কেবল দিবেন না । ভালো দেখে দিয়েন।,প্রোডাক্টটি ভালো কিন্তু চার্জার কেবিলটি একটুও ভালো না পুরাই নষ্ট চার্জার কেবল টা নষ্ট পাইছি দয়া করে মানুষকে এভাবে খারাপ চার্জার কেবল দিবেন না ভালো দেখে দিয়েন.,product_quality_positive
156,50324109000629,এটা নিতে পারেন সবাই খুব ভালো একটায় এয়ার বাট দিয়ে টানা পাঁচ ঘন্টা উপরে চলে সমস্যা নেই কোন কথা ক্লিয়ার আসে সবাই নিতে পারেন thanks ডারাজ ❤️❤️❤️,এটা নিতে পারেন সবাই খুব ভালো একটায় এয়ার বাট দিয়ে টানা পাঁচ ঘন্টা উপরে চলে সমস্যা নেই কোন কথা ক্লিয়ার আসে সবাই নিতে পারেন thanks ডারাজ.,product_quality_positive
157,53615880200629,"Type C to type C charging cable dise.
sounds quality valo.
 look tao valo.
ANC kaj kore kina jani na.",Type C to type C charging cable dise. sounds quality valo. look tao valo. ANC kaj kore kina jani na.,product_quality_positive
158,51847434700629,"Alhamdulillah, Onk druto hate peyeci. hate dhore ekta premium feel pacci. Sound quality o onk sundor.","Alhamdulillah, Onk druto hate peyeci. hate dhore ekta premium feel pacci. Sound quality o onk sundor.",delivery_positive#product_quality_positive
159,52681130900629,"কি বলবো ভাই, এটার বিষয়ে আমার কিছু বলার নাই। এক কথায় অসাধারণ। এই বাজেটে এর চেয়ে ভালো কোনো AirPods হতে পারে না। ৩ দিন পরে হাতে পেলাম মাশাল্লাহ। আর সব চেয়ে কষ্ট লাগছে যে ডেলিভারি ম্যান আমার লোকেশনে নিয়ে আসে নাই, আমার আরও ৫০ টাকা ভাড়া দিয়ে নিয়ে আসতে হয়েছে। আমি কি ভাই ডেলিভারি চার্জ দেই না তাহলে তারা আমাদের লোকেশনে আসবে না কেন?  এটা আমার প্রশ্ন দারাজের কাছে?","কি বলবো ভাই, এটার বিষয়ে আমার কিছু বলার নাই এক কথায় অসাধারণ এই বাজেটে এর চেয়ে ভালো কোনো AirPods হতে পারে না ৩ দিন পরে হাতে পেলাম মাশাল্লাহ আর সব চেয়ে কষ্ট লাগছে যে ডেলিভারি ম্যান আমার লোকেশনে নিয়ে আসে নাই, আমার আরও ৫০ টাকা ভাড়া দিয়ে নিয়ে আসতে হয়েছে আমি কি ভাই ডেলিভারি চার্জ দেই না তাহলে তারা আমাদের লোকেশনে আসবে না কেন? এটা আমার প্রশ্ন দারাজের কাছে?",delivery_negative#price_positive#product_quality_positive
160,52145673900629,Ajk hte paici... check kore dekhlam... soun quality o valo ache..... delivery o thik time e hoico so ei rate ei product... Alhamdulillah satisfied..... 😌,Ajk hte paici.. check kore dekhlam.. soun quality o valo ache.. delivery o thik time e hoico so ei rate ei product.. Alhamdulillah satisfied..,delivery_positive#price_positive#product_quality_positive
161,50203202500629,"পুরাই জোস একটা জিনিস। 
built quality 10/10.
sound quality 10/10.
look 10/10.
seller ke donnobad.",পুরাই জোস একটা জিনিস built quality 10 10. sound quality 10 10. look 10 10. seller ke donnobad.,product_quality_positive
162,52539849800629,it was good..  but the noice consolation type was so poor. sound quality good as like price...,it was good.. but the noice consolation type was so poor. sound quality good as like price..,product_quality_positive
163,53714126600629,"আলহামদুলিল্লাহ 
খুব ভালো একটা প্রোডাক্ট। আমি যেরকম চেয়েছি সেই রকম পেয়েছি আপনারাও নিতে পারেন।",আলহামদুলিল্লাহ খুব ভালো একটা প্রোডাক্ট আমি যেরকম চেয়েছি সেই রকম পেয়েছি আপনারাও নিতে পারেন.,product_quality_positive
164,49531983700629,"Sound quality 10 out of 10
Build quality  10 out of 10
packaging 10 out of 10
Delivery 10 out of 10 
Awesome product",Sound quality 10 out of 10 Build quality 10 out of 10 packaging 10 out of 10 Delivery 10 out of 10 Awesome product.,delivery_positive#product_quality_positive
165,49710012600629,আলহামদুলিল্লাহ এইটা নিয়া ২ টা কিনলাম আগেরটা ভালো ছিল তাই আমার ফ্রেন্ড এর জন্য এইটা অর্ডার করলাম বাজেট হিসাবে আমার কাছে ঠিকঠাক লাগছে এই গেজেট টা আপনারও নিতে পারেন। ধন্যবাদ দারাজ 🥰🥰🫰,আলহামদুলিল্লাহ এইটা নিয়া ২ টা কিনলাম আগেরটা ভালো ছিল তাই আমার ফ্রেন্ড এর জন্য এইটা অর্ডার করলাম বাজেট হিসাবে আমার কাছে ঠিকঠাক লাগছে এই গেজেট টা আপনারও নিতে পারেন ধন্যবাদ দারাজ.,price_neutral#product_quality_positive
166,49581598800629,Khup baje akta product ak din er modde nosto hoya gase keo kinben na 600tk akdom los hobe khup e kharap akta jines keo kinban na,Khup baje akta product ak din er modde nosto hoya gase keo kinben na 600tk akdom los hobe khup e kharap akta jines keo kinban na.,product_quality_negative
167,48878627500629,ভাই সত্যি বলতে কি এত কম বাজেটে এত ভালো হয়তোবা আর কেউ দিতে পারেনি ধন্যবাদ সেলার কে এবং ধন্যবাদ দারাজ কে এত সুন্দর আরে তো ভালো একটা প্রোডাক্ট দেওয়ার জন্য আপনি যদি প্রোডাক্টটিকে একবার চাষ দেন তাহলে অনায়েসে আপনি একদিনের থেকেও বেশি ইউজ করতে পারবে কোন ভাবনা চিন্তা না করে নিয়ে ফেলেন,ভাই সত্যি বলতে কি এত কম বাজেটে এত ভালো হয়তোবা আর কেউ দিতে পারেনি ধন্যবাদ সেলার কে এবং ধন্যবাদ দারাজ কে এত সুন্দর আরে তো ভালো একটা প্রোডাক্ট দেওয়ার জন্য আপনি যদি প্রোডাক্টটিকে একবার চাষ দেন তাহলে অনায়েসে আপনি একদিনের থেকেও বেশি ইউজ করতে পারবে কোন ভাবনা চিন্তা না করে নিয়ে ফেলেন.,product_quality_positive
168,52269535900629,Alhamdulillah look ta khob e valo... aonek tara tari pailam.... 1kothay ochthir porai🔥🔥,Alhamdulillah look ta khob e valo.. aonek tara tari pailam.. 1kothay ochthir porai.,delivery_positive#product_quality_positive
169,49526635100629,প্রোডাক্ট টি অনেক ভালো বীট অনেক সুন্দর overrall সব কিছুই ভালো যারা নিতে ইচ্ছুক তারা কিনে জিতবে যদি ঠিক থাকে,প্রোডাক্ট টি অনেক ভালো বীট অনেক সুন্দর overrall সব কিছুই ভালো যারা নিতে ইচ্ছুক তারা কিনে জিতবে যদি ঠিক থাকে.,product_quality_positive
170,49529181500629,"দাম অনুযায়ী প্রোডাক্ট অনেক ভালো। ❤️
ছেলার ভাইকে অসংখ্য ধন্যবাদ এক্সট্রা একটা চার্জিং কর্ট  দেওয়ার জন্য। 
সাউন্ড কোয়ালিটি অনেক ভালো👌,, চার্জিং ব্যাকআপ চেক করা হয় নাই😞
আশা করি চার্জিং ব্যাকআপ অনেক ভালো হবে ❤️❤️❤️","দাম অনুযায়ী প্রোডাক্ট অনেক ভালো ছেলার ভাইকে অসংখ্য ধন্যবাদ এক্সট্রা একটা চার্জিং কর্ট দেওয়ার জন্য সাউন্ড কোয়ালিটি অনেক ভালো ,, চার্জিং ব্যাকআপ চেক করা হয় নাই আশা করি চার্জিং ব্যাকআপ অনেক ভালো হবে.",price_positive#product_quality_positive
171,49535161500629,"আলহামদুলিল্লাহ প্রোডাক্ট টা হাতে পেয়েছি। লএকদিন ব্যবহার করার পর রিভিউ দিচ্ছি। 
আমার কাছে তার সাউন্ড কোয়ালিটি খুবই ভালো লাগছে দাম হিসাবে একদম ঠিক ঠাকই মনে হচ্ছে। চার্জও মোটামুটি ভালোই থাকে এইদামে অন্যসব ইয়ারবাস্ট থেকে ভালোই। 
সবচেয়ে ভালো লাগার দিক হলো তার লুকটা এক কথায় অসাধারণ, অনেক টা প্রিমিয়াম টাইপের ফিল পাওয়া যায়।।। 
উল্লেখ্যঃ যারা গেমিং করেন তাদের জন্য এইটা না, গেমিং করার ক্ষেত্রে খুবই বাজে সাউন্ড দেয়।😞","আলহামদুলিল্লাহ প্রোডাক্ট টা হাতে পেয়েছি লএকদিন ব্যবহার করার পর রিভিউ দিচ্ছি আমার কাছে তার সাউন্ড কোয়ালিটি খুবই ভালো লাগছে দাম হিসাবে একদম ঠিক ঠাকই মনে হচ্ছে চার্জও মোটামুটি ভালোই থাকে এইদামে অন্যসব ইয়ারবাস্ট থেকে ভালোই সবচেয়ে ভালো লাগার দিক হলো তার লুকটা এক কথায় অসাধারণ, অনেক টা প্রিমিয়াম টাইপের ফিল পাওয়া যায় উল্লেখ্যঃ যারা গেমিং করেন তাদের জন্য এইটা না, গেমিং করার ক্ষেত্রে খুবই বাজে সাউন্ড দেয়.",price_positive#product_quality_positive
172,49534691200629,অসাধারণ একটি প্রোডাক বলতে গেলে অনেক আপনি না US করলে বুঝতে পারবেন না জিনিস টা কতো টুকু আপনাকে সাহায্য করবে একবার কিনেই দেখেন,অসাধারণ একটি প্রোডাক বলতে গেলে অনেক আপনি না US করলে বুঝতে পারবেন না জিনিস টা কতো টুকু আপনাকে সাহায্য করবে একবার কিনেই দেখেন.,product_quality_positive
173,49563673200629,"আলহামদুলিল্লাহ   আমি দুইটা অর্ডার করেছিলাম ১০০% অথেন্টিক প্রোডাক্ট আপনারা চাইলে চোখ বন্ধ করে নিতে পারেন .  (বিশেষভাবে ধন্যবাদ  স্টোর কে যিনি একটি কেবল ফ্রি দিয়েছেন)  
  ৬০০ টাকায় এত ভালো প্রোডাক্ট আশা করিনি.  আপনারা চাইলে নিতে পারেন.  ধন্যবাদ দারাজ কে",আলহামদুলিল্লাহ আমি দুইটা অর্ডার করেছিলাম ১০০ অথেন্টিক প্রোডাক্ট আপনারা চাইলে চোখ বন্ধ করে নিতে পারেন . বিশেষভাবে ধন্যবাদ স্টোর কে যিনি একটি কেবল ফ্রি দিয়েছেন ৬০০ টাকায় এত ভালো প্রোডাক্ট আশা করিনি. আপনারা চাইলে নিতে পারেন. ধন্যবাদ দারাজ কে.,product_quality_positive
174,54771634700629,আমার কাছে এই দামে এই প্রোডাক্টস টা খুবি ভালো লেগেছে ধন্যবাদ দারাজ কে ধন্যবাদ সেলার ভাইকে,আমার কাছে এই দামে এই প্রোডাক্টস টা খুবি ভালো লেগেছে ধন্যবাদ দারাজ কে ধন্যবাদ সেলার ভাইকে.,price_positive#product_quality_positive
175,50809360500629,Product ar quality onek valo ♥️ Akdom original product.And the seller was very kind♥️♥️,Product ar quality onek valo Akdom original product.And the seller was very kind.,seller_service_positive#product_quality_positive
176,52881181700629,বলুন টা অনেক সুন্দর ওখানে অনেক সুন্দর করে সেট হয় পিকটা অনেক ভালো শাওনের গলভিটাও অসাম,বলুন টা অনেক সুন্দর ওখানে অনেক সুন্দর করে সেট হয় পিকটা অনেক ভালো শাওনের গলভিটাও অসাম.,product_quality_positive
177,49998899700629,"thank you daraz🥀
এত তারাতারি হাতে  পেয়ে যাবো ভাবিনি
খুব কোয়ালিটি যেমন চেয়েছি তেমনি♥️",thank you daraz এত তারাতারি হাতে পেয়ে যাবো ভাবিনি খুব কোয়ালিটি যেমন চেয়েছি তেমনি.,delivery_positive#product_quality_positive
178,50189899000629,"best kintu tws er moto sounds quality 
box Mone hoi original burds er sound mota muti",best kintu tws er moto sounds quality box Mone hoi original burds er sound mota muti.,product_quality_positive
179,49598946200629,Alhamdulillah... amr kache ei airpods ta onek valo legeche... tank you so much daraz,Alhamdulillah.. amr kache ei airpods ta onek valo legeche.. tank you so much daraz.,product_quality_positive
180,54944064500629,product ti onk vlo...... jamon dekhace tamon e paice.. chaile apnara nite parben🙂🙂,product ti onk vlo.. jamon dekhace tamon e paice.. chaile apnara nite parben.,product_quality_positive
181,49418988900629,"ব্যবহার করে যেটা লক্ষ্য করলাম, কথা বললে অপরজনের শুনতে সমস্যা হচ্ছে,ও ভয়েস টা অনেক মোটা শোনা যাচ্ছে, এছাড়া এ দামের মধ্যে সবকিছুই মোটামুটি ঠিক আছে।","ব্যবহার করে যেটা লক্ষ্য করলাম, কথা বললে অপরজনের শুনতে সমস্যা হচ্ছে,ও ভয়েস টা অনেক মোটা শোনা যাচ্ছে, এছাড়া এ দামের মধ্যে সবকিছুই মোটামুটি ঠিক আছে.",price_neutral#product_quality_neutral
182,43784460800629,অনেক ভালো প্রোডাক্ট  নিতে পারে। সাউন্ড কোয়ালিটি  অনেক ভালো । গুণগতমান ঠিক আছে।,অনেক ভালো প্রোডাক্ট নিতে পারে সাউন্ড কোয়ালিটি অনেক ভালো গুণগতমান ঠিক আছে.,product_quality_positive
183,42796857600629,আলহামদুলিল্লাহ যেমন টা চেয়েছি তার চেয়ে ভালো পেয়েছি পোডাক্ট এর সাউন্ড কুয়ালিটি অনেক ভালো সবাই চাইলে নিতে পারবেন,আলহামদুলিল্লাহ যেমন টা চেয়েছি তার চেয়ে ভালো পেয়েছি পোডাক্ট এর সাউন্ড কুয়ালিটি অনেক ভালো সবাই চাইলে নিতে পারবেন.,product_quality_positive
184,54575530200629,"product  onek valo🥰, order korar 5 din por hate pelam,ekhno use kore dekbo kemon","product onek valo , order korar 5 din por hate pelam,ekhno use kore dekbo kemon.",delivery_neutral#product_quality_positive
185,52751382400629,sob kicu thik ase and packaging ta o good sob kicu milla perfct sound o osthir.,sob kicu thik ase and packaging ta o good sob kicu milla perfct sound o osthir.,packaging_positive#product_quality_positive
186,49533086600629,অসাধারণ একটি প্রোডাক্ট যেভাবে চেয়েছিলাম সেভাবেই পাইছি সাউন্ড কোয়ালিটি খুবই সুন্দর অসাধারণ,অসাধারণ একটি প্রোডাক্ট যেভাবে চেয়েছিলাম সেভাবেই পাইছি সাউন্ড কোয়ালিটি খুবই সুন্দর অসাধারণ.,product_quality_positive
187,49748567600629,Gaming er Jonno aktu pera khete hoy tobe 600 takay onk tai valo maner Airports 💝,Gaming er Jonno aktu pera khete hoy tobe 600 takay onk tai valo maner Airports.,product_quality_positive
188,52580456500629,"খুব ভালো,,পাইছ হিসেবে ঠিক আছে,,বাট একটা কানেটিব একটা হয় আরেক টা হয়ে না 💔🥺","খুব ভালো,,পাইছ হিসেবে ঠিক আছে,,বাট একটা কানেটিব একটা হয় আরেক টা হয়ে না.",price_neutral#product_quality_positive
189,52817930000629,আলহামদুলিল্লাহ প্রডাক্ট খুব ভালো। ডেলিভারি সময়মতো পেয়েছি। ধন্যবাদ দারাজকে।,আলহামদুলিল্লাহ প্রডাক্ট খুব ভালো ডেলিভারি সময়মতো পেয়েছি ধন্যবাদ দারাজকে.,delivery_positive#product_quality_positive
190,52397114000629,এক কথায় এটা অনেক ভালো সাউন্ড কোয়ালিটি অনেক সুন্দর নিঃসন্দেহে নিতে পারেন 🖤,এক কথায় এটা অনেক ভালো সাউন্ড কোয়ালিটি অনেক সুন্দর নিঃসন্দেহে নিতে পারেন.,product_quality_positive
191,50435301000629,Nice product but the charger is both side type -c so how will i charge it!!!,Nice product but the charger is both side type -c so how will i charge it!!,product_quality_positive
192,49850262200629,Battery backup khub kom..... Ei price er moddhe.... Sound quality khub  valo,Battery backup khub kom.. Ei price er moddhe.. Sound quality khub valo.,price_positive#product_quality_positive
193,53376683500629,"products tik ace 
sob kicu perfect 
sound quality o good. 
svai nite paren",products tik ace sob kicu perfect sound quality o good. svai nite paren.,product_quality_positive
194,49556366600629,"onek vlo thank you saller k and daraz k o 
special thanks for delivery man 💕💕",onek vlo thank you saller k and daraz k o special thanks for delivery man.,product_quality_positive
195,49046392000629,"onk vlo ekti Product khub vlo colche. but nicher pop-up system er je ekta Sound hoy seita hocche nh. ar bass  ta onk kom. ami bass er  rate dicchi 5/10
bad baki sob sound quality clear e ache.Alhamdulillah jemon ceyechi temon e paichi 😇",onk vlo ekti Product khub vlo colche. but nicher pop-up system er je ekta Sound hoy seita hocche nh. ar bass ta onk kom. ami bass er rate dicchi 5 10 bad baki sob sound quality clear e ache.Alhamdulillah jemon ceyechi temon e paichi.,product_quality_positive
196,53944160200629,অনেক  ভালো  হয়ছে  আলহামদুলিল্লাহ  আপনারাও নিতে পারেন চাইলে,অনেক ভালো হয়ছে আলহামদুলিল্লাহ আপনারাও নিতে পারেন চাইলে.,product_quality_positive
197,50254898500629,Alhamdulillah valo ekta products sobai nite paren ❤️‍🩹🥰,Alhamdulillah valo ekta products sobai nite paren.,product_quality_positive
198,53740033000629,"Just awesome 👍😎 
jemon ta caici temonta peyechi. thanks",Just awesome jemon ta caici temonta peyechi. thanks.,product_quality_positive
199,53375456000629,পন্যটি ভালো আছে নিতে পারেন। দাম হিসেবে ভালো সাউন্ড হয়।,পন্যটি ভালো আছে নিতে পারেন দাম হিসেবে ভালো সাউন্ড হয়.,price_positive#product_quality_positive
200,49638609700629,sound quality bettery backup onek valo dekhteo gorgeous nite paren🍎,sound quality bettery backup onek valo dekhteo gorgeous nite paren.,product_quality_positive
201,53484933100629,ভালো পণ্য । গান শুনলে সুন্দর করে শোনা যায়। সুন্দর রং।,ভালো পণ্য গান শুনলে সুন্দর করে শোনা যায় সুন্দর রং.,product_quality_positive
202,54755950100629,"খুবি ভালো একটা প্রোডাক্ট 
ডেলিভারি ম্যানটিও খুব ভালো",খুবি ভালো একটা প্রোডাক্ট ডেলিভারি ম্যানটিও খুব ভালো.,delivery_positive#product_quality_positive
203,52093427700629,বাজেট হিসেবে ভালো তবে মাঝে মাঝে একটু বাইধা বাইধা যায়।,বাজেট হিসেবে ভালো তবে মাঝে মাঝে একটু বাইধা বাইধা যায়.,product_quality_positive
204,53452943300629,sound quality vloi.chaile nite paren..dam hisebe vloi,sound quality vloi.chaile nite paren..dam hisebe vloi.,price_positive#product_quality_positive
205,52895620600629,"temon valo na sound quality kharap onek


taka nosto",temon valo na sound quality kharap onek taka nosto.,product_quality_negative
206,50065427200629,"দাম হিসেবে এই পণ্যটি আমার কাছে ভালই লাগছে 
ধন্যবাদ",দাম হিসেবে এই পণ্যটি আমার কাছে ভালই লাগছে ধন্যবাদ.,price_positive#product_quality_positive
207,51539558800629,Donnobad Daraz ke jemon dekhechi thik temon peyechi,Donnobad Daraz ke jemon dekhechi thik temon peyechi.,product_quality_positive
208,49545129200629,"mota moti Valo asa 🤩
ear but a 70%r basi charge utha na 🫣",mota moti Valo asa ear but a 70 r basi charge utha na.,product_quality_neutral
209,51956901800629,Not bad. but the opening sound is very annoying.,Not bad. but the opening sound is very annoying.,product_quality_neutral
210,52389831700629,"অস্থির সাউন্ড, বেস্ট কোয়ালিটি,  চার্জও ভালো টিকে","অস্থির সাউন্ড, বেস্ট কোয়ালিটি, চার্জও ভালো টিকে.",product_quality_positive
211,53693465500629,Valo product.tana 4 ghonta backup dita para.,Valo product.tana 4 ghonta backup dita para.,product_quality_positive
212,42657956400629,এতদিন পরে একটা মনের মত প্রোডাক্ট পেয়েছি ধন্যবাদ দারাজ,এতদিন পরে একটা মনের মত প্রোডাক্ট পেয়েছি ধন্যবাদ দারাজ.,product_quality_positive
213,53741699000629,ভালই প্রোডাক্ট । সাউন্ড কোয়ালিটি ভালো আছে,ভালই প্রোডাক্ট সাউন্ড কোয়ালিটি ভালো আছে.,product_quality_positive
214,49830853300629,১০০ তে ১০০!!! প্রোডাক্ট ভালো কিনে ফেলেন।।,১০০ তে ১০০!! প্রোডাক্ট ভালো কিনে ফেলেন.,product_quality_positive
215,49538312100629,অসাধারণ সেরা ভাই সেরা  সাউন্ড কয়ালিটি মনোমুগ্ধকর,অসাধারণ সেরা ভাই সেরা সাউন্ড কয়ালিটি মনোমুগ্ধকর.,product_quality_positive
216,52446464300629,দাম হিসেবে ভালো প্রডাক্ট। নিতে পারেন।,দাম হিসেবে ভালো প্রডাক্ট নিতে পারেন.,price_positive#product_quality_positive
217,53424588400629,"খুবই ভালো ছিল,আপনারা চাইলে নিতে পারেন।","খুবই ভালো ছিল,আপনারা চাইলে নিতে পারেন.",product_quality_positive
218,52463031100629,খুব ভালো৷৷  আপনারা সবাই নিতে পারেন,খুব ভালো৷৷ আপনারা সবাই নিতে পারেন.,product_quality_positive
219,53505897600629,onak valo apnara shobay nitay paren,onak valo apnara shobay nitay paren.,product_quality_positive
220,49283125300629,Kew Niben na aita.akdom faltu 😡😡😡aita na die onno ta dise,Kew Niben na aita.akdom faltu aita na die onno ta dise.,product_quality_negative
221,49710556000629,আলহামদুলিল্লাহ সাউন্ড কোয়ালিটি অনেকটাই ভালো,আলহামদুলিল্লাহ সাউন্ড কোয়ালিটি অনেকটাই ভালো.,product_quality_positive
222,53749852200629,Sob e thik ase but cable ta nosto.,Sob e thik ase but cable ta nosto.,product_quality_positive
223,53487551500629,আমি ৪টা নিচি ভালোই চলে দাম হিসেবে,আমি ৪টা নিচি ভালোই চলে দাম হিসেবে.,price_positive#product_quality_positive
224,52372735900629,"অনেক ভালো কোয়ালিটি 
saunt  10*10
bit 10*10
changed 9*10 ৪#৫ ঘণ্টা ২ বার চার্জ দেয়া যায় 

ভেস্ট Airpods নাইস 
সবাই নিতে পারেন",অনেক ভালো কোয়ালিটি saunt 10 10 bit 10 10 changed 9 10 ৪ ৫ ঘণ্টা ২ বার চার্জ দেয়া যায় ভেস্ট Airpods নাইস সবাই নিতে পারেন.,product_quality_positive
225,51845335900629,"valo akta product peyesi, thanks","valo akta product peyesi, thanks.",product_quality_positive
226,53401218700629,ভালো আছে চাইলে সবাই নিতে পারেন,ভালো আছে চাইলে সবাই নিতে পারেন.,product_quality_positive
227,49554387200629,alhamdulillah bolte gele 10-10 dite hbe sei rokm,alhamdulillah bolte gele 10-10 dite hbe sei rokm.,product_quality_positive
228,49272728000629,মোটামুটি ভালো। কোয়ালিটি ১০ এর মধ্যে ৭ দেওয়া যায়।,মোটামুটি ভালো কোয়ালিটি ১০ এর মধ্যে ৭ দেওয়া যায়.,product_quality_neutral
229,49536923600629,khub Valo and delivery vaiao khub valo,khub Valo and delivery vaiao khub valo.,delivery_positive#product_quality_positive
230,49514386700629,"good product,, value for money 🥰🥰","good product,, value for money.",price_positive#product_quality_positive
231,49838407100629,"২০ দিন ব্যবহার করে রিভিউ দিলাম, অন্যান্য আরও এয়ারবার্ডস use করসি, সেই তুলনায় চার্জের ব্যাকাআপ এ সন্তুষ্ট হইতে পারি নাই, বাকি সব মোটামুটি ঠিক আছে","২০ দিন ব্যবহার করে রিভিউ দিলাম, অন্যান্য আরও এয়ারবার্ডস use করসি, সেই তুলনায় চার্জের ব্যাকাআপ এ সন্তুষ্ট হইতে পারি নাই, বাকি সব মোটামুটি ঠিক আছে.",product_quality_neutral
232,53337491800629,টাইপ সি ক্যাবল নষ্ট 😕এছাড়া প্রোডাক্ট টা খুবই ভালো। ভালো ওয়েট ও আছে।  এখন দেখার বিষয় কত দিন টিকে। বারকোড স্কান করলে কাজ করে না।  কপির ও কপি 😪😪😪,টাইপ সি ক্যাবল নষ্ট এছাড়া প্রোডাক্ট টা খুবই ভালো ভালো ওয়েট ও আছে এখন দেখার বিষয় কত দিন টিকে বারকোড স্কান করলে কাজ করে না কপির ও কপি.,product_quality_positive
233,46321915100629,"পন্যটি কিনেছি প্রায় 1 মাস হয় ব্যাবহার করেই রিভিউ দিচ্ছি। যেটা দেখানো হইছে সেটাই দেওয়া হয়েছে, আর খুব দ্রুতই ডেলিভারি পেয়েছি , । ডেলিভারি ম্যান টাও খুব ভালো ছিলো আমার রিকোয়েস্ট এর জন্য অনেক টুকু পথ ভিতরে আসছিলো, 
airports Pro বিফ সাউন্ড ব্যাটারি ব্যাকআপ স্পিকার সাউন্ড ব্লুটুথ কানেকশন ওয়াটারপ্রুফ সবকিছু মিলিয়ে ওয়াও","পন্যটি কিনেছি প্রায় 1 মাস হয় ব্যাবহার করেই রিভিউ দিচ্ছি যেটা দেখানো হইছে সেটাই দেওয়া হয়েছে, আর খুব দ্রুতই ডেলিভারি পেয়েছি , ডেলিভারি ম্যান টাও খুব ভালো ছিলো আমার রিকোয়েস্ট এর জন্য অনেক টুকু পথ ভিতরে আসছিলো, airports Pro বিফ সাউন্ড ব্যাটারি ব্যাকআপ স্পিকার সাউন্ড ব্লুটুথ কানেকশন ওয়াটারপ্রুফ সবকিছু মিলিয়ে ওয়াও.",delivery_positive#product_quality_positive
234,52365425800629,just wow ar kisu bolar nai choto morij 😩💥,just wow ar kisu bolar nai choto morij.,product_quality_positive
235,45974785000629,আলহামদুলিল্লাহ এয়ারপডস টা খুবই ভালো। বন্ধুর জন্য অর্ডার দিয়েছিলাম ওর খুবই পছন্দ হয়েছে। ওজনেও বেশ ভারী সাথে টাইপসি ক্যাবল ও দিয়েছে।,আলহামদুলিল্লাহ এয়ারপডস টা খুবই ভালো বন্ধুর জন্য অর্ডার দিয়েছিলাম ওর খুবই পছন্দ হয়েছে ওজনেও বেশ ভারী সাথে টাইপসি ক্যাবল ও দিয়েছে.,product_quality_positive
236,42669922700629,দেখতে যেমন সুন্দর সাউন্ড তেমন সুন্দর ধন্যবাদ,দেখতে যেমন সুন্দর সাউন্ড তেমন সুন্দর ধন্যবাদ.,product_quality_positive
237,44493385900629,"এয়ারপোর্টটা খুব ভালো ব্ল্যাক কালার টা অনেক সুন্দর 
সেলার এর ব্যবহার অনেক সুন্দর 
ডেলিভারি ম্যান সোহেল ভাই এর ব্যবহার অনেক চমৎকার 
দারাজ অ্যাপটা আসলে অনেক ভালো",এয়ারপোর্টটা খুব ভালো ব্ল্যাক কালার টা অনেক সুন্দর সেলার এর ব্যবহার অনেক সুন্দর ডেলিভারি ম্যান সোহেল ভাই এর ব্যবহার অনেক চমৎকার দারাজ অ্যাপটা আসলে অনেক ভালো.,seller_service_positive#delivery_positive#product_quality_positive
238,44484767200629,"যেমন চেয়েছিলাম তাঁর থেকেও অনেক বেশি ভালো 
সেলার এর ব্যবহার অনেক ভালো 
ডেলিভারি ম্যান এর ব্যবহার সেই",যেমন চেয়েছিলাম তাঁর থেকেও অনেক বেশি ভালো সেলার এর ব্যবহার অনেক ভালো ডেলিভারি ম্যান এর ব্যবহার সেই.,seller_service_positive#delivery_positive#product_quality_positive
239,42877861700629,অসাধারণ একটি প্রোডাক্ট সাউন্ড কোয়ালিটি অনেক ভালো ব্যাস অনেক ভালো দেয় চাইলে সবাই নিতে পারেন দাম অনুযায়ী ভালো একটি প্রোডাক্ট ধন্যবাদ দারাজ ধন্যবাদ সেলার ভাই এত সুন্দর একটি প্রোডাক্ট দেওয়ার জন্য,অসাধারণ একটি প্রোডাক্ট সাউন্ড কোয়ালিটি অনেক ভালো ব্যাস অনেক ভালো দেয় চাইলে সবাই নিতে পারেন দাম অনুযায়ী ভালো একটি প্রোডাক্ট ধন্যবাদ দারাজ ধন্যবাদ সেলার ভাই এত সুন্দর একটি প্রোডাক্ট দেওয়ার জন্য.,price_positive#product_quality_positive
240,45703748000629,না নেওয়ার কোন কারণ নেই।নেওয়ার অনেক কারণ আছে।।।,না নেওয়ার কোন কারণ নেই নেওয়ার অনেক কারণ আছে.,product_quality_positive
241,45751738600629,প্রোডাক্টটি অনেক ভালো চাইলে সবাই নিতে পারেন,প্রোডাক্টটি অনেক ভালো চাইলে সবাই নিতে পারেন.,product_quality_positive
242,53541807300629,Product vlo alhumdullah sob tik tak shobai nite paren delevery o onek taratari paici jemon dekci tik temon paici ato vlo jenis pabo ai takai vabte pari nai,Product vlo alhumdullah sob tik tak shobai nite paren delevery o onek taratari paici jemon dekci tik temon paici ato vlo jenis pabo ai takai vabte pari nai.,delivery_positive#product_quality_positive
243,50332369500629,"দাম অনুযায়ী মোটামুটি ভালো,,, কিন্তু নয়েজ ক্যালকুলেশন নাই ,, যারা চাচ্ছেন একটু কম দামের ভিতরে ব্লুটুথ আছেন ভালো ব্যাটারি ব্যাকআপ তারা শুধুমাত্র নিতে পারেন দাম অনুযায়ী ভালই আছে,,, এরকম একটি ব্লু টু মার্কেটে কিনতে গেলে ৭০০ থেকে ৭৫০ টাকা নিয়ে থাকবে,,, আমার কাছে দাম হিসেবে মোটামুটি ভালই আছে খারাপ না আপনারা নিতে পারেন।। ❤️","দাম অনুযায়ী মোটামুটি ভালো,, কিন্তু নয়েজ ক্যালকুলেশন নাই ,, যারা চাচ্ছেন একটু কম দামের ভিতরে ব্লুটুথ আছেন ভালো ব্যাটারি ব্যাকআপ তারা শুধুমাত্র নিতে পারেন দাম অনুযায়ী ভালই আছে,, এরকম একটি ব্লু টু মার্কেটে কিনতে গেলে ৭০০ থেকে ৭৫০ টাকা নিয়ে থাকবে,, আমার কাছে দাম হিসেবে মোটামুটি ভালই আছে খারাপ না আপনারা নিতে পারেন.",price_neutral#product_quality_neutral
244,53670044300629,"প্রোডাক্ট রিভিউ: সম্পূর্ণরূপে হতাশাজনক অভিজ্ঞতা

আমি এই প্রোডাক্টটি ১০ দিন ব্যবহার করার পর রিভিউ দিচ্ছি। দুঃখজনকভাবে এটি একদম বাজে এবং আমার সন্দেহ হচ্ছে এটি অরিজিনাল নয়। হেডফোনের বক্সটি ছেঁড়া ছিল, মনে হয়েছে ভিতরের আসল প্রোডাক্টটি সরিয়ে নতুন কিছু ঢুকিয়ে দেয়া হয়েছে। এর প্রমাণস্বরূপ আমি ছবিও সংযুক্ত করেছি।

ব্যবহারের সময় যে সমস্যাগুলো faced করেছি:

হেডফোন দিয়ে ফোনে কথা বলা যায় না।

একটি ইয়ারবাড ব্যবহার করলে আপনার ফোনে যা শোনা যাচ্ছে, সেটি আশেপাশে অন্য কেউ শুনতে পায়—যেমন অন্য কারো হেডফোনে আপনার সাউন্ড চলে যায়।

সবচেয়ে আশ্চর্যের বিষয়, আপনার হেডফোন অন্য কেউ কন্ট্রোল করতে পারে। অর্থাৎ, আপনি কানেক্ট করার পরও, যদি কারো paired ডিভাইস থাকে, তাহলে সে আপনার সাউন্ড বন্ধ/চালু কিংবা কানেকশন কেটে দিতে পারে। এটা আমার সঙ্গে প্রতিদিনই ঘটছে।

এই সমস্যাগুলোর কোনো সমাধান যদি কারো জানা থাকে, অনুগ্রহ করে জানাবেন।

রিভিউটি পড়ার জন্য ধন্যবাদ।

আ","প্রোডাক্ট রিভিউ সম্পূর্ণরূপে হতাশাজনক অভিজ্ঞতা আমি এই প্রোডাক্টটি ১০ দিন ব্যবহার করার পর রিভিউ দিচ্ছি দুঃখজনকভাবে এটি একদম বাজে এবং আমার সন্দেহ হচ্ছে এটি অরিজিনাল নয় হেডফোনের বক্সটি ছেঁড়া ছিল, মনে হয়েছে ভিতরের আসল প্রোডাক্টটি সরিয়ে নতুন কিছু ঢুকিয়ে দেয়া হয়েছে এর প্রমাণস্বরূপ আমি ছবিও সংযুক্ত করেছি ব্যবহারের সময় যে সমস্যাগুলো faced করেছি হেডফোন দিয়ে ফোনে কথা বলা যায় না একটি ইয়ারবাড ব্যবহার করলে আপনার ফোনে যা শোনা যাচ্ছে, সেটি আশেপাশে অন্য কেউ শুনতে পায় যেমন অন্য কারো হেডফোনে আপনার সাউন্ড চলে যায় সবচেয়ে আশ্চর্যের বিষয়, আপনার হেডফোন অন্য কেউ কন্ট্রোল করতে পারে অর্থাৎ, আপনি কানেক্ট করার পরও, যদি কারো paired ডিভাইস থাকে, তাহলে সে আপনার সাউন্ড বন্ধ চালু কিংবা কানেকশন কেটে দিতে পারে এটা আমার সঙ্গে প্রতিদিনই ঘটছে এই সমস্যাগুলোর কোনো সমাধান যদি কারো জানা থাকে, অনুগ্রহ করে জানাবেন রিভিউটি পড়ার জন্য ধন্যবাদ আ.",product_quality_negative
245,50882585700629,price wish good product.sound quality bhalo chilo.ar charging port type-c hoar por o Tara 1 ta cable dia dise jeta bhalo lagse❤️,price wish good product.sound quality bhalo chilo.ar charging port type-c hoar por o Tara 1 ta cable dia dise jeta bhalo lagse.,price_positive#product_quality_positive
246,49778170000629,"ফালতু প্রোডাক্ট,, চার্জ থাকে না,, বিক্রেতার কথার সাথে কাজের কোন মিল নাই,, কেউ নিবেন না,, রিটার্ন করে দিতে চাচ্ছি সেটাও পেন্ডিং দেখাচ্ছে,,, বলছিল ৩ থেকে ৪ ঘন্টা চার্জ থাকবে উল্টা দুই ঘন্টা চার্জ থাকে না ফালতু একটা প্রোডাক্ট,,, চার্জ ওঠার কোন মিল নাই একটা হান্ডেট পার্সেন্ট চার্জ হয় আর একটা ৮০% চার্জ হয়ে থাকে,, খুবই খারাপ এক্সপেরিয়েন্স","ফালতু প্রোডাক্ট,, চার্জ থাকে না,, বিক্রেতার কথার সাথে কাজের কোন মিল নাই,, কেউ নিবেন না,, রিটার্ন করে দিতে চাচ্ছি সেটাও পেন্ডিং দেখাচ্ছে,, বলছিল ৩ থেকে ৪ ঘন্টা চার্জ থাকবে উল্টা দুই ঘন্টা চার্জ থাকে না ফালতু একটা প্রোডাক্ট,, চার্জ ওঠার কোন মিল নাই একটা হান্ডেট পার্সেন্ট চার্জ হয় আর একটা ৮০ চার্জ হয়ে থাকে,, খুবই খারাপ এক্সপেরিয়েন্স.",product_quality_negative
247,50623096800629,"product 10/10
product sera, sound quality bhalo,
overall sob bhalo,
but seller bhalo na,khan*kir polay cable dey nai, SMS disi tao bole j vitiore deoa kintu vitore kunu cable eii nai, seller bhalo na 
delivery boy khub bhalo...","product 10 10 product sera, sound quality bhalo, overall sob bhalo, but seller bhalo na,khan kir polay cable dey nai, SMS disi tao bole j vitiore deoa kintu vitore kunu cable eii nai, seller bhalo na delivery boy khub bhalo..",seller_service_negative#delivery_positive#product_quality_positive
248,54294189700629,air pods ta khub I Valo sound quality purai agun. ar cheye best air pods ato kom damer moddhe kokhonoi Dekhi nei,air pods ta khub I Valo sound quality purai agun. ar cheye best air pods ato kom damer moddhe kokhonoi Dekhi nei.,price_positive#product_quality_positive
249,51398725400629,"প্রোডাক্টটি অনেক ভাল ছিল।  হাতে নেওয়ার পর খুব প্রিমিয়াম একটা ফিল পাইছি। সাউন্ড কোয়ালিটি ও অসাধারণ। আপনারা যারা নিতে চান, নির্দ্বিধায় নিতে পারেন। এছাড়াও, সেলারের ব্যবহার খুব ভালো ছিল। ডেলিভারিও ঠিকঠাক ছিল।","প্রোডাক্টটি অনেক ভাল ছিল হাতে নেওয়ার পর খুব প্রিমিয়াম একটা ফিল পাইছি সাউন্ড কোয়ালিটি ও অসাধারণ আপনারা যারা নিতে চান, নির্দ্বিধায় নিতে পারেন এছাড়াও, সেলারের ব্যবহার খুব ভালো ছিল ডেলিভারিও ঠিকঠাক ছিল.",seller_service_positive#delivery_neutral#product_quality_positive
250,52413003200629,এক্কেবারে খারাপ। প্যাকেজিং এভাবে একটা জিনিস কাউকে ডেলিভারি দিতে নেই। মূল্য অনুযায়ী নরমাল প্যাকেটে করে কাস্টমারের কাছে ডেলিভারি দিয়েছে আসলে এটা আমি কখনো আশা করিনি। বক্সটা ছেরা ছিল। প্রথমে দেখে আমি খুব মর্মাহত। দাম হিসেবে চার্জ ঠিক আছে কিন্তু। তাস এডজাস্টমেন্ট খুবই খারাপ কান থেকে খুললে অটোমেটিকলি কাজ করে এটা আমার খুব একটা ভালো লাগলো।,এক্কেবারে খারাপ প্যাকেজিং এভাবে একটা জিনিস কাউকে ডেলিভারি দিতে নেই মূল্য অনুযায়ী নরমাল প্যাকেটে করে কাস্টমারের কাছে ডেলিভারি দিয়েছে আসলে এটা আমি কখনো আশা করিনি বক্সটা ছেরা ছিল প্রথমে দেখে আমি খুব মর্মাহত দাম হিসেবে চার্জ ঠিক আছে কিন্তু তাস এডজাস্টমেন্ট খুবই খারাপ কান থেকে খুললে অটোমেটিকলি কাজ করে এটা আমার খুব একটা ভালো লাগলো.,packaging_negative
251,49520117800629,"ভালই বাট কথা বলতে একটু প্রব্লেম হয়,,  আর গেম খেলতে অসুবিধা হয় আওয়াজ একটু পরে আসে,,,  আর অভার অল ভালই","ভালই বাট কথা বলতে একটু প্রব্লেম হয়,, আর গেম খেলতে অসুবিধা হয় আওয়াজ একটু পরে আসে,, আর অভার অল ভালই.",product_quality_positive
252,52340354400629,আলহামদুলিল্লাহ ভালো ব্যাটারি ব্যাকআপ খুবই ভালো ব্যবহার করার প্রায় ১৫ দিন পর রিভিউ দিতেছি খুব ভালো নিতে পারেন,আলহামদুলিল্লাহ ভালো ব্যাটারি ব্যাকআপ খুবই ভালো ব্যবহার করার প্রায় ১৫ দিন পর রিভিউ দিতেছি খুব ভালো নিতে পারেন.,product_quality_positive
253,50325221900629,"প্রোডাক্ট টি খুবই ভালো।তবে ডেলিভারি ম্যান আমাকে প্রায় তিন চার দিন ঘুরিয়েছে। এদিকে নজর রাখার  জোর দাবি জানাচ্ছি, ডেলিভারি ম্যান এর হাতে কেনো প্রোডাক্ট চার থেকে পাঁচ দিন  থাকবে। তাদের ডেলিভারি ব্যবস্থা খুবই বাজে।","প্রোডাক্ট টি খুবই ভালো তবে ডেলিভারি ম্যান আমাকে প্রায় তিন চার দিন ঘুরিয়েছে এদিকে নজর রাখার জোর দাবি জানাচ্ছি, ডেলিভারি ম্যান এর হাতে কেনো প্রোডাক্ট চার থেকে পাঁচ দিন থাকবে তাদের ডেলিভারি ব্যবস্থা খুবই বাজে.",delivery_negative#product_quality_positive
254,50438325400629,"প্রায় ৭ দিন ব্যাবহারের পর রিভিও দিতেছি, সেলার রসপন্স ভাল। প্যাকেজিং ও ভালই ছিল। টাইপ-সি দিতে বলছিলাম টাইপ-সি পোর্টের টাই দিয়েছে। সাউন্ড কোয়ালিটি দাম অনুযায়ী ভালই ক্লিয়ার ও লাউড। কলে কথা বলার সময় একটু প্যারা খেতে হয় মাঝেমাঝে। বাডস গুলোতে চার্জ ভালই থাকে ৭০% ভলিউম এ ৪-৪.৫ ঘন্টা চার্জ থাকে। আর বক্স থেকে ২ বার বাডসগুলো চার্জ দেওয়া যায়।","প্রায় ৭ দিন ব্যাবহারের পর রিভিও দিতেছি, সেলার রসপন্স ভাল প্যাকেজিং ও ভালই ছিল টাইপ-সি দিতে বলছিলাম টাইপ-সি পোর্টের টাই দিয়েছে সাউন্ড কোয়ালিটি দাম অনুযায়ী ভালই ক্লিয়ার ও লাউড কলে কথা বলার সময় একটু প্যারা খেতে হয় মাঝেমাঝে বাডস গুলোতে চার্জ ভালই থাকে ৭০ ভলিউম এ ৪-৪.৫ ঘন্টা চার্জ থাকে আর বক্স থেকে ২ বার বাডসগুলো চার্জ দেওয়া যায়.",seller_service_positive#packaging_positive#product_quality_positive
255,52574522500629,আজই প্রোডাক্টটি হাতে পেলাম। মাত্র ২ দিনে ডেলিভারি দিল। আলহামদুলিল্লাহ ভালো অবস্থায় পেয়েছি। সাউন্ড কোয়ালিটি দাম অনুযায়ী বেশ ভালো।,আজই প্রোডাক্টটি হাতে পেলাম মাত্র ২ দিনে ডেলিভারি দিল আলহামদুলিল্লাহ ভালো অবস্থায় পেয়েছি সাউন্ড কোয়ালিটি দাম অনুযায়ী বেশ ভালো.,delivery_positive#price_positive#product_quality_positive
256,50494039800629,"আলহামদুলিল্লাহ!! প্রোডাক্ট হাতে পাইলাম প্রোডাক্টটি মিসিং হওয়ার পর পুনরায় আবার পাইলাম।
 ধন্যবাদ দারাজ ব্যবস্থাপনাকে! ❤️💝
টাকা অনুযায়ী পণ্যটি আলহামদুলিল্লাহ অনেক ভালো🎉",আলহামদুলিল্লাহ!! প্রোডাক্ট হাতে পাইলাম প্রোডাক্টটি মিসিং হওয়ার পর পুনরায় আবার পাইলাম ধন্যবাদ দারাজ ব্যবস্থাপনাকে! টাকা অনুযায়ী পণ্যটি আলহামদুলিল্লাহ অনেক ভালো.,price_positive#product_quality_positive
257,53747506100629,"খুব সুন্দর একটা প্রোডাক্ট যেমনটা চেয়েছি তেমন টা পেয়েছি। 
কেউ নিতে চাইলে নিতে পারেন। 
ধন্যবাদ ডেলিভারি ম্যানকে।",খুব সুন্দর একটা প্রোডাক্ট যেমনটা চেয়েছি তেমন টা পেয়েছি কেউ নিতে চাইলে নিতে পারেন ধন্যবাদ ডেলিভারি ম্যানকে.,product_quality_positive
258,53727255000629,product valo.but c type charger kheyal kori nai. akhon c type charger o nai.  akhon ki kora jay?,product valo.but c type charger kheyal kori nai. akhon c type charger o nai. akhon ki kora jay?,product_quality_positive
259,49657003900629,akta hate peyechi. already r akta order confirmation kora hoise. products quality onk vlo sound o Joss.,akta hate peyechi. already r akta order confirmation kora hoise. products quality onk vlo sound o Joss.,product_quality_positive
260,49686737700629,"Product quality budget bibechonai bolte gele A+ 
But 1 ta ektu kom baje,, seller k bolar pore uni kono reply e deyni ekhon porjonto.. tarporeo bolbo airpods ta valoi. R natore er Delivary man Juel vai er bebohar o onek valo..","Product quality budget bibechonai bolte gele A But 1 ta ektu kom baje,, seller k bolar pore uni kono reply e deyni ekhon porjonto.. tarporeo bolbo airpods ta valoi. R natore er Delivary man Juel vai er bebohar o onek valo..",delivery_positive#price_positive#product_quality_positive
261,52341177100629,"products valoi ase but Android a use korar jonno onek kichu miss korchi 
overall good",products valoi ase but Android a use korar jonno onek kichu miss korchi overall good.,product_quality_positive
262,50530501200629,আলহামদুলিল্লাহ প্রোডাক্ট যেমন চেয়েছি ঠিক তেমনি পেয়েছি। অসংখ্য ধন্যবাদ আপনাকে। ❤️❤️,আলহামদুলিল্লাহ প্রোডাক্ট যেমন চেয়েছি ঠিক তেমনি পেয়েছি অসংখ্য ধন্যবাদ আপনাকে.,product_quality_positive
263,49350773400629,valo lagse products. kintu apnara charging cable ta den nai ai karone valo lago na,valo lagse products. kintu apnara charging cable ta den nai ai karone valo lago na.,product_quality_positive
264,52167343700629,onek sundor ekai products sobai nite paren delivery man er bebohar onek valo,onek sundor ekai products sobai nite paren delivery man er bebohar onek valo.,delivery_positive#product_quality_positive
265,50663830100629,Sound quality khub e vlo.. charge o valoi thake  👌👌 ami 2 ta niyechi,Sound quality khub e vlo.. charge o valoi thake ami 2 ta niyechi.,product_quality_positive
266,50808002800629,khub kharap delivery cable er samne pechone ak.sound quality valo na.,khub kharap delivery cable er samne pechone ak.sound quality valo na.,product_quality_negative
267,54052988600629,আলহামদুলিল্লাহ অনেক  ভালো মানের একটা প্রোডাক্ট সবাই নিতে পারেন,আলহামদুলিল্লাহ অনেক ভালো মানের একটা প্রোডাক্ট সবাই নিতে পারেন.,product_quality_positive
268,49943824800629,alhamdulillah. amr onek vlo lagce. Ekhn vlo service dilei holo,alhamdulillah. amr onek vlo lagce. Ekhn vlo service dilei holo.,product_quality_positive
269,51206448900629,আলহামদুলিল্লাহ প্রোডাক্ট অনেক সুন্দর আপনারা চাইলে নিতে পারেন,আলহামদুলিল্লাহ প্রোডাক্ট অনেক সুন্দর আপনারা চাইলে নিতে পারেন.,product_quality_positive
270,49588450800629,good but ekta besi ekta Kom sound hoy sound level perfect na,good but ekta besi ekta Kom sound hoy sound level perfect na.,product_quality_positive
271,49601614100629,ata vlo sobay babohar korte paro Dam kom kinto jinis ta vlo,ata vlo sobay babohar korte paro Dam kom kinto jinis ta vlo.,price_positive#product_quality_positive
272,49719119900629,নিতে পারেন এটা অনেক ভালো দাম অনুযায়ী - হাইলি রিকমেন্ডেড ❤️❤️,নিতে পারেন এটা অনেক ভালো দাম অনুযায়ী - হাইলি রিকমেন্ডেড.,price_positive#product_quality_positive
273,51995106800629,আলহামদুলিল্লাহ যেটা চেয়েছি যেমনটা চেয়েছি তেমন টা  পেয়েছি,আলহামদুলিল্লাহ যেটা চেয়েছি যেমনটা চেয়েছি তেমন টা পেয়েছি.,product_quality_positive
274,51518317300629,Valo ase Product chile nite paren sound quality onek valo,Valo ase Product chile nite paren sound quality onek valo.,product_quality_positive
275,49618680000629,ধন্যবাদ সেলার কে প্রোডাক্টগুলো আলহামদুলিল্লাহ ভালো  ছিল,ধন্যবাদ সেলার কে প্রোডাক্টগুলো আলহামদুলিল্লাহ ভালো ছিল.,price_positive
276,50768761900629,প্রডাক্ট কোয়ালিটি মোটামুটি দাম অনুযায়ী সন্তুষ্টজনক না।,প্রডাক্ট কোয়ালিটি মোটামুটি দাম অনুযায়ী সন্তুষ্টজনক না.,price_negative#product_quality_neutral
277,43945357100629,সাউন্ড ও ভালো আছে।। সেলার এর ব্যাবহার খুব ভালো ও আন্তরিক খুব তাড়াতাড়ি জিনিস টা বুঝে পাইছি।।,সাউন্ড ও ভালো আছে সেলার এর ব্যাবহার খুব ভালো ও আন্তরিক খুব তাড়াতাড়ি জিনিস টা বুঝে পাইছি.,seller_service_positive#delivery_positive#product_quality_positive
278,49518305000629,"অনেক ব্যবহার করতেছি, অনেক ভালো,  কম দামে  ভালো জিনিস","অনেক ব্যবহার করতেছি, অনেক ভালো, কম দামে ভালো জিনিস.",product_quality_positive
279,49532727500629,onek valo eta ..tobe charge kom thake bole mone hoi,onek valo eta ..tobe charge kom thake bole mone hoi.,product_quality_positive
280,49330220300629,"Onk valo ekti product, chaile nissondehe nite paren","Onk valo ekti product, chaile nissondehe nite paren.",product_quality_positive
281,53643339800629,Alhamdulillah price hishabe product anek valo💖,Alhamdulillah price hishabe product anek valo.,product_quality_positive
282,49634923200629,অনেক সুন্দর হয়েছে প্যাকেজিং অনেক ভালো একটা আইপড।,অনেক সুন্দর হয়েছে প্যাকেজিং অনেক ভালো একটা আইপড.,product_quality_positive
283,50192975400629,মাশা-আল্লাহ অনেক ভালো জিনিস সবাই নিতে পারেন,মাশা-আল্লাহ অনেক ভালো জিনিস সবাই নিতে পারেন.,product_quality_positive
284,50786468800629,Good quality product best deal ei price e,Good quality product best deal ei price e.,price_positive#product_quality_positive
285,49514081400629,আলহামদুলিল্লাহ মোটামুটি ভালো নিতে পারেন,আলহামদুলিল্লাহ মোটামুটি ভালো নিতে পারেন.,product_quality_neutral
286,54178023900629,অনেক ভালো হয়েছে আমি ৪ টা নিয়েছি 🥰🥰🥰🥰,অনেক ভালো হয়েছে আমি ৪ টা নিয়েছি.,product_quality_positive
287,52806419700629,akta valo akta nosto.ata asha kori ni,akta valo akta nosto.ata asha kori ni.,product_quality_negative
288,49584146300629,দাম অনুযায়ী ভালো প্রোডাক্ট। Satisfied.🙂,দাম অনুযায়ী ভালো প্রোডাক্ট Satisfied.,price_positive#product_quality_positive
289,49983415900629,অনেক সুন্দর সবাই নিতে পারেন,অনেক সুন্দর সবাই নিতে পারেন.,product_quality_positive
290,53732404100629,onak valo apnara nitay paren,onak valo apnara nitay paren.,product_quality_positive
291,50113592700629,onek valo apora nite paren,onek valo apora nite paren.,product_quality_positive
292,49706302000629,ভালো ছিলো তবে হাতে পাইছি ৫ দিন পরে,ভালো ছিলো তবে হাতে পাইছি ৫ দিন পরে.,delivery_negative#product_quality_positive
293,49361157800629,ভালো না এক কানের হেডফোন ভালো না,ভালো না এক কানের হেডফোন ভালো না.,product_quality_negative
294,49533750800629,kisu bolar nay.10 e 10,kisu bolar nay.10 e 10.,product_quality_positive
295,45719162900629,"দারাজে কেনা আমার জীবনের সবথেকে ভাল প্রোডাক এটি,,,এক কথায় অসাধারণ ধন্যবাদ সেলার কে এবং ধন্যবাদ MSBকে এমন একটা জিনিষ দেওয়ার জন্য","দারাজে কেনা আমার জীবনের সবথেকে ভাল প্রোডাক এটি,,এক কথায় অসাধারণ ধন্যবাদ সেলার কে এবং ধন্যবাদ MSBকে এমন একটা জিনিষ দেওয়ার জন্য.",product_quality_positive
296,52538221500629,প্রোডাক্টটি ভালো চাইলে নিতে পারেন,প্রোডাক্টটি ভালো চাইলে নিতে পারেন.,product_quality_positive
297,45693824100629,"ভাই এককথায় জোশ,,,সাউন্ড,বেজ ও টেকসই। হাই কোয়ালিটি জিনিস একটা 💗💗","ভাই এককথায় জোশ,,সাউন্ড,বেজ ও টেকসই হাই কোয়ালিটি জিনিস একটা.",product_quality_positive
298,44417501500629,অনেক ভালো প্রডাক্ট দেয়ার জন্য ধন্যবাদ সেলার এবং ডেলিভারি ম্যানকে।,অনেক ভালো প্রডাক্ট দেয়ার জন্য ধন্যবাদ সেলার এবং ডেলিভারি ম্যানকে.,product_quality_positive
299,49340721900629,এইখানে দেখাচ্ছে এক রকম আর দিচ্ছে আরেক রকম এবার প্রথম দারাজ থেকে কিছু কিনে ঠকে গেলাম। আর সেইলার উদ্দেশ্য একটি কথা যেটা দেখাবেন সেটাই দিবেন।,এইখানে দেখাচ্ছে এক রকম আর দিচ্ছে আরেক রকম এবার প্রথম দারাজ থেকে কিছু কিনে ঠকে গেলাম আর সেইলার উদ্দেশ্য একটি কথা যেটা দেখাবেন সেটাই দিবেন.,product_quality_negative
300,45719401600629,সব কিছু মোটামুটি!  কিন্তু চার্জিং ব্যাক আপ একটুও ভালো না,সব কিছু মোটামুটি! কিন্তু চার্জিং ব্যাক আপ একটুও ভালো না.,product_quality_neutral
301,50764769900629,অনেক সুন্দর। আমার সবচেয়ে বেশি ভালো লাগছে যে C-Type charging,অনেক সুন্দর আমার সবচেয়ে বেশি ভালো লাগছে যে C-Type charging.,product_quality_positive
302,50696763100629,Charge thake nah bal er product a,Charge thake nah bal er product a.,product_quality_positive
303,52280773800629,গুড কোয়ালিটি সাউন্ড অত্যন্ত ভালো,গুড কোয়ালিটি সাউন্ড অত্যন্ত ভালো.,product_quality_positive
304,45823322000629,"ভালো না ১টা নসট ১টা অনেক সাওনড আরেক টা অল্প বাজে,,,বাম টা ঠিক আছে ডানটা অল্প বাজে,","ভালো না ১টা নসট ১টা অনেক সাওনড আরেক টা অল্প বাজে,,বাম টা ঠিক আছে ডানটা অল্প বাজে,.",product_quality_negative
305,49710155600629,ঠিক আছে কোনো সমস্যা নেই। নিতে পারেন। তবে আমি চেয়েছিলাম আইফোন চাজার মতো এয়ার বাট্ টা।,ঠিক আছে কোনো সমস্যা নেই নিতে পারেন তবে আমি চেয়েছিলাম আইফোন চাজার মতো এয়ার বাট্ টা.,product_quality_positive
306,43968167786345,"সত্যিই অসাধারণ একটা এয়ারপোর্ট। 
সব দিকেই অসাধারণ। just looking for wow 🙂
ব্যবহারে অনেক দিন পর রিভিউ দিলাম। কোন সমস্যা নাই চার্জিং থেকে শুরু করে কোন দিকে এক ফোঁটা সমস্যা নেই। আপনারা নিঃসন্দেহে প্রোডাক্ট নিতে পারেন। আমি নিজে ব্যাবহার করছি এবং আমার বোনের জন্য আরেকটি অর্ডার করেছি।🥰🥰",সত্যিই অসাধারণ একটা এয়ারপোর্ট সব দিকেই অসাধারণ just looking for wow ব্যবহারে অনেক দিন পর রিভিউ দিলাম কোন সমস্যা নাই চার্জিং থেকে শুরু করে কোন দিকে এক ফোঁটা সমস্যা নেই আপনারা নিঃসন্দেহে প্রোডাক্ট নিতে পারেন আমি নিজে ব্যাবহার করছি এবং আমার বোনের জন্য আরেকটি অর্ডার করেছি.,product_quality_positive
307,48864121886345,আলহামদুলিল্লাহ আমি প্রোডাক্ট হাতে পেলাম ৩দিনের ভিতরে এই প্রোডাক্ট টি খুব এই ভালো আপনারা প্রোডাক্ট টি নিরভয়ে নিতে পাড়েন,আলহামদুলিল্লাহ আমি প্রোডাক্ট হাতে পেলাম ৩দিনের ভিতরে এই প্রোডাক্ট টি খুব এই ভালো আপনারা প্রোডাক্ট টি নিরভয়ে নিতে পাড়েন.,delivery_positive#product_quality_positive
308,49059725186345,মোটামুটি ভালোই সবাই নিতে পারে 🖤ডেলিভারি দেওয়ার সময় ছিল ১৮ তারিখে কিন্তু এসেছে ১৭ তারিখে🖤,মোটামুটি ভালোই সবাই নিতে পারে ডেলিভারি দেওয়ার সময় ছিল ১৮ তারিখে কিন্তু এসেছে ১৭ তারিখে.,delivery_positive#product_quality_neutral
309,42052654186345,"aktay charge cilo na somosa nai charge Diya sob ok ase 
genuine product
great sound love it 

Thanks seller and Daraz",aktay charge cilo na somosa nai charge Diya sob ok ase genuine product great sound love it Thanks seller and Daraz.,product_quality_positive
310,41927370586345,"৩ দিন পরে রিভিউ দিলাম,জিনিস টা অনেক ভালো,যেমন চেয়েছি তেমন টাই পেয়েছি, প্যাকিং টা অনেক ভালো ছিলো,সেলার কে ধন্যবাদ ❤️।ডেলিভারি ভাই টারও ব্যাবহার অনেক ভালো।","৩ দিন পরে রিভিউ দিলাম,জিনিস টা অনেক ভালো,যেমন চেয়েছি তেমন টাই পেয়েছি, প্যাকিং টা অনেক ভালো ছিলো,সেলার কে ধন্যবাদ ডেলিভারি ভাই টারও ব্যাবহার অনেক ভালো.",delivery_positive#packaging_positive#product_quality_positive
311,41817871086345,আলহামদুলিল্লাহ অনেক ভালো একটা প্রোডাক্ট পেয়েছি যেরকম দেখছি টিক সেইরকম চার্জ এ TWS এ জায় ২ ঘন্টা আর কেইস দিয়ে প্রায় ৪ বার চার্জ করা যায়,আলহামদুলিল্লাহ অনেক ভালো একটা প্রোডাক্ট পেয়েছি যেরকম দেখছি টিক সেইরকম চার্জ এ TWS এ জায় ২ ঘন্টা আর কেইস দিয়ে প্রায় ৪ বার চার্জ করা যায়.,product_quality_positive
312,41595017986345,Twsta near kono icche chilona 40% er voucher thakay 300+ taka diye niye nilam.eto kom dame kmon product hobe ektu confused chilam jodio but Alhamdulillah product valo chilo.looksta onek beshi e shundor but sound quality amar kache m10 tws er bassta slightly better mone hoyeche but overall m90 pro best. 300 takar jinish a eto valo performance pabo shooti ektu  obak hoyechi.ami fully satisfied ❤❤❤,Twsta near kono icche chilona 40 er voucher thakay 300 taka diye niye nilam.eto kom dame kmon product hobe ektu confused chilam jodio but Alhamdulillah product valo chilo.looksta onek beshi e shundor but sound quality amar kache m10 tws er bassta slightly better mone hoyeche but overall m90 pro best. 300 takar jinish a eto valo performance pabo shooti ektu obak hoyechi.ami fully satisfied.,product_quality_positive
313,41376726786345,"- দাম অনুযায়ী মোটামুটি চলে ভালোই আছে কোয়ালিটি, কিন্তু চার্জ একটু কম থাকে সমস্যা এটাই 🥺🥺 আর ওভারঅল সব ঠিক আছে।","- দাম অনুযায়ী মোটামুটি চলে ভালোই আছে কোয়ালিটি, কিন্তু চার্জ একটু কম থাকে সমস্যা এটাই আর ওভারঅল সব ঠিক আছে.",price_neutral#product_quality_neutral
314,41226069086345,same as the picture. যেরকমটা চেয়েছিলাম সেইরকমটাই। ডেলিভারিও খুব তাড়াতাড়ি পাইছি। Sound quality just aowsome. And এইটা power bank এরও কাজ করে। Charging অনেক সময় নেয়না। আর output ও খুব খুব ভালো। আপনারাও নিতে পারেন। Finally thanks to sellar & daraz. 🥰🥰❤️❤️,same as the picture. যেরকমটা চেয়েছিলাম সেইরকমটাই ডেলিভারিও খুব তাড়াতাড়ি পাইছি Sound quality just aowsome. And এইটা power bank এরও কাজ করে Charging অনেক সময় নেয়না আর output ও খুব খুব ভালো আপনারাও নিতে পারেন Finally thanks to sellar daraz.,delivery_positive#product_quality_positive
315,48230657286345,প্রোডাক্ট যেমন আসা করেছি তেমন পেয়েছি। প্রোডাক্ট নিয়ে আমার কোন অভিযোগ নেই। তবে ডেলিভারি সারভিস খুবই বাজে পেয়েছি। বিকাশ এ পেমেন্ট করে অর্ডার করেছিলাম। ডেলিভারির লোক আসার পর আমি বাসায় ছিলাম না তাই তিনি বল্লো আমার বাসার সিকুরেটি লোক এর কাছে পারসেল রেখে যাচ্ছে। বাসায় আসার পর জানতে পারলাম আমার বাসায় কোন পারসেল দেন নি। এবং তাকে জিজ্ঞেস করলে সে বলে যে সে নাকি সেটা আমার বাসায় দিয়ে গেছে।পরবর্তীতে আমি দারাজ কাস্টোমার কেয়ার এ অভিজোগ এর কথা বল্লে সে পারসেল এনে দিল।এমন মানুষদের কাজ এ রাখা একদম উচিৎ না,প্রোডাক্ট যেমন আসা করেছি তেমন পেয়েছি প্রোডাক্ট নিয়ে আমার কোন অভিযোগ নেই তবে ডেলিভারি সারভিস খুবই বাজে পেয়েছি বিকাশ এ পেমেন্ট করে অর্ডার করেছিলাম ডেলিভারির লোক আসার পর আমি বাসায় ছিলাম না তাই তিনি বল্লো আমার বাসার সিকুরেটি লোক এর কাছে পারসেল রেখে যাচ্ছে বাসায় আসার পর জানতে পারলাম আমার বাসায় কোন পারসেল দেন নি এবং তাকে জিজ্ঞেস করলে সে বলে যে সে নাকি সেটা আমার বাসায় দিয়ে গেছে পরবর্তীতে আমি দারাজ কাস্টোমার কেয়ার এ অভিজোগ এর কথা বল্লে সে পারসেল এনে দিল এমন মানুষদের কাজ এ রাখা একদম উচিৎ না.,delivery_negative#product_quality_positive
316,48143198186345,"ধন্যবাদ দারাজ এত সুন্দর একটি পণ্য দেওয়ার জন্য আমি এই পণ্যটি পছন্দ করি এবং হোম ডেলিভারিটি খুব ভাল ছিল। আপনি মনের শান্তির সাথে এই পণ্যটি কিনতে পারেন ধন্যবাদ দারাজ। 


নিচে ইংলিশ অনুবাদ দেওয়া হলো 
 
Thanks Daraj for giving such a nice product I love this product and the home delivery was very good man. You can buy this product with peace of mind thanks Daraj",ধন্যবাদ দারাজ এত সুন্দর একটি পণ্য দেওয়ার জন্য আমি এই পণ্যটি পছন্দ করি এবং হোম ডেলিভারিটি খুব ভাল ছিল আপনি মনের শান্তির সাথে এই পণ্যটি কিনতে পারেন ধন্যবাদ দারাজ নিচে ইংলিশ অনুবাদ দেওয়া হলো Thanks Daraj for giving such a nice product I love this product and the home delivery was very good man. You can buy this product with peace of mind thanks Daraj.,delivery_positive#product_quality_positive
317,41141120786345,"আমি এটি ৩ দিন ব্যবহার করার পরে  রিভিউ দিতেছি 
এটি দাম অনুযায়ী ভালো খারাপ না সাউন্ড কোয়ালিটি ভালো এবং চার্জ মোটামুটি ভালো সার্ভিস দিচ্ছে তবে হেডফোনটি কয়দিন এরকম ভালো সার্ভিস দিবে সেটাই দেখার বিষয় 
তবে একটি বাজে অভিজ্ঞতা আমার হয়েছে এটা আমি আর প্রথম আরেকবার অর্ডার করেছিলাম ওই সময় এটা একটু সমস্যা ছিল পরবর্তীতে রিফান্ড করে আবার নতুন করে অর্ডার করলাম এটা ভালো",আমি এটি ৩ দিন ব্যবহার করার পরে রিভিউ দিতেছি এটি দাম অনুযায়ী ভালো খারাপ না সাউন্ড কোয়ালিটি ভালো এবং চার্জ মোটামুটি ভালো সার্ভিস দিচ্ছে তবে হেডফোনটি কয়দিন এরকম ভালো সার্ভিস দিবে সেটাই দেখার বিষয় তবে একটি বাজে অভিজ্ঞতা আমার হয়েছে এটা আমি আর প্রথম আরেকবার অর্ডার করেছিলাম ওই সময় এটা একটু সমস্যা ছিল পরবর্তীতে রিফান্ড করে আবার নতুন করে অর্ডার করলাম এটা ভালো.,price_positive#product_quality_positive
318,41017711186345,সবকিসু ভালো ছিলো....sound quality also good.. just packaging এ একটু খেয়াল রাখবেন... আরেকটু ভালো মতো pack করে পাঠাবেন যাতে product damage না হয়..আমার airpod ট side এ একটু ভাঙ্গা ছিলো...but its ok....এখন দেখা যাক কয় দিন টেকে.... you can also buy... Its good enough. Thanks daraz for this product... Keep growing..,সবকিসু ভালো ছিলো..sound quality also good.. just packaging এ একটু খেয়াল রাখবেন.. আরেকটু ভালো মতো pack করে পাঠাবেন যাতে product damage না হয়..আমার airpod ট side এ একটু ভাঙ্গা ছিলো..but its ok..এখন দেখা যাক কয় দিন টেকে.. you can also buy.. Its good enough. Thanks daraz for this product.. Keep growing..,packaging_neutral#product_quality_positive
319,40639174086345,এয়ার বাডসটি দেখতে অনেক সুন্দর কিন্তু চার্জ ব্যাকআপ একটুও বেশি দেওয়া দরকার ছিল। যাহোক ওভারঅল অনেক ভালো ডেলিভারি খুব দ্রুত ছিল।,এয়ার বাডসটি দেখতে অনেক সুন্দর কিন্তু চার্জ ব্যাকআপ একটুও বেশি দেওয়া দরকার ছিল যাহোক ওভারঅল অনেক ভালো ডেলিভারি খুব দ্রুত ছিল.,delivery_positive#product_quality_positive
320,40364858386345,"এই প্রাইসে খুব বেশি খারাপ বলার সুযোগ নেই, কথা বলার সময় নয়েজ আসে, সাইজ টা তুলনামূলক অনেক বড়। পরিশেষে বলতে পারি আমার কাছে ভালই লেগেছে।","এই প্রাইসে খুব বেশি খারাপ বলার সুযোগ নেই, কথা বলার সময় নয়েজ আসে, সাইজ টা তুলনামূলক অনেক বড় পরিশেষে বলতে পারি আমার কাছে ভালই লেগেছে.",price_positive#product_quality_neutral
321,40177429686345,"যেমন অর্ডার করেছিলাম তেমনটাই পেয়েছি এবং খুবই অল্প দিনের মধ্যেই পেয়েছি ‌।
দাম অনুযায়ী প্রোডাক্টটা ভালই  সবাই কিনতে পারেন",যেমন অর্ডার করেছিলাম তেমনটাই পেয়েছি এবং খুবই অল্প দিনের মধ্যেই পেয়েছি দাম অনুযায়ী প্রোডাক্টটা ভালই সবাই কিনতে পারেন.,delivery_positive#price_positive#product_quality_positive
322,40747066286345,"আলহামদুলিল্লাহ অনেক ভালো একটা প্রডাক্ট চাইলে যে কেও নিতে পারেন, আর সবচাইতে ভালো লাগছে ডেলিভারি ভাই দের ব্যাবহার, ,,","আলহামদুলিল্লাহ অনেক ভালো একটা প্রডাক্ট চাইলে যে কেও নিতে পারেন, আর সবচাইতে ভালো লাগছে ডেলিভারি ভাই দের ব্যাবহার, ,,.",delivery_positive#product_quality_positive
323,48664773786345,"awesome product, satisfied, 2 din er vitore delivery paisi, khub fast, valoi","awesome product, satisfied, 2 din er vitore delivery paisi, khub fast, valoi.",delivery_positive#product_quality_positive
324,40272938686345,১ দিন ব্যবহার করে রিভিউ দিচ্ছি। প্রডাক্টি খুব ভালো এক চর্জে প্রায় ১০ ঘটনা চলে চার্জ হতে বেশি সময় লাগেনা প্রা ১-১.৫ ঘটনা লাগে সাউন্ড ভালো কিন্তু গেমিং একেবারে বাজে তবে আমার এক বন্ধ বলেছে ব্লুটুথ হেডফোনে গেম এর সাউন্ড নাই প্রথম এমন করে ২-৩ দিন পড়ে ঠিক হয়ে যায় এখন শুধু দেখার পালা ঠিক হয় কিনা। প্রথমে আমি ভয় পেয়ে ছিলাম চার্জ ছিলো না কিছুতেই ভাবছিলাম কপি প্রডাক্ট দিছে পরে  চার্জ করি আর সব ঠিক হয়ে গেলো  এমনিতে সব ঠিক পেয়েছে ডেলিভারিও সময় মতো পেয়ে গেছি🥰,১ দিন ব্যবহার করে রিভিউ দিচ্ছি প্রডাক্টি খুব ভালো এক চর্জে প্রায় ১০ ঘটনা চলে চার্জ হতে বেশি সময় লাগেনা প্রা ১-১.৫ ঘটনা লাগে সাউন্ড ভালো কিন্তু গেমিং একেবারে বাজে তবে আমার এক বন্ধ বলেছে ব্লুটুথ হেডফোনে গেম এর সাউন্ড নাই প্রথম এমন করে ২-৩ দিন পড়ে ঠিক হয়ে যায় এখন শুধু দেখার পালা ঠিক হয় কিনা প্রথমে আমি ভয় পেয়ে ছিলাম চার্জ ছিলো না কিছুতেই ভাবছিলাম কপি প্রডাক্ট দিছে পরে চার্জ করি আর সব ঠিক হয়ে গেলো এমনিতে সব ঠিক পেয়েছে ডেলিভারিও সময় মতো পেয়ে গেছি.,delivery_positive#product_quality_positive
325,48201391286345,earbuds ta onk valo.bt packaging ta amr kase valo lage ni.basi chap porse product tar upor.,earbuds ta onk valo.bt packaging ta amr kase valo lage ni.basi chap porse product tar upor.,packaging_negative#product_quality_positive
326,40495525886345,Alhamdulillah. TWS ta onek valo. Price onujayi sound quality very good. Charge backup o enough. Delivery chilo super fast. Overall satisfied. Thanks seller and Daraz.,Alhamdulillah. TWS ta onek valo. Price onujayi sound quality very good. Charge backup o enough. Delivery chilo super fast. Overall satisfied. Thanks seller and Daraz.,delivery_positive#price_positive#product_quality_positive
327,41323267386345,এই বাজেটের মধ্যে এই এয়ারবাট টি অনেক ভালো।আপনারা চাইলে নিতে পারেন। ধন্যবাদ দারাজকে,এই বাজেটের মধ্যে এই এয়ারবাট টি অনেক ভালো আপনারা চাইলে নিতে পারেন ধন্যবাদ দারাজকে.,price_positive#product_quality_positive
328,48289941086345,Ei product ta onk valo ami ekta use kortesi eta amar bon er jonno order disilam,Ei product ta onk valo ami ekta use kortesi eta amar bon er jonno order disilam.,product_quality_positive
329,47663049886345,Alhamdulillah khub valo product hate paisi prai ৪ ghonta charge thake tarpor abar box e rakhle abar charge hoi emn vabe 3 barer moto deya jai ❤️❤️❤️,Alhamdulillah khub valo product hate paisi prai ৪ ghonta charge thake tarpor abar box e rakhle abar charge hoi emn vabe 3 barer moto deya jai.,product_quality_positive
330,41162805486345,প্রোডাক্ট ভালো আছে। ব্লুটুথ ঠিকঠাক মতোই কানেক্ট পায় চার্জের কোন সমস্যা দেখা দেয় নাই,প্রোডাক্ট ভালো আছে ব্লুটুথ ঠিকঠাক মতোই কানেক্ট পায় চার্জের কোন সমস্যা দেখা দেয় নাই.,product_quality_positive
331,49118134086345,"Great Service 💚
বাজেট অনুযায়ী সেরা এটা 😊",Great Service বাজেট অনুযায়ী সেরা এটা.,price_positive#product_quality_positive
332,42119855486345,দাম হিসেবে ঠিক আছে। ২ দিনের মধ্যে পেয়ে গেছি। Recommended,দাম হিসেবে ঠিক আছে ২ দিনের মধ্যে পেয়ে গেছি Recommended.,delivery_positive#price_positive#product_quality_positive
333,48300529386345,"sound quality: 10/10 (at this price)
comfort: 7/10
looks:10/10
battery:9/10",sound quality 10 10 at this price comfort 7 10 looks 10 10 battery 9 10.,price_neutral#product_quality_positive
334,42380891086345,"Just akta word bolbo ""The best tws ""","Just akta word bolbo ""The best tws "".",product_quality_positive
335,40879772886345,"এই দামে এর থেকে ভালো আর হয় না।তবে চার্জিং ব্যাকআপ একটু কম। লুকটা অসাধারণ লেগেছে আরও ভালো লাগে ডেলিভারি ম্যান ইমন ভাই এর ব্যবহার।সব কিছু মিলিয়ে আমি বলব, সবাই নিঃসন্দেহে নিতে পারেন। Just wow!","এই দামে এর থেকে ভালো আর হয় না তবে চার্জিং ব্যাকআপ একটু কম লুকটা অসাধারণ লেগেছে আরও ভালো লাগে ডেলিভারি ম্যান ইমন ভাই এর ব্যবহার সব কিছু মিলিয়ে আমি বলব, সবাই নিঃসন্দেহে নিতে পারেন Just wow!",delivery_positive#price_positive#product_quality_positive
336,40148692286345,er theke kharap r tws r ache kina jani na sound eto baje ki bolbo beshi din use korle kan e kharap hoye jabe......,er theke kharap r tws r ache kina jani na sound eto baje ki bolbo beshi din use korle kan e kharap hoye jabe..,product_quality_negative
337,50467724986345,আলহামদুলিল্লাহ অরিজিনাল প্রোডাক্ট পেয়েছি।দেখতে অনেক প্রিমিয়াম। দুইদিন ব্যবহারের পর রিভিউ দিচ্ছি। দাম অনুযায়ী সাউন্ড কোয়ালিটি ভালো। একটানা 2.5-3 ঘন্টা মতো সার্ভিস পাইছি তবে দুইবার চার্জ দিলে বক্সের চার্জ শেষ হয়ে যায়। আর বক্স ফুল চার্জ হতে মিনিমাম 2 ঘন্টার উপর লাগে।চাইলে আপনারা নিতে পারেন।,আলহামদুলিল্লাহ অরিজিনাল প্রোডাক্ট পেয়েছি দেখতে অনেক প্রিমিয়াম দুইদিন ব্যবহারের পর রিভিউ দিচ্ছি দাম অনুযায়ী সাউন্ড কোয়ালিটি ভালো একটানা 2.5-3 ঘন্টা মতো সার্ভিস পাইছি তবে দুইবার চার্জ দিলে বক্সের চার্জ শেষ হয়ে যায় আর বক্স ফুল চার্জ হতে মিনিমাম 2 ঘন্টার উপর লাগে চাইলে আপনারা নিতে পারেন.,price_positive#product_quality_positive
338,53736985386345,"Ai price e better Pete paren kintu ototao kharap na 
M20 gular moroe ai model 
Light use kora shomoe off thake (Amar jonno bhalo)
Sound quality akebare chole 
Microphone shit 💩 
Box theke ber korle auto connect hoe 
Charge max 2 hour paben use kore dekhlam 
Charging case bhalo kore charge dile m20 moto charge Harae na
Power bank hishebe use na korlei bhalo 
Ar earphone gular battery case thik delhae na, mobile ba computer er blutooth settings e capacity dekhte parben 
Ami 2 week bhalo use kore ai review lekha","Ai price e better Pete paren kintu ototao kharap na M20 gular moroe ai model Light use kora shomoe off thake Amar jonno bhalo Sound quality akebare chole Microphone shit Box theke ber korle auto connect hoe Charge max 2 hour paben use kore dekhlam Charging case bhalo kore charge dile m20 moto charge Harae na Power bank hishebe use na korlei bhalo Ar earphone gular battery case thik delhae na, mobile ba computer er blutooth settings e capacity dekhte parben Ami 2 week bhalo use kore ai review lekha.",price_neutral#product_quality_neutral
339,52802753186345,masallah vloi product  sound quality o vlo but charge ektu kom thake ta Cara sob thik thak aca alhamdulillah 👀🖤,masallah vloi product sound quality o vlo but charge ektu kom thake ta Cara sob thik thak aca alhamdulillah.,product_quality_positive
340,54349479386345,eurbud টা ভালে সবাই নিতে পারেন.. but এটার sound quality অনেক ভালো.. but  BASS একদম নাই .... যেকোনো গান শুনেন bass পাবেন না.. কিন্তু eurbud টা অনেক ভালো battery বেকাপ ও অনেক ভালো অনেকখন গুনা শুনা যাই....but আমার মতো যারা bass... like করেন তারা এটা নিবেন না......... ধন্যবাদ 😌,eurbud টা ভালে সবাই নিতে পারেন.. but এটার sound quality অনেক ভালো.. but BASS একদম নাই .. যেকোনো গান শুনেন bass পাবেন না.. কিন্তু eurbud টা অনেক ভালো battery বেকাপ ও অনেক ভালো অনেকখন গুনা শুনা যাই..but আমার মতো যারা bass.. like করেন তারা এটা নিবেন না.. ধন্যবাদ.,product_quality_positive
341,54227946786345,Baje 1ra airpod ai price e. 1 hour o charge thake na.Daily 2-3 bar charge korte hoi.Jodi o seller k bolselam j check kore deta but dai nai mone hoi. 400 tk e jole gelo amar. Er thake valo dukan thake damadami kore check kore kena.,Baje 1ra airpod ai price e. 1 hour o charge thake na.Daily 2-3 bar charge korte hoi.Jodi o seller k bolselam j check kore deta but dai nai mone hoi. 400 tk e jole gelo amar. Er thake valo dukan thake damadami kore check kore kena.,product_quality_negative
342,53801499886345,সাউন্ড কোয়ালিটি খুবই বাজে সাউন্ড কম এবং কি একটা স্পিকার মাঝে মাঝে ডিস্টার্ব দেয় চার্জ একদমই কম থাকে স্পিকারের সাউন্ড কম থাকার কারণে ফুল ভলিউম দিয়ে ব্যবহার করতে হয় এই কারণে চার্জ একেবারেই কম থাকে জিনিস নেওয়ার আগে যাচাই-বাছাই করে নিন ধন্যবাদ সবাইকে,সাউন্ড কোয়ালিটি খুবই বাজে সাউন্ড কম এবং কি একটা স্পিকার মাঝে মাঝে ডিস্টার্ব দেয় চার্জ একদমই কম থাকে স্পিকারের সাউন্ড কম থাকার কারণে ফুল ভলিউম দিয়ে ব্যবহার করতে হয় এই কারণে চার্জ একেবারেই কম থাকে জিনিস নেওয়ার আগে যাচাই-বাছাই করে নিন ধন্যবাদ সবাইকে.,product_quality_negative
343,53181128286345,"Delivery too late 😡,, Delivery vaiyata amar location a ae nai,, amake tar dewya location a jaite hoise...Amon hole tw Dokan theke oi kinte pari..  Price anojayi sob kiso thik oi ase,,,boks tar charge mone hoy kom thake,,,, apnara chaile nite paren.","Delivery too late ,, Delivery vaiyata amar location a ae nai,, amake tar dewya location a jaite hoise..Amon hole tw Dokan theke oi kinte pari.. Price anojayi sob kiso thik oi ase,,boks tar charge mone hoy kom thake,, apnara chaile nite paren.",delivery_negative#price_positive#product_quality_positive
344,54705150086345,"I've got the best one from them 
দেখতে মারাত্মক সুন্দর,sound quality অনেক ভালো |
সব মিলিয়ে  একদম Picasso type🤌❤️‍🔥💝","I've got the best one from them দেখতে মারাত্মক সুন্দর,sound quality অনেক ভালো সব মিলিয়ে একদম Picasso type.",product_quality_positive
345,54193387986345,"একদম ভালো না তারা নতুন মালের জায়গায় পুরাতন দিছে।
আপনারে কেউ নিয়েন না। 
সাথে সাউন্ড কোয়ালিটি খারাপ কম শোনা যায় আর একেবারে বক্স  পুরান আর কিভাবে যে প্যাকিং করছে এটার কোন ঠিক ঠিকানা নাই মানুষ মনে হয় নষ্ট কিছু এভাবে প্যাকিং করে না। আনার পর আরো আমার এগুলা পরিষ্কার করা লাগছে এখন একটু চকচকা বানাইছি দেখেন।",একদম ভালো না তারা নতুন মালের জায়গায় পুরাতন দিছে আপনারে কেউ নিয়েন না সাথে সাউন্ড কোয়ালিটি খারাপ কম শোনা যায় আর একেবারে বক্স পুরান আর কিভাবে যে প্যাকিং করছে এটার কোন ঠিক ঠিকানা নাই মানুষ মনে হয় নষ্ট কিছু এভাবে প্যাকিং করে না আনার পর আরো আমার এগুলা পরিষ্কার করা লাগছে এখন একটু চকচকা বানাইছি দেখেন.,packaging_negative#product_quality_positive
346,50998791786345,"দেখতে যেমন অসাধারণ কোয়ালিটি খুবই ভালো। যেমনটি ছবিতে দেওয়া ছিল হুবহু সে রকমই হাতে পেয়েছি। ধন্যবাদ সেলার কে, এবং ধন্যবাদ দরাজকে।","দেখতে যেমন অসাধারণ কোয়ালিটি খুবই ভালো যেমনটি ছবিতে দেওয়া ছিল হুবহু সে রকমই হাতে পেয়েছি ধন্যবাদ সেলার কে, এবং ধন্যবাদ দরাজকে.",product_quality_positive
347,54090218386345,এই সাইট থেকে আমার প্রথম ক্রয় আর প্রথমেই একটা জঘন্য প্রোডাক্ট পেলাম। সাউন্ড কোয়ালিটি একদম বাজে। জানিনা কেন এমন হলো। কার ভুল। পন্য ডেলিভারির আগে চেক দিয়ে দিছে কিনা সন্দেহ।,এই সাইট থেকে আমার প্রথম ক্রয় আর প্রথমেই একটা জঘন্য প্রোডাক্ট পেলাম সাউন্ড কোয়ালিটি একদম বাজে জানিনা কেন এমন হলো কার ভুল পন্য ডেলিভারির আগে চেক দিয়ে দিছে কিনা সন্দেহ.,product_quality_positive
348,48595305686345,অসাধারণ একটি ব্লুটুথ খুব সুন্দর আমার খুব পছন্দ হইছে,অসাধারণ একটি ব্লুটুথ খুব সুন্দর আমার খুব পছন্দ হইছে.,product_quality_positive
349,41192878386345,এতো ভালো প্রডাক্ট উপহার দেওয়ার জন্য সেলার ভাইকে ধন্যবাদ।,এতো ভালো প্রডাক্ট উপহার দেওয়ার জন্য সেলার ভাইকে ধন্যবাদ.,product_quality_positive
350,40111001086345,"একদম ভালো না.....একটায় চার্জ উঠে না 😈
কী সব নষ্ট জিনিস সেল দেন🤕",একদম ভালো না..একটায় চার্জ উঠে না কী সব নষ্ট জিনিস সেল দেন.,product_quality_negative
351,53252572886345,Ak kothai osthir 😊 ar jar kotha na bollai noi dalivari boy ta onke valo silo thank You Daraz,Ak kothai osthir ar jar kotha na bollai noi dalivari boy ta onke valo silo thank You Daraz.,delivery_positive#product_quality_positive
352,48219460286345,"যেমন টা চাইছিলাম তেমন টা পাইছি, ধন্যবাদ সেলার কে, ধন্যবাদ দারাজকে।","যেমন টা চাইছিলাম তেমন টা পাইছি, ধন্যবাদ সেলার কে, ধন্যবাদ দারাজকে.",product_quality_positive
353,46907508886345,"২দিন পরে রিভিউ দিলাম।🙂
জিনিসটা দাম হিসেবে ভালো চলছে😍
সাউন্ড কোয়ালিটি অনেক ভালো আর চার্জটাও মোটামুটি যায়।
১ঘন্টা ৪৫ মিনিট মত লাগছে ০% থেকে ১০০% হতে। 
চাইলে নিতে পারেন।
তবে এই দামে খুব ভালো সার্ভিস পাওয়ার মত এই ধরনের প্রডাক্ট পাওয়া যায় না এটা মাথায় রেখে অর্ডার করবেন।
পরিশেষে সেলারকে ধন্যবাদ সঠিক জিনিস আর ভালো প্রডাক্ট টি দেওয়া জন্য।",২দিন পরে রিভিউ দিলাম জিনিসটা দাম হিসেবে ভালো চলছে সাউন্ড কোয়ালিটি অনেক ভালো আর চার্জটাও মোটামুটি যায় ১ঘন্টা ৪৫ মিনিট মত লাগছে ০ থেকে ১০০ হতে চাইলে নিতে পারেন তবে এই দামে খুব ভালো সার্ভিস পাওয়ার মত এই ধরনের প্রডাক্ট পাওয়া যায় না এটা মাথায় রেখে অর্ডার করবেন পরিশেষে সেলারকে ধন্যবাদ সঠিক জিনিস আর ভালো প্রডাক্ট টি দেওয়া জন্য.,price_positive#product_quality_positive
354,48216598786345,ধন্যবাদ জানাই আপনাদের সুন্দর একটা প্রোডাক্ট সবাই নিতে পারেন,ধন্যবাদ জানাই আপনাদের সুন্দর একটা প্রোডাক্ট সবাই নিতে পারেন.,product_quality_positive
355,40016747086345,"আলহামদুলিল্লাহ  এটা অনেক ভালো জেকেও চোখ বন্ধ করে নিতে পারেন 🥰🥰

Thank you Daraz ❤️❤️🥰🥰",আলহামদুলিল্লাহ এটা অনেক ভালো জেকেও চোখ বন্ধ করে নিতে পারেন Thank you Daraz.,product_quality_positive
356,54320973486345,"একদম বাজে দিছেন,চার্জ ২ ঘন্টাও থাকে না।আর চার্জার বক্স ২০ মিনিটের মধ্যে চার্জ শেষ হয়ে যায়।","একদম বাজে দিছেন,চার্জ ২ ঘন্টাও থাকে না আর চার্জার বক্স ২০ মিনিটের মধ্যে চার্জ শেষ হয়ে যায়.",product_quality_negative
357,49091991986345,প্রোডাক্ট দাম অনুযায়ী খুব ভাল,প্রোডাক্ট দাম অনুযায়ী খুব ভাল.,price_positive#product_quality_positive
358,48606275186345,"this is so good 
prize hisabe khob balo",this is so good prize hisabe khob balo.,price_positive#product_quality_positive
359,46811904686345,"product quality good.
same product onno arakti seller theka niyasilam but oitah oto valo chilo nah.oitate hotat sound chera dito but aitai oi product tir moto problem nei. smoothly choltase just wow.
thanks for seller",product quality good. same product onno arakti seller theka niyasilam but oitah oto valo chilo nah.oitate hotat sound chera dito but aitai oi product tir moto problem nei. smoothly choltase just wow. thanks for seller.,product_quality_positive
360,40228285486345,alhamdulillah onk valo akta product....apnara nite pren,alhamdulillah onk valo akta product..apnara nite pren.,product_quality_positive
361,39966280686345,"সবাই নিসন্দেহে নিতে পারেন খুব ভালো মানের একটা প্রডাক্ট, দাম অনুযায়ী অনেক অনেক ভালো","সবাই নিসন্দেহে নিতে পারেন খুব ভালো মানের একটা প্রডাক্ট, দাম অনুযায়ী অনেক অনেক ভালো.",price_positive#product_quality_positive
362,54714132786345,emnite valo . sound ta ektu kom mone hoyese. mobile theke volume bariye dite hoy .,emnite valo . sound ta ektu kom mone hoyese. mobile theke volume bariye dite hoy .,product_quality_positive
363,54464946986345,অনেক সুন্দর একটা প্রডাক্ট অনেক ভালো চার্জ টিকে অনেক খোন 8ঘনটা মতো সবাই নিতে পারেন,অনেক সুন্দর একটা প্রডাক্ট অনেক ভালো চার্জ টিকে অনেক খোন 8ঘনটা মতো সবাই নিতে পারেন.,product_quality_positive
364,52902422686345,ei price er moddhe best product. Charge onk hour thake sound quality onk vlo.,ei price er moddhe best product. Charge onk hour thake sound quality onk vlo.,price_positive#product_quality_positive
365,40085981086345,"আলহামদুল্লিলাহ
খুব তারা তারি একদম ইনটেক পাইছি এখন দেখার বিষয় কত দিন ভালো থাকে",আলহামদুল্লিলাহ খুব তারা তারি একদম ইনটেক পাইছি এখন দেখার বিষয় কত দিন ভালো থাকে.,delivery_positive
366,55040950986345,Alhamdulillah onek valo jemon ta chaisilam temon e paisi ajk ei hate paisi,Alhamdulillah onek valo jemon ta chaisilam temon e paisi ajk ei hate paisi.,product_quality_positive
367,48440775086345,এই ব্লুটুথ টা অনেক ভালো। 🤩,এই ব্লুটুথ টা অনেক ভালো.,product_quality_positive
368,54919292386345,খুব ভালো মানের প্রোডাক্ট নিতে পারেন আমি ১০ দিন ইউজ করে রিভিউ দিলাম,খুব ভালো মানের প্রোডাক্ট নিতে পারেন আমি ১০ দিন ইউজ করে রিভিউ দিলাম.,product_quality_positive
369,40585047286345,যেমন দেখছি একদম একুরেট গুড,যেমন দেখছি একদম একুরেট গুড.,product_quality_positive
370,46551733986345,আমি কিনেছি আলহামদুলিল্লাহ অনেক ভালো পোডাক্ট আপনারা চাইলে কিনতে পারেন ❤️‍🩹❤️‍🩹❤️‍🩹,আমি কিনেছি আলহামদুলিল্লাহ অনেক ভালো পোডাক্ট আপনারা চাইলে কিনতে পারেন.,product_quality_positive
371,41236233286345,Assalamulaikum... alhamdulillah sob kichui valo.. tobe ekta buds a ektu problem hochhe .. ekta buds charge a bosanor somoy ektu nora nori korte hochhe.. tobe ektu guta guti kore adjust koriye dilei sob ok.. Kintu sob theke boro kotha.. ami seller a onk massage korechi.. se birokto na hoye valo vabei amk reply koreche.. tar bebohar eto valo.. jar karone ei buds er problem ta soman soman hoye geche.. Tnx sellar vai..,Assalamulaikum.. alhamdulillah sob kichui valo.. tobe ekta buds a ektu problem hochhe .. ekta buds charge a bosanor somoy ektu nora nori korte hochhe.. tobe ektu guta guti kore adjust koriye dilei sob ok.. Kintu sob theke boro kotha.. ami seller a onk massage korechi.. se birokto na hoye valo vabei amk reply koreche.. tar bebohar eto valo.. jar karone ei buds er problem ta soman soman hoye geche.. Tnx sellar vai..,seller_service_positive#product_quality_positive
372,40088426086345,"ভালোই ছিল। 
রেটিং - ৯/১০.",ভালোই ছিল রেটিং - ৯ ১০.,product_quality_positive
373,52824850786345,অনেক ভালো product টা। আর Sound quality টা ও ভালো,অনেক ভালো product টা আর Sound quality টা ও ভালো.,product_quality_positive
374,50097860186345,onek Valo products. jinis ta khubi Valo lagse,onek Valo products. jinis ta khubi Valo lagse.,product_quality_positive
375,46113624586345,প্রোডাক্ট মোটামোটি ভালোই। জেমন দেখেছিলাম ঠিক তেমন।❤️❤️। সবকিছু ঠিকঠাক ছিল।,প্রোডাক্ট মোটামোটি ভালোই জেমন দেখেছিলাম ঠিক তেমন সবকিছু ঠিকঠাক ছিল.,product_quality_positive
376,45233686086345,"খুব ভালো মানের প্রডাক্ট। এত কম দামে, এত ভালো প্রডাক্ট আাশা করা যায় না।  ধন্যবাদ সেলার কে।🥰🥰🥰","খুব ভালো মানের প্রডাক্ট এত কম দামে, এত ভালো প্রডাক্ট আাশা করা যায় না ধন্যবাদ সেলার কে.",price_positive#product_quality_positive
377,54175658586345,Alluhamdurilla ami time er age paigese,Alluhamdurilla ami time er age paigese.,delivery_positive
378,44805138786345,"Joss Ekta Products Just Looking Like a Wow.....Sound Quality Mutamuti Valo.
Thank You Daraz & Thank You Seller",Joss Ekta Products Just Looking Like a Wow..Sound Quality Mutamuti Valo. Thank You Daraz Thank You Seller.,product_quality_positive
379,48874598386345,"ভালো 
প্রায় ২,৩ ঘন্টার মতো চার্জ থাকে।","ভালো প্রায় ২,৩ ঘন্টার মতো চার্জ থাকে.",product_quality_positive
380,41039549686345,"এটা মোটামুটি ভালো সব কিছু টিক টাক পাইছি আমি
আপনারা চাইলে নিতে পারেন ধন্যবাদ দারাজ কে",এটা মোটামুটি ভালো সব কিছু টিক টাক পাইছি আমি আপনারা চাইলে নিতে পারেন ধন্যবাদ দারাজ কে.,product_quality_neutral
381,40013803186345,product ta nissondehe valo but buds gulo charge a dile koyek bar nara deyar pore charge show kore abr majhe majhe charge chere dey🙂,product ta nissondehe valo but buds gulo charge a dile koyek bar nara deyar pore charge show kore abr majhe majhe charge chere dey.,product_quality_positive
382,44004217786345,"অনেক ভালো জিনিস টা, ধন্যবাদ সেলার ভাইকে, আমার টা ফ্রেন্ডের নিয়ে ফেলছে।তাই আমি আরেকটা অর্ডা রং করেছি । ইনশাআল্লাহ কেউ চাইলে  নিতে পারেন।","অনেক ভালো জিনিস টা, ধন্যবাদ সেলার ভাইকে, আমার টা ফ্রেন্ডের নিয়ে ফেলছে তাই আমি আরেকটা অর্ডা রং করেছি ইনশাআল্লাহ কেউ চাইলে নিতে পারেন.",product_quality_positive
383,43811113786345,"যেমন টা চেয়ে ছিলাম ঠিক তেমনই পেলাম আমি স্যাটিস্ফাইড ,, সাউন্ড কোয়ালিটি ভালোই। 
সেলার ও সময়ের মধ্যে পাঠিয়েছে, আর ডেলিভারিতে ম্যান আমার পূর্ব পরিচত আগের প্রোডাক্ট গুলো উনি নিয়ে আসছিল, তাই কোন সমস্যা ছাড়াই প্রোডাক্ট হাতে পেয়েছি। 
সুন্দর প্রোডাক্টটির জন্য ধন্যবাদ Trendio কে।💟","যেমন টা চেয়ে ছিলাম ঠিক তেমনই পেলাম আমি স্যাটিস্ফাইড ,, সাউন্ড কোয়ালিটি ভালোই সেলার ও সময়ের মধ্যে পাঠিয়েছে, আর ডেলিভারিতে ম্যান আমার পূর্ব পরিচত আগের প্রোডাক্ট গুলো উনি নিয়ে আসছিল, তাই কোন সমস্যা ছাড়াই প্রোডাক্ট হাতে পেয়েছি সুন্দর প্রোডাক্টটির জন্য ধন্যবাদ Trendio কে.",delivery_positive#product_quality_positive
384,43580067586345,আলহামদুলিল্লাহ যেমন চেয়েছি তেমনই পেয়েছি ধন্যবাদ দারাজ সলেলার ও দারাজ এর যে  প্রতিনিধি কে ভালো পন্য সঠীক সময় মতন হাতে পৌঁছানোর জন্য।❤️,আলহামদুলিল্লাহ যেমন চেয়েছি তেমনই পেয়েছি ধন্যবাদ দারাজ সলেলার ও দারাজ এর যে প্রতিনিধি কে ভালো পন্য সঠীক সময় মতন হাতে পৌঁছানোর জন্য.,delivery_positive#product_quality_positive
385,48042543986345,যেমন আশা করেছিলাম তেমনি পেয়েছি টাকা হিসাবে বেস্ট ইয়ার বার্ড আপনারাও কিনতে পারেন।,যেমন আশা করেছিলাম তেমনি পেয়েছি টাকা হিসাবে বেস্ট ইয়ার বার্ড আপনারাও কিনতে পারেন.,price_positive#product_quality_positive
386,43171657986345,"আলহামদুলিল্লাহ কোয়ালিটি দাম অনুযায়ী ঠিক আছে
সাউন্ড কোয়ালিটিও মোটামুটি ভালোই আমার ভালো লেগেছে,নিতে পারেন","আলহামদুলিল্লাহ কোয়ালিটি দাম অনুযায়ী ঠিক আছে সাউন্ড কোয়ালিটিও মোটামুটি ভালোই আমার ভালো লেগেছে,নিতে পারেন.",price_positive#product_quality_positive
387,42925606186345,ami ai product ta 3 month use korsi valo lagche. aitar price onu jai aitar sound quality moto moti,ami ai product ta 3 month use korsi valo lagche. aitar price onu jai aitar sound quality moto moti.,price_neutral#product_quality_neutral
388,45814544986345,এটি অনেক ভাল অনেক সময় চলে এক চাজে,এটি অনেক ভাল অনেক সময় চলে এক চাজে.,product_quality_positive
389,42192308286345,"খুবই ভালো প্রোডাক্ট, এক কথায় অসাধারণ।
সেলার কে অসংখ্য ধন্যবাদ। 
আপনাদের মত সেলার আছে বলেই, আমরা অনলাইন এ কেনাকাটা করতে স্বাচ্ছন্দবোদ করি,,,
আল্লাহ আপনার ব্যাবসায় রহমত দান করুক,,, আমিন।
দারাজ কে ও অসংখ্য ধন্যবাদ,, সুপার ফাস্ট ডেলিভারির জন্য,,,
আবার ও সেলারকে ধন্যবাদ জানাই,,,।
আগ্রহী চাইলে নিতে পারেন খুবই ভালো প্রোডাক্ট। 💗💗💗","খুবই ভালো প্রোডাক্ট, এক কথায় অসাধারণ সেলার কে অসংখ্য ধন্যবাদ আপনাদের মত সেলার আছে বলেই, আমরা অনলাইন এ কেনাকাটা করতে স্বাচ্ছন্দবোদ করি,, আল্লাহ আপনার ব্যাবসায় রহমত দান করুক,, আমিন দারাজ কে ও অসংখ্য ধন্যবাদ,, সুপার ফাস্ট ডেলিভারির জন্য,, আবার ও সেলারকে ধন্যবাদ জানাই,, আগ্রহী চাইলে নিতে পারেন খুবই ভালো প্রোডাক্ট.",delivery_positive#product_quality_positive
390,41863601486345,"চারদিন ব্যবহার করে রিভিউ দিচ্ছি 😊😊
অসংখ্য ধন্যবাদ দারাজ কে, ধন্যবাদ জানাই সেই বিক্রেতাকে যিনি আমার জন্য প্রোডাক্টটা পাঠিয়েছেন দারাজ এর মাধ্যমে, প্রোডাক্টটা খুবই ভালো ছিল প্যাকেটের মান ও ভালো ছিল, সার্ভিস মোটামুটি ভালোই দিচ্ছে, ধন্যবাদ দারাজ এবং বিক্রেতাকে একটা ভালো প্রোডাক্ট দেওয়ার জন্য, ডেলিভারি ম্যান এর কথা না বললেই নয়। খুবই ভালো সার্ভিস দিয়েছেন। তার হাসিমুখে ডেলিভারি টা দেখে খুবই ভালো লাগলো। তাকে ও ধন্যবাদ 🫡😊","চারদিন ব্যবহার করে রিভিউ দিচ্ছি অসংখ্য ধন্যবাদ দারাজ কে, ধন্যবাদ জানাই সেই বিক্রেতাকে যিনি আমার জন্য প্রোডাক্টটা পাঠিয়েছেন দারাজ এর মাধ্যমে, প্রোডাক্টটা খুবই ভালো ছিল প্যাকেটের মান ও ভালো ছিল, সার্ভিস মোটামুটি ভালোই দিচ্ছে, ধন্যবাদ দারাজ এবং বিক্রেতাকে একটা ভালো প্রোডাক্ট দেওয়ার জন্য, ডেলিভারি ম্যান এর কথা না বললেই নয় খুবই ভালো সার্ভিস দিয়েছেন তার হাসিমুখে ডেলিভারি টা দেখে খুবই ভালো লাগলো তাকে ও ধন্যবাদ.",seller_service_neutral#delivery_positive#packaging_positive#product_quality_positive
391,41982928286345,3 month por review dilam..shotti khub best ekta Bluetooth eke sound master o bolte paren .....❤️,3 month por review dilam..shotti khub best ekta Bluetooth eke sound master o bolte paren ..,product_quality_positive
392,43206449886345,এয়ার বাডস মোটামুটি ভালোই ছিলো।কিন্তু সাইজটা অনেক বড় যা ক্যারি করতে প্রবলেম হয়।,এয়ার বাডস মোটামুটি ভালোই ছিলো কিন্তু সাইজটা অনেক বড় যা ক্যারি করতে প্রবলেম হয়.,product_quality_neutral
393,42960383586345,Alhamduillah .Headphone ta khub valo legeche. Apnara caile nite paren.,Alhamduillah .Headphone ta khub valo legeche. Apnara caile nite paren.,product_quality_positive
394,48163258486345,khube e vlo akta jinesh thanks you Daraz ❤️,khube e vlo akta jinesh thanks you Daraz.,product_quality_positive
395,40048479186345,"ভ্যালু ফর মানি TWS
🎮 gamers avoid this",ভ্যালু ফর মানি TWS gamers avoid this.,price_positive#product_quality_positive
396,41126206086345,ভালো সেলার। ইন্টেক প্যাকেট ছিলো। সাউন্ড কোয়ালিটি ভাল আছে সবাই নিতে পারেন। এই দামে বেস্ট প্রোডাক্ট।  বেস্ট সেলার।,ভালো সেলার ইন্টেক প্যাকেট ছিলো সাউন্ড কোয়ালিটি ভাল আছে সবাই নিতে পারেন এই দামে বেস্ট প্রোডাক্ট বেস্ট সেলার.,packaging_positive#price_positive#product_quality_positive
397,44586309486345,অনেক সুন্দর একটা জিনিস এক কথায় অসম,অনেক সুন্দর একটা জিনিস এক কথায় অসম.,product_quality_positive
398,40886111386345,সেলারকে এবং দারাজ কে ধন্যবাদ প্রোডাক্টটি অনেক খুব সুন্দর ছিল চার্জ ভেকাবো ভালো সাউন্ড খুব সুন্দর যেরকম চেয়েছিলাম সেরকমই পেয়েছি এত সুন্দর একটা জিনিস অসংখ্য ধন্যবাদ আপনারা চাইলে নিতে পারেন,সেলারকে এবং দারাজ কে ধন্যবাদ প্রোডাক্টটি অনেক খুব সুন্দর ছিল চার্জ ভেকাবো ভালো সাউন্ড খুব সুন্দর যেরকম চেয়েছিলাম সেরকমই পেয়েছি এত সুন্দর একটা জিনিস অসংখ্য ধন্যবাদ আপনারা চাইলে নিতে পারেন.,product_quality_positive
399,41001141586345,"Product ta khuboi valo. Sound quality, charge backup, look sob miliye darun. Ami onek happy.","Product ta khuboi valo. Sound quality, charge backup, look sob miliye darun. Ami onek happy.",product_quality_positive
400,43713836486345,দাম হিসেবে ঠিকই আছে আপনারা চাইলে নিতে পারেন,দাম হিসেবে ঠিকই আছে আপনারা চাইলে নিতে পারেন.,price_neutral#product_quality_neutral
401,40768000486345,"এই দামে এত সুন্দর প্রোডাক্ট আসলেই দারুন!!!ডেলিভারিম্যানের ব্যবহার ভালো ছিল, সময়জ্ঞান ভালো ছিল।","এই দামে এত সুন্দর প্রোডাক্ট আসলেই দারুন!!ডেলিভারিম্যানের ব্যবহার ভালো ছিল, সময়জ্ঞান ভালো ছিল.",delivery_positive#product_quality_positive
402,41337211486345,প্রোডাক্টটি অনেক ভালো 👌এক সপ্তাহ ব্যবহার করার পর রিভিউ দিচ্ছি 🔥প্রোডাক্টটি পুরাই আগুন,প্রোডাক্টটি অনেক ভালো এক সপ্তাহ ব্যবহার করার পর রিভিউ দিচ্ছি প্রোডাক্টটি পুরাই আগুন.,product_quality_positive
403,48753562386345,"খুবই ভালো একটা TWS। যেমন সাউন্ড কোয়ালিটি তেমনি চার্জ বেকআপ। এককথায় আসাধারণ, আপনারা চাইলে নিতে পারেন।","খুবই ভালো একটা TWS যেমন সাউন্ড কোয়ালিটি তেমনি চার্জ বেকআপ এককথায় আসাধারণ, আপনারা চাইলে নিতে পারেন.",product_quality_positive
404,40620930286345,আলহামদুলিল্লাহ প্রোডাক্টটি অনেক ভালো চাইলে আপনারে নিতে পারেন! ধন্যবাদ সেলার কে ❤️,আলহামদুলিল্লাহ প্রোডাক্টটি অনেক ভালো চাইলে আপনারে নিতে পারেন! ধন্যবাদ সেলার কে.,product_quality_positive
405,40961848086345,অসাধারণ একটি প্রোডাক্ট কয়েকদিন ইউজ করে রিভিউ দিচ্ছি। ডেলিভারি ম্যান আরো বেশি অসাধারণ ছিল,অসাধারণ একটি প্রোডাক্ট কয়েকদিন ইউজ করে রিভিউ দিচ্ছি ডেলিভারি ম্যান আরো বেশি অসাধারণ ছিল.,delivery_positive#product_quality_positive
406,48534537086345,all over good.. box er charge joldi shesh hoye jay otherwise ear buds er charge long lasting. sound quality bolte gele ek kaner sound kom arek kaner beshi. quality price onujayi good . recommended product it is. same as shown.,all over good.. box er charge joldi shesh hoye jay otherwise ear buds er charge long lasting. sound quality bolte gele ek kaner sound kom arek kaner beshi. quality price onujayi good . recommended product it is. same as shown.,price_positive#product_quality_positive
407,43227498286345,"কোয়ালিটি মোটামুটি ভালো। ভালোই চলছে,,,","কোয়ালিটি মোটামুটি ভালো ভালোই চলছে,,.",product_quality_neutral
408,48355888086345,"Sound quality medium, beshi clarity nai sound ee ektu noice ashe bass lover de jonno best ei price ee motamoti ekta bhalo product kharap nah but aro bhalo hoile bhalo hoito price onujai","Sound quality medium, beshi clarity nai sound ee ektu noice ashe bass lover de jonno best ei price ee motamoti ekta bhalo product kharap nah but aro bhalo hoile bhalo hoito price onujai.",price_neutral#product_quality_neutral
409,48382143886345,অনেক দিন ধরে ব্যাবহার করলাম আসলেই এটি ভালো সাউন্ড কোয়ালিটি অনেক ভালো সবাই নিশ্চিত করে ভালো ভাবে দেখে নিতে পারেন,অনেক দিন ধরে ব্যাবহার করলাম আসলেই এটি ভালো সাউন্ড কোয়ালিটি অনেক ভালো সবাই নিশ্চিত করে ভালো ভাবে দেখে নিতে পারেন.,product_quality_positive
410,40115796386345,প্রডাক্টটি ভালো হয়েছে তবে চাজ যদি আরো বেশি সময় থাকতো তাহলে অনেক ভালো হতো,প্রডাক্টটি ভালো হয়েছে তবে চাজ যদি আরো বেশি সময় থাকতো তাহলে অনেক ভালো হতো.,product_quality_positive
411,41202898186345,প্রডাক্ট টা অনেক সুন্দর চার্জ ভালো থাকে সেলারও ভাই কে ধন্যবাদ 😊😊,প্রডাক্ট টা অনেক সুন্দর চার্জ ভালো থাকে সেলারও ভাই কে ধন্যবাদ.,product_quality_positive
412,41514164486345,আলহামদুলিল্লাহ খুব মানসম্মত চাইলে আপনারাও নিতে পারেন,আলহামদুলিল্লাহ খুব মানসম্মত চাইলে আপনারাও নিতে পারেন.,product_quality_positive
413,48057621686345,"উচ্চাশা নিয়ে অর্ডার না দেওয়ার অনুরোধ রইল শুরুতেই।
শুধুমাত্র গান শোনার জন্য ব্যবহার করতে চাইলে মাশাল্লাহ ভালো TWS এটি। চমৎকার সাউন্ড, ক্লিয়ার ভয়েস এবং মোটামুটি ভালো বেজ ও পাওয়া যায়। তবে কল সার্ভিস একদম জঘন্য। কথা বলতে গেলে ক্যাচকুচ নান ধরনের বিরক্তিকর শব্দ হয়। এক কথায় কথা বলা যায় ই না এতে।
এছাড়া চার্জ ব্যাকআপ চলে আর কি... বক্সটি ১ বার ১০০% করে নিলে তা দিয়ে ৩ বারের মতো বাড গুলোকে চার্জ করা যায়। তবে বাড গুলোতে চার্জ দ্রুত শেষ হয়। এছাড়া টাচ সেন্সর, এলইডি লুক ইত্যাদি সবকিছু মোটামুটি ভালো","উচ্চাশা নিয়ে অর্ডার না দেওয়ার অনুরোধ রইল শুরুতেই শুধুমাত্র গান শোনার জন্য ব্যবহার করতে চাইলে মাশাল্লাহ ভালো TWS এটি চমৎকার সাউন্ড, ক্লিয়ার ভয়েস এবং মোটামুটি ভালো বেজ ও পাওয়া যায় তবে কল সার্ভিস একদম জঘন্য কথা বলতে গেলে ক্যাচকুচ নান ধরনের বিরক্তিকর শব্দ হয় এক কথায় কথা বলা যায় ই না এতে এছাড়া চার্জ ব্যাকআপ চলে আর কি.. বক্সটি ১ বার ১০০ করে নিলে তা দিয়ে ৩ বারের মতো বাড গুলোকে চার্জ করা যায় তবে বাড গুলোতে চার্জ দ্রুত শেষ হয় এছাড়া টাচ সেন্সর, এলইডি লুক ইত্যাদি সবকিছু মোটামুটি ভালো.",product_quality_neutral
414,48179211786345,"product ta valoi and delivery taw khub tara tari payachi..  thx daraz, saller,  and delivery man","product ta valoi and delivery taw khub tara tari payachi.. thx daraz, saller, and delivery man.",delivery_positive#product_quality_positive
415,41249718786345,"ভালোই,এই দামে বেস্ট,আমি ২দিন ইউজ করে রিভিউ দিলাম,","ভালোই,এই দামে বেস্ট,আমি ২দিন ইউজ করে রিভিউ দিলাম,.",price_positive#product_quality_positive
416,41560309386345,"thnxxx for the product
valo clo",thnxx for the product valo clo.,product_quality_positive
417,41286569686345,valoi cholchhe. charge thake onek khon,valoi cholchhe. charge thake onek khon.,product_quality_positive
418,48173753286345,কিছুদিন ব্যবহার করে রিভিউ দিলাম ভালো লাগছে। কিন্তু কানেকশন রেঞ্জ আমার মতে একটু কম,কিছুদিন ব্যবহার করে রিভিউ দিলাম ভালো লাগছে কিন্তু কানেকশন রেঞ্জ আমার মতে একটু কম.,product_quality_positive
419,44823392886345,এতো অল্প দামের মধ্যে ভালো মানের একটি হেডফোন ভাবতেই পারিনি আমি,এতো অল্প দামের মধ্যে ভালো মানের একটি হেডফোন ভাবতেই পারিনি আমি.,price_positive#product_quality_positive
420,48172333486345,আপনাটা চাইলে নিতে পারেন প্রোডাক্টটি ভালো তবে সাউন্ড  কোয়ালিটি মোটামুটি ভালো।,আপনাটা চাইলে নিতে পারেন প্রোডাক্টটি ভালো তবে সাউন্ড কোয়ালিটি মোটামুটি ভালো.,product_quality_positive
421,48533124486345,Valo product . Kintu connect hoita aktu somoi lage,Valo product . Kintu connect hoita aktu somoi lage.,product_quality_positive
422,48875576786345,"অনেক ভালো মানের ব্লু টুথ,, সবাই কিনতে পারেন","অনেক ভালো মানের ব্লু টুথ,, সবাই কিনতে পারেন.",product_quality_positive
423,48464639286345,"amar khub valo lagse,,valoi chole,, ai tk ai best","amar khub valo lagse,,valoi chole,, ai tk ai best.",price_positive#product_quality_positive
424,40958578286345,"The product is good but the charge is low compared to other TWS, hope to get a better and cheaper product in the future","The product is good but the charge is low compared to other TWS, hope to get a better and cheaper product in the future.",product_quality_positive
425,54347878886345,"very nice product, as like picture. delivery man o khub Valo behavior. packing o Valo chilo.
thanks to seller and ❤️❤️for daraz","very nice product, as like picture. delivery man o khub Valo behavior. packing o Valo chilo. thanks to seller and for daraz.",delivery_positive#packaging_positive#product_quality_positive
426,53471582986345,"যদিও বাম কানের টা একটু ড্যামেজ পাইছি, তার পরেও এর স্পিকার অনেক ভালো।  বেস এবং বিট অনেক পরিষ্কার   কোনো সমস্যা নাই।","যদিও বাম কানের টা একটু ড্যামেজ পাইছি, তার পরেও এর স্পিকার অনেক ভালো বেস এবং বিট অনেক পরিষ্কার কোনো সমস্যা নাই.",product_quality_positive
427,48845330686345,ভাই পাঁচ মাস ব্যবহার করে রিভিউ দিলাম এখনো চলছে আলহামদুলিল্লাহ তবে ব্যাটারি একটু চার্জ কম থাকে এ বার্ডসগুলো দুইবার করে চার্জ দেয়া যায় এক চার্জে,ভাই পাঁচ মাস ব্যবহার করে রিভিউ দিলাম এখনো চলছে আলহামদুলিল্লাহ তবে ব্যাটারি একটু চার্জ কম থাকে এ বার্ডসগুলো দুইবার করে চার্জ দেয়া যায় এক চার্জে.,product_quality_positive
428,53137615586345,"আলহামদুলিল্লাহ প্রোডাক্টটা খুবই ভালো পেয়েছি আমি প্রোডাক্ট  এক মাস ধরে ব্যবহার করতেছি তারপর রিভিউ  দিতেছি  আলহামদুলিল্লাহ খুবই ভালো একটা প্রোডাক্ট পেয়েছি আমি দারাজ থেকে আরো অনেক কিছু এনেছি এই পর্যন্ত সবকিছু আমার মন মতো নি পেয়েছি ধন্যবাদ দারাজ  এবং সেলসম্যানকে  
❤️",আলহামদুলিল্লাহ প্রোডাক্টটা খুবই ভালো পেয়েছি আমি প্রোডাক্ট এক মাস ধরে ব্যবহার করতেছি তারপর রিভিউ দিতেছি আলহামদুলিল্লাহ খুবই ভালো একটা প্রোডাক্ট পেয়েছি আমি দারাজ থেকে আরো অনেক কিছু এনেছি এই পর্যন্ত সবকিছু আমার মন মতো নি পেয়েছি ধন্যবাদ দারাজ এবং সেলসম্যানকে.,product_quality_positive
429,54628758086345,অস্থির একটা প্রোডাক্ট পুরো অরজিনালটা পেয়েছি আর  ইনটেক ছিল আর ডেলিভারি অনেক ফাস্ট ছিল ধন্যবাদ sellar কে,অস্থির একটা প্রোডাক্ট পুরো অরজিনালটা পেয়েছি আর ইনটেক ছিল আর ডেলিভারি অনেক ফাস্ট ছিল ধন্যবাদ sellar কে.,delivery_positive#product_quality_positive
430,48177871086345,"Product ta khubi bhalo. ami gotobochor june e amar jonno nisi, ekhono use kortesi smoothly. August e friend ke gift korsilam oitao bhalo choltese ekhono. 10/10","Product ta khubi bhalo. ami gotobochor june e amar jonno nisi, ekhono use kortesi smoothly. August e friend ke gift korsilam oitao bhalo choltese ekhono. 10 10.",product_quality_positive
431,52785393686345,"valo na.. dui ta eksathe connect hoy na.. alada alada connect korte hoy.. tachara cheyechilam m90 pro, diyeche m90..😔","valo na.. dui ta eksathe connect hoy na.. alada alada connect korte hoy.. tachara cheyechilam m90 pro, diyeche m90..",product_quality_negative
432,48038503286345,"ভালো পণ্য, তবে ডেলিভারিতে আমার সারাদিন সময় নস্ট করেছে।","ভালো পণ্য, তবে ডেলিভারিতে আমার সারাদিন সময় নস্ট করেছে.",delivery_negative#product_quality_positive
433,48574656486345,produced ta asholei onk valo chilo☺️,produced ta asholei onk valo chilo.,product_quality_positive
434,51468444786345,আলহামদুলিল্লাহ ভালোই চলে কিন্তু মাঝে মাঝে একা একা বন্ধ হয়ে যাই সাউন কোয়ালিটি ভালোই,আলহামদুলিল্লাহ ভালোই চলে কিন্তু মাঝে মাঝে একা একা বন্ধ হয়ে যাই সাউন কোয়ালিটি ভালোই.,product_quality_positive
435,48464615886345,মোটামুটি ভালই এই দামের মধ্যে,মোটামুটি ভালই এই দামের মধ্যে.,price_neutral#product_quality_neutral
436,54006155886345,left speaker a sound thik ase but right a onk kom sound..  Ashanurup holo na..😔,left speaker a sound thik ase but right a onk kom sound.. Ashanurup holo na..,product_quality_negative
437,50166377886345,"একদম বাজেট প্রোডাক্ট 
এরকম নষ্ট প্রোডাক্ট কেন দিলেন আমাকে 
একটা ভালো একটা নষ্ট",একদম বাজেট প্রোডাক্ট এরকম নষ্ট প্রোডাক্ট কেন দিলেন আমাকে একটা ভালো একটা নষ্ট.,product_quality_negative
438,48655118986345,"Product Valo, nite paren. Kom bugdet e valo device. But charge backup valo na","Product Valo, nite paren. Kom bugdet e valo device. But charge backup valo na.",price_positive#product_quality_positive
439,49084440386345,"product jamon deksi temon pisi. ak week babohar korlam valoi,but charging problem ase 50% por charge kom thake olpo kisu khoner vitor shes hoia jay.","product jamon deksi temon pisi. ak week babohar korlam valoi,but charging problem ase 50 por charge kom thake olpo kisu khoner vitor shes hoia jay.",product_quality_positive
440,48979974086345,"জিনিস ভালো যারা নিতে চাও তো নিতে পারো আমি দুইটি অর্ডার করেছি দুটোই ভালো, কিন্তু একটা সমস্যা দুইটার ব্লুটু একটা মোবাইলে কানেক্টেড হয়ে যায় একটা বন্ধ করলে আরও একটায় কানেক্টেড হয়ে যায় যা সমস্যা হয় তা বলার মতো না কি করবো এখন একটা পরামর্শ দেন  .?.?","জিনিস ভালো যারা নিতে চাও তো নিতে পারো আমি দুইটি অর্ডার করেছি দুটোই ভালো, কিন্তু একটা সমস্যা দুইটার ব্লুটু একটা মোবাইলে কানেক্টেড হয়ে যায় একটা বন্ধ করলে আরও একটায় কানেক্টেড হয়ে যায় যা সমস্যা হয় তা বলার মতো না কি করবো এখন একটা পরামর্শ দেন .?.?",product_quality_positive
441,41277809286345,"মোটামুটি ভালই,তবে  চার্জিং ব্যাকাপ আরেকটু ভালো আশা করছিলাম।","মোটামুটি ভালই,তবে চার্জিং ব্যাকাপ আরেকটু ভালো আশা করছিলাম.",product_quality_neutral
442,54220360586345,ak dom bajee. sound quality akta ak rokom. chargeing e problem.,ak dom bajee. sound quality akta ak rokom. chargeing e problem.,product_quality_negative
443,48392747686345,nice product. kintu majhe majhe automatically disconnect hoye jai.,nice product. kintu majhe majhe automatically disconnect hoye jai.,product_quality_positive
444,46396649686345,Bai anak balo product APNI thitha paran,Bai anak balo product APNI thitha paran.,product_quality_positive
445,48457753986345,ডেলিভারি তারাতারি পেয়েছি কিন্তু বক্সটা অনেকটাই ডেমেজ ছিলো ভিতরে এয়ারফোনের প্রব্লেম হয় নাই।,ডেলিভারি তারাতারি পেয়েছি কিন্তু বক্সটা অনেকটাই ডেমেজ ছিলো ভিতরে এয়ারফোনের প্রব্লেম হয় নাই.,delivery_positive#packaging_negative
446,48067414486345,পুরাই ফালতু একটা প্রোডাক্ট।। ডিসক্রিপ্সনে বলা ছিলো ৩-৪ ঘন্টা গান শুনা যাবে।।কিন্তু ৩০ মিনিট বাজার পর লো ব্যাটারি সিগন্যাল দেয়।।।বক্সে রেখে ইয়ারবাড চার্জ দিলে ৮০%এর উপরে চার্জ হয় না।।।,পুরাই ফালতু একটা প্রোডাক্ট ডিসক্রিপ্সনে বলা ছিলো ৩-৪ ঘন্টা গান শুনা যাবে কিন্তু ৩০ মিনিট বাজার পর লো ব্যাটারি সিগন্যাল দেয় বক্সে রেখে ইয়ারবাড চার্জ দিলে ৮০ এর উপরে চার্জ হয় না.,product_quality_negative
447,48038815686345,"Product ta delivery hoye silo September 5 tarikh.. ajker date September 23.. 18 din use er por..  box kaj kora bondho kore dise.. earbuds gula still kaj kortese.. but box kaj kore na tai earbuds gular charge shesh hoye gele r use kora jabe na.. 
product tao original na..",Product ta delivery hoye silo September 5 tarikh.. ajker date September 23.. 18 din use er por.. box kaj kora bondho kore dise.. earbuds gula still kaj kortese.. but box kaj kore na tai earbuds gular charge shesh hoye gele r use kora jabe na.. product tao original na..,product_quality_negative
448,54161898886345,যেমন চেয়েছিলাম ঠিক তেমন পেয়েছি আলহামদুলিল্লাহ।,যেমন চেয়েছিলাম ঠিক তেমন পেয়েছি আলহামদুলিল্লাহ.,product_quality_positive
449,53288283486345,আলহামদুলিল্লাহ ভালো আমি খুব তারাতাড়ি পেয়েছি,আলহামদুলিল্লাহ ভালো আমি খুব তারাতাড়ি পেয়েছি.,delivery_positive#product_quality_positive
450,48098815486345,100% Copy product. L airbuds ta akdomi charge tike na R call a mic kaj kore na kotha bola jai na.,100 Copy product. L airbuds ta akdomi charge tike na R call a mic kaj kore na kotha bola jai na.,product_quality_negative
451,46813781286345,এক কথায় অসাধারণ একটি পণ্য,এক কথায় অসাধারণ একটি পণ্য.,product_quality_positive
452,46293598486345,"ভালো প্রডাক্ট, চাইলে নিতে পারেন","ভালো প্রডাক্ট, চাইলে নিতে পারেন.",product_quality_positive
453,49410412286345,kew niyen na nosto product sell kore beiman kth	kar🙂,kew niyen na nosto product sell kore beiman kth kar.,product_quality_negative
454,44967185286345,পুরা বাজে একটা জিনিস জা বলার মতো না সত্যি,পুরা বাজে একটা জিনিস জা বলার মতো না সত্যি.,product_quality_negative
455,44301520386345,কম দামে এর চেয়ে হয়তো আর ভালো হবে না ১৫ দিন ব্যাবহার করে দেখলাম অনেক ভালো,কম দামে এর চেয়ে হয়তো আর ভালো হবে না ১৫ দিন ব্যাবহার করে দেখলাম অনেক ভালো.,price_positive#product_quality_positive
456,48923773586345,"সবচেয়ে খারাপ জিনিস ধরিয়ে দেওয়া হলো আমাকে,রিটার্ন করছি যাইহোক রিফান্ড পাইছি।","সবচেয়ে খারাপ জিনিস ধরিয়ে দেওয়া হলো আমাকে,রিটার্ন করছি যাইহোক রিফান্ড পাইছি.",product_quality_negative
457,52950328286345,আলহামদুলিল্লাহ। বাজেট হিসেবে অনেক ভালো।,আলহামদুলিল্লাহ বাজেট হিসেবে অনেক ভালো.,price_positive#product_quality_positive
458,52683695986345,onek bhalo product apnara nite paren,onek bhalo product apnara nite paren.,product_quality_positive
459,54541441586345,valo ase tobe charg beckup kub kom,valo ase tobe charg beckup kub kom.,product_quality_positive
460,40404184586345,"আমি 1 মাস পরে রিভিউ দিচ্ছি।
জিনিস টা আমার কাছে সেই লাগছে
চার্জ বেকাপ অনেক ভালো্ সাউন্ড
কোয়ালিটি খারাপ অনেক বেশি সাউন তাই
অল্প সাউন্ড দিয়ে শোনা লাগে 
তা না হলে বাইরের কিছুই শোনো যায় না।",আমি 1 মাস পরে রিভিউ দিচ্ছি জিনিস টা আমার কাছে সেই লাগছে চার্জ বেকাপ অনেক ভালো্ সাউন্ড কোয়ালিটি খারাপ অনেক বেশি সাউন তাই অল্প সাউন্ড দিয়ে শোনা লাগে তা না হলে বাইরের কিছুই শোনো যায় না.,product_quality_positive
461,45847357886345,"দাম অনুযায়ী, চলে।সাউন্ড ভালোই।","দাম অনুযায়ী, চলে সাউন্ড ভালোই.",price_neutral#product_quality_neutral
462,43680404786345,"প্রোডাক্ট টা খুব ভালো পেয়েছি।
আপনারা নিশ্চিন্তে নিতে পারেন।
ধন্যবাদ দারাজ।",প্রোডাক্ট টা খুব ভালো পেয়েছি আপনারা নিশ্চিন্তে নিতে পারেন ধন্যবাদ দারাজ.,product_quality_positive
463,45761753786345,good 1 yr use hoise ekon o valo.,good 1 yr use hoise ekon o valo.,product_quality_positive
464,44640824586345,আলহামদুলিল্লাহ তিনদিন পর আমি দিচ্ছি অনেক ভালো প্রোডাক্ট,আলহামদুলিল্লাহ তিনদিন পর আমি দিচ্ছি অনেক ভালো প্রোডাক্ট.,product_quality_positive
465,48251929586345,চার্জ থাকে না তাছারা সব ঠিক আছ,চার্জ থাকে না তাছারা সব ঠিক আছ.,product_quality_positive
466,48381586286345,খুব ভালো প্রোডাক্ট। কিনতে পারেন।,খুব ভালো প্রোডাক্ট কিনতে পারেন.,product_quality_positive
467,53427186386345,ভালো আছে চাইলে নিতে  পারেন,ভালো আছে চাইলে নিতে পারেন.,product_quality_positive
468,40351526186345,"ভালো মানের প্রডাক্ট 
ভেবেছিলাম তেমন ভালো  হবে না কিন্তু না ভালোই সারভিস পাচ্ছি 
দাম অনুযায়ী ভালো ই আমার কেনা পরেছে ছাড় দিয়ে ৪৬৯ ৳  এই মুল্যে হলে নিতে পারেন
৭ দিন পরে রিভিউ  দিচ্ছি",ভালো মানের প্রডাক্ট ভেবেছিলাম তেমন ভালো হবে না কিন্তু না ভালোই সারভিস পাচ্ছি দাম অনুযায়ী ভালো ই আমার কেনা পরেছে ছাড় দিয়ে ৪৬৯ ৳ এই মুল্যে হলে নিতে পারেন ৭ দিন পরে রিভিউ দিচ্ছি.,price_positive#product_quality_positive
469,40595417586345,"সত্যি বলতে ভালই সবাই নিতে পারেন❤️‍🔥❤️‍🔥❤️‍🔥❤️‍🔥
দা অনুযায়ী একদম পারফেক্ট ❤️❤️❤️
ভাবছিলাম টাকা জলে যাই নাকি কিন্তু না ভালই🥰
যেই কিনবেন আগে ২ঘন্টা চার্জ দিয়ে ইউজ করবেন তাইলে মন হই না সমস্যা হবে বেটারি তে❤️‍🔥",সত্যি বলতে ভালই সবাই নিতে পারেন দা অনুযায়ী একদম পারফেক্ট ভাবছিলাম টাকা জলে যাই নাকি কিন্তু না ভালই যেই কিনবেন আগে ২ঘন্টা চার্জ দিয়ে ইউজ করবেন তাইলে মন হই না সমস্যা হবে বেটারি তে.,price_positive#product_quality_positive
470,40367255786345,জিনিসটা খুব সুন্দর হইছে। এবং ডেলিভারি ম্যানটা খুব ভালো। আশা করি দারাজ এরকম সঠিক পণ্যই দিবে।,জিনিসটা খুব সুন্দর হইছে এবং ডেলিভারি ম্যানটা খুব ভালো আশা করি দারাজ এরকম সঠিক পণ্যই দিবে.,delivery_positive#product_quality_positive
471,44301304686345,"পন্যটি ভালো, কিন্তু ডেলিভারিতে ডিস্টার্ব ছিল","পন্যটি ভালো, কিন্তু ডেলিভারিতে ডিস্টার্ব ছিল.",delivery_negative#product_quality_positive
472,44180578586345,product ta sotty khub Valo sobay ayta nita parin,product ta sotty khub Valo sobay ayta nita parin.,product_quality_positive
473,43726130586345,ভালো। কিন্তু কথা বলার সময় কিলিয়ার কথা বুজতে পারেনা,ভালো কিন্তু কথা বলার সময় কিলিয়ার কথা বুজতে পারেনা.,product_quality_positive
474,42389232186345,এখন পর্যন্ত ভালোই সার্ভিস দিচ্ছে। তবে কতদিন টিকে সেটা মুখ্য বিষয়,এখন পর্যন্ত ভালোই সার্ভিস দিচ্ছে তবে কতদিন টিকে সেটা মুখ্য বিষয়.,product_quality_positive
475,49005901086345,মুটামুটি ভালো কম দাম হিসেবে চলে নিতে পারেন,মুটামুটি ভালো কম দাম হিসেবে চলে নিতে পারেন.,price_neutral#product_quality_neutral
476,49576718086345,ভাই আমার জিনিস টা নষ্ট ভাই,ভাই আমার জিনিস টা নষ্ট ভাই.,product_quality_negative
477,40084879686345,"প্রডাক্টি ভালো, হাতে পেয়ে প্রথমে চিন্তিত ছিলাম,কানেক্ট হয়তেছিলনা চার্য্জ দেওয়ার পর সব ওকে","প্রডাক্টি ভালো, হাতে পেয়ে প্রথমে চিন্তিত ছিলাম,কানেক্ট হয়তেছিলনা চার্য্জ দেওয়ার পর সব ওকে.",product_quality_positive
478,41489973586345,"অনেক ভালো। ব্যাবহার করেও ভালো কিন্তু সাউন্ড কম।
সাউন্ড কোয়াটি ভালো।",অনেক ভালো ব্যাবহার করেও ভালো কিন্তু সাউন্ড কম সাউন্ড কোয়াটি ভালো.,product_quality_positive
479,48136737886345,ধন্যবাদ দারাজ কে যে রকম অর্ডার করছি সে রকম ই পেয়েছি।,ধন্যবাদ দারাজ কে যে রকম অর্ডার করছি সে রকম ই পেয়েছি.,product_quality_positive
480,48559782686345,মোটামুটি চলে কোয়ালিটি খুব বেশি একটা ভালো না।,মোটামুটি চলে কোয়ালিটি খুব বেশি একটা ভালো না.,product_quality_neutral
481,40163125786345,M90 tws earbuds awesome....Ami Pura DUI din age charge disi onek Valo kaj kore,M90 tws earbuds awesome..Ami Pura DUI din age charge disi onek Valo kaj kore.,product_quality_positive
482,40426507086345,"খুবই ভালো লেগেছে ...সাউন্ড কোয়ালিটি খুবই ভালো
চাজ ভালো টিকে। সবাই নিতে পারেন",খুবই ভালো লেগেছে ..সাউন্ড কোয়ালিটি খুবই ভালো চাজ ভালো টিকে সবাই নিতে পারেন.,product_quality_positive
483,40162144686345,সত্যি ভাই  অনেক ভালো। একবার চার্জ দিলেও প্রায় চার পাঁচ ঘন্টা থাকে,সত্যি ভাই অনেক ভালো একবার চার্জ দিলেও প্রায় চার পাঁচ ঘন্টা থাকে.,product_quality_positive
484,40185335986345,Earbuds case ta aktu boro but sob miliy product ta valo 😌🤗,Earbuds case ta aktu boro but sob miliy product ta valo.,product_quality_positive
485,41816942586345,"যেমনটা চেয়েছি, তােমনটাই খুবই ভালো👌👌👌👌👌","যেমনটা চেয়েছি, তােমনটাই খুবই ভালো.",product_quality_positive
486,40033497686345,khubi valo ekti product shob thik thak chilo,khubi valo ekti product shob thik thak chilo.,product_quality_positive
487,41375224786345,akta valo podak sobai neta paran,akta valo podak sobai neta paran.,product_quality_positive
488,40023673986345,Price হিসাবে Product টা ছিল Amazing.,Price হিসাবে Product টা ছিল Amazing.,price_positive#product_quality_positive
489,40144130786345,anek sundor ata. kew nile nite paren.,anek sundor ata. kew nile nite paren.,product_quality_positive
490,40721792686345,earbuds quality is really good..,earbuds quality is really good..,product_quality_positive
491,40108524786345,motamuti tk hishaba sound quality ok.,motamuti tk hishaba sound quality ok.,price_positive#product_quality_positive
492,41365181786345,এটার কোয়ালিটি ভালো কিন্তু দুইটা ইয়ারবাট বেশিক্ষণ চাষ টিকে না এম ১০ এবং এম ২৮ এগুলা অনেক চার্জ টিকে,এটার কোয়ালিটি ভালো কিন্তু দুইটা ইয়ারবাট বেশিক্ষণ চাষ টিকে না এম ১০ এবং এম ২৮ এগুলা অনেক চার্জ টিকে.,product_quality_positive
493,40547648386345,"প্রডাক্ট কোয়ালিটি ভালো ছিলো,
সাউন্ডটা কানে লাগেনা।অনেক স্মুথ সাউন্ড,
তবে সাউন্ডটা আর একটু বেশি হইলে ভালো হইতো","প্রডাক্ট কোয়ালিটি ভালো ছিলো, সাউন্ডটা কানে লাগেনা অনেক স্মুথ সাউন্ড, তবে সাউন্ডটা আর একটু বেশি হইলে ভালো হইতো.",product_quality_positive
494,48547333386345,ভালো তবে সাইজে কিছুটা বড়।আমার কানে ব্যথা করে।চার্জ কম থাকে,ভালো তবে সাইজে কিছুটা বড় আমার কানে ব্যথা করে চার্জ কম থাকে.,product_quality_positive
495,54918401686345,এই প্রথম আমি দারাজ এর কাছে এত খারাপ একটি প্রোডাক্ট পেলাম। যেটি আমি কল্পনাও করিনি। এজন্য দারাজের প্রতি আমার বিশ্বাস অনেকটাই কমে গেল। ইয়ারফোনে চার্জ হয় না। আমি দুই ঘন্টা চার্জে দিয়ে রাখছি কিন্তু তাও ডিসপ্লেতে কিছু আসে না,এই প্রথম আমি দারাজ এর কাছে এত খারাপ একটি প্রোডাক্ট পেলাম যেটি আমি কল্পনাও করিনি এজন্য দারাজের প্রতি আমার বিশ্বাস অনেকটাই কমে গেল ইয়ারফোনে চার্জ হয় না আমি দুই ঘন্টা চার্জে দিয়ে রাখছি কিন্তু তাও ডিসপ্লেতে কিছু আসে না.,product_quality_negative
496,48623090686345,"ব্যাটারী ব্যাকাপ যতটুকু ভেবেছি তা পায়নি এছাড়া মুল বক্সের ব্যাটারী ৪০% আসলে একটু পরে ০% হয়ে যায়।আমারটা পুরাই কপি,  ফালতু একটা জিনিস। অন্যদের না নেওয়ার পরামর্শ থাকবে।","ব্যাটারী ব্যাকাপ যতটুকু ভেবেছি তা পায়নি এছাড়া মুল বক্সের ব্যাটারী ৪০ আসলে একটু পরে ০ হয়ে যায় আমারটা পুরাই কপি, ফালতু একটা জিনিস অন্যদের না নেওয়ার পরামর্শ থাকবে.",product_quality_negative
497,48533458086345,দাম অনুযায়ী হিসেব করলেও সাউন্ড কোয়ালিটি অনেক খারাপ। এক পাশে কম শোনা যায়।,দাম অনুযায়ী হিসেব করলেও সাউন্ড কোয়ালিটি অনেক খারাপ এক পাশে কম শোনা যায়.,price_negative#product_quality_negative
498,48108169486345,"জিনিসটা হাতে পাওয়ার পর থেকে দুনিয়ার সমস্যা। 
কানেক্টিং দেখায় কিছু হেডফোনে শব্দ শুনা যায়না।
একদম ফালতু প্রোডাক্ট পড়েছে আমারটা",জিনিসটা হাতে পাওয়ার পর থেকে দুনিয়ার সমস্যা কানেক্টিং দেখায় কিছু হেডফোনে শব্দ শুনা যায়না একদম ফালতু প্রোডাক্ট পড়েছে আমারটা.,product_quality_negative
499,48236725086345,"প্রাডাক্ট এর কোয়ালিটি খুবই ভালো 😊 
কিন্তু  সমস্যা হল চার্জ থাকেনা সর্বোচ্চ ২ ঘণ্টা থাকে 😑",প্রাডাক্ট এর কোয়ালিটি খুবই ভালো কিন্তু সমস্যা হল চার্জ থাকেনা সর্বোচ্চ ২ ঘণ্টা থাকে.,product_quality_positive
500,48734621986345,"এক দম ভুকা মাল চলেনা ভাই 
আর চারেজ থাকেনা ভাই এক বার চারেজ দেওয়া জাই ভাই",এক দম ভুকা মাল চলেনা ভাই আর চারেজ থাকেনা ভাই এক বার চারেজ দেওয়া জাই ভাই.,product_quality_negative
501,48782383886345,আলহামদুলিল্লাহ খুবই ভালো একটি প্রোডাক্ট কম টাকার ভিতরে,আলহামদুলিল্লাহ খুবই ভালো একটি প্রোডাক্ট কম টাকার ভিতরে.,price_positive#product_quality_positive
502,48721156986345,বাজে একটা প্রোডাক্ট নিছিলাম দুইদিনও চলতে পারিনি,বাজে একটা প্রোডাক্ট নিছিলাম দুইদিনও চলতে পারিনি.,product_quality_negative
503,47529611786345,"ekodom baje ,
er theke baje mone hoy r hote pare na,","ekodom baje , er theke baje mone hoy r hote pare na,.",product_quality_negative
504,48151335186345,বেশি একটা ভালো না ভিট নাই তাই 🙄🙄,বেশি একটা ভালো না ভিট নাই তাই.,product_quality_negative
505,49131523886345,কিছু সেলার মাদারচোদ একসাথে দুটো product order করছি তার ভিতর থেকেই একটা প্রোডাক্ট বের করে নকল  প্রোডাক্ট দিছে ওকে বললাম ভাই ভালো প্রোডাক্ট দিও কিন্তু সে নকল প্রডাক্ট দিছে এইজন্য দারাজ থেকে প্রোডাক্ট কিনা বন্ধ করে দিচ্ছি আর এই মাদারচোদের পেলে মারতাম আপনারা কেউ ভাই কিনেন না একদম বাজে প্রোডাক্ট। অর্ডার করলে ধরা খাবেন,কিছু সেলার মাদারচোদ একসাথে দুটো product order করছি তার ভিতর থেকেই একটা প্রোডাক্ট বের করে নকল প্রোডাক্ট দিছে ওকে বললাম ভাই ভালো প্রোডাক্ট দিও কিন্তু সে নকল প্রডাক্ট দিছে এইজন্য দারাজ থেকে প্রোডাক্ট কিনা বন্ধ করে দিচ্ছি আর এই মাদারচোদের পেলে মারতাম আপনারা কেউ ভাই কিনেন না একদম বাজে প্রোডাক্ট অর্ডার করলে ধরা খাবেন.,product_quality_negative
506,49942366886345,M90 ear bud দাম হিসাবে মান ঠিকই আছে।আমার কাছে ভালই মনে হচ্ছে,M90 ear bud দাম হিসাবে মান ঠিকই আছে আমার কাছে ভালই মনে হচ্ছে.,price_positive#product_quality_positive
507,45546006591610,"দাম হিসাবে ভালোই আমার লেগেছে ৩৩০ টাকা মোট মিলিয়ে আর আমি এর থেকে ভালো কোয়ালিটির টা ব্যবহার করি এটা আমি আমার আপুর জন্য আনাইছি এই দামে বলতে গেলে এটা ভালো এখন দেখা যাক এটা কতদিন ব্যবহার যোগ্য বা কতদিন টিকে, 🥀🖤","দাম হিসাবে ভালোই আমার লেগেছে ৩৩০ টাকা মোট মিলিয়ে আর আমি এর থেকে ভালো কোয়ালিটির টা ব্যবহার করি এটা আমি আমার আপুর জন্য আনাইছি এই দামে বলতে গেলে এটা ভালো এখন দেখা যাক এটা কতদিন ব্যবহার যোগ্য বা কতদিন টিকে,.",price_positive#product_quality_positive
508,45512678791610,প্রডাক্ট কোয়ালিটি ভাল কিন্তু ওজন খুব কম। airpod খুব ছোট বলা যাবে না তবে একটু ছোট আমার মনে হল। বডি প্লাস্টিক সাদামাটা।ব্যাটারি ব্যাকআপ ভাল। সাউণ্ড ভাল। বেজ একটু বেশি। সম্পূর্ণ ভাল একটা অভিজ্ঞতা দিতে পারে। সেই সাথে খুব ছোট ও দামেও কম। তবে একটা খারাপ type ios cable এবং charging slot. টাইপ c হলে ভাল হত। তবে আপনাকে এই দামে এটি নিরাশ করবে না বলে আমি মনে করি। এই দামে আর কিবা আশা করা যায়। নিতে পারেন। পেক্যাজিং খুব খারাপ ছিল।,প্রডাক্ট কোয়ালিটি ভাল কিন্তু ওজন খুব কম airpod খুব ছোট বলা যাবে না তবে একটু ছোট আমার মনে হল বডি প্লাস্টিক সাদামাটা ব্যাটারি ব্যাকআপ ভাল সাউণ্ড ভাল বেজ একটু বেশি সম্পূর্ণ ভাল একটা অভিজ্ঞতা দিতে পারে সেই সাথে খুব ছোট ও দামেও কম তবে একটা খারাপ type ios cable এবং charging slot. টাইপ c হলে ভাল হত তবে আপনাকে এই দামে এটি নিরাশ করবে না বলে আমি মনে করি এই দামে আর কিবা আশা করা যায় নিতে পারেন পেক্যাজিং খুব খারাপ ছিল.,packaging_negative#product_quality_positive
509,46363576391610,"এক কথায় অসাধারণ , আপনারা চাইলে নিতে পারেন ১০০-১০০ 😌🥀 Thanks for Daraz","এক কথায় অসাধারণ , আপনারা চাইলে নিতে পারেন ১০০-১০০ Thanks for Daraz.",product_quality_positive
510,45175879691610,"product ta valo silo sound 9/10 
connectivity 8/10 
delivery pakage damaged silo plus cable ta moila silo like it used before overall good..",product ta valo silo sound 9 10 connectivity 8 10 delivery pakage damaged silo plus cable ta moila silo like it used before overall good..,delivery_positive#packaging_negative#product_quality_positive
511,44907336891610,"অসাধারণ একটি প্রোডাক্ট। হাই পাওয়ার ব্যাস এন্ড চার্জ কোয়ালিটি। এত কম টাকায় এত সুন্দর জিনিস কল্পনাতীত।  মাইক্রো স্পিকারটাও ভাল কাজ করে, সেলারের ব্যাবহার ভাল। কেউ যদি নিতে চান টেনসন ফ্রী অরডার করতে পারেন।","অসাধারণ একটি প্রোডাক্ট হাই পাওয়ার ব্যাস এন্ড চার্জ কোয়ালিটি এত কম টাকায় এত সুন্দর জিনিস কল্পনাতীত মাইক্রো স্পিকারটাও ভাল কাজ করে, সেলারের ব্যাবহার ভাল কেউ যদি নিতে চান টেনসন ফ্রী অরডার করতে পারেন.",seller_service_positive#price_positive#product_quality_positive
512,45207279691610,"১ সপ্তাহ ব্যবহার করে বলছি,,জিনিসটা সত্যিই অসাধারন,,আপনারা চাইলে নিতে পারেন","১ সপ্তাহ ব্যবহার করে বলছি,,জিনিসটা সত্যিই অসাধারন,,আপনারা চাইলে নিতে পারেন.",product_quality_positive
513,49437574291610,"এতো কম দামে One Plus Tws পেয়েছি এটাই বা কম কি 😅
যাই হোক ভালো প্রোডাক্ট পেয়েছি কোনো সমস্যা নেই সব কিছুই ঠিকাছে অল্প বাজেটের মধ্যে ভালো একটা Tws ✅
 অন্যরাও চাইলে নিতে পারেন আসাকরি ঠকবেন না 
আর সেলার কেও ধন্যবাদ ভালো প্রোডাক্ট টা দেয়ার জন্য 😊",এতো কম দামে One Plus Tws পেয়েছি এটাই বা কম কি যাই হোক ভালো প্রোডাক্ট পেয়েছি কোনো সমস্যা নেই সব কিছুই ঠিকাছে অল্প বাজেটের মধ্যে ভালো একটা Tws অন্যরাও চাইলে নিতে পারেন আসাকরি ঠকবেন না আর সেলার কেও ধন্যবাদ ভালো প্রোডাক্ট টা দেয়ার জন্য.,price_positive#product_quality_positive
514,45616190091610,"3 din holo nilam 
amr kase valoi lagche apnarao nite paren 🥰",3 din holo nilam amr kase valoi lagche apnarao nite paren.,product_quality_positive
515,43617686791610,ধন্যবাদ দারাজ কোম্পানিকে এত তাড়াতাড়ি ডেলিভারি দেয়ার জন্য সময় মত হাতে পেয়েছি তিন দিনের মধ্যে ধন্যবাদ সেলার কে এত তাড়াতাড়ি পাঠানোর জন্য 😊🙂🥰😌 সবাই কিনতে পারেন প্রোডাক্টটি অনেক ভালো 💙😌,ধন্যবাদ দারাজ কোম্পানিকে এত তাড়াতাড়ি ডেলিভারি দেয়ার জন্য সময় মত হাতে পেয়েছি তিন দিনের মধ্যে ধন্যবাদ সেলার কে এত তাড়াতাড়ি পাঠানোর জন্য সবাই কিনতে পারেন প্রোডাক্টটি অনেক ভালো.,delivery_positive#product_quality_positive
516,49294065891610,khubi baze ekta  product diche amake sound  oto valo nah  quality  valoo nah  kew niben nah,khubi baze ekta product diche amake sound oto valo nah quality valoo nah kew niben nah.,product_quality_negative
517,49039017391610,"জ্বী আলহামদুলিল্লাহ ! প্রোডাক্টটি ভাল ছিল। ১০ এর ভিতর ৯ পয়েন্ট ৯ দিলাম, প্রাইস অনুযায়ী। ওভার অল ওকে।","জ্বী আলহামদুলিল্লাহ ! প্রোডাক্টটি ভাল ছিল ১০ এর ভিতর ৯ পয়েন্ট ৯ দিলাম, প্রাইস অনুযায়ী ওভার অল ওকে.",price_positive#product_quality_positive
518,48686436991610,"কম দামের মধ্যে খুবই ভালো একটা প্রোডাক্ট। সাউন্ড কোয়ালিটি ভালো। সবকিছু মিলিয়ে আমার ভালো লাগছে।
আপনারা চাইলে নিতে পারেন। আর প্যাকেজিং টা ও ভালো ছিল। ডেলিভারি টা খুব দ্রুত হয়েছে 4 দিনের মধ্যেই পেয়েছি।
দারাজ কে ধন্যবাদ।",কম দামের মধ্যে খুবই ভালো একটা প্রোডাক্ট সাউন্ড কোয়ালিটি ভালো সবকিছু মিলিয়ে আমার ভালো লাগছে আপনারা চাইলে নিতে পারেন আর প্যাকেজিং টা ও ভালো ছিল ডেলিভারি টা খুব দ্রুত হয়েছে 4 দিনের মধ্যেই পেয়েছি দারাজ কে ধন্যবাদ.,delivery_positive#packaging_positive#price_positive#product_quality_positive
519,48584503591610,"সেলার ভাইকে ধন্যবাদ, অনেক সুন্দর একটা প্রোডাক্ট পাঠিয়ে ছে, Air buds এর ওজন খুব কম, কিন্তু সাউন্ড খুব ভালো, বেজ দেয় খুব, চার্জ
ভালো থাকে, ক্যাবল টা Type -C করলে ভালো হতো, সবমিলিয়ে  আমার কাছে ভালো লাগছে, ১০/১০ আপনারা নিতে পারেন,❤️


তবে ডেলিভারির কথা বলি,,,, 🚷
ডেলিভারি অনেক দেরী করে দিছে, আর ডেলিভারি ম্যান নিজে না এসে অন্য একজন কে দিয়ে প্রোডাক্ট  পাঠিয়ে দিয়েছে, তাছাড়া, ডেলিভারি ম্যান আমাকে ফোন পর্যন্ত দেয় নাই, আমি নিজে গিয়ে, ডেলিভারিম্যান কে জিজ্ঞেস করে প্রোডাক্ট,রিসিভ করে নিয়ে এসেছি, দারজ এর ডেল","সেলার ভাইকে ধন্যবাদ, অনেক সুন্দর একটা প্রোডাক্ট পাঠিয়ে ছে, Air buds এর ওজন খুব কম, কিন্তু সাউন্ড খুব ভালো, বেজ দেয় খুব, চার্জ ভালো থাকে, ক্যাবল টা Type -C করলে ভালো হতো, সবমিলিয়ে আমার কাছে ভালো লাগছে, ১০ ১০ আপনারা নিতে পারেন, তবে ডেলিভারির কথা বলি,, ডেলিভারি অনেক দেরী করে দিছে, আর ডেলিভারি ম্যান নিজে না এসে অন্য একজন কে দিয়ে প্রোডাক্ট পাঠিয়ে দিয়েছে, তাছাড়া, ডেলিভারি ম্যান আমাকে ফোন পর্যন্ত দেয় নাই, আমি নিজে গিয়ে, ডেলিভারিম্যান কে জিজ্ঞেস করে প্রোডাক্ট,রিসিভ করে নিয়ে এসেছি, দারজ এর ডেল.",delivery_negative#product_quality_positive
520,48962747791610,বেশি ভালো বলবো নাহ তবে দামের কথা চিন্তা করলে  অনেকটা ভালো আপনারা চাইলে নিতে পারেন,বেশি ভালো বলবো নাহ তবে দামের কথা চিন্তা করলে অনেকটা ভালো আপনারা চাইলে নিতে পারেন.,price_positive#product_quality_positive
521,48239342291610,প্রোডাক্টটি অনেক ভালো সেলার ভাই অনেক ভাল আমি ৮ তারিখ আমাকে ১০ তারিখের মধ্যে দিয়ে দিয়েছে দারাজ কে অনেক ধন্যবাদ চাইলে আপনারা নিতে পারেন অনেক ভালো একটি প্রোডাক্ট,প্রোডাক্টটি অনেক ভালো সেলার ভাই অনেক ভাল আমি ৮ তারিখ আমাকে ১০ তারিখের মধ্যে দিয়ে দিয়েছে দারাজ কে অনেক ধন্যবাদ চাইলে আপনারা নিতে পারেন অনেক ভালো একটি প্রোডাক্ট.,delivery_positive#product_quality_positive
522,49382178891610,"এতোটা ভালো হবে কখনোই আশা
 করিনি দামে কম মানে ভালো ❤️",এতোটা ভালো হবে কখনোই আশা করিনি দামে কম মানে ভালো.,price_positive#product_quality_positive
523,49460677791610,"motamuti valo,,sound toto ta high na..toba valoi..","motamuti valo,,sound toto ta high na..toba valoi..",product_quality_neutral
524,44965593091610,"প্রোডাক্ট এর মান ভালো.... কিন্তু প্যাকেজিং এমন বাজে কেন ভাই?🙂
ডেলিভারি ও অনেক দেরি করে।
প্যাকেজ দেখে মনে হচ্ছে উপর দিয়ে ট্রাক চালাইছে🐸
প্যাকেজিং আর সার্ভিস ভালো হয়নি তবে এয়ারবাডস টা মোটামুটি ভালো।
শুধু মাঝে মধ্যে একাই ডিসকানেকটেড হয়ে যায় কোনো কারণ ছাড়া।
দাম হিসাব করলে ঠিকই আছে। 🎧🥲",প্রোডাক্ট এর মান ভালো.. কিন্তু প্যাকেজিং এমন বাজে কেন ভাই? ডেলিভারি ও অনেক দেরি করে প্যাকেজ দেখে মনে হচ্ছে উপর দিয়ে ট্রাক চালাইছে প্যাকেজিং আর সার্ভিস ভালো হয়নি তবে এয়ারবাডস টা মোটামুটি ভালো শুধু মাঝে মধ্যে একাই ডিসকানেকটেড হয়ে যায় কোনো কারণ ছাড়া দাম হিসাব করলে ঠিকই আছে.,delivery_negative#packaging_negative#price_positive#product_quality_positive
525,48908423891610,"onek balo silo🖤
daraz ke tnx🥰
ato balo prodak dewyar jonno🖤",onek balo silo daraz ke tnx ato balo prodak dewyar jonno.,product_quality_positive
526,40943949991610,sholpo mulle khubi valo akta product peyechi. charging back up 3 hours+ price onujai valo legeche,sholpo mulle khubi valo akta product peyechi. charging back up 3 hours price onujai valo legeche.,price_positive#product_quality_positive
527,48434980291610,"সেলার ভাইকে ধন্যবাদ খুব তাড়াতাড়ি প্রোডাক্টটি পেয়েছি। 
কোয়ালি অনেক ভালো।",সেলার ভাইকে ধন্যবাদ খুব তাড়াতাড়ি প্রোডাক্টটি পেয়েছি কোয়ালি অনেক ভালো.,delivery_positive#product_quality_positive
528,51073477191610,আলহামদুলিল্লাহ প্রোডাক্ট টা অনেক সুন্দর। কোনো সমস্যা নাই।one plus নিয়েছি 335 টাকা পড়েছে। প্রোডাক্ট পেয়ে খুবই খুশি। সেলার ও অনেক ভালো মনের মানুষ। ধন্যবাদ দারাজ আমাদের কে এত সুন্দর সেবা দেয়ার জন্য। যাদের প্রয়োজন আছে নিতে পারেন। কথাও বলা যায় আস্তে আওয়াজ ও শুনা যায়। সাউন্ড কোয়ালিটিও অনেক ভালো। এখন দেখি চার্জ বেকাপ কেমন দেই অলরেডি 1 ঘণ্টা হয়ে গেলো শুনতেছি। আসা করি গেম ও খেলতে পারবো।,আলহামদুলিল্লাহ প্রোডাক্ট টা অনেক সুন্দর কোনো সমস্যা নাই one plus নিয়েছি 335 টাকা পড়েছে প্রোডাক্ট পেয়ে খুবই খুশি সেলার ও অনেক ভালো মনের মানুষ ধন্যবাদ দারাজ আমাদের কে এত সুন্দর সেবা দেয়ার জন্য যাদের প্রয়োজন আছে নিতে পারেন কথাও বলা যায় আস্তে আওয়াজ ও শুনা যায় সাউন্ড কোয়ালিটিও অনেক ভালো এখন দেখি চার্জ বেকাপ কেমন দেই অলরেডি 1 ঘণ্টা হয়ে গেলো শুনতেছি আসা করি গেম ও খেলতে পারবো.,product_quality_positive
529,54426430391610,"Alhamdulillah , Product quality is good ♥️.
Price Onujayi Thik Ache - Affordable option for regular uses.","Alhamdulillah , Product quality is good . Price Onujayi Thik Ache - Affordable option for regular uses.",price_positive#product_quality_positive
530,51574922191610,product টি খুবই ভালো। Sound quality খুবই ভালো।চাইলে আপনারা নিতে পারেন। কিন্তু ডেলিভারি ম্যান আমার কাছ থেকে ৮ Tk বেশি নিয়ে নিয়েছে।,product টি খুবই ভালো Sound quality খুবই ভালো চাইলে আপনারা নিতে পারেন কিন্তু ডেলিভারি ম্যান আমার কাছ থেকে ৮ Tk বেশি নিয়ে নিয়েছে.,delivery_negative#product_quality_positive
531,51256552191610,"এইটা  খুব বাজে একটা চলে আর একটা চলেনা  রিটার্ন জমা  দিছি  রিটার্ন করে নাই 😡😡😡  i het daraz 
এমনটা আসা করিনাই",এইটা খুব বাজে একটা চলে আর একটা চলেনা রিটার্ন জমা দিছি রিটার্ন করে নাই i het daraz এমনটা আসা করিনাই.,product_quality_negative
532,51128576291610,"দুই দিনের মধ্যে হাতে পেয়েছি, সাউন্ড ভালো, এখন ব্যবহার করে দেখি কত ঘন্টা চার্জ থাকে,,,দারাজ ও সেলার ভাই কে ধন্যবাদ।","দুই দিনের মধ্যে হাতে পেয়েছি, সাউন্ড ভালো, এখন ব্যবহার করে দেখি কত ঘন্টা চার্জ থাকে,,দারাজ ও সেলার ভাই কে ধন্যবাদ.",delivery_positive#product_quality_positive
533,50202739591610,বন্ধুরে বলছিলাম অনলাইনে এসব নিস না তবুও নিলো  যাইহোক জিনিসটা খুব একটা ভালো না সবাই যেমন বলছে এরকম কিছু না দাম অনুযায়ী অন্য মডেল ভালো হতো ডিসপ্লে ওয়ালা দেখেছিলাম একটা 😐,বন্ধুরে বলছিলাম অনলাইনে এসব নিস না তবুও নিলো যাইহোক জিনিসটা খুব একটা ভালো না সবাই যেমন বলছে এরকম কিছু না দাম অনুযায়ী অন্য মডেল ভালো হতো ডিসপ্লে ওয়ালা দেখেছিলাম একটা.,product_quality_negative
534,54798144591610,Alhamdulillah airport gola onk vlo cilo sound quality onk vlo use korar por review dilam Charg 3 hour projnto breakup dei amr kase kom damer modde valoi lagce apnra chaile nite pare😊🥀,Alhamdulillah airport gola onk vlo cilo sound quality onk vlo use korar por review dilam Charg 3 hour projnto breakup dei amr kase kom damer modde valoi lagce apnra chaile nite pare.,price_positive#product_quality_positive
535,50235415291610,ai price e ja paise tai onek just sudhu battery ektu kom but ai price e onek vlo. thanks for this product ❤,ai price e ja paise tai onek just sudhu battery ektu kom but ai price e onek vlo. thanks for this product.,price_positive#product_quality_positive
536,54708102091610,প্রোডাক্টটি আসলে অনেক ভালো এক কথায় অসাধারণ এটাকে ১০/১০ দেয়া যায় কারণ এটা কোয়ালিটি যেরকম সাউন্ড কোয়ালিটি সেরকম কোন সাউন্ড নিয়ে কোন অভিযোগ নাই উপরে পিকচার দেওয়া আছে সাউন্ড অনেক কমে মনে হচ্ছে আমি ফুল দেখতে চাই এরকম মনে হয় চাইলে আপনার নিতে পারেন খুব দ্রুত সময় হাতে পেয়েছি এটার প্রশংসা যতই করব তার কম হবে না ব্যবহার করে বলছি তবে এটার বক্সের ব্যাটারি ব্যাকআপ টা একটু বেশি হলে ভালো হতো গেমিং ও বেস্ট সাউন্ড আসে সব ধরনের গান প্লে করে দেখেছি ভালো পারফরম্যান্স করতে,প্রোডাক্টটি আসলে অনেক ভালো এক কথায় অসাধারণ এটাকে ১০ ১০ দেয়া যায় কারণ এটা কোয়ালিটি যেরকম সাউন্ড কোয়ালিটি সেরকম কোন সাউন্ড নিয়ে কোন অভিযোগ নাই উপরে পিকচার দেওয়া আছে সাউন্ড অনেক কমে মনে হচ্ছে আমি ফুল দেখতে চাই এরকম মনে হয় চাইলে আপনার নিতে পারেন খুব দ্রুত সময় হাতে পেয়েছি এটার প্রশংসা যতই করব তার কম হবে না ব্যবহার করে বলছি তবে এটার বক্সের ব্যাটারি ব্যাকআপ টা একটু বেশি হলে ভালো হতো গেমিং ও বেস্ট সাউন্ড আসে সব ধরনের গান প্লে করে দেখেছি ভালো পারফরম্যান্স করতে.,delivery_positive#product_quality_positive
537,50824877891610,Joss ekta Product... sound quality o onk valo...Delivery o taratari peyechi and delivery man er behaviour o valo chilo...sob miliye best ekta product🤍,Joss ekta Product.. sound quality o onk valo..Delivery o taratari peyechi and delivery man er behaviour o valo chilo..sob miliye best ekta product.,product_quality_positive
538,53120491491610,আমি আজকে প্রায় চারদিন ব্যবহার করে রিভিউ দিচ্ছি আলহামদুলিল্লাহ প্রোডাক্টটা ভালো। কিন্তু ডেলিভারি হতে অনেক সময় লেগেছে। প্রায় ৭দিনের মতো সময় লেগেছে।আর আগের দারাজ এর ডেলিভারি হতো মাত্র দুই-তিন দিনে আর এখন অনেক সময় লাগে। প্রোডাক্টের প্যাকেজিং খুবই ভালো এবং প্রিমিয়াম ফিল দেয়। কিন্তু ভিতরে শুধুমাত্র একটা চার্জার ক্যাব দিয়েছে আমি ভেবেছিলাম এই এয়ার বার্ডস এর রাবারের বার্ডস গুলো এক্সটা সাথে দেওয়া হয়নি। ভেবেছিলাম সাথে এক্সট্রা দিবে কারণ এই প্রাইজে অন্যান্য এয়ার বার্ডস  দিয়ে থাকে। তাই বলবো এক্সট্রা কিছু দিলে ভালো হয়। কারণ রাবারের এগুলো দীর্ঘস্থায়ী নয় নষ্ট হয়ে যাওয়ার সম্ভাবনা রয়েছে। ও এর ব্যাটারি পারফরম্যান্স খুবই ভালো আমি মাত্র তিনবার চার্জ দিয়েছি। ধন্যবাদ,আমি আজকে প্রায় চারদিন ব্যবহার করে রিভিউ দিচ্ছি আলহামদুলিল্লাহ প্রোডাক্টটা ভালো কিন্তু ডেলিভারি হতে অনেক সময় লেগেছে প্রায় ৭দিনের মতো সময় লেগেছে আর আগের দারাজ এর ডেলিভারি হতো মাত্র দুই-তিন দিনে আর এখন অনেক সময় লাগে প্রোডাক্টের প্যাকেজিং খুবই ভালো এবং প্রিমিয়াম ফিল দেয় কিন্তু ভিতরে শুধুমাত্র একটা চার্জার ক্যাব দিয়েছে আমি ভেবেছিলাম এই এয়ার বার্ডস এর রাবারের বার্ডস গুলো এক্সটা সাথে দেওয়া হয়নি ভেবেছিলাম সাথে এক্সট্রা দিবে কারণ এই প্রাইজে অন্যান্য এয়ার বার্ডস দিয়ে থাকে তাই বলবো এক্সট্রা কিছু দিলে ভালো হয় কারণ রাবারের এগুলো দীর্ঘস্থায়ী নয় নষ্ট হয়ে যাওয়ার সম্ভাবনা রয়েছে ও এর ব্যাটারি পারফরম্যান্স খুবই ভালো আমি মাত্র তিনবার চার্জ দিয়েছি ধন্যবাদ.,delivery_negative#packaging_positive#product_quality_positive
539,53676098191610,"জাস্ট অসাধারণ. সাউন্ড এর কোয়ালিটি অনেক অনেক ভালো,
এতো কম টাকায় এত সুন্দর একটা হেডফোন পাবো কখনও ভাবতে পারি নাই,।ধন্যবাদ দরাজ কে।","জাস্ট অসাধারণ. সাউন্ড এর কোয়ালিটি অনেক অনেক ভালো, এতো কম টাকায় এত সুন্দর একটা হেডফোন পাবো কখনও ভাবতে পারি নাই, ধন্যবাদ দরাজ কে.",price_positive#product_quality_positive
540,50781698191610,"আলহামদুলিল্লাহ ;
 প্রোডাক্টটি রিসিভ করে তিন দিন ব্যবহার করে রিভিউ দিলাম। দাম অনুযায়ী ভালই ছিল। প্রোডাক্টটি ভালোভাবেই চলছিল।সাউন্ড কোয়ালিটি ঠিক ছিল  কোন প্রকার সমস্যা দেখা দেয়নি, আপনারা চাইলে নিতে পারেন

ধন্যবাদ দারাজ এবং সেলারকে","আলহামদুলিল্লাহ প্রোডাক্টটি রিসিভ করে তিন দিন ব্যবহার করে রিভিউ দিলাম দাম অনুযায়ী ভালই ছিল প্রোডাক্টটি ভালোভাবেই চলছিল সাউন্ড কোয়ালিটি ঠিক ছিল কোন প্রকার সমস্যা দেখা দেয়নি, আপনারা চাইলে নিতে পারেন ধন্যবাদ দারাজ এবং সেলারকে.",price_positive#product_quality_positive
541,51615559491610,"Ajkeii hath e paisi 
eta basically realme airpod low quality 
Sound e 7/10 
Shamanno Crystal sound dei
charge bhaloi thake 
Bass ektu kom
jeta expect korsilam seta painai 
crowd area te sound kom shuna jai
Microphone o motamoti thik ase
Price point e thik I ase 
however delivery man er behavior bhalo chilo",Ajkeii hath e paisi eta basically realme airpod low quality Sound e 7 10 Shamanno Crystal sound dei charge bhaloi thake Bass ektu kom jeta expect korsilam seta painai crowd area te sound kom shuna jai Microphone o motamoti thik ase Price point e thik I ase however delivery man er behavior bhalo chilo.,delivery_positive#price_neutral#product_quality_neutral
542,49844325291610,"very very bad, ekta🤬🤬 nosto , charge temn thake na,🤬 hard type r,🤬 kan e betha lage, kew🤬 nia tk nosto korben na😡😡","very very bad, ekta nosto , charge temn thake na, hard type r, kan e betha lage, kew nia tk nosto korben na.",product_quality_negative
543,52592571091610,"আলহামদুলিল্লাহ অর্ডারের এক সপ্তা একদিন পরে পেলাম।
কম দামে অনেক ভালো প্রোডাক্ট..... যারা নিতে চাচ্ছেন চোখ বুজে কিনতে পারেন 🙂 দা অনুযায়ী সাউন্ড লাউড এন্ড ক্লিন ।
আর রিবুটা জুতার উপর দিচ্ছি কারণ কি ডেলিভারি ম্যানকে জুতা মারা উচিত ছিল 🤣🥲🐶",আলহামদুলিল্লাহ অর্ডারের এক সপ্তা একদিন পরে পেলাম কম দামে অনেক ভালো প্রোডাক্ট.. যারা নিতে চাচ্ছেন চোখ বুজে কিনতে পারেন দা অনুযায়ী সাউন্ড লাউড এন্ড ক্লিন আর রিবুটা জুতার উপর দিচ্ছি কারণ কি ডেলিভারি ম্যানকে জুতা মারা উচিত ছিল.,delivery_negative#price_positive#product_quality_positive
544,50368345191610,delevery  fast silo.. sound quality 10/4 r upore slide korle auto off hoy niche slide korle abr on hoy onkei vul vabte paren j auto off hoy asole aita system Alhamdulillah motamuti vlo ase chaile nite paren❤️❤️❤️,delevery fast silo.. sound quality 10 4 r upore slide korle auto off hoy niche slide korle abr on hoy onkei vul vabte paren j auto off hoy asole aita system Alhamdulillah motamuti vlo ase chaile nite paren.,delivery_positive#product_quality_neutral
545,53444505991610,"jinis ta motamoti price hisabe valo, sound valo, change back up aktu kom kintu price hisabe thik ase","jinis ta motamoti price hisabe valo, sound valo, change back up aktu kom kintu price hisabe thik ase.",price_neutral#product_quality_neutral
546,51124503691610,Sound quality valo but Products quality akdom kharip R packaging kotha ki bolbo akdom kharip cilo tar karon ami age pement korcilam  hoi to tar jonno hoita pare ...,Sound quality valo but Products quality akdom kharip R packaging kotha ki bolbo akdom kharip cilo tar karon ami age pement korcilam hoi to tar jonno hoita pare ..,packaging_negative#product_quality_negative
547,50009059791610,"ভালোই মনে হচ্ছে, কিন্তু অন হচ্ছে না ‌ চার্জে লাগিয়েছি এখন দেখা যাক। প্যাকেজিং অতএকটা ভালো ছিল না।
কম দামে ভালোই জিনিস। 
এখন দেখা যাক কতদিন চলে।","ভালোই মনে হচ্ছে, কিন্তু অন হচ্ছে না চার্জে লাগিয়েছি এখন দেখা যাক প্যাকেজিং অতএকটা ভালো ছিল না কম দামে ভালোই জিনিস এখন দেখা যাক কতদিন চলে.",packaging_neutral#price_positive#product_quality_positive
548,52969142491610,"দাম অনুযায়ী খারাপ না ভালোই , কিন্তু মতে হচ্ছে। সাউন্ড কোয়ালিটি ও ভালো কিন্তু আর একটু বেশি সাউন্ড থাকা উচিত ছিল যেমনই,তার পর ও বলবো যে এই দমে ব্লুটুথ হেডফোন পাওয়া গেছে এইটাই ভালো।
তাও আবার চার্জার পয়েন্ট টাইপ-ছি কেবল দিয়ে।

ধন্যবাদ ভাই আপনাকে অসংখ্য,,আর ঈদের শুভেচ্ছা রইল।।।

২ দিন এর ভিতর ডেলিভারি দেওয়া জন্য দারাজকে ও ধন্যবাদ 😻😻😻😻","দাম অনুযায়ী খারাপ না ভালোই , কিন্তু মতে হচ্ছে সাউন্ড কোয়ালিটি ও ভালো কিন্তু আর একটু বেশি সাউন্ড থাকা উচিত ছিল যেমনই,তার পর ও বলবো যে এই দমে ব্লুটুথ হেডফোন পাওয়া গেছে এইটাই ভালো তাও আবার চার্জার পয়েন্ট টাইপ-ছি কেবল দিয়ে ধন্যবাদ ভাই আপনাকে অসংখ্য,,আর ঈদের শুভেচ্ছা রইল ২ দিন এর ভিতর ডেলিভারি দেওয়া জন্য দারাজকে ও ধন্যবাদ.",delivery_positive#price_positive#product_quality_positive
549,50476999391610,Vlo.. tobe Samsung er opre jei light ta ace oita jole na..amne dam onojayi baki sbkico thik thak.Touch sensor work kore..Overall good..,Vlo.. tobe Samsung er opre jei light ta ace oita jole na..amne dam onojayi baki sbkico thik thak.Touch sensor work kore..Overall good..,price_positive#product_quality_positive
550,54355202291610,"প্যাকেটের অবস্থা খারাপ ছিলো। 

সাউন্ড কোয়ালিটি ভালোই আছে। 

মাত্র হাতে পেলাম চার্জ কেমন থাকে সেটা কিছুক্ষণ চালানোর পরেই বুঝতে পারবো",প্যাকেটের অবস্থা খারাপ ছিলো সাউন্ড কোয়ালিটি ভালোই আছে মাত্র হাতে পেলাম চার্জ কেমন থাকে সেটা কিছুক্ষণ চালানোর পরেই বুঝতে পারবো.,packaging_negative
551,51421851991610,"vai product e one plus er kono logo nai
 আর packaging ত ভাংগা

2week use kore dekhlam khub e buje amar 360tk e jole gelo

eto batpar salara
bangali valo hobe na kono din
kemne onnoke bash diya boro hoibo sei dhandhaye thake

one plus maraice salar dhandha baj
5star dilam jate review ta uporer dike thake

but sotti kotha bolte kono star pabar joggo na
 charrg thake na
abar left ear er ta charg hoy na


keu niben na",vai product e one plus er kono logo nai আর packaging ত ভাংগা 2week use kore dekhlam khub e buje amar 360tk e jole gelo eto batpar salara bangali valo hobe na kono din kemne onnoke bash diya boro hoibo sei dhandhaye thake one plus maraice salar dhandha baj 5star dilam jate review ta uporer dike thake but sotti kotha bolte kono star pabar joggo na charrg thake na abar left ear er ta charg hoy na keu niben na.,packaging_negative#product_quality_negative
552,54493173591610,"আমি Daraz এর নিয়মিত ক্লায়েন্ট। প্রতিবার অর্ডারের সময় একটি ভয়ে থাকি। মাঝে মধ্যে একটু বাজে কোয়ালিটির প্রোডাক্ট পাই। তবে দাম অনুযায়ী এই airpods টা আসলেই ভালো।
কিন্তু প্যাকেজিং টা আরেকটু ভালো হতে পারতো। ধন্যবাদ সেলারকে।",আমি Daraz এর নিয়মিত ক্লায়েন্ট প্রতিবার অর্ডারের সময় একটি ভয়ে থাকি মাঝে মধ্যে একটু বাজে কোয়ালিটির প্রোডাক্ট পাই তবে দাম অনুযায়ী এই airpods টা আসলেই ভালো কিন্তু প্যাকেজিং টা আরেকটু ভালো হতে পারতো ধন্যবাদ সেলারকে.,packaging_neutral#price_positive#product_quality_positive
553,51010949191610,"প্রোডাক্টটি সত্যিই অমায়িক.... পুরাই এক এর ক..... আপনারা চাইলে নিতে পারেন 

ধন্যবাদ ডেলিভারি ম্যান ও সেলারকে....",প্রোডাক্টটি সত্যিই অমায়িক.. পুরাই এক এর ক.. আপনারা চাইলে নিতে পারেন ধন্যবাদ ডেলিভারি ম্যান ও সেলারকে..,product_quality_positive
554,50680739091610,"এক কথায় অসাধারণ , সাউন্ড কোয়ালিটি খুব ভালো ।

শুধু একটা অভিযোগ আছে সেটা হলো আপনারা ডেলিভারি চার্জ রাখেন ৬০ বা ৭০ টাকা ভালো কথা সেটার পর ক্যাশ অন ডেলিভারিতে দশ টাকার এক্সট্রা কেন নেন???? তো দেখা যায় কোন কিছু কিনতে গেলে সেটার দাম যদি ১০০ বা ২০০ বা ৩০০ টাকা হয় ডেলিভারি চার্জই আসে ৬০ বা ৬৫ টাকা এরপর আবার ক্যাশ অন ডেলিভারিতে আরো দশ টাকা এক্সট্রা । এটা খুবই কষ্ট লাগে । এই অতিরিক্ত ডেলিভারি চার্জ এবং ডেলিভারিতে দশ টাকা এক্সট্রা হওয়ার কারণে আমি অর্ডার দিতে পারি না । ২০২২-২০২৩ এর দিকে ডেলিভারি চার্জ কম ছিল তখন আমি প্রচুর পরিমাণে অর্ডার করতাম । আপনাদের প্রত্যেকটা সেলার কেই বলছি দয়া করে একটু ডেলিভারি চার্জ টা কমান, প্লিজ 😢","এক কথায় অসাধারণ , সাউন্ড কোয়ালিটি খুব ভালো শুধু একটা অভিযোগ আছে সেটা হলো আপনারা ডেলিভারি চার্জ রাখেন ৬০ বা ৭০ টাকা ভালো কথা সেটার পর ক্যাশ অন ডেলিভারিতে দশ টাকার এক্সট্রা কেন নেন?? তো দেখা যায় কোন কিছু কিনতে গেলে সেটার দাম যদি ১০০ বা ২০০ বা ৩০০ টাকা হয় ডেলিভারি চার্জই আসে ৬০ বা ৬৫ টাকা এরপর আবার ক্যাশ অন ডেলিভারিতে আরো দশ টাকা এক্সট্রা এটা খুবই কষ্ট লাগে এই অতিরিক্ত ডেলিভারি চার্জ এবং ডেলিভারিতে দশ টাকা এক্সট্রা হওয়ার কারণে আমি অর্ডার দিতে পারি না ২০২২-২০২৩ এর দিকে ডেলিভারি চার্জ কম ছিল তখন আমি প্রচুর পরিমাণে অর্ডার করতাম আপনাদের প্রত্যেকটা সেলার কেই বলছি দয়া করে একটু ডেলিভারি চার্জ টা কমান, প্লিজ.",product_quality_positive
555,53995629491610,"অনেক দিন চালিয়ে রিভিউ দিলাম, 
খুবই বাজে প্রোডাক্ট। অটোমেটিক অন অফ হয়, ফিঙ্গারপ্রিন্ট অটোমেটিক কাজ করে। আর মনে হয় ভিতরে কোন ব্যাটারি নেই একেবারে হালকা। 🤬🤬","অনেক দিন চালিয়ে রিভিউ দিলাম, খুবই বাজে প্রোডাক্ট অটোমেটিক অন অফ হয়, ফিঙ্গারপ্রিন্ট অটোমেটিক কাজ করে আর মনে হয় ভিতরে কোন ব্যাটারি নেই একেবারে হালকা.",product_quality_negative
556,54123700891610,এটি আমার কেনা প্রথম অনলাইন প্রোডাক্ট। এই airpods এর কোয়ালিটি প্রাইস অনুযায়ী ভালো। আমি সাজেস্ট করবো এর সাথে চার্জিং ক্যাবল টা আরেকটু ভালো দেওয়া উচিত।,এটি আমার কেনা প্রথম অনলাইন প্রোডাক্ট এই airpods এর কোয়ালিটি প্রাইস অনুযায়ী ভালো আমি সাজেস্ট করবো এর সাথে চার্জিং ক্যাবল টা আরেকটু ভালো দেওয়া উচিত.,price_positive#product_quality_positive
557,50300997191610,"খুব বাজে একটা প্রোডাক্ট প্রথমত realme হোয়াইট ইয়ার অর্ডার করছিলাম বাট প্রোডাক্ট এ কোন ব্র্যান্ডের নাম নেই দ্বিতীয়ত কেবল দিয়ে চার্জ দিলে চার্জ উত্তেচি কিনা তার কোন লাইট জলে না । চার্জিং ক্যাবল পাই নাই।
ভাবতাছি ঠিক আছে কিনা চার্জ শেষ হওয়ার পরে প্রোডাক্টটি আর চলবে কিনা। বুঝতেছিনা রিটার্ন দিতে চাইলে রিটার্ন প্রোডাক্ট নিচ্ছেনা অর্থাৎ কনফার্ম হচ্ছে না। আর",খুব বাজে একটা প্রোডাক্ট প্রথমত realme হোয়াইট ইয়ার অর্ডার করছিলাম বাট প্রোডাক্ট এ কোন ব্র্যান্ডের নাম নেই দ্বিতীয়ত কেবল দিয়ে চার্জ দিলে চার্জ উত্তেচি কিনা তার কোন লাইট জলে না চার্জিং ক্যাবল পাই নাই ভাবতাছি ঠিক আছে কিনা চার্জ শেষ হওয়ার পরে প্রোডাক্টটি আর চলবে কিনা বুঝতেছিনা রিটার্ন দিতে চাইলে রিটার্ন প্রোডাক্ট নিচ্ছেনা অর্থাৎ কনফার্ম হচ্ছে না আর.,product_quality_negative
558,50208880291610,"প্রাইসের তুলনায় অনেক ভালো একটি প্রোডাক্ট।
চার্জ ও অনেক সময় থাকে এবং সাউন্ড কোয়ালিটি অন্তত সুন্দর 
জিনিস টাও দামি দামি মনে হয়। কানে লাগালে স্মার্ট স্মার্ট ফিল হয়।
ধন্যবাদ সেলার ভাইকে পন্য টি দ্বিতীয় দিনেও আমার কাছে ভালো ভাবে পৌছে দেওয়ার জন্য।।",প্রাইসের তুলনায় অনেক ভালো একটি প্রোডাক্ট চার্জ ও অনেক সময় থাকে এবং সাউন্ড কোয়ালিটি অন্তত সুন্দর জিনিস টাও দামি দামি মনে হয় কানে লাগালে স্মার্ট স্মার্ট ফিল হয় ধন্যবাদ সেলার ভাইকে পন্য টি দ্বিতীয় দিনেও আমার কাছে ভালো ভাবে পৌছে দেওয়ার জন্য.,delivery_positive#price_positive#product_quality_positive
559,51204311891610,"অল্প সময়ের মধ্যে ডেলিভারি দিয়েছেন এই জন্য অসংখ্য ধন্যবাদ। ডেলিভারি ম্যান রিপন ভাই অতন্ত ভদ্র মানুষ। রিপন ভাই  কে অনেকক্ষণ অপেক্ষায় রাখার পর পন্য সংগ্রহ করছি কিন্তু রিপন ভাই একটু বিরক্ত বোধ করেন নি। এই জন্য আবার ধন্যবাদ 
সবশেষে প্রোডাক্ট টি দাম হিসাবে ঠিক আছে। আপনারা সবাই প্রোডাক্ট টি নিতে পারেন।",অল্প সময়ের মধ্যে ডেলিভারি দিয়েছেন এই জন্য অসংখ্য ধন্যবাদ ডেলিভারি ম্যান রিপন ভাই অতন্ত ভদ্র মানুষ রিপন ভাই কে অনেকক্ষণ অপেক্ষায় রাখার পর পন্য সংগ্রহ করছি কিন্তু রিপন ভাই একটু বিরক্ত বোধ করেন নি এই জন্য আবার ধন্যবাদ সবশেষে প্রোডাক্ট টি দাম হিসাবে ঠিক আছে আপনারা সবাই প্রোডাক্ট টি নিতে পারেন.,delivery_positive#price_positive#product_quality_positive
560,54090508291610,"আমি দুই মাস use করে রিভিউ দিলাম।ভালো খুবই ভালো দারাজ থেকে এখন পযন্ত সব ঠিকঠাক পাইসি আলহামদুলিল্লাহ ❤️🙂❤️
কিন্তু  ডেলিভারি চার্জ বেশি হওয়ার জন্য মূলত কিছু অর্ডার দেওয়ার ইচ্ছা হয় না 💔 ধন্যবাদ দারাজ কে",আমি দুই মাস use করে রিভিউ দিলাম ভালো খুবই ভালো দারাজ থেকে এখন পযন্ত সব ঠিকঠাক পাইসি আলহামদুলিল্লাহ কিন্তু ডেলিভারি চার্জ বেশি হওয়ার জন্য মূলত কিছু অর্ডার দেওয়ার ইচ্ছা হয় না ধন্যবাদ দারাজ কে.,product_quality_positive
561,49645705591610,"প্রোডাক্ট টা খুবই ভালো। ৩৩২ টাকায় সাউন্ড কোয়ালিটি এবং চার্জ খুবই ভালো।
আমি এক সপ্তাহ যাবত রাফ ইউজ করতেছি, চার্জ নিতে খুব কম সময় লাগে। এয়ারপড এ ২-২:৩০ ঘন্টা চলে যায় ৬০% সাউন্ডে।  
আর কেস এ দুইবার চার্জ দেয়া যায়।  
প্রোডাক্ট খুবই ভালো নিতে পারেন।","প্রোডাক্ট টা খুবই ভালো ৩৩২ টাকায় সাউন্ড কোয়ালিটি এবং চার্জ খুবই ভালো আমি এক সপ্তাহ যাবত রাফ ইউজ করতেছি, চার্জ নিতে খুব কম সময় লাগে এয়ারপড এ ২-২ ৩০ ঘন্টা চলে যায় ৬০ সাউন্ডে আর কেস এ দুইবার চার্জ দেয়া যায় প্রোডাক্ট খুবই ভালো নিতে পারেন.",product_quality_positive
562,49776354091610,আসলে স্বল্প দামের মধ্যে কেউ যদি এরকম ইয়ারবাড নিতে চায় তাহলে এটা বেস্ট হবে ।এটি পড়তে এবং দেখতে দুটোই ভালো ।দাম কম হওয়ার পরও যেটি দিছে সেই হিসেবে অনেক ভালো ।,আসলে স্বল্প দামের মধ্যে কেউ যদি এরকম ইয়ারবাড নিতে চায় তাহলে এটা বেস্ট হবে এটি পড়তে এবং দেখতে দুটোই ভালো দাম কম হওয়ার পরও যেটি দিছে সেই হিসেবে অনেক ভালো.,price_positive#product_quality_positive
563,49812133691610,আলহামদুলিল্লাহ প্রোডাক্টি অনেক ভালো। ১ দিন ব্যবহার করে রিভিউ দিচ্ছি।  এটার সাউন্ডসহ সব কোয়ালিটি অনেক ভালো। চার্জ ৪-৫ ঘন্টা অনায়াসে চালানো যায়। আর ডেলিভারি ম্যান এর আচরণ অনেক ভালো ছিল। আপনারা চাইলে নিতে পারেন। 100% Good.,আলহামদুলিল্লাহ প্রোডাক্টি অনেক ভালো ১ দিন ব্যবহার করে রিভিউ দিচ্ছি এটার সাউন্ডসহ সব কোয়ালিটি অনেক ভালো চার্জ ৪-৫ ঘন্টা অনায়াসে চালানো যায় আর ডেলিভারি ম্যান এর আচরণ অনেক ভালো ছিল আপনারা চাইলে নিতে পারেন 100 Good.,delivery_positive#product_quality_positive
564,50867865491610,"কিনা পর আজ ২দিন পর রিভিউ দিলাম ২-২.৩০ চার্জ থাকে। কেসিং ৩ বার চার্জ দেওয়া যাই,  বলা চলে তেমন ভালো না","কিনা পর আজ ২দিন পর রিভিউ দিলাম ২-২.৩০ চার্জ থাকে কেসিং ৩ বার চার্জ দেওয়া যাই, বলা চলে তেমন ভালো না.",product_quality_negative
565,49885869091610,"৩দিন ব্যবহার করে রিভিউ দিচ্ছি একদম বাজে প্রডাক্ট ফুল চার্জ করার পরেও বোক্স থেকে একবার চার্জ করা যায় না,,,,,, চার্জ তারাতাড়ি শেষ হয়ে যায়","৩দিন ব্যবহার করে রিভিউ দিচ্ছি একদম বাজে প্রডাক্ট ফুল চার্জ করার পরেও বোক্স থেকে একবার চার্জ করা যায় না,, চার্জ তারাতাড়ি শেষ হয়ে যায়.",product_quality_negative
566,55039511791610,dam onujayi valoi ache.. charge backup o valo.. tobe charging cable ta luss connection pay.. sound quality & high sound duita kane dile bairer kno sounds nai..🙂👍 sob e thik ache but airpod ta onk halka..,dam onujayi valoi ache.. charge backup o valo.. tobe charging cable ta luss connection pay.. sound quality high sound duita kane dile bairer kno sounds nai.. sob e thik ache but airpod ta onk halka..,price_positive#product_quality_positive
567,53421197891610,যেমনটা অর্ডার করেছিলাম ঠিক তেমনই দিয়েছে সাউন্ড কোয়ালিটি খুব সুন্দর শুধু ডেলিভারি চার্জ একটু বেশি।,যেমনটা অর্ডার করেছিলাম ঠিক তেমনই দিয়েছে সাউন্ড কোয়ালিটি খুব সুন্দর শুধু ডেলিভারি চার্জ একটু বেশি.,product_quality_positive
568,48601848791610,দাম অনুযায়ী আলহামদুলিল্লাহ ভালোই।এখন দেখি কতদিন যাই।🤞,দাম অনুযায়ী আলহামদুলিল্লাহ ভালোই এখন দেখি কতদিন যাই.,price_positive#product_quality_positive
569,49899568891610,"Everything ok . Sudhu charge backup ta kom tobe dam 
Onujaye valo ache .apnara chaile nite paren",Everything ok . Sudhu charge backup ta kom tobe dam Onujaye valo ache .apnara chaile nite paren.,product_quality_positive
570,54872055991610,"price hisebe thik ache but battery 🔋 backup ektu 2-3hours jay
100 % Recommended in this price",price hisebe thik ache but battery backup ektu 2-3hours jay 100 Recommended in this price.,price_positive#product_quality_positive
571,49850131891610,"Bad review dichilam but Alhamdulillah TWS ta khubi valo, delivery howar duidin por hate pelam","Bad review dichilam but Alhamdulillah TWS ta khubi valo, delivery howar duidin por hate pelam.",delivery_positive#product_quality_positive
572,51029771291610,"dam hesabe a ok
but koto din cole ata dekta hobe
are charge kemon thekba ta bolta pari na",dam hesabe a ok but koto din cole ata dekta hobe are charge kemon thekba ta bolta pari na.,product_quality_positive
573,48841692991610,"মোটামুটি চলো সবাই নিতে পাড়েন 
অসাধারণ",মোটামুটি চলো সবাই নিতে পাড়েন অসাধারণ.,product_quality_neutral
574,50746891091610,"কিছুক্ষন আগে পেলাম খুব ভালো প্রোডাক্ট, যেমন চাইসি তেমনই পেলাম, সাউন্ড কোয়ালিটি অস্থির 🦋","কিছুক্ষন আগে পেলাম খুব ভালো প্রোডাক্ট, যেমন চাইসি তেমনই পেলাম, সাউন্ড কোয়ালিটি অস্থির.",product_quality_positive
575,53970044691610,বন্ধুদের জন্য তিনটা অর্ডার দিছিলাম।এর আগে নিজের জন্য একটা আনছিলাম।আলহামদুলিল্লাহ ভালোই।,বন্ধুদের জন্য তিনটা অর্ডার দিছিলাম এর আগে নিজের জন্য একটা আনছিলাম আলহামদুলিল্লাহ ভালোই.,product_quality_positive
576,49899565391610,"দাম অনুযায়ী প্রোডাক্ট মোটামুটি ভালই আপনারা চাইলে নিতে পারেন।
সেলারের ব্যবহার খুবই ভালো।",দাম অনুযায়ী প্রোডাক্ট মোটামুটি ভালই আপনারা চাইলে নিতে পারেন সেলারের ব্যবহার খুবই ভালো.,seller_service_positive#price_neutral#product_quality_neutral
577,53973137191610,Alhamdulellah dam Er dik tekhe airpots Ta onek vlo🖤🤍2 diner moddei hate paisi 🫀❤️‍🩹,Alhamdulellah dam Er dik tekhe airpots Ta onek vlo 2 diner moddei hate paisi.,delivery_positive#price_positive#product_quality_positive
578,53535454491610,onk valo ekta product... timely peyechi.. sound onk valo ... overall I'm satisfied 😌,onk valo ekta product.. timely peyechi.. sound onk valo .. overall I'm satisfied.,delivery_positive#product_quality_positive
579,51192605291610,সাউন্ড কোয়ালিটি ভালোই। দাম অনুযায়ী খারাপ না। ব্যবহার করলে বুঝা যাবে চার্জ কতক্ষণ থাকে।,সাউন্ড কোয়ালিটি ভালোই দাম অনুযায়ী খারাপ না ব্যবহার করলে বুঝা যাবে চার্জ কতক্ষণ থাকে.,price_positive#product_quality_positive
580,50585537091610,onak sundor akta product sobai nita paran.gaming ar jonno onak valo.sound quality valo,onak sundor akta product sobai nita paran.gaming ar jonno onak valo.sound quality valo.,product_quality_positive
581,50572916691610,product er colour combination Valo chilo but delivery man er behaviour Valo chilo n🤙,product er colour combination Valo chilo but delivery man er behaviour Valo chilo n.,delivery_negative#product_quality_positive
582,52760054491610,"ভালোই মনে হচ্ছে, কিন্তু আমি ওর্ডার করছিলাম samsung এর টা কিন্তু দিছে Realme এর টা 🥲","ভালোই মনে হচ্ছে, কিন্তু আমি ওর্ডার করছিলাম samsung এর টা কিন্তু দিছে Realme এর টা.",product_quality_positive
583,48700033791610,সব ভালোই ব্যাটারি ব্যাকআপ একটু কম,সব ভালোই ব্যাটারি ব্যাকআপ একটু কম.,product_quality_positive
584,53694203991610,Onek valo..sound quality o onk sundor..kane onk khn porle bethao hoyna..nite paren,Onek valo..sound quality o onk sundor..kane onk khn porle bethao hoyna..nite paren.,product_quality_positive
585,50005169891610,MOTA MOTi ami realme ar ta order dicilam but dise arimo but sounds good base o valo,MOTA MOTi ami realme ar ta order dicilam but dise arimo but sounds good base o valo.,product_quality_neutral
586,49889569491610,একদম বাজে চার্জ থাকে না বললেই চলে কেস থেকেও চার্জ হয় না 10 মিনিটও চার্জ থাকে না,একদম বাজে চার্জ থাকে না বললেই চলে কেস থেকেও চার্জ হয় না 10 মিনিটও চার্জ থাকে না.,product_quality_negative
587,50959967391610,"প্লাস্টিক বোডি..!

ভালই দাম হিসাবে। আজকে 7 দিন পর রিভিও দিচ্ছি।চার্জ চলে 2 দিন।",প্লাস্টিক বোডি..! ভালই দাম হিসাবে আজকে 7 দিন পর রিভিও দিচ্ছি চার্জ চলে 2 দিন.,price_positive#product_quality_positive
588,48601902791610,Onek Onek valo. Dam tao Onek Kom.,Onek Onek valo. Dam tao Onek Kom.,price_positive#product_quality_positive
589,49904744891610,এই প্রথম Daraz এ review dilam ai product ta just ossume jemon sound tamon bess,এই প্রথম Daraz এ review dilam ai product ta just ossume jemon sound tamon bess.,product_quality_positive
590,49568038091610,"কিছু খারাপ বলার নাই,,, এক কথায় সেই👀🥵।।এই প্রথম দারাজের মতন বাটপার সাইট থিকা ভালো জিনিস পাইলাম ✅✅","কিছু খারাপ বলার নাই,, এক কথায় সেই এই প্রথম দারাজের মতন বাটপার সাইট থিকা ভালো জিনিস পাইলাম.",product_quality_positive
591,50990747791610,dam onojai 10a 10 onek khon gun sonlam valo oi kom dam a chaile nite paren ❤️,dam onojai 10a 10 onek khon gun sonlam valo oi kom dam a chaile nite paren.,price_positive#product_quality_positive
592,50336297191610,"kubi sundor buds apnar caile nite pare sound o bhalo
tnx hedaya and tnx daraz",kubi sundor buds apnar caile nite pare sound o bhalo tnx hedaya and tnx daraz.,product_quality_positive
593,50362782891610,প্রথমে ভেবেছিলাম নষ্ট চার্জ দেওয়ার পর কাজ করছে ভালোই দাম অনুযায়ি খুব ভালো।,প্রথমে ভেবেছিলাম নষ্ট চার্জ দেওয়ার পর কাজ করছে ভালোই দাম অনুযায়ি খুব ভালো.,price_positive#product_quality_positive
594,50164788591610,অনেক ভালো সবাই‌ নিতে পারেন ।কোন সমস্যা নেই এতো কম‌ দামে অনেক ভালো প্রোডাক্ট,অনেক ভালো সবাই নিতে পারেন কোন সমস্যা নেই এতো কম দামে অনেক ভালো প্রোডাক্ট.,price_positive#product_quality_positive
595,44320518791610,vai onek valo akta product kom dame best sound quality o onek valo,vai onek valo akta product kom dame best sound quality o onek valo.,price_positive#product_quality_positive
596,51126574591610,"আলহামদুলিল্লাহ দারাজ থেকে পন্যটি পেয়ে আমি অনেক খুশি
airpods গুলো অনেক ভালো",আলহামদুলিল্লাহ দারাজ থেকে পন্যটি পেয়ে আমি অনেক খুশি airpods গুলো অনেক ভালো.,product_quality_positive
597,54099535391610,5 din us kore revu  delam  onek vlo dam onu jaie. sund kulati o onek valo,5 din us kore revu delam onek vlo dam onu jaie. sund kulati o onek valo.,product_quality_positive
598,53490205291610,"ডেলিভারি দিতে অনেক দেরি করছে

কিন্তু মালটা করা
 সবাই নিশ্চিতে নিতে পারেন",ডেলিভারি দিতে অনেক দেরি করছে কিন্তু মালটা করা সবাই নিশ্চিতে নিতে পারেন.,delivery_negative#product_quality_positive
599,50932795991610,"VALOI DAM DISHABE KHUB VALO
STERIO SOUND VALOI LAGE VALO BASS DITE PARE",VALOI DAM DISHABE KHUB VALO STERIO SOUND VALOI LAGE VALO BASS DITE PARE.,price_positive#product_quality_positive
600,51221723791610,"Order korlam kunta ar dilen kunta🙄..By the way,Product ta valoi ase..✅","Order korlam kunta ar dilen kunta ..By the way,Product ta valoi ase..",product_quality_positive
601,50708418691610,"*প্যাকেজিং ভালো ছিলো না 
 *একটা কম শোনা যায় 
*তাছাড়া সব ঠিক ঠাক আছে",প্যাকেজিং ভালো ছিলো না একটা কম শোনা যায় তাছাড়া সব ঠিক ঠাক আছে.,packaging_negative#product_quality_positive
602,52999134991610,Amar ta Valo na . Charge taka na  . akta Valo ar akta Valo na nosto .,Amar ta Valo na . Charge taka na . akta Valo ar akta Valo na nosto .,product_quality_negative
603,50257906591610,"প্রোডাক্ট ভালো!
দাম অনুসারে সাউন্ড কোয়ালিটি ও ব্যাটারি টাইম যথেষ্ট।",প্রোডাক্ট ভালো! দাম অনুসারে সাউন্ড কোয়ালিটি ও ব্যাটারি টাইম যথেষ্ট.,price_positive#product_quality_positive
604,54130840791610,"Best sound quality 👌
Ei price er moddhe seraaa...!!
sobai nite paren",Best sound quality Ei price er moddhe seraa..!! sobai nite paren.,price_positive#product_quality_positive
605,53917969491610,"মাশাল্লাহ, খুবই ভালো একটি প্রোডাক্ট।আপনারাও নিসন্দেহে নিতে পারেন।","মাশাল্লাহ, খুবই ভালো একটি প্রোডাক্ট আপনারাও নিসন্দেহে নিতে পারেন.",product_quality_positive
606,50416332491610,আমি একদিন চালিয়ে রিভিউ দিচ্ছি এটা অনেক ভালো চার্জ  ৩ ঘন্টা টিকে,আমি একদিন চালিয়ে রিভিউ দিচ্ছি এটা অনেক ভালো চার্জ ৩ ঘন্টা টিকে.,product_quality_positive
607,54524273191610,onk vhlo sound ashe jinis ta onk vhlo apnara perches korte paren,onk vhlo sound ashe jinis ta onk vhlo apnara perches korte paren.,product_quality_positive
608,49909314691610,ডেলিভারি চার্জসহ ৪৩৫ টাকা পড়েছে মোটামুটি ভালই  নীলে নিতে পারেন,ডেলিভারি চার্জসহ ৪৩৫ টাকা পড়েছে মোটামুটি ভালই নীলে নিতে পারেন.,product_quality_neutral
609,50940210791610,"এত কম দামে এত ভালো প্রোডাক্ট, আলহামদুলিল্লাহ, অসংখ্য ধন্যবাদ।","এত কম দামে এত ভালো প্রোডাক্ট, আলহামদুলিল্লাহ, অসংখ্য ধন্যবাদ.",price_positive#product_quality_positive
610,51171181391610,ভালোই ব্যবহার করছি কিন্তু হুটহাট কারণ ছাড়াই ঝিরঝির সাউন্ড হয়☹️,ভালোই ব্যবহার করছি কিন্তু হুটহাট কারণ ছাড়াই ঝিরঝির সাউন্ড হয়.,product_quality_positive
611,49590013891610,১০ দিন ব্যবহার করে রিভিউ দিলাম খুব ভালো সাউন্ড কোয়ালিটি ভালো😐,১০ দিন ব্যবহার করে রিভিউ দিলাম খুব ভালো সাউন্ড কোয়ালিটি ভালো.,product_quality_positive
612,51304482891610,mota moti valo ar akto valo hole kosi hotam r hay kan beta,mota moti valo ar akto valo hole kosi hotam r hay kan beta.,product_quality_neutral
613,51514108491610,alhamdulillah i am satisfied...... apnara chaile nite paren,alhamdulillah i am satisfied.. apnara chaile nite paren.,product_quality_positive
614,45637918291610,"Joos ekti Product Cilo.. Bass, Sound, Charging Backup Osthir Cilo.   Ar Seller Ta Onak Valo Cilo 😊 Thanks Daraz Ato Sundor Product Dewar Jonno.","Joos ekti Product Cilo.. Bass, Sound, Charging Backup Osthir Cilo. Ar Seller Ta Onak Valo Cilo Thanks Daraz Ato Sundor Product Dewar Jonno.",seller_service_positive#product_quality_positive
615,51038349191610,price hisabe quality thik ache normal use er jonno parfact,price hisabe quality thik ache normal use er jonno parfact.,price_positive#product_quality_positive
616,51210135791610,৩৪০ টাকা হিসাবে ভালো। ডেলিভারি ম্যানের ব্যবহারও অনেক ভালো।,৩৪০ টাকা হিসাবে ভালো ডেলিভারি ম্যানের ব্যবহারও অনেক ভালো.,delivery_positive#price_positive#product_quality_positive
617,46721275891610,২.৫ ঘন্টার ব্যাকআপ পেয়েছি । মোটামুটি ভালো। প্যাকেজিংটা অনেক খারাপ ছিল 😭😭।,২.৫ ঘন্টার ব্যাকআপ পেয়েছি মোটামুটি ভালো প্যাকেজিংটা অনেক খারাপ ছিল.,packaging_negative#product_quality_neutral
618,50947123591610,"মোটামুটি ভালোই, এই airpods এ হোয়াটসঅ্যাপে কল রিসিভ হয়না।","মোটামুটি ভালোই, এই airpods এ হোয়াটসঅ্যাপে কল রিসিভ হয়না.",product_quality_neutral
619,49992664291610,sei akta product ato kom dame ato vlo product sei osthir,sei akta product ato kom dame ato vlo product sei osthir.,price_positive#product_quality_positive
620,54218156391610,প্রোডাক্টটি খুব ভালো সাউন্ড কোয়ালিটি আপনারা নিতে পারেন,প্রোডাক্টটি খুব ভালো সাউন্ড কোয়ালিটি আপনারা নিতে পারেন.,product_quality_positive
621,51002981991610,ভালো  না বন্ধ হয় চালু হয়   দারাজের লোকদের মাইর  দরকার,ভালো না বন্ধ হয় চালু হয় দারাজের লোকদের মাইর দরকার.,product_quality_negative
622,51602752391610,ভালো but চার্জ হচ্ছে না এই বিষয় টা ভালো লাগলো না 😡😡😡,ভালো but চার্জ হচ্ছে না এই বিষয় টা ভালো লাগলো না.,product_quality_positive
623,50918107891610,valo cilo aii damer modhee Alhamdulillah valoi peyesi..,valo cilo aii damer modhee Alhamdulillah valoi peyesi..,price_positive#product_quality_positive
624,49880723791610,alhamdulillah Dam anujay jinista valo thank you daraj..,alhamdulillah Dam anujay jinista valo thank you daraj..,product_quality_positive
625,45574875191610,"প্রোডাক্ট আলহামদুলিল্লাহ ভালো ধন্যবাদ দারাজকে 😊
কিন্তু প্রডাক্ট ইনটেক ছিলো না তাই ওই চ্যাপটা টেপ দিয়ে আটকিয়ে দেওয়া হইছে🥲
আশা করি পরেরবার এমনটা হবে না👍",প্রোডাক্ট আলহামদুলিল্লাহ ভালো ধন্যবাদ দারাজকে কিন্তু প্রডাক্ট ইনটেক ছিলো না তাই ওই চ্যাপটা টেপ দিয়ে আটকিয়ে দেওয়া হইছে আশা করি পরেরবার এমনটা হবে না.,product_quality_positive
626,50405615791610,"আলহামদুলিল্লাহ, পণ্য ভালই আছে,যে কেউ নিতে পারেন💕💕💕","আলহামদুলিল্লাহ, পণ্য ভালই আছে,যে কেউ নিতে পারেন.",product_quality_positive
627,51303377191610,সাউন্ড কোয়ালিটি অনেক বেশি। এককথায় বলতে গেলে খুব ভালো।,সাউন্ড কোয়ালিটি অনেক বেশি এককথায় বলতে গেলে খুব ভালো.,product_quality_positive
628,53079559191610,"balo acche.
apnara chaile nite paren
thanks daraz k",balo acche. apnara chaile nite paren thanks daraz k.,product_quality_positive
629,51137740591610,The sound quality is good considering the price. 👍,The sound quality is good considering the price.,price_positive#product_quality_positive
630,45230211691610,"একদম যেমন চেয়েছিলাম ঠিক তেমনি..  
অনেক অনেক ধন্যবাদ সেলার এবং ডেলিভারি ম্যান ভাই কেও অনেক  ভালো একজন মানুষ ডেলিভারি বয়..
জাই হক আপনারা চাইলেই চখ বন্ধ করে নিতে পারেন ১০০℅ অনেক ভালো  একটি প্রডাক্ট..সাউন্ড ও মারাত্তক..
 ধন্যবাদ..❤️",একদম যেমন চেয়েছিলাম ঠিক তেমনি.. অনেক অনেক ধন্যবাদ সেলার এবং ডেলিভারি ম্যান ভাই কেও অনেক ভালো একজন মানুষ ডেলিভারি বয়.. জাই হক আপনারা চাইলেই চখ বন্ধ করে নিতে পারেন ১০০ অনেক ভালো একটি প্রডাক্ট..সাউন্ড ও মারাত্তক.. ধন্যবাদ..,delivery_positive#product_quality_positive
631,45296439991610,ব্যাটারি কত পারসেন্ট চার্জ হয়েছে এই লোগোটা থাকলে খুবই ভালো হতো। তা ছাড়া ১০০ তে ১০০। তাছাড়া অন্য সব ঠিক আছে। আপনারা সবাই নিতে পারেন কোন সমস্যা নাই।,ব্যাটারি কত পারসেন্ট চার্জ হয়েছে এই লোগোটা থাকলে খুবই ভালো হতো তা ছাড়া ১০০ তে ১০০ তাছাড়া অন্য সব ঠিক আছে আপনারা সবাই নিতে পারেন কোন সমস্যা নাই.,product_quality_positive
632,49529218691610,valoie .... Sound Quality 100% koria Sonla Ok....R overall Valo,valoie .. Sound Quality 100 koria Sonla Ok..R overall Valo.,product_quality_positive
633,49920127691610,নিসন্দেহে নিতে পারেন।❤️❤️বেশি কিছু বলতে হবে না।,নিসন্দেহে নিতে পারেন বেশি কিছু বলতে হবে না.,product_quality_positive
634,50944349291610,ধন্যবাদ সেলার কে ভালো প্রোডাক্ট দেওয়ার জন্য।,ধন্যবাদ সেলার কে ভালো প্রোডাক্ট দেওয়ার জন্য.,product_quality_positive
635,49540051491610,কুতার বাচ্ছারা নষ্ট পণ্য দিছে। ব্যাটারি চার্জ নেয় না,কুতার বাচ্ছারা নষ্ট পণ্য দিছে ব্যাটারি চার্জ নেয় না.,product_quality_negative
636,51093674391610,product is good but  delivery men mc 😡😡😡,product is good but delivery men mc.,delivery_negative#product_quality_positive
637,49966788891610,এয়ারবার্ট টা  আসলেই অনেক ভালো কোয়ালিটির।,এয়ারবার্ট টা আসলেই অনেক ভালো কোয়ালিটির.,product_quality_positive
638,54596336491610,খুবই ভালো হয়েছে আপনারা সবাই নিতে পারেন ।,খুবই ভালো হয়েছে আপনারা সবাই নিতে পারেন.,product_quality_positive
639,51044673691610,"price onujay valoi, Sound quality o valo.","price onujay valoi, Sound quality o valo.",price_positive#product_quality_positive
640,55068216391610,মোটা মোটি ভালো। আরো কয়দিন চালানোর পর বোঝবো,মোটা মোটি ভালো আরো কয়দিন চালানোর পর বোঝবো.,product_quality_neutral
641,48944166391610,3 mas dore bebohar koci onek good prodak,3 mas dore bebohar koci onek good prodak.,product_quality_positive
642,51407831691610,আলহামদুলিল্লাহ অল্প টাকায় অনেক ভালো পণ্য,আলহামদুলিল্লাহ অল্প টাকায় অনেক ভালো পণ্য.,price_positive#product_quality_positive
643,51310132291610,motamote vaolo dam hisabe thik thak ase,motamote vaolo dam hisabe thik thak ase.,price_positive#product_quality_neutral
644,50980594291610,জিনিস টা অনেক ভালো এবং কোয়ালিটি ও ভালো,জিনিস টা অনেক ভালো এবং কোয়ালিটি ও ভালো.,product_quality_positive
645,51410506091610,"Good 🌸
valo ache Alhamdulillah valo 🌸",Good valo ache Alhamdulillah valo.,product_quality_positive
646,55044516191610,akta nosto.....mood tai nosto hoia gese,akta nosto..mood tai nosto hoia gese.,product_quality_negative
647,49622996691610,দাম অনুযায়ী ভালোই কিন্তু চার্জ থাকে দুই ঘন্টা,দাম অনুযায়ী ভালোই কিন্তু চার্জ থাকে দুই ঘন্টা.,price_positive#product_quality_positive
648,50542928591610,মোটামুটি ৬০০ টাকার জিনিস হিসেবে ভালো,মোটামুটি ৬০০ টাকার জিনিস হিসেবে ভালো.,price_positive#product_quality_positive
649,53451202291610,সাউন্ড কোয়ালিটি মোটামুটি ভালোই আছে।,সাউন্ড কোয়ালিটি মোটামুটি ভালোই আছে.,product_quality_positive
650,51107813991610,"product Valo ache🥰
j Kew nite paren",product Valo ache j Kew nite paren.,product_quality_positive
651,52387014991610,বোলোরোক্তি ভালই আপনারা নিতে পারেন,বোলোরোক্তি ভালই আপনারা নিতে পারেন.,product_quality_positive
652,51261334191610,দামের হিসেবে মান খুবই ভালো।,দামের হিসেবে মান খুবই ভালো.,price_positive#product_quality_positive
653,51747488491610,ak kothai best 😘 tnq Daraz,ak kothai best tnq Daraz.,product_quality_positive
654,54277655991610,mota moti vlo price hisebe,mota moti vlo price hisebe.,price_neutral#product_quality_neutral
655,53330928591610,"balo acche.
thanks daraz k",balo acche. thanks daraz k.,product_quality_positive
656,51609849991610,একদম বাজে কানেক্ট হয় না।,একদম বাজে কানেক্ট হয় না.,product_quality_negative
657,49635309391610,বাজেটের মধ্যে বেশ ভালো একটি প্রোডাক্ট,বাজেটের মধ্যে বেশ ভালো একটি প্রোডাক্ট.,price_positive#product_quality_positive
658,49542132791610,"অনেক ভালো প্রডাক্ট,, নিলে নিতে পারেন","অনেক ভালো প্রডাক্ট,, নিলে নিতে পারেন.",product_quality_positive
659,45080921191610,ek kothay onk valo ekta product r sellar vaiya ta o onk valo chilo,ek kothay onk valo ekta product r sellar vaiya ta o onk valo chilo.,seller_service_positive#product_quality_positive
660,45608056191610,"পণ্যটি অনেক ভালো সবাই নিতে পারেন 🙃☺️
থ্যাংকস টু সেলার",পণ্যটি অনেক ভালো সবাই নিতে পারেন থ্যাংকস টু সেলার.,product_quality_positive
661,48779673891610,খারাপ না দাম অনুযায়ী ঠিক আছে,খারাপ না দাম অনুযায়ী ঠিক আছে.,price_neutral#product_quality_neutral
662,43790087691610,অনেক অনেক অনেক ভালো একটা জিনিস পেলাম। ডেলিভারি অনেক তারাতারি পেয়েছি।। ধন্যবাদ সেলারকে💖,অনেক অনেক অনেক ভালো একটা জিনিস পেলাম ডেলিভারি অনেক তারাতারি পেয়েছি ধন্যবাদ সেলারকে.,delivery_positive#product_quality_positive
663,45297131991610,valo sobai nite paren ami onek gula nisi.,valo sobai nite paren ami onek gula nisi.,product_quality_positive
664,54058808991610,"এই দামে এই প্রোডাক্ট বেস্ট।কিছু প্রোবলেম হয়, যেমন ব্লুটুথ কানেক্ট হতে সমস্যা হয় মাঝে মধ্যে,আবার এক কানে কাজ ও করে না।","এই দামে এই প্রোডাক্ট বেস্ট কিছু প্রোবলেম হয়, যেমন ব্লুটুথ কানেক্ট হতে সমস্যা হয় মাঝে মধ্যে,আবার এক কানে কাজ ও করে না.",price_positive#product_quality_positive
665,50060639691610,"৫ দিন পর রিভিউ দিলাম। দাম হিসেবে চলে !! চার্জ ৫/৬ ঘন্টা বক্স সহ । আর এয়ার বাড থেকে ১/১.৫ ঘন্টা 😐 !, তা ছাড়া সব ঠিক 😵‍💫","৫ দিন পর রিভিউ দিলাম দাম হিসেবে চলে !! চার্জ ৫ ৬ ঘন্টা বক্স সহ আর এয়ার বাড থেকে ১ ১.৫ ঘন্টা !, তা ছাড়া সব ঠিক.",price_neutral#product_quality_neutral
666,51462456491610,"jinis ti balo . kinto babohar korar por bujte parbo. 
ar packing onek kharap .box sapa hoye giasilo.
ear pod ti connect korar por mobile kono video strat korle ta nije nije bondo hoi abar strat hoi . call dile ta nije nije Kate jai.",jinis ti balo . kinto babohar korar por bujte parbo. ar packing onek kharap .box sapa hoye giasilo. ear pod ti connect korar por mobile kono video strat korle ta nije nije bondo hoi abar strat hoi . call dile ta nije nije Kate jai.,packaging_negative#product_quality_positive
667,53888470391610,Valo kinto earbuds a Samsung likha nai. Delivery aste onek late hoise. Ata to apnara thik korlen na. Product quality motamoti silo. Bluetooth connect hote chi na.,Valo kinto earbuds a Samsung likha nai. Delivery aste onek late hoise. Ata to apnara thik korlen na. Product quality motamoti silo. Bluetooth connect hote chi na.,delivery_negative#product_quality_neutral
668,46705171791610,"alhamdullah,,, onk Valo products,,, sound quality onk Valo ,,,, budget er modde sera products,,,, delivery man er bebohar o onk Valo cilo♥️♥️

thanks daraz","alhamdullah,, onk Valo products,, sound quality onk Valo ,, budget er modde sera products,, delivery man er bebohar o onk Valo cilo thanks daraz.",delivery_positive#price_positive#product_quality_positive
669,46679487891610,mota muti apnara sobai nite paren kintu amr package aste atu Beshi late Kore felse but product ta average,mota muti apnara sobai nite paren kintu amr package aste atu Beshi late Kore felse but product ta average.,delivery_negative#product_quality_neutral
670,45102003091610,khov valo akta product ai bajet ar modhe..,khov valo akta product ai bajet ar modhe..,price_positive#product_quality_positive
671,46637839691610,"এই বাজেটে ভালোই এটা।সন্তুস্টজনক,এখন দেখার বিষয় চার্জ কতক্ষণ থাকে।আরেকটা বিষয় সাউন্ডটা একটু Delay করে,কেউ এটা পরে গেম খেলার কথা ভাইবেনও না।","এই বাজেটে ভালোই এটা সন্তুস্টজনক,এখন দেখার বিষয় চার্জ কতক্ষণ থাকে আরেকটা বিষয় সাউন্ডটা একটু Delay করে,কেউ এটা পরে গেম খেলার কথা ভাইবেনও না.",price_positive#product_quality_positive
672,49585768991610,যেমনটা মনে করেছিলাম সাউন্ড কোয়ালিটি তেমন না বাট বাজেট চিন্তা ভাবনা করলে ঠিক আছে এই বাজেটে এর থেকে বেশি আশা করা ঠিক না,যেমনটা মনে করেছিলাম সাউন্ড কোয়ালিটি তেমন না বাট বাজেট চিন্তা ভাবনা করলে ঠিক আছে এই বাজেটে এর থেকে বেশি আশা করা ঠিক না.,price_neutral#product_quality_neutral
673,44882583091610,osthir..😇😇sound 100/100 valo cilo..😊,osthir.. sound 100 100 valo cilo..,product_quality_positive
674,51077464991610,earbuds e charge khub kom thake but other side quality khub valo.,earbuds e charge khub kom thake but other side quality khub valo.,product_quality_positive
675,48977764791610,আমি গত কয়েক সপ্তাহ ইউজ করে আপনাদের কে জানাচ্ছি এই প্রোডাক্ট টা ভালো না হাতে নিলে লাগে প্র্যাকটিস নিয়ে আছি আর চার্জ বেশিক্ষণ থাকে না মাঝে মাঝে ব্যাটস এ চার্জ থাকে না শুধু মনে হয়েছে ওয়েস্ট অফ মানি,আমি গত কয়েক সপ্তাহ ইউজ করে আপনাদের কে জানাচ্ছি এই প্রোডাক্ট টা ভালো না হাতে নিলে লাগে প্র্যাকটিস নিয়ে আছি আর চার্জ বেশিক্ষণ থাকে না মাঝে মাঝে ব্যাটস এ চার্জ থাকে না শুধু মনে হয়েছে ওয়েস্ট অফ মানি.,product_quality_negative
676,45031199991610,প্যাকেট ইনটেক ছিল না। প্যাকেটের উপরের পলি এক সাইডে খোলা ছিল। বাড গুলাতে চার্জ কম থাকে আর সাউন্ড ও কম। বক্সের ভিতর চার্জে বসালে একটা সবসময় লাইট জ্বলতে নিবতে থাকে। চাপ দিয়ে ধরলে চার্জ উঠে ছেড়ে দিলে চার্জ উঠে না লাল বাতি লাফা লাফি করে। not recommend 🚫,প্যাকেট ইনটেক ছিল না প্যাকেটের উপরের পলি এক সাইডে খোলা ছিল বাড গুলাতে চার্জ কম থাকে আর সাউন্ড ও কম বক্সের ভিতর চার্জে বসালে একটা সবসময় লাইট জ্বলতে নিবতে থাকে চাপ দিয়ে ধরলে চার্জ উঠে ছেড়ে দিলে চার্জ উঠে না লাল বাতি লাফা লাফি করে not recommend.,packaging_negative
677,46730737291610,"আলহামদুলিল্লাহ দাম অনুযায়ী ভালো মানের প্রডাক্ট 
সবাই নিতে পাড়েন",আলহামদুলিল্লাহ দাম অনুযায়ী ভালো মানের প্রডাক্ট সবাই নিতে পাড়েন.,price_positive#product_quality_positive
678,50009144991610,খুব একটা ভালো নয়। লেফট সাইডেরটায় সাউন্ড নেই বললেই চলে। ৬/১০.,খুব একটা ভালো নয় লেফট সাইডেরটায় সাউন্ড নেই বললেই চলে ৬ ১০.,product_quality_negative
679,49058807691610,price hisebe bhalo ase. akn deka jak koi din use kora jai 😺,price hisebe bhalo ase. akn deka jak koi din use kora jai.,price_positive#product_quality_positive
680,51211424891610,দাম অনুযায়ী মোটামুটি ভালো জিনিস পাইছি ☺️,দাম অনুযায়ী মোটামুটি ভালো জিনিস পাইছি.,price_neutral#product_quality_neutral
681,49958529391610,মোটামুটি ভালো চার্জ 1 ঘন্টা থাকে,মোটামুটি ভালো চার্জ 1 ঘন্টা থাকে.,product_quality_neutral
682,45101883191610,prduct টা ভালো দাম হিসেবে কিন্তু ডেলিভারি দিতে অনেক দেড়ি করছে 😐,prduct টা ভালো দাম হিসেবে কিন্তু ডেলিভারি দিতে অনেক দেড়ি করছে.,delivery_negative#price_positive#product_quality_positive
683,45274250591610,valo silo. 320 tk hisabe valo. chaile nite paren 🙂,valo silo. 320 tk hisabe valo. chaile nite paren.,price_positive#product_quality_positive
684,45637630591610,দাম অনুযায়ী সাউন্ড কোয়ালিটি মোটামুটি ভালো,দাম অনুযায়ী সাউন্ড কোয়ালিটি মোটামুটি ভালো.,price_neutral#product_quality_neutral
685,48942095091610,এটা খুব সুন্দর একটি প্রোডাক্ট। আপনারা চাইলে নিতে পারেন,এটা খুব সুন্দর একটি প্রোডাক্ট আপনারা চাইলে নিতে পারেন.,product_quality_positive
686,48970180891610,alhamdulillah valo sobai nite paren,alhamdulillah valo sobai nite paren.,product_quality_positive
687,48866265591610,size ta onk choto.. daam onujayi thikache,size ta onk choto.. daam onujayi thikache.,price_neutral#product_quality_neutral
688,48819238991610,মোটামুটি ভালোই বলা চলে। নিতে পারেন সবাই🙂,মোটামুটি ভালোই বলা চলে নিতে পারেন সবাই.,product_quality_positive
689,46868891491610,"চার্জ ২ ঘন্টা বেকআপ দেয়, সাউন্ড কম অনেক 
একটা কভারও কিনতাম। 
ডেলিভারি ম্যান ভাই অনেক ভালো","চার্জ ২ ঘন্টা বেকআপ দেয়, সাউন্ড কম অনেক একটা কভারও কিনতাম ডেলিভারি ম্যান ভাই অনেক ভালো.",delivery_positive
690,50533522191610,দাম হিসাবে প্রোডাক্টটা  অনেক ভালো শুধু চার্জ একটু কম থাকে আর একটা কথা না বললেই নয় ডেলিভারি ম্যান সরোয়ার ভাই উনি খুব ভালো আমিও ওনার সাকসেস জীবন কামনা করছি,দাম হিসাবে প্রোডাক্টটা অনেক ভালো শুধু চার্জ একটু কম থাকে আর একটা কথা না বললেই নয় ডেলিভারি ম্যান সরোয়ার ভাই উনি খুব ভালো আমিও ওনার সাকসেস জীবন কামনা করছি.,delivery_positive#price_positive#product_quality_positive
691,50169460591610,"ফালতু একটি প্রোডাক্ট।  কেনার পরে দুইদিন মাত্র ব্যবহার করেছি এখন আর চার্জ নিচ্ছে না, এবং যে দুইদিন ব্যবহার করেছি সর্বোচ্চ ৩০/৩৫ মিনিট চার্জ থেকেছে। আমার সাজেশন হচ্ছে টাকা দিয়ে এই ফালতু প্রোডাক্ট কেনার কোন প্রয়োজন নেই।","ফালতু একটি প্রোডাক্ট কেনার পরে দুইদিন মাত্র ব্যবহার করেছি এখন আর চার্জ নিচ্ছে না, এবং যে দুইদিন ব্যবহার করেছি সর্বোচ্চ ৩০ ৩৫ মিনিট চার্জ থেকেছে আমার সাজেশন হচ্ছে টাকা দিয়ে এই ফালতু প্রোডাক্ট কেনার কোন প্রয়োজন নেই.",product_quality_negative
692,53273503891610,আমি চার দিন ব্যবহার করে তারপর রিভিউ দিতে এসেছি। এক কথায় অসাধারণ একটি প্রোডাক্ট। আমি খুবই সেটিসফাইট। এত কম টাকার মধ্যে খুবই ভালো প্রোডাক্ট। একবার চার্জ দিলে একটানা চার ঘন্টা চার্জ থাকে। samsung hotspot pro খুবই অসাধারণ একটি পণ্য ❤️,আমি চার দিন ব্যবহার করে তারপর রিভিউ দিতে এসেছি এক কথায় অসাধারণ একটি প্রোডাক্ট আমি খুবই সেটিসফাইট এত কম টাকার মধ্যে খুবই ভালো প্রোডাক্ট একবার চার্জ দিলে একটানা চার ঘন্টা চার্জ থাকে samsung hotspot pro খুবই অসাধারণ একটি পণ্য.,price_positive#product_quality_positive
693,50079781591610,"খুবই জঘন্যমানের প্রোডাক্ট। একটা বাজে আর একটা তো বাজেই না। চেয়েছি সাদা কালার দিয়েছে কালো কালার। আর খুবই লো কোয়ালিটি 😠😠
জীবনের প্রথম দারাজ থেকে কোন প্রোডাক্ট নিয়ে এভাবে বাঁশ খেলাম",খুবই জঘন্যমানের প্রোডাক্ট একটা বাজে আর একটা তো বাজেই না চেয়েছি সাদা কালার দিয়েছে কালো কালার আর খুবই লো কোয়ালিটি জীবনের প্রথম দারাজ থেকে কোন প্রোডাক্ট নিয়ে এভাবে বাঁশ খেলাম.,product_quality_negative
694,50730323491610,আলহামদুলিল্লাহ সাউন্ড খুবই ভালো কিন্তু চার্জ বেশিক্ষন থাকেনা ২ ঘন্টা যায় একবার চার্জ দিলে বাকি দাম অনুযায় ঠিক আছে,আলহামদুলিল্লাহ সাউন্ড খুবই ভালো কিন্তু চার্জ বেশিক্ষন থাকেনা ২ ঘন্টা যায় একবার চার্জ দিলে বাকি দাম অনুযায় ঠিক আছে.,price_neutral#product_quality_neutral
695,51769314891610,"akdom paltu headphones ,sound quality Valo nah ak Kan suna jai arek Kan suna jai nah..
AR agula local headphones ar moto","akdom paltu headphones ,sound quality Valo nah ak Kan suna jai arek Kan suna jai nah.. AR agula local headphones ar moto.",product_quality_negative
696,51729170391610,"ফালতু একটা প্রোডাক্ট দিচে,  ভিতরে ময়লা জমে ছিলো,🤮  ইউজ করা প্রোডাক্ট দিচে, কতক্ষণ পর পর এয়ার বাডর্স  গুলো নিজে নিজে অফ হয়ে জায়, পুরা  টাকাটাই লস","ফালতু একটা প্রোডাক্ট দিচে, ভিতরে ময়লা জমে ছিলো, ইউজ করা প্রোডাক্ট দিচে, কতক্ষণ পর পর এয়ার বাডর্স গুলো নিজে নিজে অফ হয়ে জায়, পুরা টাকাটাই লস.",product_quality_negative
697,53978489991610,"dam hisabe average oto o vlo sound quality nh, R Seller k msg dile seen e kore nh ami 9 din por parcel hate paichi","dam hisabe average oto o vlo sound quality nh, R Seller k msg dile seen e kore nh ami 9 din por parcel hate paichi.",seller_service_negative#delivery_negative#price_neutral#product_quality_neutral
698,53383270291610,Ummm Yeah its a good  product..ekhon dekhi kotodin chole ar kotokhon charge thke Sound quality 10/09,Umm Yeah its a good product..ekhon dekhi kotodin chole ar kotokhon charge thke Sound quality 10 09.,product_quality_positive
699,49647774091610,"খারাপ না, তবে আমি যেটা পাইছি সেটা চার্জ দিতে পারতেছি না। কারণ কেবল টা আমার হারিয়ে গেছে। আর c টাইপ সেটাই চার্জারে হয় না।","খারাপ না, তবে আমি যেটা পাইছি সেটা চার্জ দিতে পারতেছি না কারণ কেবল টা আমার হারিয়ে গেছে আর c টাইপ সেটাই চার্জারে হয় না.",product_quality_positive
700,50495038191610,"যদি টাকা নষ্ট না করতে চান তাহলে এটা নিবেন না। আমি চেয়েছি সাদা কালার আমাকে দিয়েছে কালো , তাও মেনে নিলাম কিন্তু চার্জার ক্যাবল নষ্ট চার্জ হয় না অন্য ক্যাবল দিয়েও হয় না, আমাকে নষ্ট নিজিস দিছে। সাউন্ড কোয়ালিটি বেশি ভালো না। একা একা ডিসকানেট হয়ে যায়। 
আমার টাকা টাই পানিতে দিলাম। 
এটা কে কিনবেন না ।।।।।","যদি টাকা নষ্ট না করতে চান তাহলে এটা নিবেন না আমি চেয়েছি সাদা কালার আমাকে দিয়েছে কালো , তাও মেনে নিলাম কিন্তু চার্জার ক্যাবল নষ্ট চার্জ হয় না অন্য ক্যাবল দিয়েও হয় না, আমাকে নষ্ট নিজিস দিছে সাউন্ড কোয়ালিটি বেশি ভালো না একা একা ডিসকানেট হয়ে যায় আমার টাকা টাই পানিতে দিলাম এটা কে কিনবেন না.",product_quality_negative
701,51768794191610,sobai nite paren awesome akta product.....Tobe charging port Type C hole Valo hoto... I phone er charger er port deoa.....use korci onk Valo sound dey r charge o thake onk Valo...,sobai nite paren awesome akta product..Tobe charging port Type C hole Valo hoto.. I phone er charger er port deoa..use korci onk Valo sound dey r charge o thake onk Valo..,product_quality_positive
702,51162910491610,ভাই যেমন টা চেয়েছি তারা থেকে বেশি ভালো sound অনেক ভালো চাইলে নিতে পারে চার্জ অনেক সময় পর্যন্ত থাকে 😇,ভাই যেমন টা চেয়েছি তারা থেকে বেশি ভালো sound অনেক ভালো চাইলে নিতে পারে চার্জ অনেক সময় পর্যন্ত থাকে.,product_quality_positive
703,51728606691610,অনেক শখ করে আনছিলাম কিন্তু আমার মন রাখতে পারে নি আমাকে অন্যের ব্যবহার করা প্রডাক্ট দেওয়া হয়েছে।সাউন্ড কোয়ালিটি অনেক খারাপ।হটাৎ ডিসকানেকটেড হয়ে যায়। যদি টাকা অপচয় করতে চান তাহলে অর্ডার করতে পারেন।,অনেক শখ করে আনছিলাম কিন্তু আমার মন রাখতে পারে নি আমাকে অন্যের ব্যবহার করা প্রডাক্ট দেওয়া হয়েছে সাউন্ড কোয়ালিটি অনেক খারাপ হটাৎ ডিসকানেকটেড হয়ে যায় যদি টাকা অপচয় করতে চান তাহলে অর্ডার করতে পারেন.,product_quality_negative
704,52364796091610,"khub vlo product. onk din charge thake.
15 din use korar por review dilam..Over all vlo bola jai.
apnara chaile nite paren",khub vlo product. onk din charge thake. 15 din use korar por review dilam..Over all vlo bola jai. apnara chaile nite paren.,product_quality_positive
705,50190464991610,alhamdulliah onek valo akta product. kinto order korecilam Kalo colour peyeci sada ta. tarporeo ato kom dam EE onek valo akta product peyeci.,alhamdulliah onek valo akta product. kinto order korecilam Kalo colour peyeci sada ta. tarporeo ato kom dam EE onek valo akta product peyeci.,price_positive#product_quality_positive
706,53924108291610,"দেখাইছে একটা আর দিছে আরেকটা,, samsung লেখা দেখে অরডার করলাম,আর এটার মধ্যে কিছুই লেখা নাই,সাউন্ড বাজে ১০০টাকার হ্যাড ফোন এর চেয় ভালো।সেলারের ব্যাবহার খারাপ,,","দেখাইছে একটা আর দিছে আরেকটা,, samsung লেখা দেখে অরডার করলাম,আর এটার মধ্যে কিছুই লেখা নাই,সাউন্ড বাজে ১০০টাকার হ্যাড ফোন এর চেয় ভালো সেলারের ব্যাবহার খারাপ,,.",seller_service_negative#product_quality_negative
707,51472139691610,খুব সুন্দর একটা প্রোডাক্ট ১০ দিন ব্যবহার করার পর রিভিউ দিচ্ছি চার্জ খুব ভালো থাকে। সবদিক থেকে খুব ভালো,খুব সুন্দর একটা প্রোডাক্ট ১০ দিন ব্যবহার করার পর রিভিউ দিচ্ছি চার্জ খুব ভালো থাকে সবদিক থেকে খুব ভালো.,product_quality_positive
708,50008806191610,"দাম অনুযায়ী সাউন্ড ভালো,  কিন্তু প্রোডাক্ট কোয়ালিটি অত্যন্ত বাজে, একটাতো নস্টই, যেটা ভালো আছে সেটাতেও চার্জ একদমই টিকে না। So bad experience.
দারাজ থেকে আগে এতো বাজে প্রোডাক্ট পাইনি। 
আরেকবার নেয়ার আগে ২বার চিন্তা করতে হবে।","দাম অনুযায়ী সাউন্ড ভালো, কিন্তু প্রোডাক্ট কোয়ালিটি অত্যন্ত বাজে, একটাতো নস্টই, যেটা ভালো আছে সেটাতেও চার্জ একদমই টিকে না So bad experience. দারাজ থেকে আগে এতো বাজে প্রোডাক্ট পাইনি আরেকবার নেয়ার আগে ২বার চিন্তা করতে হবে.",product_quality_negative
709,52284815191610,একদম বাজে একটা মাল সেলার বলছে ২ ঘন্টা চাজ থাকবে কিন্তু ১০ মিনিট ও চাজ থাকে না। আর মাল ১৭ দিন পড় ডেলিভারি পেয়েছি।,একদম বাজে একটা মাল সেলার বলছে ২ ঘন্টা চাজ থাকবে কিন্তু ১০ মিনিট ও চাজ থাকে না আর মাল ১৭ দিন পড় ডেলিভারি পেয়েছি.,delivery_negative#product_quality_negative
710,49538999091610,দাম অনুযায় জিনিস টা ভালো তিন দিন ব্যাবহার করার পর রিভিউ দিচ্ছি যারা গেমিং আর এডিটিং করার জন্য নিবে তারদের একটু সমস্যা হবে বাকি সব ওকে আছে,দাম অনুযায় জিনিস টা ভালো তিন দিন ব্যাবহার করার পর রিভিউ দিচ্ছি যারা গেমিং আর এডিটিং করার জন্য নিবে তারদের একটু সমস্যা হবে বাকি সব ওকে আছে.,price_positive#product_quality_positive
711,49523855991610,"আলহামদুলিল্লাহ অনেক ভালো একটা এয়ারপডস।৯ দিন ইউস করার পর।রিভিউ দিচ্ছি। ডেলিভারি ৮ দিন পরে পেয়েছিলাম, ডেলিভারি আরও দ্রুত করার অনুরোধ করছি।তারপরও ধন্যবাদ সেলারকে।","আলহামদুলিল্লাহ অনেক ভালো একটা এয়ারপডস ৯ দিন ইউস করার পর রিভিউ দিচ্ছি ডেলিভারি ৮ দিন পরে পেয়েছিলাম, ডেলিভারি আরও দ্রুত করার অনুরোধ করছি তারপরও ধন্যবাদ সেলারকে.",delivery_negative#product_quality_positive
712,50617883491610,এয়ারপোর্ট এর সাউন্ড কাওয়ালী টিতা অস্থির সাউন্ড ধন্যবাদ ভাই এরকম একটা এয়ারপোর্টের জন্য 💖💖💝,এয়ারপোর্ট এর সাউন্ড কাওয়ালী টিতা অস্থির সাউন্ড ধন্যবাদ ভাই এরকম একটা এয়ারপোর্টের জন্য.,product_quality_positive
713,45745763791610,নিয়ে সন্তুষ্ট হতে পারলাম না যেমনটা আশা করছিলাম তা মোটেও এরকম না সবাইকে না নেওয়ার সাজেস্ট করব,নিয়ে সন্তুষ্ট হতে পারলাম না যেমনটা আশা করছিলাম তা মোটেও এরকম না সবাইকে না নেওয়ার সাজেস্ট করব.,product_quality_negative
714,51406154191610,"২দিন এর মধ্যে হাতে পাইছি । আলহামদুলিল্লাহ ১ মাস পর  রিভিউ দিলাম ,,,, best cilo experience 🖤🥹","২দিন এর মধ্যে হাতে পাইছি আলহামদুলিল্লাহ ১ মাস পর রিভিউ দিলাম ,, best cilo experience.",delivery_positive#product_quality_positive
715,50034923191610,"প্রাইস অনুযায়ী ভালো,তবে প্যাকেটিং অনেক লো কোয়ালিটি ছিলো প্রোডাক্ট এর ক্ষতি হওয়ার সম্ভাবনা ছিলো","প্রাইস অনুযায়ী ভালো,তবে প্যাকেটিং অনেক লো কোয়ালিটি ছিলো প্রোডাক্ট এর ক্ষতি হওয়ার সম্ভাবনা ছিলো.",packaging_negative#price_positive#product_quality_positive
716,49023090291610,"ভলো,  চার্জ ও ভালো থাকে","ভলো, চার্জ ও ভালো থাকে.",product_quality_positive
717,48215976591610,খুব ভালো প্রোডাক্ট।।।। ৪ মাস ধরে ব্যবহার করতেছি❤️,খুব ভালো প্রোডাক্ট ৪ মাস ধরে ব্যবহার করতেছি.,product_quality_positive
718,49430441091610,"৪দিন পরে আজ রিভিউ দিচ্ছি।🤬বিস্তারিত…

প্রথমত, ডেলিভারিতে অনেক প্যারা খাইছি,আমি আশাই ছেড়ে দিছিলাম।কাস্টমস কেয়ার,ডেলিভারি ম্যানকে কল দিতে দিতে ৫০টাকা ফোনের শেষ।তার পরেও ১৩দিন পরে হাতে পাইছি।

দিত্বীয়ত ,বলা হইছে কথা বলা যাবে কিন্তু ভয়েস সেন্সর নেই এইটাতে।কথা বলতে হলে ফোন ওর মাউত এর কাছে গিয়ে কথা বলতে হবে,নাহলে কথা অন্যজনের কাছে যাবে না।

তৃতীয়ত,ডান পাশেরটির সাউন্ড মোটামুটি বলা যায় কিন্তু বা পাশেরটি সাউন্ড তুলনামূলক ভাবে অনেকটাই কম। দুটি এক সাথে কানে দিলে স্পষ্ট বুঝা যায়।আবার একটি একটি করে দিলেও বুঝা যায়। 

চতুর্থত,মিউজিক এর সাউন্ড আপ-ডাউন করা যায় না।

এক কথায় যদি বলি শুধুমাত্র গান সুনতেই পারবেন।৩০০+টাকা দিয়ে গান সুনার থেকে ৫০০দিয়ে এর থেকে ভালো কিচজু পাবেন আশা করি।

নিশোয়াস। 
১৬ই আগষ্ট ,২০২৪","৪দিন পরে আজ রিভিউ দিচ্ছি বিস্তারিত প্রথমত, ডেলিভারিতে অনেক প্যারা খাইছি,আমি আশাই ছেড়ে দিছিলাম কাস্টমস কেয়ার,ডেলিভারি ম্যানকে কল দিতে দিতে ৫০টাকা ফোনের শেষ তার পরেও ১৩দিন পরে হাতে পাইছি দিত্বীয়ত ,বলা হইছে কথা বলা যাবে কিন্তু ভয়েস সেন্সর নেই এইটাতে কথা বলতে হলে ফোন ওর মাউত এর কাছে গিয়ে কথা বলতে হবে,নাহলে কথা অন্যজনের কাছে যাবে না তৃতীয়ত,ডান পাশেরটির সাউন্ড মোটামুটি বলা যায় কিন্তু বা পাশেরটি সাউন্ড তুলনামূলক ভাবে অনেকটাই কম দুটি এক সাথে কানে দিলে স্পষ্ট বুঝা যায় আবার একটি একটি করে দিলেও বুঝা যায় চতুর্থত,মিউজিক এর সাউন্ড আপ-ডাউন করা যায় না এক কথায় যদি বলি শুধুমাত্র গান সুনতেই পারবেন ৩০০ টাকা দিয়ে গান সুনার থেকে ৫০০দিয়ে এর থেকে ভালো কিচজু পাবেন আশা করি নিশোয়াস ১৬ই আগষ্ট ,২০২৪.",delivery_negative#product_quality_negative
719,51498675991610,খুব ভালো কেউ চাইলে নিতে পারেন ৩৭০টাকায় সাউন্ড কোয়ালিটি চার্জার কোয়ালিটি সবকিছুই ভালো,খুব ভালো কেউ চাইলে নিতে পারেন ৩৭০টাকায় সাউন্ড কোয়ালিটি চার্জার কোয়ালিটি সবকিছুই ভালো.,product_quality_positive
720,53968582491610,"মোটামোটি ভালো আপনারা চাইলে নিতে পারেন। 
কথা বলার সাইন্ড তা অনেক কম সেই তা আশা করি নাই।",মোটামোটি ভালো আপনারা চাইলে নিতে পারেন কথা বলার সাইন্ড তা অনেক কম সেই তা আশা করি নাই.,product_quality_neutral
721,46673704791610,ei dame khub bhalo ekta product ami kisu larsent discount e nisilam apnarao nite paren,ei dame khub bhalo ekta product ami kisu larsent discount e nisilam apnarao nite paren.,price_positive#product_quality_positive
722,49902073891610,Alhamdulliha. product onk valo chilo . delivery man o onk valo chilo. donnobad daraz.,Alhamdulliha. product onk valo chilo . delivery man o onk valo chilo. donnobad daraz.,delivery_positive#product_quality_positive
723,50158362591610,"dakhalo mi dilo apple ar duplicate ta bujlam na.
but price onujaye product ta valo.",dakhalo mi dilo apple ar duplicate ta bujlam na. but price onujaye product ta valo.,price_positive#product_quality_positive
724,52597860191610,পণ্যটির দাম অনুযায়ী সাউন্ড কোয়ালিটি ভালো।চার্জ টা কত সময় যাবে সেইটা এখন দেখা যাক।,পণ্যটির দাম অনুযায়ী সাউন্ড কোয়ালিটি ভালো চার্জ টা কত সময় যাবে সেইটা এখন দেখা যাক.,price_positive#product_quality_positive
725,50045497991610,nice prodact bebohar kore tarpor review dicci khub valo prodact caile nite paren,nice prodact bebohar kore tarpor review dicci khub valo prodact caile nite paren.,product_quality_positive
726,50743266291610,Airbud ta bhaloi.charge mota-moti onek khon thake.but delivery onek slow chilo,Airbud ta bhaloi.charge mota-moti onek khon thake.but delivery onek slow chilo.,delivery_negative#product_quality_positive
727,49949575291610,অল্প টাকায় ভালো পোডাক্ষ্ আর ধন্যবাদ সেলার এত  সুন্দরকরে ডেলিভারি দেওয়ার জন্য,অল্প টাকায় ভালো পোডাক্ষ্ আর ধন্যবাদ সেলার এত সুন্দরকরে ডেলিভারি দেওয়ার জন্য.,packaging_positive#price_positive#product_quality_positive
728,50356504691610,onek balo product paisi. apnara o chaily nite paren.khub druto Delivery paisi,onek balo product paisi. apnara o chaily nite paren.khub druto Delivery paisi.,delivery_positive#product_quality_positive
729,53640881691610,Price onujai product valoi. Akhon dekhar bishoy charge kototuku back up day,Price onujai product valoi. Akhon dekhar bishoy charge kototuku back up day.,price_positive#product_quality_positive
730,51091861491610,আমার ভালো লেগেছে। চাইলে নিতে পারেন। সব ঠিকটাক। কয়দিন চলে সেটা দেখার বিষয়।।,আমার ভালো লেগেছে চাইলে নিতে পারেন সব ঠিকটাক কয়দিন চলে সেটা দেখার বিষয়.,product_quality_positive
731,50065531391610,দিয়েছিলাম সাদা আসছে কালো😡 কিন্তু দাম অনুযায়ী ভালো খারাপ না ভালো চলে ☺️,দিয়েছিলাম সাদা আসছে কালো কিন্তু দাম অনুযায়ী ভালো খারাপ না ভালো চলে.,price_positive#product_quality_positive
732,54630355691610,চাইলে নিতে পারেন সাউন্ড খুব ভাল চার্জ backup একটানা তিন চার  ঘন্টা চলে,চাইলে নিতে পারেন সাউন্ড খুব ভাল চার্জ backup একটানা তিন চার ঘন্টা চলে.,product_quality_positive
733,49588608791610,আলহামদুলিল্লাহ যা চেয়েছি তাই পেয়েছি ধন্যবাদ দারাজ ও ডেলিভারি ম্যান ভাইকে,আলহামদুলিল্লাহ যা চেয়েছি তাই পেয়েছি ধন্যবাদ দারাজ ও ডেলিভারি ম্যান ভাইকে.,product_quality_positive
734,54042219191610,আজকে হাতে পেলাম 👍🏼খুবই  ভালো কোয়ালিটি 👍🏼আপনারা চাইলে নিতে 💖👍🏼t,আজকে হাতে পেলাম খুবই ভালো কোয়ালিটি আপনারা চাইলে নিতে t.,product_quality_positive
735,51612976791610,Baje product. Box packaging valo chilo na and dan kaner airpods ta nosto. Kichu sona jai na.,Baje product. Box packaging valo chilo na and dan kaner airpods ta nosto. Kichu sona jai na.,packaging_negative#product_quality_negative
736,50930404891610,dam hisebe ..onek valo hoiche .....sundhar akta product paici ..tnx,dam hisebe ..onek valo hoiche ..sundhar akta product paici ..tnx.,price_positive#product_quality_positive
737,51496589391610,"Alhamdulillah, Sound quality 100/100 range o onk valo but charge backup aktu kom dei, price onujaye onek valo product","Alhamdulillah, Sound quality 100 100 range o onk valo but charge backup aktu kom dei, price onujaye onek valo product.",price_positive#product_quality_positive
738,51527517591610,Alhamdulillah onk shundor akta product 2 day baboher korea bolci,Alhamdulillah onk shundor akta product 2 day baboher korea bolci.,product_quality_positive
739,50599554491610,dam hisabe jos akta product😍.quality o valo. chaile nite paren,dam hisabe jos akta product .quality o valo. chaile nite paren.,price_positive#product_quality_positive
740,51125362091610,কম দামে এর থেকে বেশি কিছু আশা করা যায় না। সাউন্ড কোয়ালিটি ভালই।,কম দামে এর থেকে বেশি কিছু আশা করা যায় না সাউন্ড কোয়ালিটি ভালই.,price_positive#product_quality_positive
741,51401061391610,300+ tk hishebe product kharap na.. Consider kora jaite pare eta,300 tk hishebe product kharap na.. Consider kora jaite pare eta.,price_positive#product_quality_positive
742,50262855491610,এই প্রোডাক্ট  একদম বাজে চার্জ থাকে না আর ফিনিশিং  তেমন ভালো না,এই প্রোডাক্ট একদম বাজে চার্জ থাকে না আর ফিনিশিং তেমন ভালো না.,product_quality_negative
743,50953902491610,বাজে আরেকজনের ব্যাবহার করা হেডফোন ধরায়া দিসে। কেউ নিবেন না 😡😡,বাজে আরেকজনের ব্যাবহার করা হেডফোন ধরায়া দিসে কেউ নিবেন না.,product_quality_negative
744,50953889891610,"একে বারে অসাধারণ, সাউন্ড কলেটি অনেক ভালো সব দিক দিয়েই অসাধারণ","একে বারে অসাধারণ, সাউন্ড কলেটি অনেক ভালো সব দিক দিয়েই অসাধারণ.",product_quality_positive
745,50925259791610,price onujai airpods tah valo... thnaks daraz and the seller,price onujai airpods tah valo.. thnaks daraz and the seller.,price_positive#product_quality_positive
746,50797793191610,আলহামদুলিল্লাহ খুব ভালো প্রোডাক্ট। যে কেউ চাইলে নিতে পারেন।,আলহামদুলিল্লাহ খুব ভালো প্রোডাক্ট যে কেউ চাইলে নিতে পারেন.,product_quality_positive
747,53972265391610,অনেক ভালো লাগলো product টি।।। আগে ব্যাবহার করে দেখি কেমন হয়,অনেক ভালো লাগলো product টি আগে ব্যাবহার করে দেখি কেমন হয়.,product_quality_positive
748,53385705291610,এটা মোটামুটি ভালো ছিল দুইটাই চলতেছিল কোন নষ্ট হয় না একটাও।,এটা মোটামুটি ভালো ছিল দুইটাই চলতেছিল কোন নষ্ট হয় না একটাও.,product_quality_neutral
749,49495391391610,Alhamdulillah jemon chaici temon phaici onak valo akta jinjs sobai nite paren,Alhamdulillah jemon chaici temon phaici onak valo akta jinjs sobai nite paren.,product_quality_positive
750,51249332691610,আলহামদুলিল্লাহ ব্লুতুথ টা অনেক ভালো চাজ সারভ্রিজ অনেক ভালো,আলহামদুলিল্লাহ ব্লুতুথ টা অনেক ভালো চাজ সারভ্রিজ অনেক ভালো.,product_quality_positive
751,54019064191610,"Alhumdulillah onk valo 
Price hishebe onk valo 
Recommend",Alhumdulillah onk valo Price hishebe onk valo Recommend.,price_positive#product_quality_positive
752,53099239891610,motamoti valo caile nite paren 1 gonta moto charge thake,motamoti valo caile nite paren 1 gonta moto charge thake.,product_quality_neutral
753,45660960691610,লোটোটির দাম অনুযায়ী অনেক ভালো হয়েছে দারাজ কে অনেক ধন্যবাদ,লোটোটির দাম অনুযায়ী অনেক ভালো হয়েছে দারাজ কে অনেক ধন্যবাদ.,price_positive#product_quality_positive
754,51022328691610,ভালো কিন্ত ফোন কথা বলতে গেলে একটু সমস্যা হয় এমনি ভালো,ভালো কিন্ত ফোন কথা বলতে গেলে একটু সমস্যা হয় এমনি ভালো.,product_quality_positive
755,51546942091610,খুবই সুন্দর একটি প্রোডাক্ট। আপনার নিতে পারেন ভালো হবে।,খুবই সুন্দর একটি প্রোডাক্ট আপনার নিতে পারেন ভালো হবে.,product_quality_positive
756,50948816591610,product mota muti valo but packaging khub kharap selo,product mota muti valo but packaging khub kharap selo.,packaging_negative#product_quality_neutral
757,49913756591610,প্রোডাক্ট টা মোটা মুটি ভালো দাম হিসাবে পুরো ১০০/১০০🔥,প্রোডাক্ট টা মোটা মুটি ভালো দাম হিসাবে পুরো ১০০ ১০০.,price_positive#product_quality_neutral
758,48771371691610,ব্লুটুথ হেডফোনটা অনেক সুন্দর আপনারা চাইলে নিতে পারেন,ব্লুটুথ হেডফোনটা অনেক সুন্দর আপনারা চাইলে নিতে পারেন.,product_quality_positive
759,50032866491610,"লাইট প্রোডাক্টটা অত্যান্ত খারাপ, চার্জ একদম ঠিকেনা","লাইট প্রোডাক্টটা অত্যান্ত খারাপ, চার্জ একদম ঠিকেনা.",product_quality_negative
760,49547781491610,"Product ta os3r cilo 1st time oder kre nicilam, onk vlo lagce,","Product ta os3r cilo 1st time oder kre nicilam, onk vlo lagce,.",product_quality_positive
761,54529931691610,alhamdullah valo paichi.jeta caicilam oitay paichi.,alhamdullah valo paichi.jeta caicilam oitay paichi.,product_quality_positive
762,54522349091610,khubi bhalo kintu product ar packaging ta bhalo na,khubi bhalo kintu product ar packaging ta bhalo na.,packaging_negative#product_quality_positive
763,53584913091610,"Vlo Sound quality, nite paren 320 takay vlo chilo","Vlo Sound quality, nite paren 320 takay vlo chilo.",price_positive#product_quality_positive
764,46141884991610,3diner modde hate pelem donnobad daraz🥰,3diner modde hate pelem donnobad daraz.,delivery_positive
765,53290344491610,হেডফোনের সাউন্ড অনেক ভালো সবাই কিনতে পারেন...,হেডফোনের সাউন্ড অনেক ভালো সবাই কিনতে পারেন..,product_quality_positive
766,50513026091610,charge Hoy na Vai onnek somossa nilei los😡,charge Hoy na Vai onnek somossa nilei los.,product_quality_negative
767,50450771791610,হেডফোনটা অনেক ভালো সবার ব্যবহার করতে পারেন,হেডফোনটা অনেক ভালো সবার ব্যবহার করতে পারেন.,product_quality_positive
768,51108840991610,ধন্যবাদ ভাই আমি যেমন চাইছি তেমনি পাইছি 😄😄,ধন্যবাদ ভাই আমি যেমন চাইছি তেমনি পাইছি.,product_quality_positive
769,50751513691610,আসলেই এতো অল্প টাকার মধ্যে এটা অনেক ভালো।,আসলেই এতো অল্প টাকার মধ্যে এটা অনেক ভালো.,price_positive#product_quality_positive
770,49918352791610,"alhamdulliah products vlo
sobai nite paren.",alhamdulliah products vlo sobai nite paren.,product_quality_positive
771,53373895691610,এই মাত্র পেলাম খুব সুন্দর সাউন্ড কোয়ালেটি,এই মাত্র পেলাম খুব সুন্দর সাউন্ড কোয়ালেটি.,product_quality_positive
772,44176711091610,"দাম অনুযায়ী অনেক ভালো,, আমি ৩১৪ টাকায় পেয়েছি,, ডেলিভারি সহ,,, ধধন্যবাদ,,,,","দাম অনুযায়ী অনেক ভালো,, আমি ৩১৪ টাকায় পেয়েছি,, ডেলিভারি সহ,, ধধন্যবাদ,,.",price_positive#product_quality_positive
773,49583315291610,"kob baje keo niben na...
nostw ta paise",kob baje keo niben na.. nostw ta paise.,product_quality_negative
774,53223451591610,খুব ভালো❤️ সাউন্ড কোয়ালিটিও যথেষ্ট ভালো,খুব ভালো সাউন্ড কোয়ালিটিও যথেষ্ট ভালো.,product_quality_positive
775,48748462291610,এই দামে অনেক বেশি ভালো জিনিস চার্জ অনেক খন থাকে,এই দামে অনেক বেশি ভালো জিনিস চার্জ অনেক খন থাকে.,price_positive#product_quality_positive
776,53550348291610,ai price ar vitore chole kharap na....,ai price ar vitore chole kharap na..,price_neutral#product_quality_neutral
777,51011211091610,একদম বাজে একদিন চালানোর পর আর চলে না,একদম বাজে একদিন চালানোর পর আর চলে না.,product_quality_negative
778,53014308391610,price hisabe quality onek valo best,price hisabe quality onek valo best.,price_positive#product_quality_positive
779,54809577291610,একেবারেই ফালতু একটুও চার্জ থাকে না,একেবারেই ফালতু একটুও চার্জ থাকে না.,product_quality_negative
780,53811906991610,ভালো ছিলো এক কতায় দারুন Tnxu দারাজ,ভালো ছিলো এক কতায় দারুন Tnxu দারাজ.,product_quality_positive
781,52605235091610,Vai ektuo valo na .kao ata nito na,Vai ektuo valo na .kao ata nito na.,product_quality_negative
782,45323150991610,akdom baje kau tk nosto korben na,akdom baje kau tk nosto korben na.,product_quality_negative
783,45915436691610,300 tkr bitre mutamuti tik ase,300 tkr bitre mutamuti tik ase.,price_neutral#product_quality_neutral
784,51042924291610,খুব ভালো একটা হেডফোন নিতে পারেন,খুব ভালো একটা হেডফোন নিতে পারেন.,product_quality_positive
785,50980347991610,খুবুই খারাপ এক দমি ভালো না 😩😩,খুবুই খারাপ এক দমি ভালো না.,product_quality_negative
786,49657089391610,ভালো ওই ৩ -৪ ঘন্টা  বেকাপ দেয়,ভালো ওই ৩ -৪ ঘন্টা বেকাপ দেয়.,product_quality_positive
787,50999621891610,এটা ভালো নয়। না নিলেই পারেন,এটা ভালো নয় না নিলেই পারেন.,product_quality_negative
788,49888524891610,ei budget e valoi product 👍,ei budget e valoi product.,price_positive#product_quality_positive
789,51156271491610,অনেক ভালো এত কম টাকার মধ্যে,অনেক ভালো এত কম টাকার মধ্যে.,product_quality_positive
790,53580917391610,"ফালতু জিনিস, টাকাই নষ্ট আমার","ফালতু জিনিস, টাকাই নষ্ট আমার.",product_quality_negative
791,45587884291610,jamon ta deksi oitai paisi khub valo,jamon ta deksi oitai paisi khub valo.,product_quality_positive
792,45582110991610,"ভালোই, ১ বছর হয় ইউজ করতেসি","ভালোই, ১ বছর হয় ইউজ করতেসি.",product_quality_positive
793,46752308791610,Ami ja disilam ta Ashe nai aro kharap ta ashse Ami ae talay aro Valo paitam. dekhaise akta disen arekta..why?,Ami ja disilam ta Ashe nai aro kharap ta ashse Ami ae talay aro Valo paitam. dekhaise akta disen arekta..why?,product_quality_negative
794,45943805491610,nite paren onek balo chilo,nite paren onek balo chilo.,product_quality_positive
795,54218360091610,বেশি ভালো না চাজ থাকে না,বেশি ভালো না চাজ থাকে না.,product_quality_neutral
796,54435029791610,ato kom dame Valo jinis,ato kom dame Valo jinis.,price_positive#product_quality_positive
797,49930738691610,just awesome 9 pis nisi,just awesome 9 pis nisi.,product_quality_positive
798,53964810291610,product ta asol ay joss,product ta asol ay joss.,product_quality_positive
799,51255284591610,shby nite paren vlo ase,shby nite paren vlo ase.,product_quality_positive
800,46176172091610,আমার মতে ভালো না। চার্জ থাকে না। এবং স্পিকার সমস্যা। এই টাকার মধ্যে এর চেয়ে ভালো কিছু পাওয়া যাবে।,আমার মতে ভালো না চার্জ থাকে না এবং স্পিকার সমস্যা এই টাকার মধ্যে এর চেয়ে ভালো কিছু পাওয়া যাবে.,price_negative#product_quality_negative
801,49564715291610,এই দামের মধ্যে অনেক ভালো,এই দামের মধ্যে অনেক ভালো.,price_positive#product_quality_positive
802,51415790691610,চার্জ খুব কম থাকে। কানেকশন প্রবলেম হয় একসাথে দুটো কানেক্ট করতে গেলে। দাম হিসেবে প্রোডাক্ট একদম খারাপ না।,চার্জ খুব কম থাকে কানেকশন প্রবলেম হয় একসাথে দুটো কানেক্ট করতে গেলে দাম হিসেবে প্রোডাক্ট একদম খারাপ না.,price_neutral#product_quality_neutral
803,46759059891610,খুবই বাজে প্রডাক্ট কেউ নিবেন না ভাই চাইছি একটা  দিছে আরেকটা কেউ নিবেন না,খুবই বাজে প্রডাক্ট কেউ নিবেন না ভাই চাইছি একটা দিছে আরেকটা কেউ নিবেন না.,product_quality_negative
804,44538803391610,"অর্ডার করা পণ্যটির পরিবর্তে অন্য প্রোডাক্ট পাঠিয়েছে এছাড়া ও প্রোডাক্ট এর লোগো তে দাগ পড়া সঙ্গে এইটা কানেক্ট হচ্ছে না ব্যাটারি ড্যামেজ। জন্মদিনের উপহার জন্য কিনেছিলাম কিন্তু এই মালামালের জন্য অপমানিত হয়েছি


ধিক্কার জানাই এমন সেলারের",অর্ডার করা পণ্যটির পরিবর্তে অন্য প্রোডাক্ট পাঠিয়েছে এছাড়া ও প্রোডাক্ট এর লোগো তে দাগ পড়া সঙ্গে এইটা কানেক্ট হচ্ছে না ব্যাটারি ড্যামেজ জন্মদিনের উপহার জন্য কিনেছিলাম কিন্তু এই মালামালের জন্য অপমানিত হয়েছি ধিক্কার জানাই এমন সেলারের.,product_quality_negative
805,52928802891610,motamoti valo.  dan kaner tar sound khubi valo kintu bam kaner ta beshi ekta valo na,motamoti valo. dan kaner tar sound khubi valo kintu bam kaner ta beshi ekta valo na.,product_quality_neutral
806,45955867291610,"ভাল ছিল, দাম অনুযায়ী ঠিক আছে, আমি ব্যাবহার করে খুশি।","ভাল ছিল, দাম অনুযায়ী ঠিক আছে, আমি ব্যাবহার করে খুশি.",price_positive#product_quality_positive
807,49933354391610,আলহামদুলিল্লাহ পণ্যটি খুবই ভালো চাইলে আপনারও নিতে পারেন,আলহামদুলিল্লাহ পণ্যটি খুবই ভালো চাইলে আপনারও নিতে পারেন.,product_quality_positive
808,50094998291610,Daraz ara protarok kaharap jinish dey.,Daraz ara protarok kaharap jinish dey.,product_quality_negative
809,44334926191610,ফালতু ছিলো কেউ নিয়ে প্রতারিত হবেন না।,ফালতু ছিলো কেউ নিয়ে প্রতারিত হবেন না.,product_quality_negative
810,48751036991610,motamoti balo charge kom thake aitoi ja somossa,motamoti balo charge kom thake aitoi ja somossa.,product_quality_neutral
811,49898494391610,ektu owh valo nah oraimo ar aita onk deeprange duplicate aktu owh valo nah onk somy lage puls aktu ow valo nah,ektu owh valo nah oraimo ar aita onk deeprange duplicate aktu owh valo nah onk somy lage puls aktu ow valo nah.,product_quality_negative
812,50551289591610,1st of all jeita dekhaisen oita den nai. besi valo hoy nai ar packing khubi baje chilo seller eai dik ta lokkho rakhben 2 ta order disilam but music wuality khubi baje ar bettery er kotha to badt ei dilam 30 min er besi service pai nai khub baje product asa kori samne theke valo kichu deyar try korben taka toral loss,1st of all jeita dekhaisen oita den nai. besi valo hoy nai ar packing khubi baje chilo seller eai dik ta lokkho rakhben 2 ta order disilam but music wuality khubi baje ar bettery er kotha to badt ei dilam 30 min er besi service pai nai khub baje product asa kori samne theke valo kichu deyar try korben taka toral loss.,packaging_negative#product_quality_negative
813,49823004091610,ভালো না তেমন। হঠাৎ করে চার্জ ৪০/৫০% থেকে ০% হয়ে যায়। আমি ১ সপ্তাহের বেশি সময় ব্যবহার করে রিভিউ দিচ্ছি। আর মাঝেমধ্যে ১ কানের টা বন্ধ হয়ে যায় আবার একাই চালু হয়।,ভালো না তেমন হঠাৎ করে চার্জ ৪০ ৫০ থেকে ০ হয়ে যায় আমি ১ সপ্তাহের বেশি সময় ব্যবহার করে রিভিউ দিচ্ছি আর মাঝেমধ্যে ১ কানের টা বন্ধ হয়ে যায় আবার একাই চালু হয়.,product_quality_negative
814,54988299891610,"ami shob somoy order kori daraz theke kintu ai bar amon products dibe kono din bavi nai 
onk baje akta product, klk niyechi right side er ta kaaj kore r left tai charge e hoi na akdom nosto","ami shob somoy order kori daraz theke kintu ai bar amon products dibe kono din bavi nai onk baje akta product, klk niyechi right side er ta kaaj kore r left tai charge e hoi na akdom nosto.",product_quality_negative
815,53749182491610,এগুলা ফালতু প্রোডাক্ট কেউ কখনো ক্রয় করবেন না 16 ঘন্টার কথা বলা আছে অথচ চার্জ থাকে মাত্র আধা ঘন্টা,এগুলা ফালতু প্রোডাক্ট কেউ কখনো ক্রয় করবেন না 16 ঘন্টার কথা বলা আছে অথচ চার্জ থাকে মাত্র আধা ঘন্টা.,product_quality_negative
816,51640925291610,sound quality overall Budget friendly but j Cable ta diacen ai tay crg uthe nah,sound quality overall Budget friendly but j Cable ta diacen ai tay crg uthe nah.,price_positive#product_quality_positive
817,51447153691610,eke bare baje chi chi ogore paile ami age suddam product khub baje oak thu,eke bare baje chi chi ogore paile ami age suddam product khub baje oak thu.,product_quality_negative
818,50395439291610,"product Valo, but charge theke na, minimum 30 minute change take.","product Valo, but charge theke na, minimum 30 minute change take.",product_quality_positive
819,48660166091610,ডেলিবেরি মেন ভালো না আজকে আমাকে বিষ্টির বিতরে  ষোলো কিলো মিটার আপ ডাউন করাইচে,ডেলিবেরি মেন ভালো না আজকে আমাকে বিষ্টির বিতরে ষোলো কিলো মিটার আপ ডাউন করাইচে.,delivery_negative
820,50217803591610,Quality nai. Order disi white dise black.,Quality nai. Order disi white dise black.,product_quality_negative
821,50387822591610,রাইট সাইট এর টা নষ্ট ফালতু একটা জিনিস 😒,রাইট সাইট এর টা নষ্ট ফালতু একটা জিনিস.,product_quality_negative
822,46671445691610,product quality ektu kharap kbl received korlam akhn e somossa palam aro to din baki ase,product quality ektu kharap kbl received korlam akhn e somossa palam aro to din baki ase.,product_quality_negative
823,53056611591610,sounds systems onk onk kharp,sounds systems onk onk kharp.,product_quality_negative
824,52736588991610,ফালতু ১ কানের বাডস নষ্ট 🤬,ফালতু ১ কানের বাডস নষ্ট.,product_quality_negative
825,49944464691610,"valo nah
connect e hoy nah",valo nah connect e hoy nah.,product_quality_negative
826,50955744391610,faltu keo niyen na plsds,faltu keo niyen na plsds.,product_quality_negative
827,48242839091610,ভালো না চাজ থাকে না কেন যে কিনলাম 😑,ভালো না চাজ থাকে না কেন যে কিনলাম.,product_quality_negative
828,46616343191610,kom dam a valo produced sobi nita paran,kom dam a valo produced sobi nita paran.,price_positive#product_quality_positive
829,50041802391610,আজকে হাতে পেলাম। কম দামের ভিতর এইটা Best,আজকে হাতে পেলাম কম দামের ভিতর এইটা Best.,price_positive#product_quality_positive
830,49762442291610,ভাই কেউ কিনবেন না একদম ফেক আর বাজে একটা পন্য আমি বেক করছি টাকাটাও দিচ্ছে না চোর বাটপার এরা এক তো ফেক পন্য বিক্রি করে তার পর আাবার টাকা৷ মেরে দেয় কেউ কিনবেন না একদমি বাজে পন্য আর চোর ⚠️⚠️,ভাই কেউ কিনবেন না একদম ফেক আর বাজে একটা পন্য আমি বেক করছি টাকাটাও দিচ্ছে না চোর বাটপার এরা এক তো ফেক পন্য বিক্রি করে তার পর আাবার টাকা৷ মেরে দেয় কেউ কিনবেন না একদমি বাজে পন্য আর চোর.,product_quality_negative
831,46723193091610,প্রোডাক টা ভালোই এই দামের মধ্যে। আমার টা ৪ মাস পর্যন্ত ভাল ছিলো।,প্রোডাক টা ভালোই এই দামের মধ্যে আমার টা ৪ মাস পর্যন্ত ভাল ছিলো.,price_positive#product_quality_positive
832,50610681891610,"Alhamdulillah aita mota moti valoi kom
Price a valo podak ar Kew niya chalice niya paren",Alhamdulillah aita mota moti valoi kom Price a valo podak ar Kew niya chalice niya paren.,price_neutral#product_quality_neutral
833,49942861391610,এই দামের ভিতরে খালি গান শোনার নিগা পারফেক্ট ঠিকই এই ব্লুটুথ দিয়ে কথা শোনা যায় না,এই দামের ভিতরে খালি গান শোনার নিগা পারফেক্ট ঠিকই এই ব্লুটুথ দিয়ে কথা শোনা যায় না.,price_positive#product_quality_positive
834,49830198091610,mi এয়ার পাঁচটা নিয়েছিলাম তো খুব একটা ভালো নয়। স্নান করে কি তেমন একটা ভালো নয়,mi এয়ার পাঁচটা নিয়েছিলাম তো খুব একটা ভালো নয় স্নান করে কি তেমন একটা ভালো নয়.,product_quality_negative
835,49981513591610,সাউন্ড কোয়ালিটি ভালো। কিন্তু চার্জ ব্যাকআপ খুবই খারাপ। ৩০ মিনিটের মত চার্জ থাকে। আমার মতে এই দামে এটা না কোনায়  ভালো।,সাউন্ড কোয়ালিটি ভালো কিন্তু চার্জ ব্যাকআপ খুবই খারাপ ৩০ মিনিটের মত চার্জ থাকে আমার মতে এই দামে এটা না কোনায় ভালো.,price_negative#product_quality_negative
836,49799816291610,"ভালোই আছে, খুব হাইফাই না, দাম হিসেবে আরেকটু ভালো হলে ঠিক হতো।","ভালোই আছে, খুব হাইফাই না, দাম হিসেবে আরেকটু ভালো হলে ঠিক হতো.",price_neutral#product_quality_positive
837,48918734953054,প্রোডাক্টটা খুব সুন্দর হয়েছে ব্যবহার করে দেখলাম অনেক ভালো সাউন্ড কোয়ালিটি ও ভালো প্রচুর পরিমাণে বেশ দেয়। চার্জও ভালো থাকে আপনারা চাইলে নিতে পারেন 😍😍😍😍,প্রোডাক্টটা খুব সুন্দর হয়েছে ব্যবহার করে দেখলাম অনেক ভালো সাউন্ড কোয়ালিটি ও ভালো প্রচুর পরিমাণে বেশ দেয় চার্জও ভালো থাকে আপনারা চাইলে নিতে পারেন.,product_quality_positive
838,48690232153054,"কিছুদিন হলো Airpods টি ব্যবহার করছি। এর সাউন্ড কোয়ালিটি এক কথায় বেস্ট! এর ANC টাও অনেক ভালো কাজ করছে। দেখতেও প্রিমিয়ামই লাগে। এক কথায় এইরকম প্রাইজ এ এমন airpods বেস্ট। বেস্ট সাউন্ড কোয়ালিটি, পড়লেও কম্ফোর্টেবল।","কিছুদিন হলো Airpods টি ব্যবহার করছি এর সাউন্ড কোয়ালিটি এক কথায় বেস্ট! এর ANC টাও অনেক ভালো কাজ করছে দেখতেও প্রিমিয়ামই লাগে এক কথায় এইরকম প্রাইজ এ এমন airpods বেস্ট বেস্ট সাউন্ড কোয়ালিটি, পড়লেও কম্ফোর্টেবল.",product_quality_positive
839,48689496153054,আলহামদুলিল্লাহ এই প্রথম দারাজ থেকে অর্ডার দেওয়ার পর ওরজিনাল প্রোডাক্টটা পেলাম 🥰🥰১০০% এনসি নয়েজ  ক্যান্সিলেশন কাজ করে 🥰কথা বলা যায় অনেক সুন্দর করে 🥰🥰ধন্যবাদ দারাজ 🥰🥰সবাই চোখ বন্ধ করে নিতে পারেন 🥰,আলহামদুলিল্লাহ এই প্রথম দারাজ থেকে অর্ডার দেওয়ার পর ওরজিনাল প্রোডাক্টটা পেলাম ১০০ এনসি নয়েজ ক্যান্সিলেশন কাজ করে কথা বলা যায় অনেক সুন্দর করে ধন্যবাদ দারাজ সবাই চোখ বন্ধ করে নিতে পারেন.,product_quality_positive
840,48690231353054,"1/  Authentic product ❣️
2/Sound quality osthir ❣️
3/100% ANC Kaj kore ❣️
4/ charging 2 din use korsi ❣️
5/ Thank you daraz + seller ❣️",1 Authentic product 2 Sound quality osthir 3 100 ANC Kaj kore 4 charging 2 din use korsi 5 Thank you daraz seller.,product_quality_positive
841,48690326753054,"মাশাআল্লাহ বিউটিফুল প্রোডাক্ট 💯এনসি কাজ করে এবং টাইপসি পাবো,👨‍👨‍👧❤️‍🔥সেলার ভাইটা আন্তরিক ছিলো ❤️‍🔥order দেওয়ার দুই দিনের ভিতরে হাতে পেয়েছি ❤️‍🔥❤️সবাই নিতে পারেন ধন্যবাদ ❤️","মাশাআল্লাহ বিউটিফুল প্রোডাক্ট এনসি কাজ করে এবং টাইপসি পাবো, সেলার ভাইটা আন্তরিক ছিলো order দেওয়ার দুই দিনের ভিতরে হাতে পেয়েছি সবাই নিতে পারেন ধন্যবাদ.",seller_service_positive#delivery_positive#product_quality_positive
842,48690140653054,"এই Airpods টা সত্যি অসাধারণ,যা আশা করেছিলাম তার থেকেও ভালো,সাউন্ড কোয়ালিটি খুব ভালো এবং খুব ভালোভাবে ইয়ার বাড দিয়ে কথা বলা যায়,so I wanna give five star rating and 100/100 thanks to daraz","এই Airpods টা সত্যি অসাধারণ,যা আশা করেছিলাম তার থেকেও ভালো,সাউন্ড কোয়ালিটি খুব ভালো এবং খুব ভালোভাবে ইয়ার বাড দিয়ে কথা বলা যায়,so I wanna give five star rating and 100 100 thanks to daraz.",product_quality_positive
843,48689681353054,আজ প্রায় 7-8 মাস ব্যাবহারের পর রিভিউ দিচ্ছি। অনেক ভাল একটা প্রোডাক্ট। একদম বলতে আসাধারণ।.,আজ প্রায় 7-8 মাস ব্যাবহারের পর রিভিউ দিচ্ছি অনেক ভাল একটা প্রোডাক্ট একদম বলতে আসাধারণ .,product_quality_positive
844,48856421953054,মাশাআল্লাহ এতো কম দামে ওরিজিনাল জিনিস পাওয়া। কি বলবো All beast daraz....।,মাশাআল্লাহ এতো কম দামে ওরিজিনাল জিনিস পাওয়া কি বলবো All beast daraz..,price_positive#product_quality_positive
845,48689960153054,অনেক ভালো ধন্যবাদ ভাইয়া কম দামে ভালো কিছু দেওয়ার জন্য 😌💝সামনে আরো ও নিবো🥰,অনেক ভালো ধন্যবাদ ভাইয়া কম দামে ভালো কিছু দেওয়ার জন্য সামনে আরো ও নিবো.,price_positive#product_quality_positive
846,48918350253054,Nice Product 🔥 All in One✅ সবাই নিতে পারেন✅,Nice Product All in One সবাই নিতে পারেন.,product_quality_positive
847,54948702853054,Khubi valo products price onujai onk valo ami mone kori matro hate fellam use kore deklam best ar delivery man ar behavior onk valo cilow donnobad daraz 🤍,Khubi valo products price onujai onk valo ami mone kori matro hate fellam use kore deklam best ar delivery man ar behavior onk valo cilow donnobad daraz.,delivery_positive#price_positive#product_quality_positive
848,54010136753054,"1.khub akta valo na.
2.ak side ar tar sound kom hoy.ay budget hishabe valo .
3. Quality valo.kintu khub valo na.",1.khub akta valo na. 2.ak side ar tar sound kom hoy.ay budget hishabe valo . 3. Quality valo.kintu khub valo na.,product_quality_neutral
849,54516158253054,"আমি কিছুদিন আগে এই এয়ারপডটা কিনেছি, এখন পর্যন্ত ব্যবহার করে বেশ সন্তুষ্ট। সাউন্ড কোয়ালিটি ক্লিয়ার এবং বেসটা যথেষ্ট ভালো। কলের সময়ও কোনো সমস্যা হয়নি। চার্জও ভালোই থাকে
সেলার খুবই হেল্পফুল, ডেলিভারিও সময়মতো পেয়েছি। প্যাকেটিংও ঠিকঠাক ছিল। এই দামে এমন প্রোডাক্ট সত্যি ভালো লেগেছে।","আমি কিছুদিন আগে এই এয়ারপডটা কিনেছি, এখন পর্যন্ত ব্যবহার করে বেশ সন্তুষ্ট সাউন্ড কোয়ালিটি ক্লিয়ার এবং বেসটা যথেষ্ট ভালো কলের সময়ও কোনো সমস্যা হয়নি চার্জও ভালোই থাকে সেলার খুবই হেল্পফুল, ডেলিভারিও সময়মতো পেয়েছি প্যাকেটিংও ঠিকঠাক ছিল এই দামে এমন প্রোডাক্ট সত্যি ভালো লেগেছে.",seller_service_positive#delivery_positive#price_positive#product_quality_positive
850,54726903753054,দুই সপ্তাহ পরে রিভিউ দিচ্ছি৷ প্রোডাক্টটি প্রথম চার্জ থাকত না তারপর রিসেট মারার পর ঠিক হয়ে যায়। আলহামদুলিল্লাহ এখন অনেক ভালো চলতাছে (ডেলিভারি ম্যান এর ব্যবহারটা একদমই ভালো লাগেনি),দুই সপ্তাহ পরে রিভিউ দিচ্ছি৷ প্রোডাক্টটি প্রথম চার্জ থাকত না তারপর রিসেট মারার পর ঠিক হয়ে যায় আলহামদুলিল্লাহ এখন অনেক ভালো চলতাছে ডেলিভারি ম্যান এর ব্যবহারটা একদমই ভালো লাগেনি.,delivery_negative#product_quality_positive
851,54853853153054,"*""Daraz theke কিনে ফেললাম AirPods Pro 2nd Gen – এখনো চালাইনি, কিন্তু Already প্রেমে পড়ে গেছি!""*

প্রথমেই বলি – ৫৯৯ টাকায় এমন প্রিমিয়াম লুকিং প্রোডাক্ট পেয়ে আমি হকচকিয়ে গেছি! 😳  
বক্স খুলেই মনে হলো – Apple অফিসিয়াল প্যাকেট খুলতেছি 😍

✅ Earbuds গুলা দেখতে একদম sleek & classy  
✅ ম্যাট ফিনিশ আর চার্জিং কেসে light – পুরাই অ্যাপল ভাইব  
✅ কানেক্টিভিটি অপশন আর noise cancellation ট্যাগ দেখে অপেক্ষা করতে পারছি না ইউজ করার  
✅ ৩০ ঘণ্টা পর্যন্ত ব্যাকআপ লেখা – সত্য হলে তো সোনায় সোহাগা!  
✅ Packaging ছিল damage-free, সব কিছু ঠিকঠাক

📦 ডেলিভারি ছিল super fast – ২ দিনের মধ্যে হাতে পেয়েছি  
💸 দাম শুনে অনেকেই বিশ্বাস করবে না – কিন্তু আমি পেয়ে গেছি!

*Conclusion:*  
""দাম যা, প্রোডাক্ট তার চেয়েও বেশি! এখন শুধু চালানো বাকি – আর মনে হচ্ছে চালালেই বাজিমাত হবে!"" 🎧🔥","""Daraz theke কিনে ফেললাম AirPods Pro 2nd Gen এখনো চালাইনি, কিন্তু Already প্রেমে পড়ে গেছি!"" প্রথমেই বলি ৫৯৯ টাকায় এমন প্রিমিয়াম লুকিং প্রোডাক্ট পেয়ে আমি হকচকিয়ে গেছি! বক্স খুলেই মনে হলো Apple অফিসিয়াল প্যাকেট খুলতেছি Earbuds গুলা দেখতে একদম sleek classy ম্যাট ফিনিশ আর চার্জিং কেসে light পুরাই অ্যাপল ভাইব কানেক্টিভিটি অপশন আর noise cancellation ট্যাগ দেখে অপেক্ষা করতে পারছি না ইউজ করার ৩০ ঘণ্টা পর্যন্ত ব্যাকআপ লেখা সত্য হলে তো সোনায় সোহাগা! Packaging ছিল damage-free, সব কিছু ঠিকঠাক ডেলিভারি ছিল super fast ২ দিনের মধ্যে হাতে পেয়েছি দাম শুনে অনেকেই বিশ্বাস করবে না কিন্তু আমি পেয়ে গেছি! Conclusion ""দাম যা, প্রোডাক্ট তার চেয়েও বেশি! এখন শুধু চালানো বাকি আর মনে হচ্ছে চালালেই বাজিমাত হবে!"".",delivery_positive#packaging_positive#price_positive#product_quality_positive
852,51928722053054,সত্যি ভালো একটা হেডফোন বিশেষ করে কথা বলার ক্ষেত্রে।  খুবই স্মুথ সাউন্ড এবং ব্যাটারি ব্যাকআপ অনেক ভালো।,সত্যি ভালো একটা হেডফোন বিশেষ করে কথা বলার ক্ষেত্রে খুবই স্মুথ সাউন্ড এবং ব্যাটারি ব্যাকআপ অনেক ভালো.,product_quality_positive
853,54752269553054,"অর্ডার দিছিলাম হোয়াইট, দিছে ব্লেক। তারপরেও সমস্যা নেই অনেক ভালো প্রোডাক্ট ৯/১০। রিকমেন্ডেড সবাই নিতে পারেন।","অর্ডার দিছিলাম হোয়াইট, দিছে ব্লেক তারপরেও সমস্যা নেই অনেক ভালো প্রোডাক্ট ৯ ১০ রিকমেন্ডেড সবাই নিতে পারেন.",product_quality_positive
854,54225297753054,একদিনের মধ্যেই হাতে পেয়েছি।  ১০মিনিট ব্যাবহার করে ভালোই মনে হলো। কিছু দিন ব্যাবহার করে ভালো মন্দ বিষয়টা আরেকটা রিভিউয়ে জানাবো।,একদিনের মধ্যেই হাতে পেয়েছি ১০মিনিট ব্যাবহার করে ভালোই মনে হলো কিছু দিন ব্যাবহার করে ভালো মন্দ বিষয়টা আরেকটা রিভিউয়ে জানাবো.,delivery_positive#product_quality_positive
855,54812531253054,"এয়ারপড টা ভালো ছিলো,সব ফিচার কাজ করত এবং লাইভ লিস্টেনিং ও কাজ করছিল।কিন্তু এই সব কিছু ভালোর মধ্যে সেলার আমায় যেই কেবল দিয়েছে এই কেবল দেওয়ার কোনো মনে হয় না,এয়ারপড এর চার্জিং পোর্ট হলো টাইপ সি এর কিন্তু আমায় দিয়েছে টাইপ সি তো লাইটনিং!মানে এটা কোনও কথা?কেবল তা ভালো ও না, আইফোন চার্জ এ লাগিয়ে দেখি চার্জ উঠে না!
যাইহোক ওভারঅল প্রোডাক্ট ভালো ছিলো।","এয়ারপড টা ভালো ছিলো,সব ফিচার কাজ করত এবং লাইভ লিস্টেনিং ও কাজ করছিল কিন্তু এই সব কিছু ভালোর মধ্যে সেলার আমায় যেই কেবল দিয়েছে এই কেবল দেওয়ার কোনো মনে হয় না,এয়ারপড এর চার্জিং পোর্ট হলো টাইপ সি এর কিন্তু আমায় দিয়েছে টাইপ সি তো লাইটনিং!মানে এটা কোনও কথা?কেবল তা ভালো ও না, আইফোন চার্জ এ লাগিয়ে দেখি চার্জ উঠে না! যাইহোক ওভারঅল প্রোডাক্ট ভালো ছিলো.",product_quality_positive
856,54335280153054,Price onujai thik aseh but noice cancellation and baki features kaj kore na but sound quality chole mota moti,Price onujai thik aseh but noice cancellation and baki features kaj kore na but sound quality chole mota moti.,price_positive#product_quality_positive
857,54786419353054,আলহামদুলিল্লাহ ভালোই আছে 😊 খুব তাড়াতাড়ি পেয়েছি। ডেলিভারি ম্যান এর ব্যবহার অনেক ভালো আমার বাসায় এসে দিয়ে গেছে। প্রডাক্ট টা অনেক ভালো অল্প টাকায় অনেক ভালো একটা প্রডাক্ট পেয়েছি ধন্যবাদ সেলার ভাইকে 😊🥰🌹এতো সুন্দর একটা প্রডাক্ট দেবার জন্য। আর আপনারা চাইলে এটা নিতে পারেন অনেক ভালো,আলহামদুলিল্লাহ ভালোই আছে খুব তাড়াতাড়ি পেয়েছি ডেলিভারি ম্যান এর ব্যবহার অনেক ভালো আমার বাসায় এসে দিয়ে গেছে প্রডাক্ট টা অনেক ভালো অল্প টাকায় অনেক ভালো একটা প্রডাক্ট পেয়েছি ধন্যবাদ সেলার ভাইকে এতো সুন্দর একটা প্রডাক্ট দেবার জন্য আর আপনারা চাইলে এটা নিতে পারেন অনেক ভালো.,delivery_positive#price_positive#product_quality_positive
858,53752027653054,আলহামদুলিল্লাহ প্রোডাক্টটা খুবই সুন্দর আপনারা চাইলে নিতে পারেন আমি এ প্রোডাক্টটা একে একে চাইর বার কিনলাম আপনারা নিলে নিতে পারেন ইনশাল্লাহ খুবই ভালো প্রোডাক্ট চার্জ  খুবই ভালো চলে আলহামদুলিল্লাহ দাম সাড়ে ৭৫০ টাকা,আলহামদুলিল্লাহ প্রোডাক্টটা খুবই সুন্দর আপনারা চাইলে নিতে পারেন আমি এ প্রোডাক্টটা একে একে চাইর বার কিনলাম আপনারা নিলে নিতে পারেন ইনশাল্লাহ খুবই ভালো প্রোডাক্ট চার্জ খুবই ভালো চলে আলহামদুলিল্লাহ দাম সাড়ে ৭৫০ টাকা.,product_quality_positive
859,53800454453054,"এক কথায় অসাধারন 👌 আমি বলবো এই বাজেটে সেরা একটা জিনিস, যারা বেস ভালোবাসেন তারা অবশ্যই নিবেন 🥰 ক্লিয়ার সাউন্ড এবং ডিপ বেস অসাধারন, 🥰","এক কথায় অসাধারন আমি বলবো এই বাজেটে সেরা একটা জিনিস, যারা বেস ভালোবাসেন তারা অবশ্যই নিবেন ক্লিয়ার সাউন্ড এবং ডিপ বেস অসাধারন,.",price_positive#product_quality_positive
860,54036907953054,Product order deoar 2 din pore pelum . product onek bhalo packaging ta dekhe bhalo mone hocche . Beboharer por bakita bolajabe.,Product order deoar 2 din pore pelum . product onek bhalo packaging ta dekhe bhalo mone hocche . Beboharer por bakita bolajabe.,delivery_positive#packaging_positive#product_quality_positive
861,54310837153054,"good good 😊 অসাধারণ। Daraz থেকে কিনে যে ভালো জিনিস পাবো আশা করি নাই । যাক আলহামদুলল্লাহ ভালো পণ্য পেয়েছি। ANC সব ঠিকঠাক আসে, সাউন্ড কোয়ালিটিও ভালো। আর Delivery man ও seller এর ব্যাবহার অনেক ভালো। অর্ডার করার 3 দিন এর মধ্যেই পেয়ে গেছি। আপনারা চাইলে নিতে পারেন।10 মাঝে 10","good good অসাধারণ Daraz থেকে কিনে যে ভালো জিনিস পাবো আশা করি নাই যাক আলহামদুলল্লাহ ভালো পণ্য পেয়েছি ANC সব ঠিকঠাক আসে, সাউন্ড কোয়ালিটিও ভালো আর Delivery man ও seller এর ব্যাবহার অনেক ভালো অর্ডার করার 3 দিন এর মধ্যেই পেয়ে গেছি আপনারা চাইলে নিতে পারেন 10 মাঝে 10.",seller_service_positive#delivery_positive#product_quality_positive
862,54264265453054,আলহামদুলিল্লাহ পাইছি।কিন্তু সময় একটু বেশি লাগছে। সাউন্ড কোয়ালিটি মোটামুটি ঠিক আছে দেখা যাক চার্জ কিরকম থাকে ।,আলহামদুলিল্লাহ পাইছি কিন্তু সময় একটু বেশি লাগছে সাউন্ড কোয়ালিটি মোটামুটি ঠিক আছে দেখা যাক চার্জ কিরকম থাকে.,delivery_negative
863,54026568853054,product ta onek onek valo chilo shobai mite paren ar delivery o taratari hoiche delivery vaita onek valo oi onujai aro valo laglo tnx vai...ar daraz ke dhonnobad eto shundor ekti product amake deyar jonno,product ta onek onek valo chilo shobai mite paren ar delivery o taratari hoiche delivery vaita onek valo oi onujai aro valo laglo tnx vai..ar daraz ke dhonnobad eto shundor ekti product amake deyar jonno.,delivery_positive#product_quality_positive
864,54863035653054,এই প্রোডাক্টের কোয়ালিটি খুবই ভালো। এই বক্সটা যখন আনবক্স করতে গেছি তখন একটা প্রিমিয়াম ফিল আসছে। এত সুন্দর প্যাকেজিং আর ভিতরে যে একটা কেবল পাব এটাও আশা করিনি। সাউন্ড কোয়ালিটি বেস্ট। আমার কাছে খুবই ভালো লাগছে। এত কম দামে এত ভাল একটি জিনিস পাব কল্পনাও করতে পারিনি। অনেক অনেক ধন্যবাদ সেলারকে❤️,এই প্রোডাক্টের কোয়ালিটি খুবই ভালো এই বক্সটা যখন আনবক্স করতে গেছি তখন একটা প্রিমিয়াম ফিল আসছে এত সুন্দর প্যাকেজিং আর ভিতরে যে একটা কেবল পাব এটাও আশা করিনি সাউন্ড কোয়ালিটি বেস্ট আমার কাছে খুবই ভালো লাগছে এত কম দামে এত ভাল একটি জিনিস পাব কল্পনাও করতে পারিনি অনেক অনেক ধন্যবাদ সেলারকে.,packaging_positive#price_positive#product_quality_positive
865,53781942153054,"Daraz theke eto balo ekta airpod pabo kolponawo kori nai🤷‍♂️ 
Khub balo ekta airpod sound quality sei apnara lagle nite paren 🙂",Daraz theke eto balo ekta airpod pabo kolponawo kori nai Khub balo ekta airpod sound quality sei apnara lagle nite paren.,product_quality_positive
866,54838964153054,"প্রথমেই মনে হয় নি এত কম প্রেইস এমন একটি ভালো প্রোডাক্ট পাবো, প্রাইস অনুযায়ী ভালোই লেগেছে জিনিস টা, ধন্যবাদ","প্রথমেই মনে হয় নি এত কম প্রেইস এমন একটি ভালো প্রোডাক্ট পাবো, প্রাইস অনুযায়ী ভালোই লেগেছে জিনিস টা, ধন্যবাদ.",price_positive#product_quality_positive
867,54254071953054,"৭ তারিখ অর্ডার দেওয়া ১০ তারিখ পণ্য হাতে পাওয়া 
সেলারের এই এত দ্রুত পণ্য পাঠানোটা ভালো লাগলো 
এখন পর্যন্ত একদিনের ব্যবহার এ ব্যাটারি ব্যাকআপ সাউন্ড 
৫৫০ টাকা তুলনায় খুব ভালো 
তবে লম্বা সময় এ কি করে সেটা স্রষ্টা ভালো বলতে পারবে 
সেলার কে জিগিয়েছিলাম এএনসি আছে কিনা উনি সহজ সরলভাবে না করেছে 
তবে আশ্চর্যজনকভাবে এ পণ্যটাই এএনসি কাজ করছিল 
দুটা কানে  একসাথে দিলে বাহির থেকে সাউন্ড মোটামুটি আসেইনা যা দাম বিবেচনায় অসাধারণ 

তবে চ্যটবক্সে সেলার কে জানিয়েছিলাম যেহেতু সাদা কালার
দ্রুত ময়লা পড়বে তাই একটা কাভার দিয়ে দিলে কৃতজ্ঞ থাকব

সেটা দেয়নি 

আর হ্য পন্যটার খোললে লাগালে ছোট্ট বাতির
 অংশ এটা কাজ একবারেই কাজ করছে না

এখন আরো লং টাইম ইউজ করে 
আরেকটা রিভিউ দেবো প্রাথমিক মন্দ লাগেনি",৭ তারিখ অর্ডার দেওয়া ১০ তারিখ পণ্য হাতে পাওয়া সেলারের এই এত দ্রুত পণ্য পাঠানোটা ভালো লাগলো এখন পর্যন্ত একদিনের ব্যবহার এ ব্যাটারি ব্যাকআপ সাউন্ড ৫৫০ টাকা তুলনায় খুব ভালো তবে লম্বা সময় এ কি করে সেটা স্রষ্টা ভালো বলতে পারবে সেলার কে জিগিয়েছিলাম এএনসি আছে কিনা উনি সহজ সরলভাবে না করেছে তবে আশ্চর্যজনকভাবে এ পণ্যটাই এএনসি কাজ করছিল দুটা কানে একসাথে দিলে বাহির থেকে সাউন্ড মোটামুটি আসেইনা যা দাম বিবেচনায় অসাধারণ তবে চ্যটবক্সে সেলার কে জানিয়েছিলাম যেহেতু সাদা কালার দ্রুত ময়লা পড়বে তাই একটা কাভার দিয়ে দিলে কৃতজ্ঞ থাকব সেটা দেয়নি আর হ্য পন্যটার খোললে লাগালে ছোট্ট বাতির অংশ এটা কাজ একবারেই কাজ করছে না এখন আরো লং টাইম ইউজ করে আরেকটা রিভিউ দেবো প্রাথমিক মন্দ লাগেনি.,delivery_positive#product_quality_positive
868,54921677953054,"ANC kaaj kore na....plus charger o kaaj korena
overall daam onujai kharap na. sound bhalo Alhamdulillah.",ANC kaaj kore na..plus charger o kaaj korena overall daam onujai kharap na. sound bhalo Alhamdulillah.,price_positive#product_quality_positive
869,54784215553054,"ম্যাট ফিনিশিং হাতে ধরলে একটা প্রিমিয়াম প্রিমিয়াম  লাগে , সাউন্ড কোয়ালিটি মোটামুটি ভালই বেসটাও ভালো, প্যাকেটের গায়ে মেড ইন দুবাই লেখা , যেমনটি চেয়েছিলাম তেমনটাই পেয়েছি, ধন্যবাদ সেলার এবং দারাজ কে ।","ম্যাট ফিনিশিং হাতে ধরলে একটা প্রিমিয়াম প্রিমিয়াম লাগে , সাউন্ড কোয়ালিটি মোটামুটি ভালই বেসটাও ভালো, প্যাকেটের গায়ে মেড ইন দুবাই লেখা , যেমনটি চেয়েছিলাম তেমনটাই পেয়েছি, ধন্যবাদ সেলার এবং দারাজ কে.",product_quality_positive
870,53098445953054,"খুব ভালো. যেমন চেয়েছি তেমন e পেয়েছি. 
quality 10/10. 
610 tk দাম হিসেবে ঠিক. 
আপনারা চাইলে নিতে পারেন.",খুব ভালো. যেমন চেয়েছি তেমন e পেয়েছি. quality 10 10. 610 tk দাম হিসেবে ঠিক. আপনারা চাইলে নিতে পারেন.,price_positive#product_quality_positive
871,52044328653054,মাত্র হাতে পাইছি। প্যাকেজিং খুব ভালো ছিলো। সাউন্ড কোয়ালিটি খুব ভালো। এখন কতদিন এমন ভালো সার্ভিস পাই সেটাই দেখার বিষয়। ধন্যবাদ।,মাত্র হাতে পাইছি প্যাকেজিং খুব ভালো ছিলো সাউন্ড কোয়ালিটি খুব ভালো এখন কতদিন এমন ভালো সার্ভিস পাই সেটাই দেখার বিষয় ধন্যবাদ.,packaging_positive#product_quality_positive
872,54849065553054,"Air pod টি দুর্দান্ত। হাতেও পেয়েছি অনেক জলদি। ২৩ তারিখ থেকে ২৯ তারিখে আসার কথা, ২১ তারিখেই পেয়েছি আলহামদুলিল্লাহ। হাতে পাওয়ার পর চার্জ ছিল ৯০%, ওটা দিয়েই ঐ দিন ২-৩ ঘন্টা ব্যবহার করা হয়েছে। পরের দিন ব্যবহার করা হয়নি, চার্জ ও দেই নি। ঐ একই চার্জে আজ ও ১-১.৩ ঘন্টা চালানো হলো, সেই হিসেবে ব্যাটারি ব্যাকআপ সন্তোষজনক।
সমস্যা তৈরি হলো,চার্জ দিতে গিয়ে। মহা ফ্যাসাদে পড়লাম। 
সি টু সি পোর্ট। ল্যাপটপে লাগিয়ে ৬০% চার্জ হয়েছে। এর পর আর হচ্ছে না। এখন আবার কনভার্টার কিনতে হবে।","Air pod টি দুর্দান্ত হাতেও পেয়েছি অনেক জলদি ২৩ তারিখ থেকে ২৯ তারিখে আসার কথা, ২১ তারিখেই পেয়েছি আলহামদুলিল্লাহ হাতে পাওয়ার পর চার্জ ছিল ৯০ , ওটা দিয়েই ঐ দিন ২-৩ ঘন্টা ব্যবহার করা হয়েছে পরের দিন ব্যবহার করা হয়নি, চার্জ ও দেই নি ঐ একই চার্জে আজ ও ১-১.৩ ঘন্টা চালানো হলো, সেই হিসেবে ব্যাটারি ব্যাকআপ সন্তোষজনক সমস্যা তৈরি হলো,চার্জ দিতে গিয়ে মহা ফ্যাসাদে পড়লাম সি টু সি পোর্ট ল্যাপটপে লাগিয়ে ৬০ চার্জ হয়েছে এর পর আর হচ্ছে না এখন আবার কনভার্টার কিনতে হবে.",delivery_positive#product_quality_positive
873,52444449153054,"প্রোডাক্ট অনেক দ্রুত ডেলিভারি পেয়েছি। মাত্র তিন দিনের মাথায় ডেলিভারি পেয়ে গেছে। 
সবকিছু ঠিকঠাক ভাবে কাজ করছে। 
তবে একটা সমস্যা আছে। টাইপ C টু C কেবলটি ফোনের সাথে কানেক্ট করে এয়ারবার্টস এর সাথে কানেক্ট করলে চার্জ নিচ্ছে না। নর্মালি ফোনের চার্জার এর সাথে কানেক্ট করলে চার্জ নিচ্ছে তবে যে টাইপ সি টু সি পোর্টটা দেয়া হয়েছে ওটা নষ্ট আছে। 
এটা খুব একটা ম্যান্ডেটরি না বাকি সবকিছু অভারল ঠিক আছে।",প্রোডাক্ট অনেক দ্রুত ডেলিভারি পেয়েছি মাত্র তিন দিনের মাথায় ডেলিভারি পেয়ে গেছে সবকিছু ঠিকঠাক ভাবে কাজ করছে তবে একটা সমস্যা আছে টাইপ C টু C কেবলটি ফোনের সাথে কানেক্ট করে এয়ারবার্টস এর সাথে কানেক্ট করলে চার্জ নিচ্ছে না নর্মালি ফোনের চার্জার এর সাথে কানেক্ট করলে চার্জ নিচ্ছে তবে যে টাইপ সি টু সি পোর্টটা দেয়া হয়েছে ওটা নষ্ট আছে এটা খুব একটা ম্যান্ডেটরি না বাকি সবকিছু অভারল ঠিক আছে.,delivery_positive#product_quality_positive
874,54668734853054,খুবই ভালো প্রোডাক্ট। এই দামে এটা সত্যিই পয়সা উসুল জিনিস।আপ্নারা চাইলে নিতে পারেন।বাট দারাজের পাকেজিং কোয়ালিটি বাজে।,খুবই ভালো প্রোডাক্ট এই দামে এটা সত্যিই পয়সা উসুল জিনিস আপ্নারা চাইলে নিতে পারেন বাট দারাজের পাকেজিং কোয়ালিটি বাজে.,packaging_negative#price_positive#product_quality_positive
875,54750883453054,"আলহামদুলিল্লাহ খুবই ভালো প্রোডাক্ট 
যা বলেছে প্রোডাক্ট সেটাই দিয়েছে।।
সেলার এর ব্যবহার ও আলহামদুলিল্লাহ অনেক ভালো ছিল।",আলহামদুলিল্লাহ খুবই ভালো প্রোডাক্ট যা বলেছে প্রোডাক্ট সেটাই দিয়েছে সেলার এর ব্যবহার ও আলহামদুলিল্লাহ অনেক ভালো ছিল.,seller_service_positive#product_quality_positive
876,54127274853054,"দারাজ থেকে এটা আমার প্রথম অর্ডার।  আমি হতাশ। 
সবার ভালো রিভিউ দেখে অর্ডার দিছিলাম কিন্ত খুবই বাজে প্রোডাক্ট পেলাম 
1_ ANC কাজ করে না 
2_ ফোনে বিন্দু পরিমাণ কথা বলা যায় না
3_ ক্যবল যেটা দিছে সেটাও নষ্ট।  
সব কিছু মিলিয়ে অনেক বাজে একটা প্রোডাক্ট পেলাম। 
আর কেউ কিনে আমার মত ধরা খায়েন না।
😭😭😭😭😭😭😭🥱🥱😭🥱😭😭😭",দারাজ থেকে এটা আমার প্রথম অর্ডার আমি হতাশ সবার ভালো রিভিউ দেখে অর্ডার দিছিলাম কিন্ত খুবই বাজে প্রোডাক্ট পেলাম 1 ANC কাজ করে না 2 ফোনে বিন্দু পরিমাণ কথা বলা যায় না 3 ক্যবল যেটা দিছে সেটাও নষ্ট সব কিছু মিলিয়ে অনেক বাজে একটা প্রোডাক্ট পেলাম আর কেউ কিনে আমার মত ধরা খায়েন না.,product_quality_negative
877,54582791453054,প্রডাক্টের কথা পরে বলি আগে বলি ডেলিভার মেনের কথা এক কথায় ওনি একজন  অমায়িক মানুষ আর প্রডাক্ট জাজ ওয়াও এক হেডফোনে প্রায় চার ঘন্টার উপরে জায়গা আমি খুব খুশি ধন্যবাদ দারাজকে।,প্রডাক্টের কথা পরে বলি আগে বলি ডেলিভার মেনের কথা এক কথায় ওনি একজন অমায়িক মানুষ আর প্রডাক্ট জাজ ওয়াও এক হেডফোনে প্রায় চার ঘন্টার উপরে জায়গা আমি খুব খুশি ধন্যবাদ দারাজকে.,delivery_positive#product_quality_positive
878,54990972553054,"awsome 🥰 🥰বিশেষ করে এর বক্স দেখে মনে হয় একদম প্রিমিয়াম বা দামি কোনো এয়ারপোডস এটা ক্লোন, তারপরও এই প্রাইজে এতো কিছু আমি except করিনি এটার ব্যাস দুর্দান্ত মিউজিক লাভার দের জন্য আমি রিকমেন্ড করব নিতে পারেন👍","awsome বিশেষ করে এর বক্স দেখে মনে হয় একদম প্রিমিয়াম বা দামি কোনো এয়ারপোডস এটা ক্লোন, তারপরও এই প্রাইজে এতো কিছু আমি except করিনি এটার ব্যাস দুর্দান্ত মিউজিক লাভার দের জন্য আমি রিকমেন্ড করব নিতে পারেন.",price_positive#product_quality_positive
879,52618488053054,প্রডাক্ট এর সাউন্ড পুরাই অস্তির চোখ বুজে নিতে পারেন। আর মজার ব্যাপার হলো ডেলিভারি ম্যান আমার বন্ধু ছিল 🥰🥰🥰।,প্রডাক্ট এর সাউন্ড পুরাই অস্তির চোখ বুজে নিতে পারেন আর মজার ব্যাপার হলো ডেলিভারি ম্যান আমার বন্ধু ছিল.,product_quality_positive
880,53731722253054,"15 din er moto use korlam..airpods valoi but ANC kaj kortece naki sure na tobe original airpods er moto onno features kaj kortece, overall valo","15 din er moto use korlam..airpods valoi but ANC kaj kortece naki sure na tobe original airpods er moto onno features kaj kortece, overall valo.",product_quality_positive
881,54344846553054,"১.৫ মাস ব্যবহার করে রিভিউ দিচ্ছি,  কোন সমস্যা দেখা দিচ্ছে না, কিন্তু একটা গম্ভীর সাউন্ট, কান ব্যথা করে, দেখি কত দিন টিকে, পরে রিভিউ এড করে দিবো বা ফলোআপ দিয়ে দিবো।","১.৫ মাস ব্যবহার করে রিভিউ দিচ্ছি, কোন সমস্যা দেখা দিচ্ছে না, কিন্তু একটা গম্ভীর সাউন্ট, কান ব্যথা করে, দেখি কত দিন টিকে, পরে রিভিউ এড করে দিবো বা ফলোআপ দিয়ে দিবো.",product_quality_positive
882,54138576753054,"বাজেট অনুযায়ী ভালো, তবে চার্জ ব্রেকাপ টা আরেকটু হইলে ভালো হতো,, তবে যা আছে ভালোই খারাপ না,, মোটামুটি চলার মতো","বাজেট অনুযায়ী ভালো, তবে চার্জ ব্রেকাপ টা আরেকটু হইলে ভালো হতো,, তবে যা আছে ভালোই খারাপ না,, মোটামুটি চলার মতো.",price_positive#product_quality_positive
883,54566959153054,"আলহামদুলিল্লাহ অনেকে ভালো product পেয়ছি। 
আমি এই পর্যন্ত ৭ টা নিয়েছি,,,,। ভিন্ন ভিন্ন সময়ে। 
কিন্তু এখানে সব গুলোর মধ্যে একটা একটু সমস্যা পেয়েছি।
দুই টা আলাদা আলদা নামে connect হয়।","আলহামদুলিল্লাহ অনেকে ভালো product পেয়ছি আমি এই পর্যন্ত ৭ টা নিয়েছি,, ভিন্ন ভিন্ন সময়ে কিন্তু এখানে সব গুলোর মধ্যে একটা একটু সমস্যা পেয়েছি দুই টা আলাদা আলদা নামে connect হয়.",product_quality_positive
884,54874006253054,this airpod is perfect for daily uses. sound quality is good and also charge long lasting stay. and lastly i say seller vaiya onk valo thank u vaiya 🥹✨,this airpod is perfect for daily uses. sound quality is good and also charge long lasting stay. and lastly i say seller vaiya onk valo thank u vaiya.,seller_service_positive#product_quality_positive
885,53482988153054,Sundor packaging chilo. Box e ektu o kono scratch pai ni. Bhitore sob kichui valo moto chilo. 1 Week er moto use krar por dicchi review. sound quality joss. And everything is perfect. Thank you seller vai k. Recommend krbo newar jnno. Bakita as ur wish.,Sundor packaging chilo. Box e ektu o kono scratch pai ni. Bhitore sob kichui valo moto chilo. 1 Week er moto use krar por dicchi review. sound quality joss. And everything is perfect. Thank you seller vai k. Recommend krbo newar jnno. Bakita as ur wish.,packaging_positive#product_quality_positive
886,52821295453054,"দাম অনুযায়ী এটা সাউন্ড কোয়ালিটি অনেক ভালো । anc কাজ কিভাবে  করে আমি জানি না বা ব্যবহার কিভাবে করতে হয় সেটা আমি জানি না সেজন্য বলতে পারলাম না । বক্স প্যাকেজিং  আমার কাছে সন্তুষ্ট জনক। 
কিন্তু আমাকে যেই জিনিসটা হতাশ করেছে সেটা হল ডেলিভারি চার্জ 150টাকা এই টা সেটা 150 না হয়ে 70 বা 50 টাকা হলে ভালো হতো । আপনারা চাইলে নিতে পারেন এটা ভালো হবে
কিন্তু আমি একটি প্রশ্ন  সেলার কে করতে চাই অন্যদের রিভিউ দেওয়া বক্স ও আমাকে যে Airpods pro দিয়েছে সেটার বক্স মিলে না এবং আমার চার্জিং কেবল টাও মিলে না আমারটা type c to c .",দাম অনুযায়ী এটা সাউন্ড কোয়ালিটি অনেক ভালো anc কাজ কিভাবে করে আমি জানি না বা ব্যবহার কিভাবে করতে হয় সেটা আমি জানি না সেজন্য বলতে পারলাম না বক্স প্যাকেজিং আমার কাছে সন্তুষ্ট জনক কিন্তু আমাকে যেই জিনিসটা হতাশ করেছে সেটা হল ডেলিভারি চার্জ 150টাকা এই টা সেটা 150 না হয়ে 70 বা 50 টাকা হলে ভালো হতো আপনারা চাইলে নিতে পারেন এটা ভালো হবে কিন্তু আমি একটি প্রশ্ন সেলার কে করতে চাই অন্যদের রিভিউ দেওয়া বক্স ও আমাকে যে Airpods pro দিয়েছে সেটার বক্স মিলে না এবং আমার চার্জিং কেবল টাও মিলে না আমারটা type c to c .,packaging_positive#product_quality_positive
887,54992293453054,"সেলার ভাইকে অনেক ধন্যবাদ। সময়ের আগেই হাতে পেয়েছি 
চার্জিং ব্যাকআপ অনেক ভালো। 

সাউন্ড কোয়ালিটি খুব সুন্দর।
আমার ডিসকাউন্ট ছিল আমি খুব কমের মধ্যে নিতে পেরেছি চাইলে আপনারা নিতে পারেন সত্যি খুব সুন্দর একটি প্রোডাক্ট😊😊😊",সেলার ভাইকে অনেক ধন্যবাদ সময়ের আগেই হাতে পেয়েছি চার্জিং ব্যাকআপ অনেক ভালো সাউন্ড কোয়ালিটি খুব সুন্দর আমার ডিসকাউন্ট ছিল আমি খুব কমের মধ্যে নিতে পেরেছি চাইলে আপনারা নিতে পারেন সত্যি খুব সুন্দর একটি প্রোডাক্ট.,delivery_positive#product_quality_positive
888,54752373653054,"প্রোডাক্ট কোয়ালিটি অনেক প্রিমিয়াম।  দারুণ সাউন্ড বেজ এবং চার্জ ব্যাকাপও অসাধারণ!  এই নিয়ে আমার ২ টা। 
ধন্যবাদ সেলার👍",প্রোডাক্ট কোয়ালিটি অনেক প্রিমিয়াম দারুণ সাউন্ড বেজ এবং চার্জ ব্যাকাপও অসাধারণ! এই নিয়ে আমার ২ টা ধন্যবাদ সেলার.,product_quality_positive
889,54876799653054,সাউন্ড কোয়ালিটি এক কথায় দারুন। তিন দিন চালানোর পর মনে হলো ভালোই। চার্জ  3 ঘন্টার মতো থাকে। সব মিলিয়ে এবং দাম অনুযায়ী অসাধারণ।,সাউন্ড কোয়ালিটি এক কথায় দারুন তিন দিন চালানোর পর মনে হলো ভালোই চার্জ 3 ঘন্টার মতো থাকে সব মিলিয়ে এবং দাম অনুযায়ী অসাধারণ.,price_positive#product_quality_positive
890,53726782353054,দাম অনুযায়ী মোটামুটি ভালো। বিশেষ করে সাউন্ড কোয়ালিটি ভালো। তবে অন্যান্য ফাংশন তেমন একটা ভালো না।,দাম অনুযায়ী মোটামুটি ভালো বিশেষ করে সাউন্ড কোয়ালিটি ভালো তবে অন্যান্য ফাংশন তেমন একটা ভালো না.,price_neutral#product_quality_neutral
891,54842561853054,কম প্রাইজে এত ভালো প্রোডাক্ট কখনো আশা করিনি। ডেলিভারি ম্যান এর ব্যবহার অনেক ভালো ছিল। থ্যাংক ইউ,কম প্রাইজে এত ভালো প্রোডাক্ট কখনো আশা করিনি ডেলিভারি ম্যান এর ব্যবহার অনেক ভালো ছিল থ্যাংক ইউ.,delivery_positive#price_positive#product_quality_positive
892,54948864853054,ভালো। তবে যে চার্জার কেবলটা সাথে দিয়েছে এর দুই প্রান্তই type c পোর্ট। তাহলে চার্জ দিবো কিভাবে?,ভালো তবে যে চার্জার কেবলটা সাথে দিয়েছে এর দুই প্রান্তই type c পোর্ট তাহলে চার্জ দিবো কিভাবে?,product_quality_positive
893,54946067053054,"good product  . but bass ektu kom and Baki sob thik ache . 
for daraz best offes 01920610605",good product . but bass ektu kom and Baki sob thik ache . for daraz best offes 01920610605.,product_quality_positive
894,54966698753054,"অনেক ভালো একটা প্রোডাক্ট সবাই নিতে পারেন, আমারটা দেখে আমার বন্ধুরা ৩ জন একসাথে অর্ডার দিয়েছে","অনেক ভালো একটা প্রোডাক্ট সবাই নিতে পারেন, আমারটা দেখে আমার বন্ধুরা ৩ জন একসাথে অর্ডার দিয়েছে.",product_quality_positive
895,54784458253054,"The packaging is good, and the product looks just like the picture shown. so, would recommend","The packaging is good, and the product looks just like the picture shown. so, would recommend.",packaging_positive#product_quality_positive
896,53663047653054,"Prodakti vlo... 
kicu din dore use korte ci Kno problem daki nai.
Battery health o onk vlo❤️",Prodakti vlo.. kicu din dore use korte ci Kno problem daki nai. Battery health o onk vlo.,product_quality_positive
897,54269277653054,same to same paichi....onek sundor product... sound quality onek Valo...besss o Valo dey...,same to same paichi..onek sundor product.. sound quality onek Valo..bess o Valo dey..,product_quality_positive
898,54271786353054,"good product..but 
আমার কাছে ইয়ার বাটের চার্জ কম মনে হচ্ছে । সব মিলিয়ে ৬৭০ টাকা পড়েছে ।",good product..but আমার কাছে ইয়ার বাটের চার্জ কম মনে হচ্ছে সব মিলিয়ে ৬৭০ টাকা পড়েছে.,product_quality_positive
899,54255799453054,"আলহামদুলিল্লাহ,সুন্দর প্রোডাক্ট। এতো কম প্রাইসে এতো এতো ভালো একটা প্রোডাক্ট পাবো ভাবি নাই।","আলহামদুলিল্লাহ,সুন্দর প্রোডাক্ট এতো কম প্রাইসে এতো এতো ভালো একটা প্রোডাক্ট পাবো ভাবি নাই.",price_positive#product_quality_positive
900,48917892653054,এই বাজেটের পারফেক্ট একটা জিনিস❤️‍🔥,এই বাজেটের পারফেক্ট একটা জিনিস.,price_positive#product_quality_positive
901,54843597553054,"Quality  khub valo mone hocchey. long run e service kemon dibe janina, but i'm hopeful.","Quality khub valo mone hocchey. long run e service kemon dibe janina, but i'm hopeful.",product_quality_positive
902,55104234653054,"অমায়িক একটা গ্যাজেট  🥰
ইউজ করেই রিভিউ দিলাম। চার্জ এবং সাউন্ড কোয়ালিটি অনেক অনেক ভালো।",অমায়িক একটা গ্যাজেট ইউজ করেই রিভিউ দিলাম চার্জ এবং সাউন্ড কোয়ালিটি অনেক অনেক ভালো.,product_quality_positive
903,54096479453054,"awesome 😎 
seller o onek vlo 
delivery fast peyechilam 😎
charge backup o vlo e ❤️‍🔥",awesome seller o onek vlo delivery fast peyechilam charge backup o vlo e.,seller_service_positive#delivery_positive#product_quality_positive
904,54932463753054,"মাথা নষ্ট করা বেজ দেয়। সবাই নিতে পারো সুযোগ হাতছাড়া করো না।
আমি 483 টাকায় নিয়েছি।",মাথা নষ্ট করা বেজ দেয় সবাই নিতে পারো সুযোগ হাতছাড়া করো না আমি 483 টাকায় নিয়েছি.,product_quality_positive
905,54070435153054,অনেক দিন হলো ব্যবহার করছি তবে আজ পর্যন্ত এখনো ডিস্টার্ব দেয় নাই। আশা করি ভালো হবে।,অনেক দিন হলো ব্যবহার করছি তবে আজ পর্যন্ত এখনো ডিস্টার্ব দেয় নাই আশা করি ভালো হবে.,product_quality_positive
906,52055381653054,"not bad..ANC works, beige is too much.....and wearless charge o hoy..valo lagse..🤍","not bad..ANC works, beige is too much..and wearless charge o hoy..valo lagse..",product_quality_positive
907,54955701453054,alhamdulillah product onek Valo 2 din use korar por review dite si sobai nete paren,alhamdulillah product onek Valo 2 din use korar por review dite si sobai nete paren.,product_quality_positive
908,53882319953054,"দাম অনুযায়ী খুবই ভালো জিনিস পেয়েছি, সেলার কে ধন্যবাদ, আপনারা চাইলে নিতে পারেন ।","দাম অনুযায়ী খুবই ভালো জিনিস পেয়েছি, সেলার কে ধন্যবাদ, আপনারা চাইলে নিতে পারেন.",price_positive#product_quality_positive
909,54686122753054,sound quality মোটামুটি ভালো বাজেট অনুযায়ী তবে তবে ব্যাটারি ব্যাকআপ কম মনে হয়েছে,sound quality মোটামুটি ভালো বাজেট অনুযায়ী তবে তবে ব্যাটারি ব্যাকআপ কম মনে হয়েছে.,price_neutral#product_quality_neutral
910,54055395153054,আলহামদুলিল্লাহ পণ্যটি ভালো। তবে একটি USB to type-c converter থাকলে ভালো হতো।,আলহামদুলিল্লাহ পণ্যটি ভালো তবে একটি USB to type-c converter থাকলে ভালো হতো.,product_quality_positive
911,54897094653054,"price onujayi thik ase. premium premium ase.
dalivery man o khub valo silo.",price onujayi thik ase. premium premium ase. dalivery man o khub valo silo.,delivery_positive#price_neutral#product_quality_neutral
912,52498428753054,The Airpod Was Good....Ami ank Din jabot use korsi..Bash Valo..product,The Airpod Was Good..Ami ank Din jabot use korsi..Bash Valo..product.,product_quality_positive
913,54183879853054,"প্রচুর বাজে একটা জিনিস, একটার চার্জিং সিস্টেম নেই আমি রিটার্ন দিতে চাই","প্রচুর বাজে একটা জিনিস, একটার চার্জিং সিস্টেম নেই আমি রিটার্ন দিতে চাই.",product_quality_negative
914,53025656253054,"prodect bhaloi anc nai sound qualitio chole 
kinsi 570 dia nite paren",prodect bhaloi anc nai sound qualitio chole kinsi 570 dia nite paren.,product_quality_positive
915,55022450053054,"যেই রকম চেয়েছিলাম ঠিক সেইরকম পেয়েছি, কোয়ালিটি গুড। আপনারাও নিতে পারেন","যেই রকম চেয়েছিলাম ঠিক সেইরকম পেয়েছি, কোয়ালিটি গুড আপনারাও নিতে পারেন.",product_quality_positive
916,53908643353054,"দাম অনুযায়ী এর চেয়ে ভালো প্রোডাক্ট এক্সপেক্ট করা যায়না। 
১০ এ ১০ 😊",দাম অনুযায়ী এর চেয়ে ভালো প্রোডাক্ট এক্সপেক্ট করা যায়না ১০ এ ১০.,price_positive#product_quality_positive
917,54758596053054,"প্রোডাক্ট কোয়ালিটি ৯/১০
সাউন্ড কোয়ালিটি ৭/১০
সার্ভিস ৯/১০
রিকমন্ডেড।",প্রোডাক্ট কোয়ালিটি ৯ ১০ সাউন্ড কোয়ালিটি ৭ ১০ সার্ভিস ৯ ১০ রিকমন্ডেড.,product_quality_positive
918,55108504453054,"আলহামদুলিল্লাহ ভালো প্রোডাক্ট,যেমনটা আশা‌ করেছিলাম তেমন পেয়েছি...।","আলহামদুলিল্লাহ ভালো প্রোডাক্ট,যেমনটা আশা করেছিলাম তেমন পেয়েছি..",product_quality_positive
919,55096776053054,"আলহামদুলিল্লাহ, 
অনেক ভালো কোয়ালিটি। সাউন্ড কোয়ালিটি অসাধারণ।","আলহামদুলিল্লাহ, অনেক ভালো কোয়ালিটি সাউন্ড কোয়ালিটি অসাধারণ.",product_quality_positive
920,54603029853054,"টাকা অনুযায়ী খারাপ না,,,  তবে কিছুদিন ব্যাবহার করে বোঝা যাবে।","টাকা অনুযায়ী খারাপ না,, তবে কিছুদিন ব্যাবহার করে বোঝা যাবে.",price_positive#product_quality_positive
921,54380762553054,"Alhamdulilla valo akta prodacted paiche 
sound /baje 100 ta 96",Alhamdulilla valo akta prodacted paiche sound baje 100 ta 96.,product_quality_positive
922,55119326053054,এত অল্প দামে এত ভালো একটা এয়ারবার্টস পাবো কখনোই কল্পনা করিনি,এত অল্প দামে এত ভালো একটা এয়ারবার্টস পাবো কখনোই কল্পনা করিনি.,price_positive#product_quality_positive
923,53883437053054,মোটামুটি ভালো আমি সব কিছু ঠিকঠাক পাইছি। সেলার ভাইকে ধন্যবাদ।,মোটামুটি ভালো আমি সব কিছু ঠিকঠাক পাইছি সেলার ভাইকে ধন্যবাদ.,product_quality_neutral
924,48918641253054,"আলহামদুলিল্লাহ ❤️ ১৫০০ টাকা দাম অনুযায়ী খুবই ভালো। সাউন্ড কোয়ালিটি অসাধারণ 🔥 ANC + সবকিছুই ভালো কাজ করে😎 যাদের বাজেট ১৫০০ এর ভিতরে তাদের জন্য এটা অতুলনীয় হবে, চোঁখ বন্ধ করে নিতে পারেন✅ কয়দিন ভালোভাবে ব্যবহার করতে পারবো, এটাই শুধু দেখার বিষয়🙃","আলহামদুলিল্লাহ ১৫০০ টাকা দাম অনুযায়ী খুবই ভালো সাউন্ড কোয়ালিটি অসাধারণ ANC সবকিছুই ভালো কাজ করে যাদের বাজেট ১৫০০ এর ভিতরে তাদের জন্য এটা অতুলনীয় হবে, চোঁখ বন্ধ করে নিতে পারেন কয়দিন ভালোভাবে ব্যবহার করতে পারবো, এটাই শুধু দেখার বিষয়.",product_quality_positive
925,54098421353054,দাম অনুযায়ী ভালই ছিল মোটামুটি কিন্তু বিট কোয়ালিটি ভালো না,দাম অনুযায়ী ভালই ছিল মোটামুটি কিন্তু বিট কোয়ালিটি ভালো না.,price_neutral#product_quality_neutral
926,54887074453054,quality ta ero better kora uchit chilo pods er r all goooood,quality ta ero better kora uchit chilo pods er r all good.,product_quality_negative
927,54821404753054,price হিসাবে joss ছিলো । amr ta kisu ta ময়লা হইয়া গেছে ।,price হিসাবে joss ছিলো amr ta kisu ta ময়লা হইয়া গেছে.,price_positive#product_quality_positive
928,54780400253054,খুব ভালো এটা সবাই নিতে পারেন আমি ৪ টা নিয়েছি সব ভালো হয়েছে,খুব ভালো এটা সবাই নিতে পারেন আমি ৪ টা নিয়েছি সব ভালো হয়েছে.,product_quality_positive
929,54932283853054,"প্রাইজ বিবেচনায় অনেক ভালো কোয়ালিটি 🥰
সবাই নিতে পারেন..!👍",প্রাইজ বিবেচনায় অনেক ভালো কোয়ালিটি সবাই নিতে পারেন..!,price_positive#product_quality_positive
930,54926904253054,Overall valoi..... Specially sound quality is satisfying,Overall valoi.. Specially sound quality is satisfying.,product_quality_positive
931,52427592553054,onek valo quality sound smooth tnx seller ami 2ta niyeci,onek valo quality sound smooth tnx seller ami 2ta niyeci.,product_quality_positive
932,54015168453054,"দুই সপ্তাহ ব্যবহারে পর রিভিউ দিচ্ছি, আলহামদুলিল্লাহ ভাল","দুই সপ্তাহ ব্যবহারে পর রিভিউ দিচ্ছি, আলহামদুলিল্লাহ ভাল.",product_quality_positive
933,54223293053054,Sob kisu thik moto peyesi. Price hisebe onek valo hoise,Sob kisu thik moto peyesi. Price hisebe onek valo hoise.,price_positive#product_quality_positive
934,54043725553054,আলহামদুলিল্লাহ প্রোডাক্ট কোয়ালিটি ভালো।Anc ও কাজ করে।,আলহামদুলিল্লাহ প্রোডাক্ট কোয়ালিটি ভালো Anc ও কাজ করে.,product_quality_positive
935,53501151253054,- দাম হিসাবে যথেষ্ট ভালো! চাইলে আপনারাও নিতে পারেন!🧡,- দাম হিসাবে যথেষ্ট ভালো! চাইলে আপনারাও নিতে পারেন!,price_positive#product_quality_positive
936,54038266953054,nice products valo lagar moto. chailay nitay paren,nice products valo lagar moto. chailay nitay paren.,product_quality_positive
937,54044340953054,Ay price a onk valo product peyesi. sobay nite paren,Ay price a onk valo product peyesi. sobay nite paren.,price_positive#product_quality_positive
938,54274884553054,"goog quality,  sound valo, clear, price onujaye best","goog quality, sound valo, clear, price onujaye best.",price_positive#product_quality_positive
939,54814104353054,Valo podak taka onojai Valo apnara caile nite paren,Valo podak taka onojai Valo apnara caile nite paren.,price_positive#product_quality_positive
940,54855002553054,Asolei onk vlo akta products. thank you seller bhai,Asolei onk vlo akta products. thank you seller bhai.,product_quality_positive
941,54782106753054,"আলহামদুলিল্লাহ, অনেক ভালো একটা প্রর্ডাক। সব মিলিয়ে","আলহামদুলিল্লাহ, অনেক ভালো একটা প্রর্ডাক সব মিলিয়ে.",product_quality_positive
942,55092420553054,"অনেক ভাল,  ৪/৬ ঘন্টা চার্জ  যায়, সবাই নিতে পারেন।","অনেক ভাল, ৪ ৬ ঘন্টা চার্জ যায়, সবাই নিতে পারেন.",product_quality_positive
943,54037266953054,খুব ভালো একটি প্রোডাক্ট সবাই নিশ্চিন্তে নিতে পারেন,খুব ভালো একটি প্রোডাক্ট সবাই নিশ্চিন্তে নিতে পারেন.,product_quality_positive
944,54819192053054,Dame onujai product ta onk vlo. Sobai nita paren.,Dame onujai product ta onk vlo. Sobai nita paren.,price_positive#product_quality_positive
945,54167205453054,"ভালো তবে দাম টা বেশি,কিন্তু সাউন্ড কোয়ালিটি ভালোই","ভালো তবে দাম টা বেশি,কিন্তু সাউন্ড কোয়ালিটি ভালোই.",price_negative#product_quality_positive
946,54975610553054,Price onujayi best quality...I am fully satisfied,Price onujayi best quality..I am fully satisfied.,price_positive#product_quality_positive
947,54020249953054,good.  sound ta arakto... clear hoila valo hoto,good. sound ta arakto.. clear hoila valo hoto.,product_quality_positive
948,53506269953054,good products jemon ta asha korchi tmn e paici,good products jemon ta asha korchi tmn e paici.,product_quality_positive
949,54145320253054,"2 din lagsa asta 
দাম অনুজায়ী অস্থির প্রডাক্ট",2 din lagsa asta দাম অনুজায়ী অস্থির প্রডাক্ট.,price_positive#product_quality_positive
950,52242330053054,অনেক অনেক ধ্যনবাদ ভালো একটা জিনিস দেয়ার জন্য,অনেক অনেক ধ্যনবাদ ভালো একটা জিনিস দেয়ার জন্য.,product_quality_positive
951,54139547953054,ak kothai joss valo lagse caile neta paran👍,ak kothai joss valo lagse caile neta paran.,product_quality_positive
952,54532558153054,সাউন্ড কোয়ালিটি অনেক ভালো চাইলে নিতে পারেন,সাউন্ড কোয়ালিটি অনেক ভালো চাইলে নিতে পারেন.,product_quality_positive
953,54760805053054,product ta onk vlo apnara caila nita paran,product ta onk vlo apnara caila nita paran.,product_quality_positive
954,53932051653054,খুব ভালো একটা প্রোডাক্ট আপনার নিতে পারেন,খুব ভালো একটা প্রোডাক্ট আপনার নিতে পারেন.,product_quality_positive
955,54808181253054,দাম হিসাবে ঠিক আছে। নিতে পারেন। ঠকবেন না,দাম হিসাবে ঠিক আছে নিতে পারেন ঠকবেন না.,price_neutral#product_quality_neutral
956,53902872153054,সাউন্ড  একদম ভালো না। একটু বিট নেই 😡😡,সাউন্ড একদম ভালো না একটু বিট নেই.,product_quality_negative
957,52375305653054,খুবই সুন্দর মিস কইরেন না কেউ নিয়ে নেন,খুবই সুন্দর মিস কইরেন না কেউ নিয়ে নেন.,product_quality_positive
958,54506643553054,product ta onk vlo best quality full,product ta onk vlo best quality full.,product_quality_positive
959,54795625953054,onk valo product sobai nita paran ❤️,onk valo product sobai nita paran.,product_quality_positive
960,54122543553054,"nice product, price onujayi thik ase","nice product, price onujayi thik ase.",price_positive#product_quality_positive
961,54795728753054,ভালো ছিলো। চার্জিং ব্যাকাপ ভালো থাকে,ভালো ছিলো চার্জিং ব্যাকাপ ভালো থাকে.,product_quality_positive
962,54966580753054,Anek valo ginista.Thank you Darraz,Anek valo ginista.Thank you Darraz.,product_quality_positive
963,54894522353054,ভালো প্রোডাক্টটা আপনারা নিতে পারেন,ভালো প্রোডাক্টটা আপনারা নিতে পারেন.,product_quality_positive
964,54751093653054,অল্প বাজেটে অনেক সুন্দর অগ্রিমিয়া,অল্প বাজেটে অনেক সুন্দর অগ্রিমিয়া.,product_quality_positive
965,53403367353054,"সবকিছু ঠিকঠাক ছিল, ধন্যবাদ দারাজ","সবকিছু ঠিকঠাক ছিল, ধন্যবাদ দারাজ.",product_quality_positive
966,54730335653054,sooo good…taka hisabay onk vlo…,soo good taka hisabay onk vlo.,price_positive#product_quality_positive
967,54749397553054,খুব ভালো এটা সবাই নিতে পারেন,খুব ভালো এটা সবাই নিতে পারেন.,product_quality_positive
968,54739707753054,vai best kintu anc nai ga,vai best kintu anc nai ga.,product_quality_positive
969,54011919753054,"সব কিছু ঠিকঠাক ছিলো,কিন্তু আমি বেশি সন্তুষ্ট হতে পারি নাই,তার কারন আমার টা তে ANC কাজ করছে না,এবং কথা বলার সময় অনেক জোরে কথা বললেও আস্তে আস্তে শোনা যায়।তবে গান শোনা যায় ভালো।
পার্সোনাল রেটিং ৩/৫.","সব কিছু ঠিকঠাক ছিলো,কিন্তু আমি বেশি সন্তুষ্ট হতে পারি নাই,তার কারন আমার টা তে ANC কাজ করছে না,এবং কথা বলার সময় অনেক জোরে কথা বললেও আস্তে আস্তে শোনা যায় তবে গান শোনা যায় ভালো পার্সোনাল রেটিং ৩ ৫.",product_quality_positive
970,54920619953054,"প্রোডাক্ট টি ঠিকঠাক ই পেয়েছি।ভালোই কাজ করছে। কিন্তু সাউন্ড কোয়ালিটি আমার কাছে ভালো লাগেনি।অনেক বেশি মোটা টাইপ এর সাউন্ড দেয় যেটা এক প্রকার বিরক্তিকর। গান এর কথা গুলো ক্লিয়ার হয়না মোটা সাউন্ড এর জন্য।
এ ছাড়া বাকি সব ঠিকঠাক। দাম হিসেবে এমন সাউন্ড একদম আশা করিনি😔",প্রোডাক্ট টি ঠিকঠাক ই পেয়েছি ভালোই কাজ করছে কিন্তু সাউন্ড কোয়ালিটি আমার কাছে ভালো লাগেনি অনেক বেশি মোটা টাইপ এর সাউন্ড দেয় যেটা এক প্রকার বিরক্তিকর গান এর কথা গুলো ক্লিয়ার হয়না মোটা সাউন্ড এর জন্য এ ছাড়া বাকি সব ঠিকঠাক দাম হিসেবে এমন সাউন্ড একদম আশা করিনি.,price_negative#product_quality_positive
971,54402256253054,"সহ সবকিছু ঠিক আছে যেটা দেখাইতেছে এরকম না ৩০ ঘন্টা না। আমি ইউস করছি সর্বোচ্চ ৬ ঘন্টা ব্রেকআপ পাওয়া যায়,

 নয়েজ ক্যান্সেলিং অপশন নাই। 

সাউন্ড কোয়ালিটি ভালো,","সহ সবকিছু ঠিক আছে যেটা দেখাইতেছে এরকম না ৩০ ঘন্টা না আমি ইউস করছি সর্বোচ্চ ৬ ঘন্টা ব্রেকআপ পাওয়া যায়, নয়েজ ক্যান্সেলিং অপশন নাই সাউন্ড কোয়ালিটি ভালো,.",product_quality_positive
972,54003768853054,এটা একটা ভালো পন্য হত যদি sbc না হয়ে আরো ভালো codec দেয়া দরকার ছিল । এখুন এটা একটা৷ এভারেজ পন্য .  তবে খারাপ একেবারে না। চলে খারাপ হয় নাই।। এটা আমার personal kotha dont take seriously..,এটা একটা ভালো পন্য হত যদি sbc না হয়ে আরো ভালো codec দেয়া দরকার ছিল এখুন এটা একটা৷ এভারেজ পন্য . তবে খারাপ একেবারে না চলে খারাপ হয় নাই এটা আমার personal kotha dont take seriously..,product_quality_neutral
973,52867045853054,"প্রোডাক্টের গায়ে এএনসি লেখা এবং সেলার তার প্রোডাক্ট টাইটেলেও এএনসি সম্পর্কে লিখেছে। কিন্তু প্রোডাক্ট টি তে এএনসি নেই প্লাস সেলার মেসেজ ও বলেছে এএনসি নেই।

আমার কথা হচ্ছে প্রোডাক্ট অর্ডার দেওয়ার পরে কেন সত্যটা বলা লাগবে? এবং কেন প্রোডাক্ট অর্ডার দেওয়ার আগে মিথ্যাটা টাইটেল লেখা লাগবে? 

প্রোডাক্টিভ সাউন্ড কোয়ালিটি ডিসেন্ট, ৪০% থেকে ৬০% ই ভালো লাউড পাওয়া যায়। এবং ফুল ভলিয়ামে সাউন্ড disturbance করে না। তাই বলা যায় এর কোয়ালিটিটি ভালো। এবং বার্ডসে ভালো ওয়েট রয়েছে। আমি প্রোডাক্টের সাথে যে চার্জার কেবলটি পেয়েছি সেই কেবিলটি নষ্ট। আর চার্জিং মাধ্যম ছিল টাইপ ""সি"" এজন্য সেলারকে ধন্যবাদ আমার ঘরে চার্জার দিয়ে চার্জ দিতে পারছি। 

আর দারাজের ডেলিভারি দুর্দান্ত ছিল। আমি প্রোডাক্টে অর্ডার করি ১৮ তারিখে এবং সেলার তা সাথে সাথেই দারাজ এ নিকটস্থ ডেক্স পয়েন্টে জমা দেয়, এবং তা খুব তাড়াতাড়ি আমার কাছে ২০ তারিখে দুপুর দিকে চলে আসে। 

ওভারঅল আপনারা চাইলে প্রোডাক্টটি নিতে পারেন, কিন্তু কোন এএনসি পাবেন না, ব্যাটারি ব্যাকআপ ডিসেন্ট কোয়ালিটি, সান কোয়ালিটি ডিসেন্ট, ভাগ্য ভালো থাকলে চার্জার কেবলও ভালো পাবেন, ডেলিভারি সুপার ছিল, চার্জার কেস ওপেন করলে বিপ সাউন্ড করে। 

যদি আমি রেটিং করি তাহলে দাম অনুযায়ী 3.5 out of 5.","প্রোডাক্টের গায়ে এএনসি লেখা এবং সেলার তার প্রোডাক্ট টাইটেলেও এএনসি সম্পর্কে লিখেছে কিন্তু প্রোডাক্ট টি তে এএনসি নেই প্লাস সেলার মেসেজ ও বলেছে এএনসি নেই আমার কথা হচ্ছে প্রোডাক্ট অর্ডার দেওয়ার পরে কেন সত্যটা বলা লাগবে? এবং কেন প্রোডাক্ট অর্ডার দেওয়ার আগে মিথ্যাটা টাইটেল লেখা লাগবে? প্রোডাক্টিভ সাউন্ড কোয়ালিটি ডিসেন্ট, ৪০ থেকে ৬০ ই ভালো লাউড পাওয়া যায় এবং ফুল ভলিয়ামে সাউন্ড disturbance করে না তাই বলা যায় এর কোয়ালিটিটি ভালো এবং বার্ডসে ভালো ওয়েট রয়েছে আমি প্রোডাক্টের সাথে যে চার্জার কেবলটি পেয়েছি সেই কেবিলটি নষ্ট আর চার্জিং মাধ্যম ছিল টাইপ ""সি"" এজন্য সেলারকে ধন্যবাদ আমার ঘরে চার্জার দিয়ে চার্জ দিতে পারছি আর দারাজের ডেলিভারি দুর্দান্ত ছিল আমি প্রোডাক্টে অর্ডার করি ১৮ তারিখে এবং সেলার তা সাথে সাথেই দারাজ এ নিকটস্থ ডেক্স পয়েন্টে জমা দেয়, এবং তা খুব তাড়াতাড়ি আমার কাছে ২০ তারিখে দুপুর দিকে চলে আসে ওভারঅল আপনারা চাইলে প্রোডাক্টটি নিতে পারেন, কিন্তু কোন এএনসি পাবেন না, ব্যাটারি ব্যাকআপ ডিসেন্ট কোয়ালিটি, সান কোয়ালিটি ডিসেন্ট, ভাগ্য ভালো থাকলে চার্জার কেবলও ভালো পাবেন, ডেলিভারি সুপার ছিল, চার্জার কেস ওপেন করলে বিপ সাউন্ড করে যদি আমি রেটিং করি তাহলে দাম অনুযায়ী 3.5 out of 5.",delivery_positive#price_neutral#product_quality_positive
974,53971696053054,"তিনদিন ব্যবহার করে রিভিউ দিচ্ছি । আলহামদুলিল্লাহ অনেক ভালো ।দুইটা অর্ডার করছিলাম,দুইটাই ভালো সার্ভিস দিচ্ছে।তবে ডেলিভারি ম্যানের ব্যবহার একটু কর্কশ টাইপের,আচরন ভঙ্গিমা ও তেমন ভদ্র ছিলো না।উনার আচরন আরো হাই কোয়ালিটির দরকার ছিলো।","তিনদিন ব্যবহার করে রিভিউ দিচ্ছি আলহামদুলিল্লাহ অনেক ভালো দুইটা অর্ডার করছিলাম,দুইটাই ভালো সার্ভিস দিচ্ছে তবে ডেলিভারি ম্যানের ব্যবহার একটু কর্কশ টাইপের,আচরন ভঙ্গিমা ও তেমন ভদ্র ছিলো না উনার আচরন আরো হাই কোয়ালিটির দরকার ছিলো.",delivery_negative#product_quality_positive
975,54134194853054,প্রাইস অনুযায়ী ভালই তবে সাউন্ড অনকে বেশি লাগে,প্রাইস অনুযায়ী ভালই তবে সাউন্ড অনকে বেশি লাগে.,price_positive#product_quality_positive
976,53916009853054,আহামরি খুব একটা ভালো না তবে মোটামুটি ভালই আছে,আহামরি খুব একটা ভালো না তবে মোটামুটি ভালই আছে.,product_quality_neutral
977,54613270453054,এএনসি কাজ করে না। বাকি সব মোটামুটি এভারেজ,এএনসি কাজ করে না বাকি সব মোটামুটি এভারেজ.,product_quality_neutral
978,54318085953054,আজকে হাতে পেয়েছি ডেলিভারি ম্যান খুব ভালো এবং সেলার ভাইর এর প্রডাক্ট পেয়ে আমি সন্তুষ্ট প্যাকেজিং এবং প্রডাক্ট দুইটাই সেরা Thanks নিসংদেহে নিতে পারেন আমি ব্লাক কালার নিছি।,আজকে হাতে পেয়েছি ডেলিভারি ম্যান খুব ভালো এবং সেলার ভাইর এর প্রডাক্ট পেয়ে আমি সন্তুষ্ট প্যাকেজিং এবং প্রডাক্ট দুইটাই সেরা Thanks নিসংদেহে নিতে পারেন আমি ব্লাক কালার নিছি.,delivery_positive#packaging_positive#product_quality_positive
979,54729447953054,আমার এয়ারপডগুলোতে সমস্যা। কিন্তু সেলার এর ব্যবহার খুবি আন্তরিক। তাদের কাছে আমার সমস্যাটা বলি এবং তারা খুব তারাতারি রিসপ্নস  করে। সত্যি তাদদের সার্ভিস অসাধারন।,আমার এয়ারপডগুলোতে সমস্যা কিন্তু সেলার এর ব্যবহার খুবি আন্তরিক তাদের কাছে আমার সমস্যাটা বলি এবং তারা খুব তারাতারি রিসপ্নস করে সত্যি তাদদের সার্ভিস অসাধারন.,seller_service_positive#product_quality_negative
980,54976379153054,"valoi asha sound Quality valo ✅

akhon dakha bijoy charge kotokhon thake😇

charge back up kharap sob e thik asa 💔",valoi asha sound Quality valo akhon dakha bijoy charge kotokhon thake charge back up kharap sob e thik asa.,product_quality_positive
981,54011895553054,airpords 2 ta valo kintu charger dise charger a kono kaz kore na ai charger diya charge hoi  na onno charger dile hoy,airpords 2 ta valo kintu charger dise charger a kono kaz kore na ai charger diya charge hoi na onno charger dile hoy.,product_quality_positive
982,54163559853054,Jars AirPods Ai bar pothom bebohar kortaso tara nite paro Amar kase valo lage nai akdom baje ar thike akta tar ala headphones niya valo silo 😔😔,Jars AirPods Ai bar pothom bebohar kortaso tara nite paro Amar kase valo lage nai akdom baje ar thike akta tar ala headphones niya valo silo.,product_quality_negative
983,54982208953054,খুবই ভালো জিনিস ভাই ২০ ঘন্টা মতন চার্জ টিকে আমি গত তিনদিন ধরে ব্যবহার করতেছি আপনারাও চালিয়ে নিতে পারেন অনেক ভাল পর্ব,খুবই ভালো জিনিস ভাই ২০ ঘন্টা মতন চার্জ টিকে আমি গত তিনদিন ধরে ব্যবহার করতেছি আপনারাও চালিয়ে নিতে পারেন অনেক ভাল পর্ব.,product_quality_positive
984,54787420053054,প্রথমে সেলারকে অসংখ্য ধন্যবাদ তার ব্যবহারের জন্য। ধন্যবাদ দারাজকে। প্রডাকটি আমার কাছে ভালো লেগেছে হাতে পাওয়ার পর। এখন দেখার বিষয় চার্জ কতক্ষণ যায়।আপনারা চাইলে নিতে পারেন।,প্রথমে সেলারকে অসংখ্য ধন্যবাদ তার ব্যবহারের জন্য ধন্যবাদ দারাজকে প্রডাকটি আমার কাছে ভালো লেগেছে হাতে পাওয়ার পর এখন দেখার বিষয় চার্জ কতক্ষণ যায় আপনারা চাইলে নিতে পারেন.,seller_service_positive#product_quality_positive
985,54353091753054,shob theke best eta Ami ageo onek gula kinchi daraz theke kintu etar moto Ek taw pai nai best product forever thanks selar eto bhalo product deoyar Jonno🤍🤍🤍🤍,shob theke best eta Ami ageo onek gula kinchi daraz theke kintu etar moto Ek taw pai nai best product forever thanks selar eto bhalo product deoyar Jonno.,product_quality_positive
986,54006448853054,"প্রথমত ফাইভ স্টার দিলাম যাতে আপনাদের চোখে পড়ে, কিন্তু আসলে জিনিসটা 2 ⭐ দেওয়ার যোগ্য ও না, এখানে বলা আছে ANC কাজ করে আসলে কিন্তু হুদাই কোন কাজ করে না । সাউন্ড কোয়ালিটি ও একদম লো কোয়ালিটির ২০০ টাকার এয়ারবাডস গুলোর মত","প্রথমত ফাইভ স্টার দিলাম যাতে আপনাদের চোখে পড়ে, কিন্তু আসলে জিনিসটা 2 দেওয়ার যোগ্য ও না, এখানে বলা আছে ANC কাজ করে আসলে কিন্তু হুদাই কোন কাজ করে না সাউন্ড কোয়ালিটি ও একদম লো কোয়ালিটির ২০০ টাকার এয়ারবাডস গুলোর মত.",product_quality_negative
987,54957312253054,"খুব সুন্দর একটা পোডাক্ট ছিলো যেমন চেযেছি তেমনি পেযেছি,
সাউন্ড কোয়ালিটিও সুন্দর 
এক কথায় অসাধারণ একটা পোডাক্ট","খুব সুন্দর একটা পোডাক্ট ছিলো যেমন চেযেছি তেমনি পেযেছি, সাউন্ড কোয়ালিটিও সুন্দর এক কথায় অসাধারণ একটা পোডাক্ট.",product_quality_positive
988,54151176253054,"সব কিছু ঠিক আছে বিশেষ করে এটা খোলার সময় টিং করে আওয়াজ করে কানেক্ট হওয়ার সময় ও আওয়াজ করে আর ব্যাটারি ব্যাকআপ ও অত্যন্ত ভালো এবং এটার ওজন অনেক ভারী ,,নিতে পারেন যে কেউ🖤","সব কিছু ঠিক আছে বিশেষ করে এটা খোলার সময় টিং করে আওয়াজ করে কানেক্ট হওয়ার সময় ও আওয়াজ করে আর ব্যাটারি ব্যাকআপ ও অত্যন্ত ভালো এবং এটার ওজন অনেক ভারী ,,নিতে পারেন যে কেউ.",product_quality_positive
989,54051806553054,Thik moto charge hoina charge o beshikkhon thakena emnite sob thik thak but ami suggest korbo eta kew na neyar jonno,Thik moto charge hoina charge o beshikkhon thakena emnite sob thik thak but ami suggest korbo eta kew na neyar jonno.,product_quality_negative
990,54256266853054,"2diner moddhe delivery peye gesi eita valo lagce, sound quality valoi ache, kotodin jay seta dekhar bishoy.","2diner moddhe delivery peye gesi eita valo lagce, sound quality valoi ache, kotodin jay seta dekhar bishoy.",delivery_positive#product_quality_positive
991,54167466553054,akdom baje sound quality r charge backup onek kom...anc to nai e... bud ar tus autocratic kaj kore power on off hoi,akdom baje sound quality r charge backup onek kom..anc to nai e.. bud ar tus autocratic kaj kore power on off hoi.,product_quality_negative
992,54283973953054,"এক সপ্তাহ ইউজ করার পর রিভিউ দিচ্ছি। আলহামদুলিল্লাহ, যেমন চেয়েছি তেমনি পেয়েছি। এক চার্জে চলছে এখনো। যদিও আমি কম ইউজ করি।এই প্রোডাক্ট আপনারা নিশ্চিন্তে নিতে পারেন।","এক সপ্তাহ ইউজ করার পর রিভিউ দিচ্ছি আলহামদুলিল্লাহ, যেমন চেয়েছি তেমনি পেয়েছি এক চার্জে চলছে এখনো যদিও আমি কম ইউজ করি এই প্রোডাক্ট আপনারা নিশ্চিন্তে নিতে পারেন.",product_quality_positive
993,53993646153054,সত্যিই বলতে প্রোডাক্টটি অনেক ভালো. অসাধারণ বেজ সাউন্ড কোয়ালিটি অনেক ভালো আমি ইনটেক প্যাকেট পেয়েছি. সেলারকে অনেক ধন্যবাদ আমাকে ভালো একটি প্রোডাক্ট দেয়ার জন্য ৩ দিনের মধ্যে ডেলিভারি পেয়েছি.🥰 ডেলিভারি ম্যানের ব্যবহার খুব ভালো ছিলো❤️🥰,সত্যিই বলতে প্রোডাক্টটি অনেক ভালো. অসাধারণ বেজ সাউন্ড কোয়ালিটি অনেক ভালো আমি ইনটেক প্যাকেট পেয়েছি. সেলারকে অনেক ধন্যবাদ আমাকে ভালো একটি প্রোডাক্ট দেয়ার জন্য ৩ দিনের মধ্যে ডেলিভারি পেয়েছি. ডেলিভারি ম্যানের ব্যবহার খুব ভালো ছিলো.,delivery_positive#product_quality_positive
994,54154475153054,একদম বাজে কে এটা কিনবেন না ডুবলিকেট মাল দিয়েছে এক পাশেরটা নষ্ট tk maire diche mc ra keo kinen na Fast a vlo review dekhe kina dora khai chi vai mc ra ak nosto bairoi se,একদম বাজে কে এটা কিনবেন না ডুবলিকেট মাল দিয়েছে এক পাশেরটা নষ্ট tk maire diche mc ra keo kinen na Fast a vlo review dekhe kina dora khai chi vai mc ra ak nosto bairoi se.,product_quality_negative
995,54243642353054,"products ta master copy.. but works fine..sound quality valo .. Bluetooth connection , base motamoti .
price onujaiyi products perfect..
airbuds kinar jonno budget 500 tk range er asepase hoye thake...taile ei products nite paren...","products ta master copy.. but works fine..sound quality valo .. Bluetooth connection , base motamoti . price onujaiyi products perfect.. airbuds kinar jonno budget 500 tk range er asepase hoye thake..taile ei products nite paren..",price_positive#product_quality_positive
996,54119750253054,"এটা ব্যবহার করে দেখলাম 
প্রোডাক্টটা ভালো আছে 
আপনারা নিতে পারেন 
সাউন্ড কোয়ালিটি ও ভালো 
চার্জিং ব্যাকআপ ও ভালো
 তিন মাস যাবত ব্যবহার করতেছি",এটা ব্যবহার করে দেখলাম প্রোডাক্টটা ভালো আছে আপনারা নিতে পারেন সাউন্ড কোয়ালিটি ও ভালো চার্জিং ব্যাকআপ ও ভালো তিন মাস যাবত ব্যবহার করতেছি.,product_quality_positive
997,54987544653054,"Ai seller er babohar valo,se customer der sathe valo behave koren.Unar product o onek valo kom dam e ase.Bur daraz er chor delivery man ra mal curi kore nei.","Ai seller er babohar valo,se customer der sathe valo behave koren.Unar product o onek valo kom dam e ase.Bur daraz er chor delivery man ra mal curi kore nei.",seller_service_positive#price_positive#product_quality_positive
998,54916490353054,"sound quality marattok price hisabe. bass valo, 2 hour age hathe paisi, jokhn unbox krsilm 70% chrg silo. oi 70% diye 2 hour play krsi. taw full sound e. akhono 30% cgrg ase. 
ak kothay valo product.
tnx to seller bro.💗","sound quality marattok price hisabe. bass valo, 2 hour age hathe paisi, jokhn unbox krsilm 70 chrg silo. oi 70 diye 2 hour play krsi. taw full sound e. akhono 30 cgrg ase. ak kothay valo product. tnx to seller bro.",price_positive#product_quality_positive
999,54950295053054,২ দিন হলো ব্যবহার করছি।।ভালই মনে হচ্ছে। সাউন্ড কোয়ালিটি খুবই ভাল।ব্যটারি ব্যকআপও ভালই দিচ্ছে।আফাটর সার্ভিস কেমন হবে সেটাই দেখার বিষয়।,২ দিন হলো ব্যবহার করছি ভালই মনে হচ্ছে সাউন্ড কোয়ালিটি খুবই ভাল ব্যটারি ব্যকআপও ভালই দিচ্ছে আফাটর সার্ভিস কেমন হবে সেটাই দেখার বিষয়.,product_quality_positive
1000,54842654353054,প্রোডাক্টটি ভালো ছিলো। এটা আমার প্রথম অর্ডার ছিল। Aipods were Intact with Sealing. Sound Quality Awsome 🔥🔥. Overall Great 9/10.,প্রোডাক্টটি ভালো ছিলো এটা আমার প্রথম অর্ডার ছিল Aipods were Intact with Sealing. Sound Quality Awsome . Overall Great 9 10.,product_quality_positive
1001,54639847653054,এই দামে এটা বেশ ভালো প্রোডাক্ট আমি সেলার কে রিকুয়েস্ট করেছিলাম একটু ফাস্ট ডেলিভারি দেওয়ার জন্য এবং সে ডেলিভারি টাইম এর আগেই ডেলিভারি দিয়েছে ধন্যবাদ সেলার কে,এই দামে এটা বেশ ভালো প্রোডাক্ট আমি সেলার কে রিকুয়েস্ট করেছিলাম একটু ফাস্ট ডেলিভারি দেওয়ার জন্য এবং সে ডেলিভারি টাইম এর আগেই ডেলিভারি দিয়েছে ধন্যবাদ সেলার কে.,delivery_positive#price_positive#product_quality_positive
1002,54290150053054,আলহামদুলিল্লাহ প্রোডাক্টটা খুবই ভালো কিন্তু একটা সমস্যা আছে সেটা হল এটার নাইস ক্যান্সেল মুড নাই জোর কমানো বাড়ানো যায় না এবং অন্যান্য ফিউচার নাই কিন্তু প্রোডাক্টটা ভালো চালায় খুবই ভালো মনে হয়েছে কিন্তু এগুলো থাকলে আরো ভালো হতো যে ডেলিভারি ম্যান এটা দিছে তার ব্যবহার ও আচরণ অত্যন্ত ভালো,আলহামদুলিল্লাহ প্রোডাক্টটা খুবই ভালো কিন্তু একটা সমস্যা আছে সেটা হল এটার নাইস ক্যান্সেল মুড নাই জোর কমানো বাড়ানো যায় না এবং অন্যান্য ফিউচার নাই কিন্তু প্রোডাক্টটা ভালো চালায় খুবই ভালো মনে হয়েছে কিন্তু এগুলো থাকলে আরো ভালো হতো যে ডেলিভারি ম্যান এটা দিছে তার ব্যবহার ও আচরণ অত্যন্ত ভালো.,delivery_positive#product_quality_positive
1003,53928329653054,"অসাধারণ ২টা গ্লাস, ১টা রাতে গাড়ি চালানোর জন্য আরেকটা দিনে সূর্যের আলো থেকে রক্ষার জন্য। খুবই ভালো প্রোডাক্ট....","অসাধারণ ২টা গ্লাস, ১টা রাতে গাড়ি চালানোর জন্য আরেকটা দিনে সূর্যের আলো থেকে রক্ষার জন্য খুবই ভালো প্রোডাক্ট..",product_quality_positive
1004,54017627853054,যেরকম প্রডাক্ট দেখানো হয়েছিল ঠিক ঐরকম প্রোডাক্টটি পেয়েছি ধন্যবাদ daraz সেলারকে!!! এবং ধন্যবাদ ডেলিভারি বয় ভাইকে!!!❤️,যেরকম প্রডাক্ট দেখানো হয়েছিল ঠিক ঐরকম প্রোডাক্টটি পেয়েছি ধন্যবাদ daraz সেলারকে!! এবং ধন্যবাদ ডেলিভারি বয় ভাইকে!!,product_quality_positive
1005,54779830953054,price anujai ato vlo na products.  ar aktu best hoa dorkar silo and sob thake boro kotha akta airbird nost.  kaj kore na 😢,price anujai ato vlo na products. ar aktu best hoa dorkar silo and sob thake boro kotha akta airbird nost. kaj kore na.,price_negative#product_quality_negative
1006,55107399053054,"🙂🙂🙂🙂🙂
⭐️⭐️⭐️⭐️⭐️ (৫/৫)

আমি দারাজ থেকে একটি AirPods Pro কিনেছি এবং সত্যি বলতে এই প্রোডাক্টটি আমার একেবারেই ভীষণ ভালো লেগেছে। সাউন্ড কোয়ালিটি অসাধারণ, বেজ একদম ক্লিয়ার, আর নোইজ ক্যানসেলেশন ফিচার সত্যিই দারুণ কাজ করে। ব্যবহার করতে খুবই আরামদায়ক এবং লুকটাও স্টাইলিশ। ব্যাটারি ব্যাকআপও যথেষ্ট ভালো, দীর্ঘ সময় ব্যবহার করা যায়।

ডেলিভারিও সময়মতো পেয়েছি, প্যাকেজিং ছিল নিরাপদ ও সুন্দর।
মোটকথা, দারাজ থেকে কেনাকাটায় আমি খুবই সন্তুষ্ট এবং এই প্রোডাক্টটি আমি ১০০% রিকমেন্ড করব। ✅✨","৫ ৫ আমি দারাজ থেকে একটি AirPods Pro কিনেছি এবং সত্যি বলতে এই প্রোডাক্টটি আমার একেবারেই ভীষণ ভালো লেগেছে সাউন্ড কোয়ালিটি অসাধারণ, বেজ একদম ক্লিয়ার, আর নোইজ ক্যানসেলেশন ফিচার সত্যিই দারুণ কাজ করে ব্যবহার করতে খুবই আরামদায়ক এবং লুকটাও স্টাইলিশ ব্যাটারি ব্যাকআপও যথেষ্ট ভালো, দীর্ঘ সময় ব্যবহার করা যায় ডেলিভারিও সময়মতো পেয়েছি, প্যাকেজিং ছিল নিরাপদ ও সুন্দর মোটকথা, দারাজ থেকে কেনাকাটায় আমি খুবই সন্তুষ্ট এবং এই প্রোডাক্টটি আমি ১০০ রিকমেন্ড করব.",delivery_positive#packaging_positive#product_quality_positive
1007,54946338753054,Charge Kom Thake Sound Quality Tmn Valo Na ! Normally Use r Jnno Thik Ase Heavy Sound o Na Abar Kom o Na Medium.Bola Jay Cole Kono rokom.,Charge Kom Thake Sound Quality Tmn Valo Na ! Normally Use r Jnno Thik Ase Heavy Sound o Na Abar Kom o Na Medium.Bola Jay Cole Kono rokom.,product_quality_neutral
1008,53881646753054,ANC supported na. Quality o average. Onek beshi valo naa. Review dkhei nisilam but disappointed,ANC supported na. Quality o average. Onek beshi valo naa. Review dkhei nisilam but disappointed.,product_quality_neutral
1009,54656856753054,airpod ta khub e sundor . thik jemon cheyechi thik temon . colour o sound quality o durdanto,airpod ta khub e sundor . thik jemon cheyechi thik temon . colour o sound quality o durdanto.,product_quality_positive
1010,55110213853054,"প্রোডাক্ট ভালোই , ডেলিভারি খুব তাড়াতাড়ি পাইছি , তবে ব্যাটারি ব্যাকআপ আরো ভালো হলে ভালো হতো","প্রোডাক্ট ভালোই , ডেলিভারি খুব তাড়াতাড়ি পাইছি , তবে ব্যাটারি ব্যাকআপ আরো ভালো হলে ভালো হতো.",delivery_positive#product_quality_positive
1011,53879261453054,মোটামোটি ভালো। এটা সমস্যা হলো ডান কানের শব্দ বাম কানে আর বাম কানের শব্দ ডান কানে শোনা যায়,মোটামোটি ভালো এটা সমস্যা হলো ডান কানের শব্দ বাম কানে আর বাম কানের শব্দ ডান কানে শোনা যায়.,product_quality_neutral
1012,54813788053054,"প্রোডাক্ট টা আসলে অনেক ভালো চার্জ বেকাপ সেই😍😍 সবাই নিতে পারেন,,,আমি ভাবছি আরেকটা নিবো😍","প্রোডাক্ট টা আসলে অনেক ভালো চার্জ বেকাপ সেই সবাই নিতে পারেন,,আমি ভাবছি আরেকটা নিবো.",product_quality_positive
1013,54027593353054,"সাউন্ড কোয়ালিটি ভালোই..

চার্জিং ব্যাকআপ ও ঠিকাছে..
কিনতে পারেন good product..",সাউন্ড কোয়ালিটি ভালোই.. চার্জিং ব্যাকআপ ও ঠিকাছে.. কিনতে পারেন good product..,product_quality_positive
1014,55002464953054,এক সপ্তাহ পর মেসেজ দিচ্ছি প্রোডাক্টটি ভালো আছে সাউন্ড কোয়ালিটি মোটামুটি ভালো,এক সপ্তাহ পর মেসেজ দিচ্ছি প্রোডাক্টটি ভালো আছে সাউন্ড কোয়ালিটি মোটামুটি ভালো.,product_quality_positive
1015,54679066153054,"সাউন্ড কোয়ালিটি ভালো। 
সবাই নিতে পারনে। 
তবে চার্যারটা সাথে দিলে আরো ভালো হত",সাউন্ড কোয়ালিটি ভালো সবাই নিতে পারনে তবে চার্যারটা সাথে দিলে আরো ভালো হত.,product_quality_positive
1016,54223001353054,"vai... best akta product..... 
sound quality ato joss...
just amazing......",vai.. best akta product.. sound quality ato joss.. just amazing..,product_quality_positive
1017,54741543253054,অনেক সুন্দর মানের একটা ব্লুটুথ আরেকটু ভালো হতো চার্জার দিত ধন্যবাদ দারাজ কে,অনেক সুন্দর মানের একটা ব্লুটুথ আরেকটু ভালো হতো চার্জার দিত ধন্যবাদ দারাজ কে.,product_quality_positive
1018,54740883753054,alhamdulillah  khub bhalo akta products. chaile apnara o nite paren.,alhamdulillah khub bhalo akta products. chaile apnara o nite paren.,product_quality_positive
1019,54415507653054,"অনেক ভালো একটা প্রোডাক্ট, এক বারে একের,অসাধারণ, আপনারা নিতে পারেন।","অনেক ভালো একটা প্রোডাক্ট, এক বারে একের,অসাধারণ, আপনারা নিতে পারেন.",product_quality_positive
1020,54714912653054,onk vhalo product. Packaging o thik thak chilo r delivery fast chilo,onk vhalo product. Packaging o thik thak chilo r delivery fast chilo.,delivery_positive#packaging_neutral#product_quality_positive
1021,54005831653054,Alhamdulillah valoi ajke hate paici koyekdin use korle buja jabe kmn,Alhamdulillah valoi ajke hate paici koyekdin use korle buja jabe kmn.,product_quality_positive
1022,54408407153054,24 hours er vitor delivery payci... products quality is awesome ♥️,24 hours er vitor delivery payci.. products quality is awesome.,delivery_positive#product_quality_positive
1023,54826771753054,যেমন দেখেছি সব ঠিকঠাক পেয়েছি। বাকিটা ব্যবহার করে দেখি কি অবস্থা,যেমন দেখেছি সব ঠিকঠাক পেয়েছি বাকিটা ব্যবহার করে দেখি কি অবস্থা.,product_quality_positive
1024,54121254553054,"আলহামদুলিল্লাহ,,, 
যেমন টা আশা করছিলাম তার থেকে ভালো কিছু পেয়েছি","আলহামদুলিল্লাহ,, যেমন টা আশা করছিলাম তার থেকে ভালো কিছু পেয়েছি.",product_quality_positive
1025,55068906753054,Alhamdulillah. Time er agey delivery peyechi.Thank you very much.,Alhamdulillah. Time er agey delivery peyechi.Thank you very much.,delivery_positive
1026,54972063353054,"bhai.... Cokh bondho kore nen.... 
jithben...!  confirm... 💥",bhai.. Cokh bondho kore nen.. jithben..! confirm..,product_quality_positive
1027,54198514453054,Good products ami 1 ta nisilam r akta nilam best ai Price a,Good products ami 1 ta nisilam r akta nilam best ai Price a.,price_positive#product_quality_positive
1028,54596813553054,"আলহামদুলিল্লাহ প্রোডাক্ট খুব একটা ভালো, সাউন্ড অনেক ভালো।","আলহামদুলিল্লাহ প্রোডাক্ট খুব একটা ভালো, সাউন্ড অনেক ভালো.",product_quality_positive
1029,54145503253054,"ভালো প্রোডাক্ট সবাই নিতে পারেন, আমার কাছে ভালো লেগেছে👍🌟","ভালো প্রোডাক্ট সবাই নিতে পারেন, আমার কাছে ভালো লেগেছে.",product_quality_positive
1030,51595158753054,আছে মোটামুটি ভালোই বাকিটুকু ব্যবহার করার পর বুঝতে পারব,আছে মোটামুটি ভালোই বাকিটুকু ব্যবহার করার পর বুঝতে পারব.,product_quality_neutral
1031,54604241353054,alhamdulillah onk sundor hoisa r sound quality onk vlo,alhamdulillah onk sundor hoisa r sound quality onk vlo.,product_quality_positive
1032,53942907353054,"marattok jinish .
Fully satisfied.
Kono complain nai.",marattok jinish . Fully satisfied. Kono complain nai.,product_quality_positive
1033,54754407353054,ডেলিভারিটা অনেক ভালোভাবে দিয়েছে দারাজ কে অনেক ধন্যবাদ,ডেলিভারিটা অনেক ভালোভাবে দিয়েছে দারাজ কে অনেক ধন্যবাদ.,delivery_positive
1034,54989763753054,Good But panite bije nosto hoye gece kaj kortece nah😥,Good But panite bije nosto hoye gece kaj kortece nah.,product_quality_positive
1035,54233920053054,খুবই ভালো কোয়ালিটি সবাই নিতে পারেন আলহামদুলিল্লাহ,খুবই ভালো কোয়ালিটি সবাই নিতে পারেন আলহামদুলিল্লাহ.,product_quality_positive
1036,54389727953054,এটাই হলো অবস্থা।  তও আবার পুরাতন প্রোডাক্ট এবং নষ্ট।,এটাই হলো অবস্থা তও আবার পুরাতন প্রোডাক্ট এবং নষ্ট.,product_quality_negative
1037,53608755553054,"onk valo product,,,use kore deklam valo onk🥰🥰🥰","onk valo product,,use kore deklam valo onk.",product_quality_positive
1038,54963127653054,"Dam onujai Bhaloi onek ❤️‍🩹
Recommended 🫡",Dam onujai Bhaloi onek Recommended.,price_positive#product_quality_positive
1039,53761932053054,alhamdulillah product ti valo hoise🌸❤️‍🩹,alhamdulillah product ti valo hoise.,product_quality_positive
1040,54326572153054,হেডফোন টা খুব ভালো পেয়ে ছি সবাই নিতে পারেন,হেডফোন টা খুব ভালো পেয়ে ছি সবাই নিতে পারেন.,product_quality_positive
1041,54174283253054,alhamdullha onk valo sovai nete paren....,alhamdullha onk valo sovai nete paren..,product_quality_positive
1042,54137493753054,ei bar valo Ta peye si.. thanks daraz ke,ei bar valo Ta peye si.. thanks daraz ke.,product_quality_positive
1043,54175865053054,"আলহামদুলিল্লাহ ভাল 
এই নিয়ে তিনটা নিলাম❤️",আলহামদুলিল্লাহ ভাল এই নিয়ে তিনটা নিলাম.,product_quality_positive
1044,54669623353054,আলহামদুলিল্লাহ খুব ভালো প্রোডাক্ট পেয়েছি,আলহামদুলিল্লাহ খুব ভালো প্রোডাক্ট পেয়েছি.,product_quality_positive
1045,54709369953054,আমার খুব পছন্দ হয়েছে দারুণ একটা প্রডকৈ,আমার খুব পছন্দ হয়েছে দারুণ একটা প্রডকৈ.,product_quality_positive
1046,54664732653054,khub akta vlo na charge vlo thake na...,khub akta vlo na charge vlo thake na..,product_quality_negative
1047,54725165853054,খুবই ভালো প্রোডাক্ট খুব ভালো বেজ দেয়।,খুবই ভালো প্রোডাক্ট খুব ভালো বেজ দেয়.,product_quality_positive
1048,54748875153054,Alhamdulillah onek valo sobai nite paro,Alhamdulillah onek valo sobai nite paro.,product_quality_positive
1049,54537073053054,very good product চোখ বুঝে নিতে পারেন,very good product চোখ বুঝে নিতে পারেন.,product_quality_positive
1050,55109057053054,Dam hisebe valoi chaile kew nite paren,Dam hisebe valoi chaile kew nite paren.,product_quality_positive
1051,54645208353054,"Good product ❤️
Gan sonar jonno vlo 👍",Good product Gan sonar jonno vlo.,product_quality_positive
1052,54018278253054,"sundor silo product 
sound quality vlo",sundor silo product sound quality vlo.,product_quality_positive
1053,54250625353054,Sob thik chilo kintu fita ta pai nai,Sob thik chilo kintu fita ta pai nai.,product_quality_positive
1054,54197567253054,sound khubi vlo.. charge o valo thake,sound khubi vlo.. charge o valo thake.,product_quality_positive
1055,54532339953054,"premium product, Sound quality good","premium product, Sound quality good.",product_quality_positive
1056,54490760153054,"আলহামদুলিল্লাহ,,, খুব ভালো মনের ছিলো","আলহামদুলিল্লাহ,, খুব ভালো মনের ছিলো.",product_quality_positive
1057,54582638853054,"জিনিস টা অনেক ভালো।
সবাই নিতে পারেন",জিনিস টা অনেক ভালো সবাই নিতে পারেন.,product_quality_positive
1058,55076961653054,অনেক ভালো ভাই ব্যবহার করে মজা পাইছি,অনেক ভালো ভাই ব্যবহার করে মজা পাইছি.,product_quality_positive
1059,54858193153054,আফাতত ভালোয় চলতিছে দেখা যাক কি হয়।,আফাতত ভালোয় চলতিছে দেখা যাক কি হয়.,product_quality_positive
1060,54562662753054,খুব ভালো প্রডাক্ট সবাই নিতে পারেন,খুব ভালো প্রডাক্ট সবাই নিতে পারেন.,product_quality_positive
1061,54375435453054,দাম অনুযায়ী প্রোডাক্ট অনেক ভালো,দাম অনুযায়ী প্রোডাক্ট অনেক ভালো.,price_positive#product_quality_positive
1062,53891288353054,onk valo.delivery vai ta onk valo,onk valo.delivery vai ta onk valo.,delivery_positive#product_quality_positive
1063,54098222053054,good quality expected thekeo valo,good quality expected thekeo valo.,product_quality_positive
1064,54772038453054,"প্রোডাক্ট 
অনেক ভালো ছিল ধন্যবাদ",প্রোডাক্ট অনেক ভালো ছিল ধন্যবাদ.,product_quality_positive
1065,54236133553054,onek valo.. ak kothay oshadharon,onek valo.. ak kothay oshadharon.,product_quality_positive
1066,53042869553054,Not bad...but faced some issue,Not bad..but faced some issue.,product_quality_positive
1067,54594244353054,"khub sundor and valoi paichi,","khub sundor and valoi paichi,.",product_quality_positive
1068,54846203553054,ami onek valo products paici,ami onek valo products paici.,product_quality_positive
1069,54678024853054,কম দামে একটি ভালো প্রডাক্ট,কম দামে একটি ভালো প্রডাক্ট.,product_quality_positive
1070,54055033153054,Sound quality khub e baajee,Sound quality khub e baajee.,product_quality_negative
1071,54907206053054,বাজে জিনিস দিছে।চার্জ হয় না,বাজে জিনিস দিছে চার্জ হয় না.,product_quality_negative
1072,54711188953054,ache product ta kharp na,ache product ta kharp na.,product_quality_positive
1073,53947692953054,একদম বাজে! কেও নিবেন না আমি কিনে রাম ধরা খাইলাম ১টা ভালো একটা নষ্ট এদেরকে বের করে দেওয়া উচিত এপ থেকে,একদম বাজে! কেও নিবেন না আমি কিনে রাম ধরা খাইলাম ১টা ভালো একটা নষ্ট এদেরকে বের করে দেওয়া উচিত এপ থেকে.,product_quality_negative
1074,54620980653054,product bhaloi ase sound o Bhalo only right side er piece ta Kemon jani finishing ta Bhalo na kaan betha kore . left side er thik ase finishing Bhalo smooth. ohhh finishing bolte jei black kore design ase Oita Kotha bolsi . ar mic a Kotha Bola jai na 😅 khali Gaan ee shuni...,product bhaloi ase sound o Bhalo only right side er piece ta Kemon jani finishing ta Bhalo na kaan betha kore . left side er thik ase finishing Bhalo smooth. ohh finishing bolte jei black kore design ase Oita Kotha bolsi . ar mic a Kotha Bola jai na khali Gaan ee shuni..,product_quality_positive
1075,54838882353054,মোটামুটি ভালো কিন্তু গেমিং এর জন্য না। গেইম খেলতে গেলে শব্দ টা একটু পড়ে আসে।চার্জ মোটামুটি ভালোই থাকে👍চাইলে নিতে পারেন,মোটামুটি ভালো কিন্তু গেমিং এর জন্য না গেইম খেলতে গেলে শব্দ টা একটু পড়ে আসে চার্জ মোটামুটি ভালোই থাকে চাইলে নিতে পারেন.,product_quality_neutral
1076,53916704453054,"ami 7 din use kore review ditase. product price hisabe okk lagse  . moto moti cole .  amr parsonal kisu rating dilam 

sound and bass : 6/10
charge aridpods : 8/10
miceropone : 10/10
ANC : Not working

Price er dik tke cinta korle sob thik ase , kinto bass aro valo korte parto , ar sob ak size er airpods er cap dise , ar  Anc nai , jara gan sunben tader jonno ai product na bass qulity base valo na . kotha bola ba content dekar jonno nite paren . charge backup o valo","ami 7 din use kore review ditase. product price hisabe okk lagse . moto moti cole . amr parsonal kisu rating dilam sound and bass 6 10 charge aridpods 8 10 miceropone 10 10 ANC Not working Price er dik tke cinta korle sob thik ase , kinto bass aro valo korte parto , ar sob ak size er airpods er cap dise , ar Anc nai , jara gan sunben tader jonno ai product na bass qulity base valo na . kotha bola ba content dekar jonno nite paren . charge backup o valo.",price_neutral#product_quality_neutral
1077,54786110053054,mota moti chole. price range e thik thak.,mota moti chole. price range e thik thak.,price_neutral#product_quality_neutral
1078,54251889253054,"very sad😭😭 amar ekhane ekta air bud kharap porche, so i'm very sad, please check the airbuds then send it","very sad amar ekhane ekta air bud kharap porche, so i'm very sad, please check the airbuds then send it.",product_quality_negative
1079,54119013453054,chobi te dise akta ar asche akta air plug gula o fake akta o lage na chii ato kharap quality ami amar life a o dekhi nai bhago bhalo ami offer theke kinsi aro ak kan a kom suna jai 🤮 chi lojja thaka uchit,chobi te dise akta ar asche akta air plug gula o fake akta o lage na chii ato kharap quality ami amar life a o dekhi nai bhago bhalo ami offer theke kinsi aro ak kan a kom suna jai chi lojja thaka uchit.,product_quality_negative
1080,54022607953054,"একদম বাজে পণ্য! সময়, টাকা দুইই নষ্ট!

এই এয়ারপোডসটা একদমই ব্যবহার করার মতো না।
চার্জ নেয় না, কয়েক মিনিট পরেই বন্ধ হয়ে গেলো।
এরচেয়ে খারাপ হলো কলে কথা বললেই কিছু শোনা যায় না, ভয়েস অনেক দূরে শূনা যায় মাঝেমধ্যে একদমই আসে না।
এরকম একটা ফালতু প্রডাক্ট বিক্রি করে দারাজ নিজের সুনাম নষ্ট করছে।
আমি ভেবেছিলাম ভালো কিছু পাব, কিন্তু একেবারে ঠকেছি।

কাউকে একদম রিকমেন্ড করবো না এই প্রডাক্ট।
যারা এটা বিক্রি করছে, তারা আগে নিজেরা একবার ব্যবহার করে দেখুক।
দয়া করে এমন নষ্ট মাল বিক্রি বন্ধ করুন।","একদম বাজে পণ্য! সময়, টাকা দুইই নষ্ট! এই এয়ারপোডসটা একদমই ব্যবহার করার মতো না চার্জ নেয় না, কয়েক মিনিট পরেই বন্ধ হয়ে গেলো এরচেয়ে খারাপ হলো কলে কথা বললেই কিছু শোনা যায় না, ভয়েস অনেক দূরে শূনা যায় মাঝেমধ্যে একদমই আসে না এরকম একটা ফালতু প্রডাক্ট বিক্রি করে দারাজ নিজের সুনাম নষ্ট করছে আমি ভেবেছিলাম ভালো কিছু পাব, কিন্তু একেবারে ঠকেছি কাউকে একদম রিকমেন্ড করবো না এই প্রডাক্ট যারা এটা বিক্রি করছে, তারা আগে নিজেরা একবার ব্যবহার করে দেখুক দয়া করে এমন নষ্ট মাল বিক্রি বন্ধ করুন.",product_quality_negative
1081,54175317096758,"AirPods Pro (2nd Gen) আমার প্রত্যাশার চেয়েও ভালো। সাউন্ড কোয়ালিটি, নয়েজ ক্যানসেলিং এবং ব্যাটারি ব্যাকআপ – সব কিছুই এক কথায় দুর্দান্ত! প্যাকেট একটু চাপা থাকলেও প্রোডাক্ট একদম অরিজিনাল এবং ঠিকঠাক ছিল। যারা ভালো মানের ইয়ারবাড খুঁজছেন – চোখ বন্ধ করে নিতে পারেন। আমি খুবই সন্তুষ্ট","AirPods Pro 2nd Gen আমার প্রত্যাশার চেয়েও ভালো সাউন্ড কোয়ালিটি, নয়েজ ক্যানসেলিং এবং ব্যাটারি ব্যাকআপ সব কিছুই এক কথায় দুর্দান্ত! প্যাকেট একটু চাপা থাকলেও প্রোডাক্ট একদম অরিজিনাল এবং ঠিকঠাক ছিল যারা ভালো মানের ইয়ারবাড খুঁজছেন চোখ বন্ধ করে নিতে পারেন আমি খুবই সন্তুষ্ট.",packaging_negative#product_quality_positive
1082,54211454296758,"দামের তুলনায় যতেষ্ট ভাল পন্য ছিল এটি। দেখতে যেমন স্লীম এবং স্মার্ট, সাউন্ড কোয়ালিটিও অতুলনীয়। এক কথায় আমার কাছে একটি  অসাধারন Air pod এটি। ধন্যবাদ দারাজ টিমকে যেমন পন্য দেখিয়েছেন ঠিক তেমনটা দেওয়ার জন্য।","দামের তুলনায় যতেষ্ট ভাল পন্য ছিল এটি দেখতে যেমন স্লীম এবং স্মার্ট, সাউন্ড কোয়ালিটিও অতুলনীয় এক কথায় আমার কাছে একটি অসাধারন Air pod এটি ধন্যবাদ দারাজ টিমকে যেমন পন্য দেখিয়েছেন ঠিক তেমনটা দেওয়ার জন্য.",price_positive#product_quality_positive
1083,54260479896758,"AirPods Pro 2 ব্যবহার করে আমি দারুণ অভিজ্ঞতা পেয়েছি। শব্দের মান অনেক পরিষ্কার ও গভীর, কিন্ত ANC কাজ করে না।এই প্রাইজ রেঞ্জে ANC কোথাও পাওয়া জাবেনা এইটাই সাভাবিক। ব্যাটারি ব্যাকআপও ভালো। । চার্জিং কেসটি ছোট ও স্টাইলিশ। দাম অনুযায়ী দারুণ ডিল। 

cons:
1গেম এ লেটেন্সি বেশি গেম খেলার জন্য প্রেফারেবল না
2লেটেন্সি বেশি থাকায় ইউটিউব অথবা অন্য কোন ভিডিও প্লেয়ার এপ্প এ ভিডিও চেঞ্জ করার সময় একটু লেগিং ফেস করা লাগতে পারে যেমন ভিডিও প্লে করার ১ সেকেন্ড পর সাওন্ড আসবে।

কিন্ত বাকি সব আলহামদুলিল্লাহ।","AirPods Pro 2 ব্যবহার করে আমি দারুণ অভিজ্ঞতা পেয়েছি শব্দের মান অনেক পরিষ্কার ও গভীর, কিন্ত ANC কাজ করে না এই প্রাইজ রেঞ্জে ANC কোথাও পাওয়া জাবেনা এইটাই সাভাবিক ব্যাটারি ব্যাকআপও ভালো চার্জিং কেসটি ছোট ও স্টাইলিশ দাম অনুযায়ী দারুণ ডিল cons 1গেম এ লেটেন্সি বেশি গেম খেলার জন্য প্রেফারেবল না 2লেটেন্সি বেশি থাকায় ইউটিউব অথবা অন্য কোন ভিডিও প্লেয়ার এপ্প এ ভিডিও চেঞ্জ করার সময় একটু লেগিং ফেস করা লাগতে পারে যেমন ভিডিও প্লে করার ১ সেকেন্ড পর সাওন্ড আসবে কিন্ত বাকি সব আলহামদুলিল্লাহ.",price_positive#product_quality_positive
1084,54742807396758,প্রায় পাঁচ থেকে ছয় ঘন্টা ইউজ করার পর রিভিউ দিচ্ছি। বাজেট অনুযায়ী প্রোডাক্টটি ঠিকঠাক হয়ে আছে সাউন্ড কোয়ালিটি পারফেক্ট আশা করি সবার কাছের সাউন্ড কোয়ালিটি অনেক ভালো লাগবে তবে অ্যাক্টিভ নয়েস ক্যান্সলেশন টা যদি থাকতো তো অনেক ভালো হতো এছাড়া এটা বাদে এই বাজেটে আমার কাছে প্রোডাক্টটি ভালই মনে হয়েছে 🙂😌,প্রায় পাঁচ থেকে ছয় ঘন্টা ইউজ করার পর রিভিউ দিচ্ছি বাজেট অনুযায়ী প্রোডাক্টটি ঠিকঠাক হয়ে আছে সাউন্ড কোয়ালিটি পারফেক্ট আশা করি সবার কাছের সাউন্ড কোয়ালিটি অনেক ভালো লাগবে তবে অ্যাক্টিভ নয়েস ক্যান্সলেশন টা যদি থাকতো তো অনেক ভালো হতো এছাড়া এটা বাদে এই বাজেটে আমার কাছে প্রোডাক্টটি ভালই মনে হয়েছে.,price_positive#product_quality_positive
1085,54104130296758,"প্রোডাক্টটা আমার এক্সপেক্টেশন ছাড়িয়ে গেছে!
ডিজাইনটি খুবই প্রিমিয়াম এবং হাতে নিলেই বোঝা যায় এটি একটি কোয়ালিটি প্রোডাক্ট।

 যেসব দিকগুলো ভালো লেগেছে:
সাউন্ড কোয়ালিটি অসাধারণ — বেস একদম পারফেক্ট. গান শুনতে কিংবা কল করার সময় একদম ক্লিয়ার সাউন্ড পাই।
 ব্যাটারি ব্যাকআপ ভালো — একবার ফুল চার্জ দিলে অনেকক্ষণ ব্যবহার করা যাবে।
চার্জিং কেবল Type-C to Type-C  নতুন জেনারেশনের চার্জিং সুবিধা।

ডেলিভারিঃ ২দিনে ডেলিভারি পেয়েছি, যা সত্যিই প্রশংসা করতে হয়।

মোট কথা:- এই বাজেটে এমন একটা ব্লুটুথ পাওয়া সত্যিই প্রশংসনীয়। যারা ভালো সাউন্ড কোয়ালিটি ও স্মার্ট লুক চাচ্ছেন, তাদের জন্য এটা নিঃসন্দেহে একটা বেস্ট চয়েস হতে পারে।

রেটিংঃ ৯.৯/১০
(ব্যবহারের অভিজ্ঞতা অনুযায়ী)","প্রোডাক্টটা আমার এক্সপেক্টেশন ছাড়িয়ে গেছে! ডিজাইনটি খুবই প্রিমিয়াম এবং হাতে নিলেই বোঝা যায় এটি একটি কোয়ালিটি প্রোডাক্ট যেসব দিকগুলো ভালো লেগেছে সাউন্ড কোয়ালিটি অসাধারণ বেস একদম পারফেক্ট. গান শুনতে কিংবা কল করার সময় একদম ক্লিয়ার সাউন্ড পাই ব্যাটারি ব্যাকআপ ভালো একবার ফুল চার্জ দিলে অনেকক্ষণ ব্যবহার করা যাবে চার্জিং কেবল Type-C to Type-C নতুন জেনারেশনের চার্জিং সুবিধা ডেলিভারিঃ ২দিনে ডেলিভারি পেয়েছি, যা সত্যিই প্রশংসা করতে হয় মোট কথা - এই বাজেটে এমন একটা ব্লুটুথ পাওয়া সত্যিই প্রশংসনীয় যারা ভালো সাউন্ড কোয়ালিটি ও স্মার্ট লুক চাচ্ছেন, তাদের জন্য এটা নিঃসন্দেহে একটা বেস্ট চয়েস হতে পারে রেটিংঃ ৯.৯ ১০ ব্যবহারের অভিজ্ঞতা অনুযায়ী.",delivery_positive#product_quality_positive
1086,54723515496758,আলহামদুলিল্লাহ আমি এই Airpods অর্ডার করার ২ দিন পর হাতে পাই এবং সেই দিন থেকেই ব্যবহার শুরু করি Airpods হাতে পাওয়ার পর ফুল চার্জ পাই Airpods এ সেই চার্জ দিয়ে টানা ৪ ঘন্টা ব্যাকআপ পাইসি এবং ব্যবহারের তিন দিন পর আবার নতুন করে চার্জ দেওয়া লাগসে।  এই প্রাইস পয়েন্টে এইরকম Airpods পাওয়া সত্যিই কল্পনার বাহিরে ❤️ ৬০০ টাকা হিসেবে বেস্ট একটা Airpods পাইসি ❤️ ধন্যবাদ সেলার ভাইকে ❤️,আলহামদুলিল্লাহ আমি এই Airpods অর্ডার করার ২ দিন পর হাতে পাই এবং সেই দিন থেকেই ব্যবহার শুরু করি Airpods হাতে পাওয়ার পর ফুল চার্জ পাই Airpods এ সেই চার্জ দিয়ে টানা ৪ ঘন্টা ব্যাকআপ পাইসি এবং ব্যবহারের তিন দিন পর আবার নতুন করে চার্জ দেওয়া লাগসে এই প্রাইস পয়েন্টে এইরকম Airpods পাওয়া সত্যিই কল্পনার বাহিরে ৬০০ টাকা হিসেবে বেস্ট একটা Airpods পাইসি ধন্যবাদ সেলার ভাইকে.,delivery_positive#price_positive
1087,54342805296758,প্রডাক্ট অনেক সুন্দর নিতে পারেন সাউন্ড কোয়ালিটিও অনেক হাই।  ব্যবহার করার পরেই রিভিউ দিচ্ছি চার্জ কোয়ালিটি অনেক লংটার্ম চলে।  মিনিমাম ৪-৫ ঘন্টার বেশি।  সেলার অনেক ভাল দ্রুত রেসপ্নস করে সাথে সকল কিছুই সমস্যায় সহায়তাও করে।,প্রডাক্ট অনেক সুন্দর নিতে পারেন সাউন্ড কোয়ালিটিও অনেক হাই ব্যবহার করার পরেই রিভিউ দিচ্ছি চার্জ কোয়ালিটি অনেক লংটার্ম চলে মিনিমাম ৪-৫ ঘন্টার বেশি সেলার অনেক ভাল দ্রুত রেসপ্নস করে সাথে সকল কিছুই সমস্যায় সহায়তাও করে.,seller_service_positive#product_quality_positive
1088,54244004396758,"পণ্যটি তেমন ভালো না,  ডেলিভারি ম্যান এর আচরণে আমি সন্তুষ্ট নয়। আমি অর্ডারের সাথে টাকা পেইড করেছি কিন্তু পন্যটি আমার কাছে আসার আগে ফোন করে আমার কাছে ওটিপি চাওয়া হয়েছিল, ডেলিভারি ম্যান বলছে আগামীকাল পার্সেল আমাকে দিবে তাকে এখনই ওটিপি দিয়ে দেওয়ার জন্য কিন্তু আমি দেইনি সেজন্য আমার সাথে অগ্র মেজাজ ভাব দেখিয়েছে।পার্সেলটির পলিথিন আগে থেকে খোলা ছিল কিন্তু সুন্দরভাবে কাটা মনে হচ্ছিল কেউ  ব্যবহার করেছে।","পণ্যটি তেমন ভালো না, ডেলিভারি ম্যান এর আচরণে আমি সন্তুষ্ট নয় আমি অর্ডারের সাথে টাকা পেইড করেছি কিন্তু পন্যটি আমার কাছে আসার আগে ফোন করে আমার কাছে ওটিপি চাওয়া হয়েছিল, ডেলিভারি ম্যান বলছে আগামীকাল পার্সেল আমাকে দিবে তাকে এখনই ওটিপি দিয়ে দেওয়ার জন্য কিন্তু আমি দেইনি সেজন্য আমার সাথে অগ্র মেজাজ ভাব দেখিয়েছে পার্সেলটির পলিথিন আগে থেকে খোলা ছিল কিন্তু সুন্দরভাবে কাটা মনে হচ্ছিল কেউ ব্যবহার করেছে.",delivery_negative#product_quality_negative
1089,53877728796758,"আলহামদুলিল্লাহ সব কিছু ঠিক ছিলো, কিন্তু বক্স টা আগে থেকেই খোলা ছিলো 😅 কিন্তু এই বাজেটের মধ্যে ভালো নিতে পারেন 🥰 ধন্যবাদ 🥀","আলহামদুলিল্লাহ সব কিছু ঠিক ছিলো, কিন্তু বক্স টা আগে থেকেই খোলা ছিলো কিন্তু এই বাজেটের মধ্যে ভালো নিতে পারেন ধন্যবাদ.",price_positive#product_quality_positive
1090,54944631396758,"আলহামদুলিল্লাহ,  সময়মতএবং দাম হিসাবে যথেষ্ট ভালো প্রোডাক্ট দিসে,,ডেলিভারি ম্যান,সেলার এবং দারাজ সার্ভিস খারাপ দেয়নি,, 
ধন্যবাদ,, 🥰","আলহামদুলিল্লাহ, সময়মতএবং দাম হিসাবে যথেষ্ট ভালো প্রোডাক্ট দিসে,,ডেলিভারি ম্যান,সেলার এবং দারাজ সার্ভিস খারাপ দেয়নি,, ধন্যবাদ,,.",seller_service_positive#delivery_positive#price_positive#product_quality_positive
1091,54258165696758,প্যাকেট খোলা দেখে আমি তো প্রথমে ভেবেছিলাম যে ইউজ প্রোডাক্ট দিছে .কিন্তু না এখন দেখি সেলার ভাই অনেক ভালো প্যাকেট ইনটেক কেটে তিনি সবকিছু চেক করে দিছে। এয়ারপোর্টটা অনেক ভালো সুন্দর সাউন্ড কোয়ালিটি ।আমাকে তো এর রেটিং 10/9 চার্জ অনেকক্ষণ থাকে বিল কোয়ালিটি অসাম। এখানে লেখা আছে এসেম্বল বাই ক্যালিফোর্নিয়া মেডিন দুবাই সেকেন্ড জেনারেশন।,প্যাকেট খোলা দেখে আমি তো প্রথমে ভেবেছিলাম যে ইউজ প্রোডাক্ট দিছে .কিন্তু না এখন দেখি সেলার ভাই অনেক ভালো প্যাকেট ইনটেক কেটে তিনি সবকিছু চেক করে দিছে এয়ারপোর্টটা অনেক ভালো সুন্দর সাউন্ড কোয়ালিটি আমাকে তো এর রেটিং 10 9 চার্জ অনেকক্ষণ থাকে বিল কোয়ালিটি অসাম এখানে লেখা আছে এসেম্বল বাই ক্যালিফোর্নিয়া মেডিন দুবাই সেকেন্ড জেনারেশন.,product_quality_positive
1092,54811972296758,অপূর্ব সুন্দর হেড ফোনটি এক কথায় অসাধারণ । আমার অনেক ভালো লেগেছে বন্ধুরা আপনারাও চাইলে নিতে পারেন। এই হেড ফোনটি সাউন্ড চার্জ।  18 2025 আমাকে সকাল বেলা  ডেলিভারি দিয়েছে।হেট ফোন পার্সেল দিয়ে গেছে সবকিছুই নতুন  ঠিক আছে আমার এত ভালো লেগেছে আমি আরো একটা কিনবো হেডফোনটি এতই ভালো । আমি সকাল থেকেই হেডফোন কানে নিয়ে মিউজিক শুনি ।এখন রাত দশটা এখনো একটি হেডফোনের চার্জ শেষ হয়নি তাই বলতেছি বন্ধুরা। তোমরাও কিনতে পারো ভালো হবে আশা করি আপনারা ঠকবেন না আমি কিনেছি যারা আমার এই হেডফোন ডেলিভারি পার্সেল সব কিছুই ক্লিয়ার ভাবে আমার কাছে পৌঁছে দিয়েছে ।তাদেরকে জানাই অসংখ্য ধন্যবাদ,অপূর্ব সুন্দর হেড ফোনটি এক কথায় অসাধারণ আমার অনেক ভালো লেগেছে বন্ধুরা আপনারাও চাইলে নিতে পারেন এই হেড ফোনটি সাউন্ড চার্জ 18 2025 আমাকে সকাল বেলা ডেলিভারি দিয়েছে হেট ফোন পার্সেল দিয়ে গেছে সবকিছুই নতুন ঠিক আছে আমার এত ভালো লেগেছে আমি আরো একটা কিনবো হেডফোনটি এতই ভালো আমি সকাল থেকেই হেডফোন কানে নিয়ে মিউজিক শুনি এখন রাত দশটা এখনো একটি হেডফোনের চার্জ শেষ হয়নি তাই বলতেছি বন্ধুরা তোমরাও কিনতে পারো ভালো হবে আশা করি আপনারা ঠকবেন না আমি কিনেছি যারা আমার এই হেডফোন ডেলিভারি পার্সেল সব কিছুই ক্লিয়ার ভাবে আমার কাছে পৌঁছে দিয়েছে তাদেরকে জানাই অসংখ্য ধন্যবাদ.,product_quality_positive
1093,53663344096758,"Sound quality valo motamoti. But mic e record korle totally clear voice rec hoyna, kaj cholar moto. Packaging khub e valo and intact silo.","Sound quality valo motamoti. But mic e record korle totally clear voice rec hoyna, kaj cholar moto. Packaging khub e valo and intact silo.",packaging_positive#product_quality_neutral
1094,54837853296758,চোখ বন্ধ কইরা নেন অনেক অনেক ভালো কোয়ালিটি আমি আশা করি নাই এতো কমে এমন ভালো একটা প্রোডাক্ট পেয়ে যাবো ❤️,চোখ বন্ধ কইরা নেন অনেক অনেক ভালো কোয়ালিটি আমি আশা করি নাই এতো কমে এমন ভালো একটা প্রোডাক্ট পেয়ে যাবো.,price_positive#product_quality_positive
1095,54277504996758,"এক কথাই বলতে গেলে এতো কম টাকা অনুযায়ী অনেক ভালো পোডাক্ট। 🫶 সাউন্ড অনেক ভালো। চার্জিং বেকাপ কেমন তা বলতে পারতেসি না, আগে কয়দিন ব্যবহার করি পরে জানাবো।
কিন্তু এক কথাই অস্তির একটা জিনিস। আপনারা সবাই নিতে পারেন 😊🫶","এক কথাই বলতে গেলে এতো কম টাকা অনুযায়ী অনেক ভালো পোডাক্ট সাউন্ড অনেক ভালো চার্জিং বেকাপ কেমন তা বলতে পারতেসি না, আগে কয়দিন ব্যবহার করি পরে জানাবো কিন্তু এক কথাই অস্তির একটা জিনিস আপনারা সবাই নিতে পারেন.",price_positive#product_quality_positive
1096,54113415296758,"bhalo sound quality shob kichui perfect shobai chinta chara nite paren aorpods er thake seller er response bhalo,,,,,in sha allah seller bhai ke onek dhonnobad and omar faruk bhai delivery is so good 🌹❤️😍🥰","bhalo sound quality shob kichui perfect shobai chinta chara nite paren aorpods er thake seller er response bhalo,,in sha allah seller bhai ke onek dhonnobad and omar faruk bhai delivery is so good.",seller_service_positive#delivery_positive#product_quality_positive
1097,54305242396758,"১০/১০ অনেকে সুন্দর সাউন্ড গান শুনে মজা আছে,  
সব কিছু  মিলিয়ে  অনেক ভালো , ওজন আছে, বিপ সাউন্ড হয় ওপেন করলে,  ✅🎵💯","১০ ১০ অনেকে সুন্দর সাউন্ড গান শুনে মজা আছে, সব কিছু মিলিয়ে অনেক ভালো , ওজন আছে, বিপ সাউন্ড হয় ওপেন করলে,.",product_quality_positive
1098,54817090896758,"Alhamdulillah, fast delivery pelam. airpod duitai valo kaj korce. sound quality price onujayi onek valo. keu chaile nite paren.","Alhamdulillah, fast delivery pelam. airpod duitai valo kaj korce. sound quality price onujayi onek valo. keu chaile nite paren.",delivery_positive#price_positive#product_quality_positive
1099,54001029196758,গতকালকে অর্ডার করছিলাম আলহামদুলিল্লাহ আজ দুপুর 1 টায় হাতে পেয়েছি। যেমন চাইছিলাম ঠিক তেমনই পাইছি। সাউন্ড সিস্টেম অনেক ভালো। ধন্যবাদ যে ভাই ডেলিভারি দিয়েছেন অনেক যত্ন সহকারে। ধন্যবাদ দারাজ 🥰🥰🥰,গতকালকে অর্ডার করছিলাম আলহামদুলিল্লাহ আজ দুপুর 1 টায় হাতে পেয়েছি যেমন চাইছিলাম ঠিক তেমনই পাইছি সাউন্ড সিস্টেম অনেক ভালো ধন্যবাদ যে ভাই ডেলিভারি দিয়েছেন অনেক যত্ন সহকারে ধন্যবাদ দারাজ.,delivery_positive#product_quality_positive
1100,55046278696758,"আলহামদুলিল্লাহ, যেমন চেয়েছি তেমনি পেয়েছি,,,,আর অনেকে ভয় পায় যে যদি খারাপ পণ্য দিয়ে দেয় সেটা ভুল ধারণা,,,, ওরা প্রতিটি পণ্য চেক করে দেয়,,,সব থেকে ভালো যে দিকটা আমি ১ দিনে ডেলিভারি পেয়েছি,,,আপনারা চাইলে নিতে পারেন,,, অনেক ভালো এটা,,,, আর সাউন্ড কোয়ালিটি অসাধারণ,,,","আলহামদুলিল্লাহ, যেমন চেয়েছি তেমনি পেয়েছি,,আর অনেকে ভয় পায় যে যদি খারাপ পণ্য দিয়ে দেয় সেটা ভুল ধারণা,, ওরা প্রতিটি পণ্য চেক করে দেয়,,সব থেকে ভালো যে দিকটা আমি ১ দিনে ডেলিভারি পেয়েছি,,আপনারা চাইলে নিতে পারেন,, অনেক ভালো এটা,, আর সাউন্ড কোয়ালিটি অসাধারণ,,.",delivery_positive#product_quality_positive
1101,53596935396758,"আপনি 🫵 রিভিউ দেখতে এসেছেন। 🙂

AirPods টা অনেক সুন্দর। 
৩-৪ ঘন্টা একটানা ব্যবহার করার পরেও চার্জ শেষ হয় না। 

আপনিও চাইলে নিতে পারেন। 

ধন্যবাদ সেলার🫰।
ধন্যবাদ দারাজ🥰",আপনি রিভিউ দেখতে এসেছেন AirPods টা অনেক সুন্দর ৩-৪ ঘন্টা একটানা ব্যবহার করার পরেও চার্জ শেষ হয় না আপনিও চাইলে নিতে পারেন ধন্যবাদ সেলার ধন্যবাদ দারাজ.,product_quality_positive
1102,54889415196758,অসাধারণ একটি পোডাক্ট। আমি 12 টার বেশি air pods ব্যাবহার করছি। সব গুলার মধ্যে এটা বেস্টম এই যুগে এই প্রাইস এ এরকম পোডাক্ট্ ভাবা যায়। না সব দিক দিয়েই এই পোডাক্ট টা বেস্ট। নির্দ্বিধায় নিতে পারেন ।আর সেলার ভাইকে অসংখ্য ধন্যবাদ এরকম একটা পোডাক্ট দেয়ার জন্য।সেলার ভাই একজন ভালো মানুষ।,অসাধারণ একটি পোডাক্ট আমি 12 টার বেশি air pods ব্যাবহার করছি সব গুলার মধ্যে এটা বেস্টম এই যুগে এই প্রাইস এ এরকম পোডাক্ট্ ভাবা যায় না সব দিক দিয়েই এই পোডাক্ট টা বেস্ট নির্দ্বিধায় নিতে পারেন আর সেলার ভাইকে অসংখ্য ধন্যবাদ এরকম একটা পোডাক্ট দেয়ার জন্য সেলার ভাই একজন ভালো মানুষ.,price_positive#product_quality_positive
1103,54742404196758,"AirPods এর কোয়ালিটি অনেক ভালো ছিলো। চার্জ মোটামুটি ৫ ঘন্টার কাছাকাছি থাকে। সাউন্ড কোয়ালিটি মোটামুটি ভালোই। ডেলিভারি দেয়ার পর সেলার আবার ফোন করে কনফার্ম হয়েছে যে পার্সেল আসছে কি না, এই বিষয়টা খুব ভালো লেগেছে। সবার জন্য রেকমেন্ডড।
Edited : একটা নষ্ট হয়ে গেছে 😔। আশা করি নি এত তারাতাড়ি নষ্ট হয়ে যাবে। 😔","AirPods এর কোয়ালিটি অনেক ভালো ছিলো চার্জ মোটামুটি ৫ ঘন্টার কাছাকাছি থাকে সাউন্ড কোয়ালিটি মোটামুটি ভালোই ডেলিভারি দেয়ার পর সেলার আবার ফোন করে কনফার্ম হয়েছে যে পার্সেল আসছে কি না, এই বিষয়টা খুব ভালো লেগেছে সবার জন্য রেকমেন্ডড Edited একটা নষ্ট হয়ে গেছে আশা করি নি এত তারাতাড়ি নষ্ট হয়ে যাবে.",product_quality_positive
1104,54504013196758,"বাজেটের মধ্যে প্রিমিয়াম ফিল! সত্যিই সন্তুষ্ট!

আমি এই প্রোডাক্টটি হাতে পেয়েছি সময়মতো, এবং ব্যবহার করে সত্যিই খুবই সন্তুষ্ট। নিচে আমার অভিজ্ঞতা শেয়ার করছি:

✅ ডিজাইন ও কোয়ালিটি:
ম্যাট ব্ল্যাক ফিনিশ দেখতে একেবারে প্রিমিয়াম। হাতে নেয়ার পরেই বুঝা যায় এটা সস্তা কোয়ালিটির না। কেসের সাথে স্টাইলিশ হ্যান্ড-স্ট্র্যাপও ছিল।","বাজেটের মধ্যে প্রিমিয়াম ফিল! সত্যিই সন্তুষ্ট! আমি এই প্রোডাক্টটি হাতে পেয়েছি সময়মতো, এবং ব্যবহার করে সত্যিই খুবই সন্তুষ্ট নিচে আমার অভিজ্ঞতা শেয়ার করছি ডিজাইন ও কোয়ালিটি ম্যাট ব্ল্যাক ফিনিশ দেখতে একেবারে প্রিমিয়াম হাতে নেয়ার পরেই বুঝা যায় এটা সস্তা কোয়ালিটির না কেসের সাথে স্টাইলিশ হ্যান্ড-স্ট্র্যাপও ছিল.",delivery_positive#price_positive#product_quality_positive
1105,53879456796758,অসাধারণ একটি জিনিস পেয়েছি আপনারা নিশ্চিন্তে নিতে পারেন আমি সাত দিন ইউজ করার পর রিভিউ দিলাম। আলহামদুলিল্লাহ অনেক ভালো একটা প্রোডাক্ট। 😻🎀❤️ ধন্যবাদ সেলার ভাইকে ❤️❤️,অসাধারণ একটি জিনিস পেয়েছি আপনারা নিশ্চিন্তে নিতে পারেন আমি সাত দিন ইউজ করার পর রিভিউ দিলাম আলহামদুলিল্লাহ অনেক ভালো একটা প্রোডাক্ট ধন্যবাদ সেলার ভাইকে.,product_quality_positive
1106,54246882796758,সাউন্ড কোয়ালিটি ভাল না।একই এয়ারপড আমি এর আগে একটা ব্যবহার করেছিলাম ২ বছর ঐটা অনেক ভাল ও সাউন্ড কোয়ালিটি খুবই ভাল ছিল। মনে করেছিলাম আগেটা ভাল পেয়েছিলাম কিন্তু এবারেরটা বাজে পড়েছে।,সাউন্ড কোয়ালিটি ভাল না একই এয়ারপড আমি এর আগে একটা ব্যবহার করেছিলাম ২ বছর ঐটা অনেক ভাল ও সাউন্ড কোয়ালিটি খুবই ভাল ছিল মনে করেছিলাম আগেটা ভাল পেয়েছিলাম কিন্তু এবারেরটা বাজে পড়েছে.,product_quality_negative
1107,54561269196758,"A win on win deal in this budget segment. 
Onek bhalo sound quality and features o apple airpods er motoi same. Seller er behaviour o onek bhalo. Let's see kotodin use korte pari. Thanks for the earliest delivery. 💯🔥",A win on win deal in this budget segment. Onek bhalo sound quality and features o apple airpods er motoi same. Seller er behaviour o onek bhalo. Let's see kotodin use korte pari. Thanks for the earliest delivery.,seller_service_positive#delivery_positive#price_positive#product_quality_positive
1108,54645680596758,"যেমনটা অর্ডার করেছি ঠিক তেমনটাই পেয়েছি আলহামদুলিল্লাহ্, সেলার ভাই অনেক ধন্যবাদ প্রোডাক্টটি চেক করে দেয়ার জন্য।","যেমনটা অর্ডার করেছি ঠিক তেমনটাই পেয়েছি আলহামদুলিল্লাহ্, সেলার ভাই অনেক ধন্যবাদ প্রোডাক্টটি চেক করে দেয়ার জন্য.",product_quality_positive
1109,54550780796758,"প্যাকেটিং অনেক বেশি  ভালো ছিল। আমি প্রোডাক্টটি একদিনে হাতে পেয়েছি। দাম অনুযায়ী এর অনেক ভালো।এই দামে, এই sound এবং bass শুনে আপনারা  satisfied হবেন।  আপনারা সকলে নির্দ্বিধায় এটি কিনতে পারেন।আশা করি আমার মত আপনারাও ভালো প্রোডাক্টটি পাবেন, ইনশাল্লাহ।","প্যাকেটিং অনেক বেশি ভালো ছিল আমি প্রোডাক্টটি একদিনে হাতে পেয়েছি দাম অনুযায়ী এর অনেক ভালো এই দামে, এই sound এবং bass শুনে আপনারা satisfied হবেন আপনারা সকলে নির্দ্বিধায় এটি কিনতে পারেন আশা করি আমার মত আপনারাও ভালো প্রোডাক্টটি পাবেন, ইনশাল্লাহ.",delivery_positive#packaging_positive#price_positive#product_quality_positive
1110,53885544596758,"আলহামদুলিল্লাহ যেমন চেয়েছি তেমনি পেয়েছি,,,অরজিনাল দুবাই ভার্সন পেয়েছি, এত কম টাকায় এত  ভালো প্রোডাক্ট পাব ভাবতে পারি নাই,,আপনারা সবাই নিতে পারেন প্রোডাক্ট  দাম অনুযায়ী অনেক ভালো। ইনটেক বক্স ছিল দুবাই ভার্সন সবই ঠিক আছে, সাউন্ড কোয়ালিটি অনেক ভালো, আমি দুই দিনের মধ্যে ডেলিভারি পেয়েছি ধন্যবাদ দারাজ ও সেলারকে","আলহামদুলিল্লাহ যেমন চেয়েছি তেমনি পেয়েছি,,অরজিনাল দুবাই ভার্সন পেয়েছি, এত কম টাকায় এত ভালো প্রোডাক্ট পাব ভাবতে পারি নাই,,আপনারা সবাই নিতে পারেন প্রোডাক্ট দাম অনুযায়ী অনেক ভালো ইনটেক বক্স ছিল দুবাই ভার্সন সবই ঠিক আছে, সাউন্ড কোয়ালিটি অনেক ভালো, আমি দুই দিনের মধ্যে ডেলিভারি পেয়েছি ধন্যবাদ দারাজ ও সেলারকে.",delivery_positive#price_positive#product_quality_positive
1111,54260211796758,"ভাইয়ার ব্যাবহার ও অনেক ভালো 😍
প্রোডাক্ট কোয়ালিটি ও অনেক সুন্দর 👌
চাইলেই আপনারা নিতে পারেন । 
কোনো রকমের সমস্যা নাই ❤️
সব কিছুই ঠিক ছিলো 🥰🥰🥰",ভাইয়ার ব্যাবহার ও অনেক ভালো প্রোডাক্ট কোয়ালিটি ও অনেক সুন্দর চাইলেই আপনারা নিতে পারেন কোনো রকমের সমস্যা নাই সব কিছুই ঠিক ছিলো.,seller_service_positive#product_quality_positive
1112,54637880396758,"আমি এই Airpods টি অর্ডার করেছিলাম, তিন দিনের মধ্যেই হাতে পেয়েছি। 
সাউন্ড কোয়ালিটি ক্লিয়ার,বেস ও ভালো । ফোনে কথা বলা বা গান শোনার জন্য একদম ঠিক আছে। 
ব্যাটারি ব্যাক আপ ও ঠিকঠাক একবার ফুল চার্জে বেশ কয়েক ঘন্টা ব্যবহার করতে পারছি। ডিজাইনটাও স্টাইলিশ আর কানে আরামদায়কভাবে ফিট হয় । অনেকক্ষণ ব্যবহারেও অস্বস্তি হয় না। 
ফোনের সঙ্গে দ্রুত কানেক্ট হয় এবং কানেকশন ও স্থির থাকে। 
এই দামে খুবই ভালো একটা প্রোডাক্ট পেয়েছি । আমি খুবই সন্তুষ্ট। রিকমেন্ট করছি। ☺️👍","আমি এই Airpods টি অর্ডার করেছিলাম, তিন দিনের মধ্যেই হাতে পেয়েছি সাউন্ড কোয়ালিটি ক্লিয়ার,বেস ও ভালো ফোনে কথা বলা বা গান শোনার জন্য একদম ঠিক আছে ব্যাটারি ব্যাক আপ ও ঠিকঠাক একবার ফুল চার্জে বেশ কয়েক ঘন্টা ব্যবহার করতে পারছি ডিজাইনটাও স্টাইলিশ আর কানে আরামদায়কভাবে ফিট হয় অনেকক্ষণ ব্যবহারেও অস্বস্তি হয় না ফোনের সঙ্গে দ্রুত কানেক্ট হয় এবং কানেকশন ও স্থির থাকে এই দামে খুবই ভালো একটা প্রোডাক্ট পেয়েছি আমি খুবই সন্তুষ্ট রিকমেন্ট করছি.",delivery_positive#price_positive#product_quality_positive
1113,54062572196758,পুরাই মাখোন 100 তে 1000 🥰🥰। চাইলে নিতে পারেন চোখ বন্দ  কোরে। 🥰 আমি জেমন টা চেয়েছি তার চেও অনেক গুনে  ভালো।   একে বারে পিমিয়াম  । এক কথায় অসাধারন। 🥰🥰🥰🥰🥰🥰🥰😘😘😘😘😘,পুরাই মাখোন 100 তে 100 চাইলে নিতে পারেন চোখ বন্দ কোরে আমি জেমন টা চেয়েছি তার চেও অনেক গুনে ভালো একে বারে পিমিয়াম এক কথায় অসাধারন.,product_quality_positive
1114,54467028196758,জিনিসটা আসলেই অনেক ভালো। চার্জ ব্যাকআপও ওনেক ভালো। সিঙ্গেল বার্ডস ইউজ করলে দের দিন চার্জ ব্যাকআপ পিতেছি গত ১ মাস থেকে ইউজ করতেছি। ANC নেই। এই দামে খুবই ভালো একটা প্রোডাক্ট। আপনারা চাইলে নিতে পারেন। আমি রেকমেন্ড করছি।,জিনিসটা আসলেই অনেক ভালো চার্জ ব্যাকআপও ওনেক ভালো সিঙ্গেল বার্ডস ইউজ করলে দের দিন চার্জ ব্যাকআপ পিতেছি গত ১ মাস থেকে ইউজ করতেছি ANC নেই এই দামে খুবই ভালো একটা প্রোডাক্ট আপনারা চাইলে নিতে পারেন আমি রেকমেন্ড করছি.,price_positive#product_quality_positive
1115,54631442696758,"প্রোডাক্টটা ভালো ,,সব কিছু ঠিক ঠাক আছে,,
saund Quality ভালো,,,কিন্তু সাউন্ড টা আর একটু ক্লিয়ার হলে ভালো হতো,,,,ক্যাবলটা যদি typ c to typ c না হতো আর ভালো হতো,,,কারণ সবার কাছে typ c to typ c adapter থাকে না
এমনিতে,,, প্রোডাক্টটা ভালো,,,,, সবাই নিতে পারেন 
Thanks MMM Telecom কে","প্রোডাক্টটা ভালো ,,সব কিছু ঠিক ঠাক আছে,, saund Quality ভালো,,কিন্তু সাউন্ড টা আর একটু ক্লিয়ার হলে ভালো হতো,,ক্যাবলটা যদি typ c to typ c না হতো আর ভালো হতো,,কারণ সবার কাছে typ c to typ c adapter থাকে না এমনিতে,, প্রোডাক্টটা ভালো,, সবাই নিতে পারেন Thanks MM Telecom কে.",product_quality_positive
1116,54562729196758,Product ta khub e Vlo chaile nite paren Aita asholei khub e Vlo jemon ta dekhechilam temon e peyechi,Product ta khub e Vlo chaile nite paren Aita asholei khub e Vlo jemon ta dekhechilam temon e peyechi.,product_quality_positive
1117,54541895896758,মাত্র ২ দিনেই হাতে পেলাম।এর বিল্ড কোয়ালিটি এবং আউটলোকস অনেক ভালো।এই দামে এর থেকে ভালো কিছু আশা করা যায় না।সেলার অনেক আন্তরিক। নিলে আশা করি কেউ ঠকবেন না।,মাত্র ২ দিনেই হাতে পেলাম এর বিল্ড কোয়ালিটি এবং আউটলোকস অনেক ভালো এই দামে এর থেকে ভালো কিছু আশা করা যায় না সেলার অনেক আন্তরিক নিলে আশা করি কেউ ঠকবেন না.,seller_service_positive#delivery_positive#price_positive#product_quality_positive
1118,53749764396758,"Dubai variant, product real silo..amr colleague e disi..feedsck valo..sound quality valo and charge thake onk khon","Dubai variant, product real silo..amr colleague e disi..feedsck valo..sound quality valo and charge thake onk khon.",product_quality_positive
1119,55044587896758,"২৪ ঘন্টার মধ্যে Airpods pro হাতে পেলাম,,,বাক্স টা একটু খেলা পেলাম,, মন টা কিছু টা খারাপ লাগছে,,মন কে বোঝিয়ে ব্যবহার করছি এখন,, সেলার ভাই টা ভাল আছে,,আরেক টা রিভিউ দিবো আরো পড়ে","২৪ ঘন্টার মধ্যে Airpods pro হাতে পেলাম,,বাক্স টা একটু খেলা পেলাম,, মন টা কিছু টা খারাপ লাগছে,,মন কে বোঝিয়ে ব্যবহার করছি এখন,, সেলার ভাই টা ভাল আছে,,আরেক টা রিভিউ দিবো আরো পড়ে.",seller_service_positive#delivery_positive
1120,54789105096758,"প্রোডাক্ট ভালো, তবে পেকেট খুলা ছিলো যেটা আমার কাছে ভালো লাগে নাই, তাছাড়া বাডস এ ময়লা + মাইক্রো স্ক্রেচ ছিলো, আশা করি এসব বিষয় খেয়াল রাখবেন, এমনিতে প্রোডাক্ট ভালো হওয়ায় অন্যদের রিকমেন্ড করা যায়","প্রোডাক্ট ভালো, তবে পেকেট খুলা ছিলো যেটা আমার কাছে ভালো লাগে নাই, তাছাড়া বাডস এ ময়লা মাইক্রো স্ক্রেচ ছিলো, আশা করি এসব বিষয় খেয়াল রাখবেন, এমনিতে প্রোডাক্ট ভালো হওয়ায় অন্যদের রিকমেন্ড করা যায়.",product_quality_positive
1121,54175264596758,"এক কথায় অসাধারণ 💖
আমি ৬ দিন ব্যবহারের পর আমার অভিজ্ঞতা বলছি এটা আসলেই সেরা । সাউন্ড কোয়ালিটি যথেষ্ট ভালো ।
১০ এর মধ্যে ৭ দেওয়াই যায় ২ বার একটু সমস্যা দেখেছিলাম বাম বার্ডস টা একটু ডিসকানেক্ট হয়ে যায় তবে এখন ঠিক আছে।",এক কথায় অসাধারণ আমি ৬ দিন ব্যবহারের পর আমার অভিজ্ঞতা বলছি এটা আসলেই সেরা সাউন্ড কোয়ালিটি যথেষ্ট ভালো ১০ এর মধ্যে ৭ দেওয়াই যায় ২ বার একটু সমস্যা দেখেছিলাম বাম বার্ডস টা একটু ডিসকানেক্ট হয়ে যায় তবে এখন ঠিক আছে.,product_quality_positive
1122,54819151496758,"Airpods টি খুব ভালো ছিলো যতটা ভাবছি তার চাইতেও ভালো পেয়েছি ।এই দামে খুবই ভালো একটা Airpods সবার ভালো ভালো রিভিউ দেখে নিয়েছি আমিও ভালো পেয়েছি। তাই আমিও রিভিউ দিলাম।সেলার ভাইয়ের ব্যাবহার খুবই ভালো । সবাই ক্রয় করতে পারেন এই দামে বেস্ট ডিল এটা । 
ধন্যবাদ",Airpods টি খুব ভালো ছিলো যতটা ভাবছি তার চাইতেও ভালো পেয়েছি এই দামে খুবই ভালো একটা Airpods সবার ভালো ভালো রিভিউ দেখে নিয়েছি আমিও ভালো পেয়েছি তাই আমিও রিভিউ দিলাম সেলার ভাইয়ের ব্যাবহার খুবই ভালো সবাই ক্রয় করতে পারেন এই দামে বেস্ট ডিল এটা ধন্যবাদ.,packaging_positive#price_positive#product_quality_positive
1123,54548138396758,ছেলার কে  ধন্যবাদ প্রোডাক্টটি অনেক ভালো আপনারা চাইলে নিতে পারেন  এবং ডেলিভারি মেনের ব্যবহার অনেক ভালো  ছিল আছকে পেলাম ৭দিন পর আবার রিভিউ দেমু,ছেলার কে ধন্যবাদ প্রোডাক্টটি অনেক ভালো আপনারা চাইলে নিতে পারেন এবং ডেলিভারি মেনের ব্যবহার অনেক ভালো ছিল আছকে পেলাম ৭দিন পর আবার রিভিউ দেমু.,delivery_positive#product_quality_positive
1124,54585533196758,খুব সুন্দর জিনিস সাধারণ দোকানে গেলে হাজারের নিচে পাবেন না অসাধারণ একটা জিনিস আপনারা চাইলে নিতে পারে ডেলিভারি ম্যান ভাইয়া টা অনেক ভালো ছিলো কারণ এই জিনিসটা অর্ডার দেওয়ার একদিন পরে হাতে পেয়েছি জিনিসটা অনেক ভালো সাউন্ড কোয়ালিটি ও অনেক ভালো ভাইয়াকে অনেক অনেক ধন্যবাদ এত সুন্দর একটা জিনিস আমার হাতে পৌঁছে দেওয়া যেন ডেলিভারি ম্যান ভাইয়াকে অনেক ধন্যবাদ সময়ের আগেই ওয়াডার দেওয়া জিনিসটি আমার হাতে পৌঁছে দেওয়া যায় ধন্যবাদ সবাইকে,খুব সুন্দর জিনিস সাধারণ দোকানে গেলে হাজারের নিচে পাবেন না অসাধারণ একটা জিনিস আপনারা চাইলে নিতে পারে ডেলিভারি ম্যান ভাইয়া টা অনেক ভালো ছিলো কারণ এই জিনিসটা অর্ডার দেওয়ার একদিন পরে হাতে পেয়েছি জিনিসটা অনেক ভালো সাউন্ড কোয়ালিটি ও অনেক ভালো ভাইয়াকে অনেক অনেক ধন্যবাদ এত সুন্দর একটা জিনিস আমার হাতে পৌঁছে দেওয়া যেন ডেলিভারি ম্যান ভাইয়াকে অনেক ধন্যবাদ সময়ের আগেই ওয়াডার দেওয়া জিনিসটি আমার হাতে পৌঁছে দেওয়া যায় ধন্যবাদ সবাইকে.,delivery_positive#product_quality_positive
1125,54372001696758,আলহামদুলিল্লাহ আজকে প্রোডাক্টটা পাইছি প্রোডাক্টের কোয়ালিটি আলহামদুলিল্লাহ ভালই এনএফসি টা মনে হয় অটো দেওয়া অটো নয়েজ ক্যানসেলিং যেটা সেটা মনে হয় অটো সেট করা যার কারণে মানে বাইরের সাউন্ডটা খুব কম শোনা যায় তা বাদে একদম সবদিক থেকে পারফেক্ট।,আলহামদুলিল্লাহ আজকে প্রোডাক্টটা পাইছি প্রোডাক্টের কোয়ালিটি আলহামদুলিল্লাহ ভালই এনএফসি টা মনে হয় অটো দেওয়া অটো নয়েজ ক্যানসেলিং যেটা সেটা মনে হয় অটো সেট করা যার কারণে মানে বাইরের সাউন্ডটা খুব কম শোনা যায় তা বাদে একদম সবদিক থেকে পারফেক্ট.,product_quality_positive
1126,54195887496758,প্রডাক্টটা জাস্ট ওয়াও। কোয়ালিটি ও কানেক্টিভিটি  খুবই ভালো। এক কথায় অসাধারণ একটা প্রডাক্ট। চার্জ ও প্রায় ৪-৫ ঘ্ণটা মতো থাকে।সেলার ও খুবই আন্তরিক ছিলেন। আমার কাছে প্রডাক্ট টা খুবই ভালো লেগেছে। সেলারকে ধন্যবাদ।,প্রডাক্টটা জাস্ট ওয়াও কোয়ালিটি ও কানেক্টিভিটি খুবই ভালো এক কথায় অসাধারণ একটা প্রডাক্ট চার্জ ও প্রায় ৪-৫ ঘ্ণটা মতো থাকে সেলার ও খুবই আন্তরিক ছিলেন আমার কাছে প্রডাক্ট টা খুবই ভালো লেগেছে সেলারকে ধন্যবাদ.,seller_service_positive#product_quality_positive
1127,54464104196758,"এই মূল্যে সাউন্ড কোয়ালিটি কথা যদি বলেন তাহলে আমি ১০ এ ৮
ফুল সাউন্ড দিলে ও ক্লিয়ার সাউন্ড কোনো নয়েজ নাই বেজ এ পারফেক্ট কারণ একদম বেশি ও না কোন ও না মধ্যম সবার জন্য উপযোগী, সাউন্ড ফুল দিলে কানে ও লাগে না অন্য অন্য ইয়ারফোন এ যেমন কানে লাগে না,এই মূল্যে এ সব দিক বিবেচনা করে বুঝা যায় এই মূল্যে অন্য অন্য হেডফোনের থেকে এটা ভালো। ডিজাইন ও কোয়ালিটি ১০/৯,দিবো প্যাকেজিং ১০ এ ১০।","এই মূল্যে সাউন্ড কোয়ালিটি কথা যদি বলেন তাহলে আমি ১০ এ ৮ ফুল সাউন্ড দিলে ও ক্লিয়ার সাউন্ড কোনো নয়েজ নাই বেজ এ পারফেক্ট কারণ একদম বেশি ও না কোন ও না মধ্যম সবার জন্য উপযোগী, সাউন্ড ফুল দিলে কানে ও লাগে না অন্য অন্য ইয়ারফোন এ যেমন কানে লাগে না,এই মূল্যে এ সব দিক বিবেচনা করে বুঝা যায় এই মূল্যে অন্য অন্য হেডফোনের থেকে এটা ভালো ডিজাইন ও কোয়ালিটি ১০ ৯,দিবো প্যাকেজিং ১০ এ ১০.",packaging_positive#price_positive#product_quality_positive
1128,54093261696758,Ei price e ekdom perfect AirPods..Ami saler ke bolechilam Check kore dite ora amake check korei diyeche!! Saler er Behavior o onek valo! Apnara chaile nite pare😍,Ei price e ekdom perfect AirPods..Ami saler ke bolechilam Check kore dite ora amake check korei diyeche!! Saler er Behavior o onek valo! Apnara chaile nite pare.,seller_service_positive#price_positive#product_quality_positive
1129,54320542396758,একটা কথা ই বলবো। এই দামে সেরা একটা জিনিস। প্যাকেজিং টাও বাবল পেপার দিয়ে শক্তপোক্তভাবে করা হয়েছিল। ১০০% Recommended,একটা কথা ই বলবো এই দামে সেরা একটা জিনিস প্যাকেজিং টাও বাবল পেপার দিয়ে শক্তপোক্তভাবে করা হয়েছিল ১০০ Recommended.,packaging_positive#price_positive#product_quality_positive
1130,54733788496758,"Khuboi Bhalo products and seller ar behavior khoboi Bhalo products hate khub Bhalo bhabe paichi ar unara packing khule jinish ta check Kore de jate buyer harass nah hoy .
thank you brother",Khuboi Bhalo products and seller ar behavior khoboi Bhalo products hate khub Bhalo bhabe paichi ar unara packing khule jinish ta check Kore de jate buyer harass nah hoy . thank you brother.,seller_service_positive#product_quality_positive
1131,53501191196758,"প্রোডাক্ট খুবই  ভালো ।আনেকখন চার্জ থাকে,সাউন্ড কোয়ালিটিও অনেক ভালো আর সেলারও খুবই আন্তরিক। চাইলে আপনারা নিতে পারেন।","প্রোডাক্ট খুবই ভালো আনেকখন চার্জ থাকে,সাউন্ড কোয়ালিটিও অনেক ভালো আর সেলারও খুবই আন্তরিক চাইলে আপনারা নিতে পারেন.",seller_service_positive#product_quality_positive
1132,54104312196758,দারাজ  পোটাক টা ভালো দিছে	সাউন্ড কোয়ালিটি  বেজ ভালো  কিন্তুু ওয়ারলেস চার্জার  টা  দেয় না শুটু কট দিয়েছে	  ধন্যবাদ  দারাজ কে বেজ কম আছে,দারাজ পোটাক টা ভালো দিছে সাউন্ড কোয়ালিটি বেজ ভালো কিন্তুু ওয়ারলেস চার্জার টা দেয় না শুটু কট দিয়েছে ধন্যবাদ দারাজ কে বেজ কম আছে.,product_quality_positive
1133,54085045696758,product onek taratari paisi..Packaging khub e vlo chilo..!! Shob kichu perfect.. products jemon dekhaisilo temon e paisi..!! 100% recommended 🤍,product onek taratari paisi..Packaging khub e vlo chilo..!! Shob kichu perfect.. products jemon dekhaisilo temon e paisi..!! 100 recommended.,delivery_positive#packaging_positive#product_quality_positive
1134,53959473496758,"Alhamdulillah khub bhalo airpod, Sound and Beat quality o khub bhalo. Ai dam e amn product hat e peye ami seller ke thank you janacchi! 💖","Alhamdulillah khub bhalo airpod, Sound and Beat quality o khub bhalo. Ai dam e amn product hat e peye ami seller ke thank you janacchi!",price_positive#product_quality_positive
1135,54527019396758,"বাজেটের মধ্যে প্রিমিয়াম ফিল! সত্যিই সন্তুষ্ট!

আমি এই প্রোডাক্টটি হাতে পেয়েছি সময়মতো, এবং ব্যবহার করে সত্যিই খুবই সন্তুষ্ট। নিচে আমার অভিজ্ঞতা শেয়ার করছি:

✅ ডিজাইন ও কোয়ালিটি:
ম্যাট ব্ল্যাক ফিনিশ দেখতে একেবারে প্রিমিয়াম। হাতে নেয়ার পরেই বুঝা যায় এটা সস্তা কোয়ালিটির না। কেসের সাথে স্টাইলিশ হ্যান্ড-স্ট্র্যাপও ছিল।

✅ ফিচারস:

H2 চিপ থাকার কারণে কানেকশন স্পিড খুব ভালো

ANC (Active Noise Cancellation) কাজ করে, যদিও একদম অরিজিনালের মতো না, কিন্তু প্রাইস অনুযায়ী এক্সিলেন্ট","বাজেটের মধ্যে প্রিমিয়াম ফিল! সত্যিই সন্তুষ্ট! আমি এই প্রোডাক্টটি হাতে পেয়েছি সময়মতো, এবং ব্যবহার করে সত্যিই খুবই সন্তুষ্ট নিচে আমার অভিজ্ঞতা শেয়ার করছি ডিজাইন ও কোয়ালিটি ম্যাট ব্ল্যাক ফিনিশ দেখতে একেবারে প্রিমিয়াম হাতে নেয়ার পরেই বুঝা যায় এটা সস্তা কোয়ালিটির না কেসের সাথে স্টাইলিশ হ্যান্ড-স্ট্র্যাপও ছিল ফিচারস H2 চিপ থাকার কারণে কানেকশন স্পিড খুব ভালো ANC Active Noise Cancellation কাজ করে, যদিও একদম অরিজিনালের মতো না, কিন্তু প্রাইস অনুযায়ী এক্সিলেন্ট.",delivery_positive#price_positive#product_quality_positive
1136,54842665396758,আলহামদুলিল্লাহ AirPods Pro অনেক সুন্দর অনেক ভালো সাউন্ড অল এভরিথিং ঠিক আছে আপনি চাইলে নিতে পারেন ভালো হবে।,আলহামদুলিল্লাহ AirPods Pro অনেক সুন্দর অনেক ভালো সাউন্ড অল এভরিথিং ঠিক আছে আপনি চাইলে নিতে পারেন ভালো হবে.,product_quality_positive
1137,54633538696758,পন্যটি অনেক প্রিমিয়াম কোয়ালিটির। হাতে নিলে বেস ভালই লাগে। সাউন্ড অনেক স্পষ্ট।  ANC ও কাজ করে দারুণ ভাবে। এই ভাজেটে পন্যটি অনেক ভাল। আপনারা চাইলে নিতে পারেন। সেলার ভাইদের অনেক ধন্যবাদ।  তাদের আচার-ব্যবহার অনেক ভালো।,পন্যটি অনেক প্রিমিয়াম কোয়ালিটির হাতে নিলে বেস ভালই লাগে সাউন্ড অনেক স্পষ্ট ANC ও কাজ করে দারুণ ভাবে এই ভাজেটে পন্যটি অনেক ভাল আপনারা চাইলে নিতে পারেন সেলার ভাইদের অনেক ধন্যবাদ তাদের আচার-ব্যবহার অনেক ভালো.,seller_service_positive#product_quality_positive
1138,53982281396758,"আলহামদুলিল্লাহ প্রডাক্ট যথেষ্ট ভালো মানের। সবাই নিতে পারেন।আশা করি কেউ হতাশ হবেন না। সেলার ভাই অনেক আন্তরিক, ধন্যবাদ ভাই, এই ভাবেই সবার পাশে থাকবেন।","আলহামদুলিল্লাহ প্রডাক্ট যথেষ্ট ভালো মানের সবাই নিতে পারেন আশা করি কেউ হতাশ হবেন না সেলার ভাই অনেক আন্তরিক, ধন্যবাদ ভাই, এই ভাবেই সবার পাশে থাকবেন.",seller_service_positive#product_quality_positive
1139,54103108696758,"আলহামদুলিল্লাহ ঠিক ঠাক মতই প্রোডাক্ট পেয়েছি। অবশ্য বক্সগুলো ছিল তারপর সেলার ভাইয়ের সাথে কথা বলছি সে বলেছে তারা সকল প্রোডাক্ট চেক করে পাঠায়। ধন্যবাদ এত সুন্দর কম প্রাইজের মধ্যে ভাল একটি পণ্য দেওয়ার জন্য। 
over rating 10/8⚡",আলহামদুলিল্লাহ ঠিক ঠাক মতই প্রোডাক্ট পেয়েছি অবশ্য বক্সগুলো ছিল তারপর সেলার ভাইয়ের সাথে কথা বলছি সে বলেছে তারা সকল প্রোডাক্ট চেক করে পাঠায় ধন্যবাদ এত সুন্দর কম প্রাইজের মধ্যে ভাল একটি পণ্য দেওয়ার জন্য over rating 10 8.,price_positive#product_quality_positive
1140,54837969696758,এটা একটা বাজে প্রোডাক্ট এই টাকা দিয়ে আরো ভালো পাওয়া যাবে এবং এটার মধ্যে মাঝে পটপট সাউন্ড করে এটা আমি রিটার্নও দিয়েছিলাম তারা নেয়নি আবার সেটাই পাঠিয়ে দিয়েছে সবাই সাবধান,এটা একটা বাজে প্রোডাক্ট এই টাকা দিয়ে আরো ভালো পাওয়া যাবে এবং এটার মধ্যে মাঝে পটপট সাউন্ড করে এটা আমি রিটার্নও দিয়েছিলাম তারা নেয়নি আবার সেটাই পাঠিয়ে দিয়েছে সবাই সাবধান.,price_negative#product_quality_negative
1141,54210255896758,"আলহামদুলিল্লাহ। প্রোডাক্টটি হাতে পেয়ে ব্যবহার করার পরে রিভিউ দিচ্ছি, আলহামদুলিল্লাহ সাউন্ড কোয়ালিটি ভালো। ব্যবহার করেও ভালো লাগতেছে। অন্যান্য ইয়ারফোন কানে লাগালে ব্যথা করে বাট এটা দীর্ঘক্ষণ ধরে ব্যবহার করার পরেও কানে ব্যথা লাগতেছে না ।মোটামুটি ভালই। এরকম দামের মধ্যে বেস্ট। আপনারাও চাইলে নিতে পারেন।","আলহামদুলিল্লাহ প্রোডাক্টটি হাতে পেয়ে ব্যবহার করার পরে রিভিউ দিচ্ছি, আলহামদুলিল্লাহ সাউন্ড কোয়ালিটি ভালো ব্যবহার করেও ভালো লাগতেছে অন্যান্য ইয়ারফোন কানে লাগালে ব্যথা করে বাট এটা দীর্ঘক্ষণ ধরে ব্যবহার করার পরেও কানে ব্যথা লাগতেছে না মোটামুটি ভালই এরকম দামের মধ্যে বেস্ট আপনারাও চাইলে নিতে পারেন.",price_positive#product_quality_positive
1142,54303413696758,"প্রোডাক্ট অনেক দ্রুত ডেলিভারি পেয়েছি।মাত্র তিন দিনের মাথায় ডেলিভারি পেয়ে গেছি,সবকিছু ঠিকঠাক ভাবে কাজ করছে।তবে একটা সমস্যা আছে,টাইপ C টু C কেবলটি ফোনের সাথে কানেক্ট করে এয়ারবার্টস এর সাথে কানেক্ট করলে চার্জ নিচ্ছে না,নর্মালি ফোনের চার্জার এর সাথে কানেক্ট করলে চার্জ নিচ্ছে, তবে যে টাইপ সি টু সি পোর্টটা দেয়া হয়েছে ওটা নষ্ট আছে,এটা খুব একটা ম্যান্ডেটরি না বাকি সবকিছু অভারল ঠিক আছে,আপনারা চোখ বন্ধ করে নিতে পারেন।","প্রোডাক্ট অনেক দ্রুত ডেলিভারি পেয়েছি মাত্র তিন দিনের মাথায় ডেলিভারি পেয়ে গেছি,সবকিছু ঠিকঠাক ভাবে কাজ করছে তবে একটা সমস্যা আছে,টাইপ C টু C কেবলটি ফোনের সাথে কানেক্ট করে এয়ারবার্টস এর সাথে কানেক্ট করলে চার্জ নিচ্ছে না,নর্মালি ফোনের চার্জার এর সাথে কানেক্ট করলে চার্জ নিচ্ছে, তবে যে টাইপ সি টু সি পোর্টটা দেয়া হয়েছে ওটা নষ্ট আছে,এটা খুব একটা ম্যান্ডেটরি না বাকি সবকিছু অভারল ঠিক আছে,আপনারা চোখ বন্ধ করে নিতে পারেন.",delivery_positive#product_quality_positive
1143,54346486796758,"প্রথমত জিনিসটা দেখতে সুন্দর। বিল্ড কোয়ালিটি ভালো। ভোকালের ক্ল্যারিটি তে কিছু টা ঘাটতি আছে, তবে দাম বিবেচনায় যথেষ্ট ভালো সাউন্ড দেয়। দাম বিবেচনায় ভালো লেগেছে। সেলার ভাই খুব ই আন্তরিক, সঠিক তথ্য দিয়ে সহযোগিতা করেছেন। অনেক ধন্যবাদ সেলার ভাইকে।","প্রথমত জিনিসটা দেখতে সুন্দর বিল্ড কোয়ালিটি ভালো ভোকালের ক্ল্যারিটি তে কিছু টা ঘাটতি আছে, তবে দাম বিবেচনায় যথেষ্ট ভালো সাউন্ড দেয় দাম বিবেচনায় ভালো লেগেছে সেলার ভাই খুব ই আন্তরিক, সঠিক তথ্য দিয়ে সহযোগিতা করেছেন অনেক ধন্যবাদ সেলার ভাইকে.",seller_service_positive#price_positive#product_quality_positive
1144,54348909396758,"Thank you so much M M Telecom, Jemon ta Asa korci tar theke valo mone hoice sound quality onek onek Valo ,,, charge backup valo deii ami 5 hour plus paici ,,, ar vaiar beboharer jonnoi tar theke product ta niya ,,, Jak Alhamdulillah,,, apnara chaile tader theke product nite paren ,,, Abaro thanks M M Telecome","Thank you so much M M Telecom, Jemon ta Asa korci tar theke valo mone hoice sound quality onek onek Valo ,, charge backup valo deii ami 5 hour plus paici ,, ar vaiar beboharer jonnoi tar theke product ta niya ,, Jak Alhamdulillah,, apnara chaile tader theke product nite paren ,, Abaro thanks M M Telecome.",seller_service_positive#product_quality_positive
1145,54227724796758,"যেমনটা আশা করেছিলাম তার থেকে অনেক ভালো পেয়েছি।
টাকার তুলনায় প্রোডাক্টটি অনেক ভালো। সাউন্ড অনেক ভালো। আপনারা চাইলে সবাই নিতে পারেন প্রোডাক্টটি ভালো আছে।",যেমনটা আশা করেছিলাম তার থেকে অনেক ভালো পেয়েছি টাকার তুলনায় প্রোডাক্টটি অনেক ভালো সাউন্ড অনেক ভালো আপনারা চাইলে সবাই নিতে পারেন প্রোডাক্টটি ভালো আছে.,price_positive#product_quality_positive
1146,54325818996758,order deoyar age khubi confessed chilam j kmn hbe vlo hbe ki na but jkhn parcel ta receive krlam tkhn AirPods er quality dekhe i'm satisfied It's a best Deal❤️,order deoyar age khubi confessed chilam j kmn hbe vlo hbe ki na but jkhn parcel ta receive krlam tkhn AirPods er quality dekhe i'm satisfied It's a best Deal.,product_quality_positive
1147,53568200596758,আজকে দারাজ থেকে মালটা পেয়েছি অনেক সুন্দর একটা প্রডাক্ট।এর সাউন্ড কয়ালিটি অনেক সুন্দর।  আর ডিলেভারি ভাইকে অনেক ধন্যবাদ। তার ব্যাবহার আমার অনেক ভালো লেগেছে।,আজকে দারাজ থেকে মালটা পেয়েছি অনেক সুন্দর একটা প্রডাক্ট এর সাউন্ড কয়ালিটি অনেক সুন্দর আর ডিলেভারি ভাইকে অনেক ধন্যবাদ তার ব্যাবহার আমার অনেক ভালো লেগেছে.,delivery_positive#product_quality_positive
1148,54530542496758,"alhamdulillah product ta onek valo seler o onek valo apnara nite paren onek valo 

ater box : 10/9🧡

ater  accessories :10/10❤️

sound quality :10/9❤️‍🔥

sound quaity onek valo kinto akto bass ar dorker kinto saund quality onek clear 😊

mot kotha 500tk ai product onek valo Alhamdulillah apnare nite paren thank's to seler",alhamdulillah product ta onek valo seler o onek valo apnara nite paren onek valo ater box 10 9 ater accessories 10 10 sound quality 10 9 sound quaity onek valo kinto akto bass ar dorker kinto saund quality onek clear mot kotha 500tk ai product onek valo Alhamdulillah apnare nite paren thank's to seler.,seller_service_positive#price_positive#product_quality_positive
1149,54543585996758,Product ta Onk valo but charging cable problem chilo  new te Amon hoyar kotha but kopal a chilo but Airport Onk valo Onk somoy dore charge thake + amr kase cable chilo Oi ta diye charge dei  thank you Onk valo chilo product ta,Product ta Onk valo but charging cable problem chilo new te Amon hoyar kotha but kopal a chilo but Airport Onk valo Onk somoy dore charge thake amr kase cable chilo Oi ta diye charge dei thank you Onk valo chilo product ta.,product_quality_positive
1150,53915456196758,ডেলিভারি ম্যান এর ব্যবহার ভালো ছিল কিন্তু প্রোডাক্ট এর পলিথিন কাটা ছিল আর ভিতর এ জিনিসগুলা পেয়েছি এখন দেখা যাক ব্যবহার করা যাক। আর যারা কিনেছেন তারা কি এমনি পেয়েছেন একটু জানাবেন প্লিজ,ডেলিভারি ম্যান এর ব্যবহার ভালো ছিল কিন্তু প্রোডাক্ট এর পলিথিন কাটা ছিল আর ভিতর এ জিনিসগুলা পেয়েছি এখন দেখা যাক ব্যবহার করা যাক আর যারা কিনেছেন তারা কি এমনি পেয়েছেন একটু জানাবেন প্লিজ.,delivery_positive
1151,54758967396758,প্রথমত ধন্যবাদ সেলার ভাইকে। 2 দিনের ভিতরে প্রোডাক্ট টি হাতে পেয়েছি।।।সাউন্ড কোয়ালিটি এই দামে ঠিক আছে।।।কোন সমস্যা নেই।।।।অর্ডার করার আগে সেলার ভাইয়ের সাথে কথা বলেছিলাম।। তিনি যেন খুলে চেক করে দেন।।।,প্রথমত ধন্যবাদ সেলার ভাইকে 2 দিনের ভিতরে প্রোডাক্ট টি হাতে পেয়েছি সাউন্ড কোয়ালিটি এই দামে ঠিক আছে কোন সমস্যা নেই অর্ডার করার আগে সেলার ভাইয়ের সাথে কথা বলেছিলাম তিনি যেন খুলে চেক করে দেন.,delivery_positive#price_positive#product_quality_positive
1152,54427395696758,"খুব দ্রুত ডেলিভারি পেয়েছি,,, তবে বক্স টা খোলা ছিলো হয়তোবা সেলার চেক করার জন্য খুলেছিলো,,, যাই হোক এখন দেখার বিষয় হচ্ছে ব্যাটারি ব্যাকআপ কেমন হয়♥️♥️♥️","খুব দ্রুত ডেলিভারি পেয়েছি,, তবে বক্স টা খোলা ছিলো হয়তোবা সেলার চেক করার জন্য খুলেছিলো,, যাই হোক এখন দেখার বিষয় হচ্ছে ব্যাটারি ব্যাকআপ কেমন হয়.",delivery_positive
1153,55041951596758,Alhumdulillah onak valo product. Jamon ta asha korsi tik tamon ta e paisi. seller er proti antorik kritoggota,Alhumdulillah onak valo product. Jamon ta asha korsi tik tamon ta e paisi. seller er proti antorik kritoggota.,product_quality_positive
1154,54743922396758,"balo proudact,sound qualiti is good. but this product packaging aga takai kata cilo. and charger cabol dia charge hoi na.","balo proudact,sound qualiti is good. but this product packaging aga takai kata cilo. and charger cabol dia charge hoi na.",product_quality_positive
1155,54847964796758,Product is vary good . and sound quality ok. Look like a original product. master copy bojhain jasse na.ei dame product is very good. sobai nite paren.,Product is vary good . and sound quality ok. Look like a original product. master copy bojhain jasse na.ei dame product is very good. sobai nite paren.,price_positive#product_quality_positive
1156,54084247096758,Just Awesome Level er eta product..  Alhamdulillah Jemon Ta caisilam temon tai paisi...  build quality shei sound quality o perfect...  purai Premium level er product...  nisshondehe nite paren shobai,Just Awesome Level er eta product.. Alhamdulillah Jemon Ta caisilam temon tai paisi.. build quality shei sound quality o perfect.. purai Premium level er product.. nisshondehe nite paren shobai.,product_quality_positive
1157,54004652396758,প্রোডাক্ট টা দেখতে খুব সুন্দর।সাউন্ড কোয়ালিটি ও খুব ভালো।কেস ওপেন করলে পপ আপ সাউন্ড হয়।যা শুনতে খুব ভালোলাগে।তবে প্রোডাক্ট এ কিছু স্ক্র্যাচ আছে আর কেস এর ঢাকনা টা পারফেক্টলি লাগেনা।কিছু গ্যাপ থাকে। চার্জ ও অনেকক্ষণ থাকে।দেখা যাক কয় দিন টিকে।আরো কিছুদিন ব্যবহার করে আপনাদের আরেকটা রিভিউ দিব ইনশাল্লাহ।,প্রোডাক্ট টা দেখতে খুব সুন্দর সাউন্ড কোয়ালিটি ও খুব ভালো কেস ওপেন করলে পপ আপ সাউন্ড হয় যা শুনতে খুব ভালোলাগে তবে প্রোডাক্ট এ কিছু স্ক্র্যাচ আছে আর কেস এর ঢাকনা টা পারফেক্টলি লাগেনা কিছু গ্যাপ থাকে চার্জ ও অনেকক্ষণ থাকে দেখা যাক কয় দিন টিকে আরো কিছুদিন ব্যবহার করে আপনাদের আরেকটা রিভিউ দিব ইনশাল্লাহ.,product_quality_positive
1158,54078256196758,"এই বাজেট এ খুব ভালো একটি প্রোডাক্ট , সাউন্ড কোয়ালিটি ও খুব ভালো, চার্জ ব্যাকআপ ৩-৪ ঘন্টা পাইছি, সবকিছু ঠিকঠাকই ছিলো, আশা করি অনেক দিন ব্যবহার করতে পারবো ❤️ এক কথায় অসাধারণ একটি প্রোডাক্ট ধন্যবাদ ভাই চেক করে দেওয়ার জন্য ❤️🌸","এই বাজেট এ খুব ভালো একটি প্রোডাক্ট , সাউন্ড কোয়ালিটি ও খুব ভালো, চার্জ ব্যাকআপ ৩-৪ ঘন্টা পাইছি, সবকিছু ঠিকঠাকই ছিলো, আশা করি অনেক দিন ব্যবহার করতে পারবো এক কথায় অসাধারণ একটি প্রোডাক্ট ধন্যবাদ ভাই চেক করে দেওয়ার জন্য.",price_positive#product_quality_positive
1159,53305049996758,"আলহামদুলিল্লাহ অনেক ভালো পণ্য  পেয়েছি, দাম অনুযায়ী কোয়ালিটি অনেক ভালো,, ১০ ঘন্টা ব্যবহার করছি এখনো ৭০% চার্জ আছে। বক্স থেকে ৩-৪ বার চার্জ  দেওয়া যায়, দাম কম বলে প্রথম বিশ্বাস করেনি এত ভালো হবে, আপনারা যারা Earbuds ব্যবহার করতে চান তারা এটা নিতে পারেন, sound, vit কোয়ালিটি সবকিছু ১০০% পারফেক্ট আছে ।সাউন্ড কোয়ালিটি অনেক মধুর, এটা  দুবাইয়ের আমদানি করা হয়েছে। অরিজিনাল প্রোডাক্ট মনে হচ্ছে।  সবকিছুই পারফেক্ট আছে,, ধন্যবাদ সেলার ও দারাজ কে","আলহামদুলিল্লাহ অনেক ভালো পণ্য পেয়েছি, দাম অনুযায়ী কোয়ালিটি অনেক ভালো,, ১০ ঘন্টা ব্যবহার করছি এখনো ৭০ চার্জ আছে বক্স থেকে ৩-৪ বার চার্জ দেওয়া যায়, দাম কম বলে প্রথম বিশ্বাস করেনি এত ভালো হবে, আপনারা যারা Earbuds ব্যবহার করতে চান তারা এটা নিতে পারেন, sound, vit কোয়ালিটি সবকিছু ১০০ পারফেক্ট আছে সাউন্ড কোয়ালিটি অনেক মধুর, এটা দুবাইয়ের আমদানি করা হয়েছে অরিজিনাল প্রোডাক্ট মনে হচ্ছে সবকিছুই পারফেক্ট আছে,, ধন্যবাদ সেলার ও দারাজ কে.",price_positive#product_quality_positive
1160,54204888896758,onk vlo quality er air pods khub vlo sound o onk vlo ase Ai price er j amon vlo quality er air pods pabo asha Korte pari ni . Jai hok alhamdullilah,onk vlo quality er air pods khub vlo sound o onk vlo ase Ai price er j amon vlo quality er air pods pabo asha Korte pari ni . Jai hok alhamdullilah.,price_positive#product_quality_positive
1161,54872818696758,seller vai khub tatari sms riply dey parsel ti jotesto valo peyesi akbare intek kotha sathe kaj a mil ase vai er,seller vai khub tatari sms riply dey parsel ti jotesto valo peyesi akbare intek kotha sathe kaj a mil ase vai er.,seller_service_positive#product_quality_positive
1162,54685630396758,"অসাধারণ জিনিস ভাই,, 
চার্জ ব্যাকাপ সাউন্ড কোয়ালিটি খুব ভালো,, 
মোবাইলে কথা বলা খুব স্পষ্ট এবং ক্লিয়ার, 
আমি মোবাইলে কথা বলার জন্যই নিয়েছি আমার চাওয়া পাওয়া সার্থক হয়েছে আশা করি এভাবেই ভালো পণ্য দিবেন সবাইকে রেটিং ১০/১০","অসাধারণ জিনিস ভাই,, চার্জ ব্যাকাপ সাউন্ড কোয়ালিটি খুব ভালো,, মোবাইলে কথা বলা খুব স্পষ্ট এবং ক্লিয়ার, আমি মোবাইলে কথা বলার জন্যই নিয়েছি আমার চাওয়া পাওয়া সার্থক হয়েছে আশা করি এভাবেই ভালো পণ্য দিবেন সবাইকে রেটিং ১০ ১০.",product_quality_positive
1163,55066202096758,"mashallah onk bhalo product. nite paren apnara. seller er behavior o bhalo.. 5⭐ for you.. 
uni call diye khoj niyecen. which is good..",mashallah onk bhalo product. nite paren apnara. seller er behavior o bhalo.. 5 for you.. uni call diye khoj niyecen. which is good..,seller_service_positive#product_quality_positive
1164,54980033596758,যতটুক আশা করেছিলাম তার চেয়ে অনেক অনেক ভালো কোয়ালিটি এবং বেস্ট সাউন্ড কোয়ালিটি সবকিছু মিলিয়ে দুর্দান্ত একটি প্রোডাক্ট আমি পেলাম ধন্যবাদ দারাজ,যতটুক আশা করেছিলাম তার চেয়ে অনেক অনেক ভালো কোয়ালিটি এবং বেস্ট সাউন্ড কোয়ালিটি সবকিছু মিলিয়ে দুর্দান্ত একটি প্রোডাক্ট আমি পেলাম ধন্যবাদ দারাজ.,seller_service_positive#product_quality_positive
1165,54112246596758,"7 din use korar por aj review dilam.
.
.
Product Quality:
Sound quality: 7/10
Bass quality: 7/10
Charge backup: 9/10

Overall onk valo akta product.  Ato kom budget e charging backup ato valo dibe asha kori nai . Minimum 3 gonta thake..
Seller vaio onk friendly and behaver o valo..
Unboxing er fell ta pailam na sudu😞 jodio oitao sellar vai bolsilo uni check kore diben tai...
Complain sudu amr daraz authority er kase tara amr delivery ta basay diye aslo na 🙂",7 din use korar por aj review dilam. . . Product Quality Sound quality 7 10 Bass quality 7 10 Charge backup 9 10 Overall onk valo akta product. Ato kom budget e charging backup ato valo dibe asha kori nai . Minimum 3 gonta thake.. Seller vaio onk friendly and behaver o valo.. Unboxing er fell ta pailam na sudu jodio oitao sellar vai bolsilo uni check kore diben tai.. Complain sudu amr daraz authority er kase tara amr delivery ta basay diye aslo na.,seller_service_positive#delivery_negative#product_quality_positive
1166,54769970396758,"আলহামদুলিল্লাহ প্রোডাক্ট টা অনেক ভাল সেলার ও অনেক  ভাল আপনরা চাইলে নিতে পারেন 

ater box : 10/9✅

ater  accessories :10/9✅

sound quality :10/8✅

sound quaity onek valo kinto akto bass ar dorker kinto saund quality onek clear 😊

mot kotha 500tk ai product onek valo Alhamdulillah apnare nite paren thank's to seler",আলহামদুলিল্লাহ প্রোডাক্ট টা অনেক ভাল সেলার ও অনেক ভাল আপনরা চাইলে নিতে পারেন ater box 10 9 ater accessories 10 9 sound quality 10 8 sound quaity onek valo kinto akto bass ar dorker kinto saund quality onek clear mot kotha 500tk ai product onek valo Alhamdulillah apnare nite paren thank's to seler.,seller_service_positive#product_quality_positive
1167,54716060696758,প্রোডাক্ট টা চাইলে  আনতে পারেন ব্লুটুথটা অনেকটাই ভালো এবং আরেকটা ভীষয় একটু মজাদার সেটা হল এটার সাথে যে কেবল দিবে সেটা দিয়ে মোবাইল থেকে চার্জ করতে পারবেন। আর যদি আপনি চার্জার দিয়ে চার্জ করতে চান তাহলে আলাদা একটা কেবল কিনে নিতে হবে। আর যদি আপনার বাড়িতে থাকে তাহলে তো ভালই।কিন্তু আর যাই হোক ভাই ব্লুটুথ টা আমার কাছে অনেকটাই ভালো লাগছে ❤️❤️🫶,প্রোডাক্ট টা চাইলে আনতে পারেন ব্লুটুথটা অনেকটাই ভালো এবং আরেকটা ভীষয় একটু মজাদার সেটা হল এটার সাথে যে কেবল দিবে সেটা দিয়ে মোবাইল থেকে চার্জ করতে পারবেন আর যদি আপনি চার্জার দিয়ে চার্জ করতে চান তাহলে আলাদা একটা কেবল কিনে নিতে হবে আর যদি আপনার বাড়িতে থাকে তাহলে তো ভালই কিন্তু আর যাই হোক ভাই ব্লুটুথ টা আমার কাছে অনেকটাই ভালো লাগছে.,product_quality_positive
1168,55092230196758,"Daraz theke ai AirPods order korechilam, product ta onek valo. Exactly ja expect korechilam, seta i peyechi. Sound quality valo , Battery backup o valo. Delivery time moto peyechi & packaging safe chilo. Overall onek satisfied, thanks seller vaiya !""🥰🥰🥰","Daraz theke ai AirPods order korechilam, product ta onek valo. Exactly ja expect korechilam, seta i peyechi. Sound quality valo , Battery backup o valo. Delivery time moto peyechi packaging safe chilo. Overall onek satisfied, thanks seller vaiya !"".",delivery_positive#packaging_positive#product_quality_positive
1169,54248201996758,"সেরা একটা এয়ার পডস এই বাজেটে। চার্জ ব্যাক আপ (মোর দ্যান এনাফ), সাউন্ড কোয়ালিটি টপ নচ (দাম হিসেবে)। 💯","সেরা একটা এয়ার পডস এই বাজেটে চার্জ ব্যাক আপ মোর দ্যান এনাফ , সাউন্ড কোয়ালিটি টপ নচ দাম হিসেবে.",price_positive#product_quality_positive
1170,55052609796758,আলহামদুলিল্লাহ প্রডাক্ট অনেক ভালো পাইছি সেলার ভাইয়া টা অনেক ভালো মেসেজ করছিলাম রিপ্লাই দিছে ধন্যবাদ। চাইলে আপনারও নিতে পারে জিনিস ভালো,আলহামদুলিল্লাহ প্রডাক্ট অনেক ভালো পাইছি সেলার ভাইয়া টা অনেক ভালো মেসেজ করছিলাম রিপ্লাই দিছে ধন্যবাদ চাইলে আপনারও নিতে পারে জিনিস ভালো.,seller_service_positive#product_quality_positive
1171,55099438496758,"Overall sound quality or popup notification all ok but,
Ear sensor kaaj kore na, pause, volume up and down or even next o kaaj kore na. Rendomly hotat kaaj kore majhe majhe. And box seal open chilo. And repair history show kortase, amr agr airpod em kisui chilo na. Anc or other option nai (its ok) but kaaj chalanor moto. But aro better expectations chilo. Basic jinis gula atleast kaaj korbe","Overall sound quality or popup notification all ok but, Ear sensor kaaj kore na, pause, volume up and down or even next o kaaj kore na. Rendomly hotat kaaj kore majhe majhe. And box seal open chilo. And repair history show kortase, amr agr airpod em kisui chilo na. Anc or other option nai its ok but kaaj chalanor moto. But aro better expectations chilo. Basic jinis gula atleast kaaj korbe.",product_quality_neutral
1172,54276298796758,"প্রোডাক্ট বেশ কোয়ালিটি ফুল আছে 
চাইলে সবাই নিতে পারেন 
ধন্যবাদ সেলারকে 
ব্যাটারি ব্যাকআপ বেশ ভালো",প্রোডাক্ট বেশ কোয়ালিটি ফুল আছে চাইলে সবাই নিতে পারেন ধন্যবাদ সেলারকে ব্যাটারি ব্যাকআপ বেশ ভালো.,product_quality_positive
1173,54445898996758,এই পড়েছি চয়েজের তালিকায় রাখতে পারেন আপনারা প্রোডাক্টটি আমি ব্যবহার করেছি সব মিলিয়ে ভালোই,এই পড়েছি চয়েজের তালিকায় রাখতে পারেন আপনারা প্রোডাক্টটি আমি ব্যবহার করেছি সব মিলিয়ে ভালোই.,product_quality_positive
1174,54078448396758,এক কথায় অসাধারণ এই দামে সেরা জিনিস I'm Very satisfied  আর সেলার ও ভালো.... সবাই নিতে পারেন,এক কথায় অসাধারণ এই দামে সেরা জিনিস I'm Very satisfied আর সেলার ও ভালো.. সবাই নিতে পারেন.,seller_service_positive#product_quality_positive
1175,55099665496758,আলহামদুলিল্লাহ মাল ভালই সবাই নিতে পারেন কোন ধরনের সমস্যা নেই চোখ বন্ধ করে নিতে পারেন 🥰❓❓,আলহামদুলিল্লাহ মাল ভালই সবাই নিতে পারেন কোন ধরনের সমস্যা নেই চোখ বন্ধ করে নিতে পারেন.,product_quality_positive
1176,54600744596758,price onujai E best ❤️.sound quality onk vhalo.. charge tahke onkkhon....❤️thanks a lot.,price onujai E best .sound quality onk vhalo.. charge tahke onkkhon.. thanks a lot.,price_positive#product_quality_positive
1177,54093960996758,"আলহামদুলিল্লাহ সবদিক থেকেই ভালছিল, সাউন্ড কোয়ালিটি ও মুটামুটি ঠিক আছে, দাম অনুযায়ী। 🥰❤️","আলহামদুলিল্লাহ সবদিক থেকেই ভালছিল, সাউন্ড কোয়ালিটি ও মুটামুটি ঠিক আছে, দাম অনুযায়ী.",price_neutral#product_quality_positive
1178,54105061796758,product ta overall onek Bhalo but jokhon e kaan e di tokhon onek loud EKTA sound Hoi,product ta overall onek Bhalo but jokhon e kaan e di tokhon onek loud EKTA sound Hoi.,product_quality_positive
1179,54597843196758,"আলহামদুলিল্লাহ অনেক ভালো একটি প্রোডাক্ট।
সাউন্ড কোয়ালিটি ১০০/১০০
দেখতেও অনেক সুন্দর।",আলহামদুলিল্লাহ অনেক ভালো একটি প্রোডাক্ট সাউন্ড কোয়ালিটি ১০০ ১০০ দেখতেও অনেক সুন্দর.,product_quality_positive
1180,54349545796758,onek valo peyesi. sound quality o onek sundor. khub ai balo chaile sobai niye paren,onek valo peyesi. sound quality o onek sundor. khub ai balo chaile sobai niye paren.,product_quality_positive
1181,54623963096758,"ভাই কেও নিতে চাইলে নিতে পারেন খুব ভালো 
একবার চার্য করে আমি ৫ ঘন্টা ব্যাবহার করেছি",ভাই কেও নিতে চাইলে নিতে পারেন খুব ভালো একবার চার্য করে আমি ৫ ঘন্টা ব্যাবহার করেছি.,product_quality_positive
1182,54815276296758,আমার কাছে প্রোডাক্ট টা সেই ভালো লাগছে। কপি হলেও ভালো আছে। আপনারা চাইলে নিতে পারেন।,আমার কাছে প্রোডাক্ট টা সেই ভালো লাগছে কপি হলেও ভালো আছে আপনারা চাইলে নিতে পারেন.,product_quality_positive
1183,54078551396758,"Airpods টা অনেক সুন্দর 
৩-৪ ঘন্টা চার্জ থাকে 
প্রোডাক্টি অনেক ভাল ধন্যবাদ সেলারকে",Airpods টা অনেক সুন্দর ৩-৪ ঘন্টা চার্জ থাকে প্রোডাক্টি অনেক ভাল ধন্যবাদ সেলারকে.,product_quality_positive
1184,54981924896758,Price onojai best ei diye 2 tah nilam first white second black colour nilam ❤️‍🩹,Price onojai best ei diye 2 tah nilam first white second black colour nilam.,price_positive#product_quality_positive
1185,54904307496758,"একদম পারফেক্ট।

সেলার ভাইকে অনেক ধন্যবাদ।

কথা এবং কাজ দুটোই ঠিক রাখার জন্য। ❤️",একদম পারফেক্ট সেলার ভাইকে অনেক ধন্যবাদ কথা এবং কাজ দুটোই ঠিক রাখার জন্য.,product_quality_positive
1186,54825674196758,onk baje product sound quality vlo tobe buds theke charge ney na bithore luha,onk baje product sound quality vlo tobe buds theke charge ney na bithore luha.,product_quality_negative
1187,54141319296758,Perfectly peyechi. Full on fresh conditioned and work properly as I expected.,Perfectly peyechi. Full on fresh conditioned and work properly as I expected.,product_quality_positive
1188,53881912196758,আলহামদুলিল্লাহ খুব ভালো আপনারা চাইলে নিতে পারেন ব্যবহার করার পর রিভিউ দিলাম ।,আলহামদুলিল্লাহ খুব ভালো আপনারা চাইলে নিতে পারেন ব্যবহার করার পর রিভিউ দিলাম.,product_quality_positive
1189,54360479096758,"product ti khub i valo caile sobai nite paren asa kori hotas hoben na keo ,","product ti khub i valo caile sobai nite paren asa kori hotas hoben na keo ,.",product_quality_positive
1190,54158732096758,"প্রডাক্ট কোয়ালিটি অনেক ভালো এই দামের মধ্যে সেরা 
সেলার ভাই ও খুব আন্তরিক।",প্রডাক্ট কোয়ালিটি অনেক ভালো এই দামের মধ্যে সেরা সেলার ভাই ও খুব আন্তরিক.,seller_service_positive#price_positive#product_quality_positive
1191,55050624296758,"সেলার কে ধন্যবাদ। 
বুঝিয়ে  বলার জন্য। 

সবাই নিতে পারেন।
প্রডাক্টটা ভালো।",সেলার কে ধন্যবাদ বুঝিয়ে বলার জন্য সবাই নিতে পারেন প্রডাক্টটা ভালো.,product_quality_positive
1192,54946963396758,Alhamdulillah valo orginial chaile nite paren but iporer cap ta onek norom,Alhamdulillah valo orginial chaile nite paren but iporer cap ta onek norom.,product_quality_positive
1193,54985015096758,মোটামুটি খারাপ না কিন্তু বক্স খোলা ছিলো এই কার কি সেই টা বুঝতে পারলাম না,মোটামুটি খারাপ না কিন্তু বক্স খোলা ছিলো এই কার কি সেই টা বুঝতে পারলাম না.,product_quality_neutral
1194,54075591396758,sera mal  500 takay💚 charge back er kotha r nai bollam onk time chole💚,sera mal 500 takay charge back er kotha r nai bollam onk time chole.,price_positive#product_quality_positive
1195,54347283896758,বিল্ড কোয়ালিটি থেকে শুরু করে সাউন্ড কোয়ালিটি দাম হিসেবে যথেষ্ট ভালো ।,বিল্ড কোয়ালিটি থেকে শুরু করে সাউন্ড কোয়ালিটি দাম হিসেবে যথেষ্ট ভালো.,price_positive#product_quality_positive
1196,53877418696758,অল্প দামে প্রোডাক্টটা অনেক ভালো ছিল যারা যারা নিচে চান তারা নিতে পারেন,অল্প দামে প্রোডাক্টটা অনেক ভালো ছিল যারা যারা নিচে চান তারা নিতে পারেন.,price_positive#product_quality_positive
1197,54485544696758,"ভালোই কাজ করে
কিন্তু গেম খেলার সময় সাউন্ড দুই থেকে তিন সেকেন্ড পরে আসে",ভালোই কাজ করে কিন্তু গেম খেলার সময় সাউন্ড দুই থেকে তিন সেকেন্ড পরে আসে.,product_quality_positive
1198,53988694996758,"এক কথায় এই বাজেটে অসাধারণ একটা এয়ারপডস 
আপনারা যে কেউ চাইলে নিতে পারেন",এক কথায় এই বাজেটে অসাধারণ একটা এয়ারপডস আপনারা যে কেউ চাইলে নিতে পারেন.,price_positive#product_quality_positive
1199,53997056196758,"khub sunder ekta product 🖤
sellr vaiyar bebohar tao khub valo chilo.",khub sunder ekta product sellr vaiyar bebohar tao khub valo chilo.,seller_service_positive#product_quality_positive
1200,54522668796758,এটা খুব ভালো সবাই নিতে পারেন ধন্যবাদ ছবি ছিলোনা রিভিউ দেওয়ার সময়,এটা খুব ভালো সবাই নিতে পারেন ধন্যবাদ ছবি ছিলোনা রিভিউ দেওয়ার সময়.,product_quality_positive
1201,53655630596758,"দাম অনুযায়ী প্রোডাক্টটা ভালো ছিলো।  
সাউন্ড কোয়ালিটিও ভালো। 👍",দাম অনুযায়ী প্রোডাক্টটা ভালো ছিলো সাউন্ড কোয়ালিটিও ভালো.,price_positive#product_quality_positive
1202,54788723796758,আলহামদুলিল্লাহ প্রোডাক্টটি  হাতে পেয়েছি । সাউন্ড কোয়ালিটিও ভালো।,আলহামদুলিল্লাহ প্রোডাক্টটি হাতে পেয়েছি সাউন্ড কোয়ালিটিও ভালো.,product_quality_positive
1203,53909600596758,দাম হিসেবে কোয়ালিটি মোটামুটি ঠিক আছে+selar এর ব্যাবহারো অনেক ভালো,দাম হিসেবে কোয়ালিটি মোটামুটি ঠিক আছে selar এর ব্যাবহারো অনেক ভালো.,seller_service_positive#price_neutral#product_quality_neutral
1204,54839726996758,Black Color ta Amar Onek Pochondo Hoyeche..  R Base o Thik ache..,Black Color ta Amar Onek Pochondo Hoyeche.. R Base o Thik ache..,product_quality_positive
1205,53666790496758,খুব ভালো তাড়াতাড়ি অর্ডার টা পেয়েছি সাউন্ড কোয়ালিটি খুব ভালো,খুব ভালো তাড়াতাড়ি অর্ডার টা পেয়েছি সাউন্ড কোয়ালিটি খুব ভালো.,delivery_positive#product_quality_positive
1206,54840108596758,অনেকদিন ব্যবহার করার পর রিভিউ দিলাম। প্রডাক্ট কোয়ালিটি ভালো আছে।,অনেকদিন ব্যবহার করার পর রিভিউ দিলাম প্রডাক্ট কোয়ালিটি ভালো আছে.,product_quality_positive
1207,54210641596758,"আলহামদুলিল্লাহ  খুব ভালো প্রোডাক্ট সবাই নিতে পারেন
নিঃসন্দেহে",আলহামদুলিল্লাহ খুব ভালো প্রোডাক্ট সবাই নিতে পারেন নিঃসন্দেহে.,product_quality_positive
1208,54259204696758,"ওপেন বক্স ছিলো, প্রডাক্ট ভালো ছিলো। সাউন্ড কোয়ালিটি অনেক ভালো।","ওপেন বক্স ছিলো, প্রডাক্ট ভালো ছিলো সাউন্ড কোয়ালিটি অনেক ভালো.",product_quality_positive
1209,54719622396758,"Product ta valoi porse.Sound quality o onk Valo
Satisfied 👍",Product ta valoi porse.Sound quality o onk Valo Satisfied.,product_quality_positive
1210,54513153396758,"দামের মধ্যে প্রোডাক্টটি অনেক ভালো ,, আপনারা সকলে নিতে পারেন","দামের মধ্যে প্রোডাক্টটি অনেক ভালো ,, আপনারা সকলে নিতে পারেন.",price_positive#product_quality_positive
1211,54907705296758,আমি যে পণ্য টা চাইছিলাম তা ঠিক ঠাক পেয়ে অনেক খুশি হলাম...,আমি যে পণ্য টা চাইছিলাম তা ঠিক ঠাক পেয়ে অনেক খুশি হলাম..,product_quality_positive
1212,53872351496758,আলহামদুলিল্লাহ প্রোডাক্ট টি খুবই ভালো আপনারা নিতে পারেন,আলহামদুলিল্লাহ প্রোডাক্ট টি খুবই ভালো আপনারা নিতে পারেন.,product_quality_positive
1213,54167246596758,Alhamdulillah onk sundor akta airpods.Sobai nite paren.,Alhamdulillah onk sundor akta airpods.Sobai nite paren.,product_quality_positive
1214,54769777796758,"হাতে নিলে একটা প্রিমিয়াম Feel আসে, Sound quality দারুন","হাতে নিলে একটা প্রিমিয়াম Feel আসে, Sound quality দারুন.",product_quality_positive
1215,54117557796758,alhamdulillah shob valo paisi r charge Backup tai valo,alhamdulillah shob valo paisi r charge Backup tai valo.,product_quality_positive
1216,54433384496758,quality Valo.. sound o Valo. akhn use kore dekhi kmn,quality Valo.. sound o Valo. akhn use kore dekhi kmn.,product_quality_positive
1217,54112186596758,আলহামদুলিল্লাহ ভালো পেয়েছি।আপনারা চাইলে কিনতে পারেন।,আলহামদুলিল্লাহ ভালো পেয়েছি আপনারা চাইলে কিনতে পারেন.,product_quality_positive
1218,54374692696758,জিনিস টা অনেক সুন্দর ছিলো সাউন্ড কলেটিই ভালো 🥰❤️‍🩹,জিনিস টা অনেক সুন্দর ছিলো সাউন্ড কলেটিই ভালো.,product_quality_positive
1219,53922169996758,"আলহামদুলিল্লাহ, অনেক সুন্দর,সবাই অর্ডার করতে পারেন।","আলহামদুলিল্লাহ, অনেক সুন্দর,সবাই অর্ডার করতে পারেন.",product_quality_positive
1220,54719719196758,বুলুতুত টা আজকে হাতে পাইলাম এই জিনিস টা অনেক ভালো,বুলুতুত টা আজকে হাতে পাইলাম এই জিনিস টা অনেক ভালো.,product_quality_positive
1221,54179624596758,"dam onu jai best ekta product,ek kothay satisfied","dam onu jai best ekta product,ek kothay satisfied.",price_positive#product_quality_positive
1222,54368161596758,প্রোডাক্টের কোয়ালিটি অনুযায়ী দাম ঠিক আছে। ভালোই,প্রোডাক্টের কোয়ালিটি অনুযায়ী দাম ঠিক আছে ভালোই.,price_positive#product_quality_positive
1223,53941746596758,"দাম হিসেবে কোয়ালিটি ঠিক আছে,আপনারা নিতে পারেন,","দাম হিসেবে কোয়ালিটি ঠিক আছে,আপনারা নিতে পারেন,.",price_positive#product_quality_positive
1224,54370109396758,"Khubi bhalo products,  Thanks to Daraza Sellar","Khubi bhalo products, Thanks to Daraza Sellar.",product_quality_positive
1225,54110101996758,Alhamdulillah valo paichi vai...Thanks you vai,Alhamdulillah valo paichi vai..Thanks you vai.,product_quality_positive
1226,55116964096758,"product ta  good,,  amar darun choose hoyese","product ta good,, amar darun choose hoyese.",product_quality_positive
1227,54190070696758,আজকে হাতে পেলাম সাউন্ড কোয়ালিটি অনেক ভালো,আজকে হাতে পেলাম সাউন্ড কোয়ালিটি অনেক ভালো.,product_quality_positive
1228,54971909896758,ইনশাল্লাহ এই এয়ার পাঁচটা অনেক সুন্দর 😊😊,ইনশাল্লাহ এই এয়ার পাঁচটা অনেক সুন্দর.,product_quality_positive
1229,53883239096758,কম দামের মাল হিসেবে প্রোডাক্টটা খারাপ না,কম দামের মাল হিসেবে প্রোডাক্টটা খারাপ না.,price_positive#product_quality_positive
1230,53864949096758,"ভালো মানের ছিলো, আপনারা চাইলে নিতে পারেন","ভালো মানের ছিলো, আপনারা চাইলে নিতে পারেন.",product_quality_positive
1231,54782834796758,যেমন দেখেছি তেমন পাইছি। ভালো একটা জিনিস।,যেমন দেখেছি তেমন পাইছি ভালো একটা জিনিস.,product_quality_positive
1232,54984502796758,খুব ভালো এটা জিনিস সবাই নিতে পারেন ❤️‍🩹,খুব ভালো এটা জিনিস সবাই নিতে পারেন.,product_quality_positive
1233,54387752996758,ami eita kinsi valo porse onek kom daam,ami eita kinsi valo porse onek kom daam.,price_positive#product_quality_positive
1234,54481064196758,chi ekto k valo na 1 gonta back up pai🤢,chi ekto k valo na 1 gonta back up pai.,product_quality_negative
1235,54666336896758,Dan kaner sounds Valo na kete kete ase,Dan kaner sounds Valo na kete kete ase.,product_quality_negative
1236,54791771896758,ভালো একটা প্রোডাক্ট সবাই নিতে পারেন৷,ভালো একটা প্রোডাক্ট সবাই নিতে পারেন৷.,product_quality_positive
1237,54251152496758,৫০০ টাকা অনুযায়ী পন্যটি অনেক ভালো🥰❤️,৫০০ টাকা অনুযায়ী পন্যটি অনেক ভালো.,price_positive#product_quality_positive
1238,54575397796758,Mal Tah 100te 1000  sobai dite paren,Mal Tah 100te 100 sobai dite paren.,product_quality_positive
1239,53908786196758,দাম হিসেবে কোয়ালিটি মোটামুটি ঠিক আছে,দাম হিসেবে কোয়ালিটি মোটামুটি ঠিক আছে.,price_neutral#product_quality_neutral
1240,54693698796758,Osthir sound+sound quality o osthir,Osthir sound sound quality o osthir.,product_quality_positive
1241,54447650496758,"দাম অনুযায়ী ঠিক আছে, ভালোই ছিলো..! ✨","দাম অনুযায়ী ঠিক আছে, ভালোই ছিলো..!",price_positive#product_quality_positive
1242,53742806296758,এক কথায় অসাধারণ। ধন্যবাদ সেলার কে।,এক কথায় অসাধারণ ধন্যবাদ সেলার কে.,product_quality_positive
1243,54345624796758,ভাইয়া কেউ নিবেন না চার্জ টিকেনা।,ভাইয়া কেউ নিবেন না চার্জ টিকেনা.,product_quality_negative
1244,54195444496758,অনেক ভালো লেগেছে আমি তিনটি নিয়েছে,অনেক ভালো লেগেছে আমি তিনটি নিয়েছে.,product_quality_positive
1245,54635840596758,জিনিসটা আসলে ভালো সবাই নিতে পারে,জিনিসটা আসলে ভালো সবাই নিতে পারে.,product_quality_positive
1246,53981709796758,আলহামদুলিল্লাহ এই দাম বেস্ট অফার,আলহামদুলিল্লাহ এই দাম বেস্ট অফার.,price_positive#product_quality_positive
1247,54379482896758,আমি কোয়ালিটি অনেক ভালো পাই ছি,আমি কোয়ালিটি অনেক ভালো পাই ছি.,product_quality_positive
1248,53654688896758,ভালো একটা প্রোডাক্ট মনে হচ্ছে,ভালো একটা প্রোডাক্ট মনে হচ্ছে.,product_quality_positive
1249,54786172196758,25 din use kore valoi laglo,25 din use kore valoi laglo.,product_quality_positive
1250,54450536396758,"Masha Allah , onek vhalo quality r' air bud s' . amr mote dam onojayi best akta air bud s' . changing beak up o onek vhalo . ar seller er response o onek vhalo. low price e air bud s' nite chaile aita best Hobe. Without any worries  apnara ata nite paren 🫀🫂","Masha Allah , onek vhalo quality r' air bud s' . amr mote dam onojayi best akta air bud s' . changing beak up o onek vhalo . ar seller er response o onek vhalo. low price e air bud s' nite chaile aita best Hobe. Without any worries apnara ata nite paren.",seller_service_positive#price_positive#product_quality_positive
1251,53949396096758,"1 week er moto use kore review dicchi. Product er looks khubi sundor, ekdom original product er moto. 
Sound quality motamoti bhalo. Just ek side er volume ektu beshi, arek side er cheye. Kintu mojar bepar kichudin use er por eta ar hoyna (i don't know why)

Battery backup osthir. Ami 2 hr er moto workout kori, tao charge matro 20% er moto jay. No complains from battery.  

Arekta mojar bepar, waterproof oivabe seller na bolleo, ami shower e use korchi, kono somossa hoyna. Jodi sound ektu kome jay, then oita shukhaite dilei hobe, just pani beshikkhon na lagaile hobe. 

Open sound, charging sound etc details gula dewar karone onk satisfying lage. In total sobkichu onek premium and satisfying ekta user experience provide kore. 

Seller's response onek valo. kono question korle timely reply dey, and delivery pawar por call dey feedback jante.

Thank you!","1 week er moto use kore review dicchi. Product er looks khubi sundor, ekdom original product er moto. Sound quality motamoti bhalo. Just ek side er volume ektu beshi, arek side er cheye. Kintu mojar bepar kichudin use er por eta ar hoyna i don't know why Battery backup osthir. Ami 2 hr er moto workout kori, tao charge matro 20 er moto jay. No complains from battery. Arekta mojar bepar, waterproof oivabe seller na bolleo, ami shower e use korchi, kono somossa hoyna. Jodi sound ektu kome jay, then oita shukhaite dilei hobe, just pani beshikkhon na lagaile hobe. Open sound, charging sound etc details gula dewar karone onk satisfying lage. In total sobkichu onek premium and satisfying ekta user experience provide kore. Seller's response onek valo. kono question korle timely reply dey, and delivery pawar por call dey feedback jante. Thank you!",seller_service_positive#product_quality_positive
1252,54310489896758,"ভাই আমি ১ মাস পরে Review দিছি এটার মতো ফালতু ইয়ারফুন আর দেখি নাই একটা বাজলে আরেক টা বাজে না আবার হঠাৎ দুটা ই বন্ধ হয়ে যায় কি বলব এতো ফালতু, কিনে বড় একটা বাঁশ খাইছি দারাজ টাই একা ফালতু বস্তি 👎","ভাই আমি ১ মাস পরে Review দিছি এটার মতো ফালতু ইয়ারফুন আর দেখি নাই একটা বাজলে আরেক টা বাজে না আবার হঠাৎ দুটা ই বন্ধ হয়ে যায় কি বলব এতো ফালতু, কিনে বড় একটা বাঁশ খাইছি দারাজ টাই একা ফালতু বস্তি.",product_quality_negative
1253,54546555296758,যেমনটা চেয়েছি তেমনটাই পেয়েছি প্রোডাক্ট টা খুবই ভালো অনেক সুন্দর সাউন্ড চার্জও ভালো যায় আমার কাছে খুবই ভালো লেগেছে কেউ যদি নিতে চান তাহলে নিতে পারেন,যেমনটা চেয়েছি তেমনটাই পেয়েছি প্রোডাক্ট টা খুবই ভালো অনেক সুন্দর সাউন্ড চার্জও ভালো যায় আমার কাছে খুবই ভালো লেগেছে কেউ যদি নিতে চান তাহলে নিতে পারেন.,product_quality_positive
1254,55044473496758,"এয়ারপোর্ট খুবই ভালো, এয়ারপোর্টস টা খুবই লাইট ওয়েট ব্যাক আপ টাইম পাঁচ থেকে ছয় ঘন্টা দেয়, প্রোডাক্টটা আসলেই খুবই জোশ।","এয়ারপোর্ট খুবই ভালো, এয়ারপোর্টস টা খুবই লাইট ওয়েট ব্যাক আপ টাইম পাঁচ থেকে ছয় ঘন্টা দেয়, প্রোডাক্টটা আসলেই খুবই জোশ.",product_quality_positive
1255,54353172496758,"vai ai dam a ato sundor product

aita mane blv korar moto na

ai dam a er theke besi pawya impossible

build quality o xoss

ak kothai অসাধারণ

ai takai ja disse 1k diao amn output pawya jabe na❤",vai ai dam a ato sundor product aita mane blv korar moto na ai dam a er theke besi pawya impossible build quality o xoss ak kothai অসাধারণ ai takai ja disse 1k diao amn output pawya jabe na.,price_positive#product_quality_positive
1256,54921213796758,"alhamdulillah airpod ta onik valo + sound quality fr better I expect. Another thing I really liked is the seller's service is very good, after delivery he called me to ask if the product was okay. Thanks to the seller for providing a good product.","alhamdulillah airpod ta onik valo sound quality fr better I expect. Another thing I really liked is the seller's service is very good, after delivery he called me to ask if the product was okay. Thanks to the seller for providing a good product.",seller_service_positive#product_quality_positive
1257,55043195696758,আলহামদুলিল্লাহ ১ দিন পর রিভিউ দিচ্ছি। সব কিছু ঠিক আছে ১০০% সন্তুষ্ট হলাম।তাছাড়া সেলারের রিসপন্স খুবই ভালো।এর পর যদি আবার কখনও এয়ারপড্স লাগে এটাই কিনবো।ছবি তুলতে পারি নাই তাই দিতে পারলাম না। কিছুদিন ব্যাবহার করার পরে ছবি তুলে আবার রিভিউ দিবো ✌️✌️❤️,আলহামদুলিল্লাহ ১ দিন পর রিভিউ দিচ্ছি সব কিছু ঠিক আছে ১০০ সন্তুষ্ট হলাম তাছাড়া সেলারের রিসপন্স খুবই ভালো এর পর যদি আবার কখনও এয়ারপড্স লাগে এটাই কিনবো ছবি তুলতে পারি নাই তাই দিতে পারলাম না কিছুদিন ব্যাবহার করার পরে ছবি তুলে আবার রিভিউ দিবো.,seller_service_positive#product_quality_positive
1258,54602234296758,আলহামদুলিল্লাহ খুব ভালো হয়েছে দাম অনুযায় এবং কি সেই লার এর ব্যবহার অনেক ভালো। চাইলে আপনার নিতে পারেন। 😲🙃🙃,আলহামদুলিল্লাহ খুব ভালো হয়েছে দাম অনুযায় এবং কি সেই লার এর ব্যবহার অনেক ভালো চাইলে আপনার নিতে পারেন.,seller_service_positive#price_positive#product_quality_positive
1259,54442861996758,"২ দিন ব্যবহার করেছিলাম, প্রোডাক্ট ভালোই আছে।
আপনার ব্যবসায়িক পদ্ধতিটি দারুন, আমি দারাজে অনেক saller থেকে প্রোডাক্ট কিনেছিলাম কিন্তুু আপনার মতো ইউনিক পদ্ধতিতে sale করতে আর কোনো saller কে দেখি নাই, ব্যবসা চালিয়ে জান অল্প সময়ের মধ্যে সফলতা আপনাকে ধরা দিবে ইনশাআল্লাহ।","২ দিন ব্যবহার করেছিলাম, প্রোডাক্ট ভালোই আছে আপনার ব্যবসায়িক পদ্ধতিটি দারুন, আমি দারাজে অনেক saller থেকে প্রোডাক্ট কিনেছিলাম কিন্তুু আপনার মতো ইউনিক পদ্ধতিতে sale করতে আর কোনো saller কে দেখি নাই, ব্যবসা চালিয়ে জান অল্প সময়ের মধ্যে সফলতা আপনাকে ধরা দিবে ইনশাআল্লাহ.",product_quality_positive
1260,54548096796758,purai matha nosto kora EKTA product.. smooth bass .. sob dik theke perfect and main Kotha hoise battery backup onk valo day ... price onujaiye product quality super 💯💥,purai matha nosto kora EKTA product.. smooth bass .. sob dik theke perfect and main Kotha hoise battery backup onk valo day .. price onujaiye product quality super.,price_positive#product_quality_positive
1261,53482656896758,product ti matro hate pelam . ar product er rapping o valo chilo.product quality just wow 5 * .  sobay chaile nite paren . seller o khuboi antorik ☺️,product ti matro hate pelam . ar product er rapping o valo chilo.product quality just wow 5 . sobay chaile nite paren . seller o khuboi antorik.,seller_service_positive#packaging_positive#product_quality_positive
1262,53954201096758,ধন্যবাদ দারাজ সত্যিই অনেক সুন্দর প্রোডাক্ট পেয়েছি খুবই স্মার্ট এট্রাক্টিভ এন্ড অথেন্টিক আপনারা চাইলে নিতে পারেন,ধন্যবাদ দারাজ সত্যিই অনেক সুন্দর প্রোডাক্ট পেয়েছি খুবই স্মার্ট এট্রাক্টিভ এন্ড অথেন্টিক আপনারা চাইলে নিতে পারেন.,product_quality_positive
1263,53779863096758,"একদম বাজে প্রোডাক্ট। 
আপনারা কেউ নিবেন না।

আমি নিয়েছি চার্জ হয়না। আবার পরের দিন থেকে কোনো লাইট সিগনাল আসেনা। উনারা পরে আরেকটা পাঠায় সেটা আরো খারাপ কোনো চার্জ হয় না, লাইট জ্বলেনা। একদমই বাজে প্রোডাক্ট। 
সেলার এখন আর রিপ্লে করছেনা।

আপনারা কেউ নিবেন না, সাতটা দিনও ব্যবহার করতে পারবেন না।","একদম বাজে প্রোডাক্ট আপনারা কেউ নিবেন না আমি নিয়েছি চার্জ হয়না আবার পরের দিন থেকে কোনো লাইট সিগনাল আসেনা উনারা পরে আরেকটা পাঠায় সেটা আরো খারাপ কোনো চার্জ হয় না, লাইট জ্বলেনা একদমই বাজে প্রোডাক্ট সেলার এখন আর রিপ্লে করছেনা আপনারা কেউ নিবেন না, সাতটা দিনও ব্যবহার করতে পারবেন না.",product_quality_negative
1264,53876317596758,"Apnara jara nite chan nite paren ata, ei takay khub e vhalo .gaan sone o aram pawa jay ,bass o bhalo
ami satisfied hoye pore r ekta order korechi abar.
so apnara chaile nite paren.Good products","Apnara jara nite chan nite paren ata, ei takay khub e vhalo .gaan sone o aram pawa jay ,bass o bhalo ami satisfied hoye pore r ekta order korechi abar. so apnara chaile nite paren.Good products.",price_positive#product_quality_positive
1265,54832838396758,"ওভার অল প্রাইস হিসেবে।  সাউন্ড কোয়ালিটি চার্জ সবকিছু ঠিক আছে।
প্রোডাক্টটা ভালো। যেমন দেখাইছে তেমনি পাইছি।
সকল অনলাইন বিজনেসম্যান এমনই হওয়া উচিত।
কোন প্রবলেম পাইনি।",ওভার অল প্রাইস হিসেবে সাউন্ড কোয়ালিটি চার্জ সবকিছু ঠিক আছে প্রোডাক্টটা ভালো যেমন দেখাইছে তেমনি পাইছি সকল অনলাইন বিজনেসম্যান এমনই হওয়া উচিত কোন প্রবলেম পাইনি.,price_positive#product_quality_positive
1266,55028902796758,"kom price e best ekta AirPods. 2din er moddhe  delivery peyechi. seller vaiyar behaviour onek valo. 
Recommended it. er theke kom price eo onk AirPods pawa jay kintu segulo tike na",kom price e best ekta AirPods. 2din er moddhe delivery peyechi. seller vaiyar behaviour onek valo. Recommended it. er theke kom price eo onk AirPods pawa jay kintu segulo tike na.,seller_service_positive#delivery_positive#price_positive#product_quality_positive
1267,53899422896758,"প্রোডাক্ট এর কোয়ালিটি দাম অনুযায়ী অনেক ভালো। একদিন ব্যবহার করে তারপরে রিভিউ দিচ্ছি। এই দামে আমার ইউজ করা সেরা এয়ারপড এটি। খুব দ্রুত ডেলিভারি পেয়েছি, সেলার এর ব্যবহার এবং রেসপন্স দুটোই খুব ভালো লেগেছে।","প্রোডাক্ট এর কোয়ালিটি দাম অনুযায়ী অনেক ভালো একদিন ব্যবহার করে তারপরে রিভিউ দিচ্ছি এই দামে আমার ইউজ করা সেরা এয়ারপড এটি খুব দ্রুত ডেলিভারি পেয়েছি, সেলার এর ব্যবহার এবং রেসপন্স দুটোই খুব ভালো লেগেছে.",seller_service_positive#delivery_positive#price_positive#product_quality_positive
1268,54195767996758,"আলহামদুলিল্লাহ  খুব ভালো একটা প্রোডাক্ট পেয়েছি। 
আপনারাও চাইলে নিতে পারেন।সাউন্ড কোয়ালিটি অনেক ভাল এবং   চার্জিং ব্যাকআপ অনেক ভালো দেই।",আলহামদুলিল্লাহ খুব ভালো একটা প্রোডাক্ট পেয়েছি আপনারাও চাইলে নিতে পারেন সাউন্ড কোয়ালিটি অনেক ভাল এবং চার্জিং ব্যাকআপ অনেক ভালো দেই.,product_quality_positive
1269,54322971096758,প্রোডাক্ট ভালো পেয়েছি। মেড ইন দুবাই ই লিখা ছিল। সেলার খুব আন্তরিক ছিল। গতকাল অর্ডার করে আজকেই পেয়েছি।,প্রোডাক্ট ভালো পেয়েছি মেড ইন দুবাই ই লিখা ছিল সেলার খুব আন্তরিক ছিল গতকাল অর্ডার করে আজকেই পেয়েছি.,seller_service_positive#delivery_positive#product_quality_positive
1270,54125415196758,ai dame products onk valo silo....sob theke valo lagse seller response 🌸✨...100% recommended products,ai dame products onk valo silo..sob theke valo lagse seller response ..100 recommended products.,seller_service_positive#price_positive#product_quality_positive
1271,54520656796758,"Onk valo maner airpds,  valo,  sate carger o valo,  sob milaiya onk valo porse.  and delivery 2dine er betor coila acce drz o sellar vai k donnobad, pudact paiso kina seller call diya koj o nise..  tnx draz,  tnx.","Onk valo maner airpds, valo, sate carger o valo, sob milaiya onk valo porse. and delivery 2dine er betor coila acce drz o sellar vai k donnobad, pudact paiso kina seller call diya koj o nise.. tnx draz, tnx.",delivery_positive#product_quality_positive
1272,54625460996758,"আলহামদুলিল্লাহ পণ্য হাতে পেয়েছি দেখে ভালোই মনে হয়েছে,,, বাকিটা ব্যবহার করার পর বলতে পারব,,,,ডেলিভারিম্যান অনেক ভালো ছিল,,,ধন্যবাদ দারাজ।","আলহামদুলিল্লাহ পণ্য হাতে পেয়েছি দেখে ভালোই মনে হয়েছে,, বাকিটা ব্যবহার করার পর বলতে পারব,,ডেলিভারিম্যান অনেক ভালো ছিল,,ধন্যবাদ দারাজ.",delivery_positive#product_quality_positive
1273,54387884696758,airpods ta ak kothay joss..quality ta r sound o onek valo..product 10 a 10 r onara ata check kore tar por dise amare...selar vaiya tar bebohar o onek valo cilo..ato kom price a valo akta jinis..delevery o fast cilo..apnara caile nite paren..asa kori apnarao thokben na...ami daraz theke kokhonoi kinakata kore hotas hoi nai🥰🥰,airpods ta ak kothay joss..quality ta r sound o onek valo..product 10 a 10 r onara ata check kore tar por dise amare..selar vaiya tar bebohar o onek valo cilo..ato kom price a valo akta jinis..delevery o fast cilo..apnara caile nite paren..asa kori apnarao thokben na..ami daraz theke kokhonoi kinakata kore hotas hoi nai.,seller_service_positive#delivery_positive#price_positive#product_quality_positive
1274,54068245196758,"অসাধারন প্রডাক্ট, ২ দিন ব্যাবহারের পরে রিভিউ দিচ্ছি 
একটানা তিন ঘন্টা মুভি দেখার পরে চার্জ ৩০% হয়েছে।

তবে হ্যা, কপি প্রডাক্ট, তাই ওয়্যারলেস চার্জিং ফিচার সাপোর্ট করে না।
তাছাড়া এই দামে আলহামদুলিল্লাহ।","অসাধারন প্রডাক্ট, ২ দিন ব্যাবহারের পরে রিভিউ দিচ্ছি একটানা তিন ঘন্টা মুভি দেখার পরে চার্জ ৩০ হয়েছে তবে হ্যা, কপি প্রডাক্ট, তাই ওয়্যারলেস চার্জিং ফিচার সাপোর্ট করে না তাছাড়া এই দামে আলহামদুলিল্লাহ.",price_positive#product_quality_positive
1275,53963619696758,"খুবই সুন্দর প্রোডাক্ট l আপনারা চাইলে নিতে পারেন
 ৫০০ টাকা এর চেয়ে ভালো প্রোডাক্ট আপনাকে পাবেন না",খুবই সুন্দর প্রোডাক্ট l আপনারা চাইলে নিতে পারেন ৫০০ টাকা এর চেয়ে ভালো প্রোডাক্ট আপনাকে পাবেন না.,price_positive#product_quality_positive
1276,53656985196758,খুব ভালো মানের একটা প্রোডাক্ট। আমি পাঁচ দিন ধরে ব্যবহার করতেছি। তিন ঘণ্টার বেশি সময় ধরে চার্জ থাকে। আপনারাও mmm telecom  থেকে নিতে পারেন।,খুব ভালো মানের একটা প্রোডাক্ট আমি পাঁচ দিন ধরে ব্যবহার করতেছি তিন ঘণ্টার বেশি সময় ধরে চার্জ থাকে আপনারাও mm telecom থেকে নিতে পারেন.,product_quality_positive
1277,54324834396758,আলহামদুলিল্লাহ খুব । আমি দীর্ঘ 1 মাস পরে রিভিউ দিলাম।আগে ব্যবহার করলাম তারপর জানাইলাম। আপনারা চাইলে নিতে পারেন।ধন্যবাদ,আলহামদুলিল্লাহ খুব আমি দীর্ঘ 1 মাস পরে রিভিউ দিলাম আগে ব্যবহার করলাম তারপর জানাইলাম আপনারা চাইলে নিতে পারেন ধন্যবাদ.,product_quality_positive
1278,54627913696758,valo airpod according price....aj 2days holo use kortesi but akta prb hoy connection nite a chara sound quality A Class....highly recommend and seller response positively,valo airpod according price..aj 2days holo use kortesi but akta prb hoy connection nite a chara sound quality A Class..highly recommend and seller response positively.,seller_service_positive#price_positive#product_quality_positive
1279,54326448896758,"product ta Original 
amr khubi pocondo hoece
daraz theke ato vlo product pabo ta asa kori ni
amr khubi pocondo hoece",product ta Original amr khubi pocondo hoece daraz theke ato vlo product pabo ta asa kori ni amr khubi pocondo hoece.,product_quality_positive
1280,54503387196758,২ দিন ব্যবহার করে তারপর রিভিউ দিচ্ছি। হুম আসি আসল কথায় এই এয়ার বাটের দাম অনুযায়ী ভালো লেগেছে আমার কাছে। আপনারাও নিতে পারেন চক্ষু বন্ধ করে ✌️🙂,২ দিন ব্যবহার করে তারপর রিভিউ দিচ্ছি হুম আসি আসল কথায় এই এয়ার বাটের দাম অনুযায়ী ভালো লেগেছে আমার কাছে আপনারাও নিতে পারেন চক্ষু বন্ধ করে.,price_positive#product_quality_positive
1281,54596156796758,দ্বারাজ যে হেডফোন অর্ডার দিয়েছিলাম সেটি আমার কাছে পৌঁছে গেছে খুবই ভালো পূর্ণ ছিল আমি খুব স্বাচ্ছন্দা ব্যবহার করছি দারাজ কে  ধন্যবাদ,দ্বারাজ যে হেডফোন অর্ডার দিয়েছিলাম সেটি আমার কাছে পৌঁছে গেছে খুবই ভালো পূর্ণ ছিল আমি খুব স্বাচ্ছন্দা ব্যবহার করছি দারাজ কে ধন্যবাদ.,product_quality_positive
1282,54300633996758,"কাল ২  টা রিসিভ করছিলাম সব কিছু একদম ওকে ছিলো বক্সে মনে হয় চার্জ ছিলো তাই বেশি সময় লাগে নি চার্জ হতে,  এয়ারপডস গুলোর ফিনিশিং ভালো দেখে সস্তা মনে হয় না, সাউন্ড ও ক্লিয়ার কথা বলা যায় ভালোই, চার্জ মোটামুটি থাকে ১০০-৩০ আসতে ৩ ঘন্টা + টাইম লাগে, ২ টা কিনেছিলাম ঢাকার বাহিরে ৪৪৫৳ করে পরেছে এক একটা সব কিছু মিলিয়ে বেষ্ট 🌸 মজার কথা হলো আমি অগ্রিম পেমেন্ট করে দিছিলাম এবং সেলার অনেক ফাস্ট রেসপন্স করে মাএ ২৮ ঘন্টায় ডেলিভারি পেয়েছি 🙆‍♂️ Thanks","কাল ২ টা রিসিভ করছিলাম সব কিছু একদম ওকে ছিলো বক্সে মনে হয় চার্জ ছিলো তাই বেশি সময় লাগে নি চার্জ হতে, এয়ারপডস গুলোর ফিনিশিং ভালো দেখে সস্তা মনে হয় না, সাউন্ড ও ক্লিয়ার কথা বলা যায় ভালোই, চার্জ মোটামুটি থাকে ১০০-৩০ আসতে ৩ ঘন্টা টাইম লাগে, ২ টা কিনেছিলাম ঢাকার বাহিরে ৪৪৫৳ করে পরেছে এক একটা সব কিছু মিলিয়ে বেষ্ট মজার কথা হলো আমি অগ্রিম পেমেন্ট করে দিছিলাম এবং সেলার অনেক ফাস্ট রেসপন্স করে মাএ ২৮ ঘন্টায় ডেলিভারি পেয়েছি Thanks.",seller_service_positive#delivery_positive#product_quality_positive
1283,54702023396758,"অসাধারণ একটি এয়ারবাড্স। আপনারা অনায়েসে এই এয়ারবাড্সটি কিনতে পারেন।

সাউন্ড কোয়ালিটি বেশ ভালো। এছাড়া চার্জিং ব্যাকআপ  ও ৪/৫/৬) ঘন্টার মতো পাবেন।

৫০০/৬০০ টাকাই এটি বেস্ট পন্য।

আপনারা নিতে পারেন ঠকবেন না।",অসাধারণ একটি এয়ারবাড্স আপনারা অনায়েসে এই এয়ারবাড্সটি কিনতে পারেন সাউন্ড কোয়ালিটি বেশ ভালো এছাড়া চার্জিং ব্যাকআপ ও ৪ ৫ ৬ ঘন্টার মতো পাবেন ৫০০ ৬০০ টাকাই এটি বেস্ট পন্য আপনারা নিতে পারেন ঠকবেন না.,price_positive#product_quality_positive
1284,54646217196758,আলহামদুলিল্লাহ প্রোডাক্টটি অনেক ভালো যা আশা করছিলাম তার চেয়ে অনেক ভালো ভালো প্রোডাক্টটা দেওয়ার জন্য সেলার কে ধন্যবাদ,আলহামদুলিল্লাহ প্রোডাক্টটি অনেক ভালো যা আশা করছিলাম তার চেয়ে অনেক ভালো ভালো প্রোডাক্টটা দেওয়ার জন্য সেলার কে ধন্যবাদ.,product_quality_positive
1285,54896007296758,"prpduct ta onk valo. ami use korechi. use kore review dicchi.
sathe seller onk valo 
thank you so much.",prpduct ta onk valo. ami use korechi. use kore review dicchi. sathe seller onk valo thank you so much.,seller_service_positive#product_quality_positive
1286,54521101396758,"onk valo color ta o joss,  sound good,  and sei vai sei. apnara caile nite paren..  2 diner betore paisi besi late hoi nai.","onk valo color ta o joss, sound good, and sei vai sei. apnara caile nite paren.. 2 diner betore paisi besi late hoi nai.",delivery_positive#product_quality_positive
1287,54622395296758,আলহামদুলিল্লাহ প্রোডাক্টটি ভালো আছে। আমি যেমন আশা করেছি তেমনই পাইছি। এর সাউন্ড কোয়ালিটি ও ভালো আছে। সব মিলিয়ে আলহামদুলিল্লাহ এই টাকায় অনেক ভালো একটা প্রোডাক্ট।,আলহামদুলিল্লাহ প্রোডাক্টটি ভালো আছে আমি যেমন আশা করেছি তেমনই পাইছি এর সাউন্ড কোয়ালিটি ও ভালো আছে সব মিলিয়ে আলহামদুলিল্লাহ এই টাকায় অনেক ভালো একটা প্রোডাক্ট.,price_positive#product_quality_positive
1288,54233647096758,ভালো  প্রডাক্ট। ভালো সাউন্ড কোয়ালিটি।ব্যাটারি বেকাপ ভালো। এক সাথে দুইটা কানেক্ট করতে পারছি না।এইটা কি সমাধান একটু যানাবেন।,ভালো প্রডাক্ট ভালো সাউন্ড কোয়ালিটি ব্যাটারি বেকাপ ভালো এক সাথে দুইটা কানেক্ট করতে পারছি না এইটা কি সমাধান একটু যানাবেন.,product_quality_positive
1289,54062388296758,হেডফোনটা অনেক ভালো। ৫০০ টাকার মধ্যে অনেক ভালো একটি প্রোডাক্ট। সাউন্ড কোয়ালিটি অনেক সুন্দর। প্যাকিংটা অনেক সুন্দর। সেলারের ব্যবহার অনেক সুন্দর।🥰,হেডফোনটা অনেক ভালো ৫০০ টাকার মধ্যে অনেক ভালো একটি প্রোডাক্ট সাউন্ড কোয়ালিটি অনেক সুন্দর প্যাকিংটা অনেক সুন্দর সেলারের ব্যবহার অনেক সুন্দর.,seller_service_positive#packaging_positive#price_positive#product_quality_positive
1290,54212166796758,"এটা আমার কলিগের জন্য নিয়েছিলাম, তারা ফিডব্যাক দেওয়ার পর আমি ফিডব্যাক দিচ্ছি। দাম হিসেবে অনেক ভালো কোয়ালিটি। আপনারা নিতে পারেন।","এটা আমার কলিগের জন্য নিয়েছিলাম, তারা ফিডব্যাক দেওয়ার পর আমি ফিডব্যাক দিচ্ছি দাম হিসেবে অনেক ভালো কোয়ালিটি আপনারা নিতে পারেন.",price_positive#product_quality_positive
1291,53533130496758,"hate pailam,, use kortase,, besh valoi money hoilo,,air pot ta onek havey,, hatey nila buja jay,,bass,,sound quality parfect,,dam hisaba,,,evrthing ok,,,chailey nita paren,,ami 2 dina delivery paise,,,","hate pailam,, use kortase,, besh valoi money hoilo,,air pot ta onek havey,, hatey nila buja jay,,bass,,sound quality parfect,,dam hisaba,,evrthing ok,,chailey nita paren,,ami 2 dina delivery paise,,.",delivery_positive#product_quality_positive
1292,54291308496758,"প্রডাক্ট খুবই ভালো, চার্জ ব্যাকআপ অনেক ভালো, সাউন্ড কোয়ালিটি খুব ভালো, আগের দিন অর্ডার দিয়ে পরের দিন ডেলিভারি পেয়েছি ফাস্ট ডেলিভারি বলা যায়, সেলার অনেক আন্তরিক, আমি একসাথে দুই টা নিছি , আপনারা চাইলে নিঃসন্দেহে নিতে পারেন, ধন্যবাদ দারাজ ও সেলার কে, happy shopping","প্রডাক্ট খুবই ভালো, চার্জ ব্যাকআপ অনেক ভালো, সাউন্ড কোয়ালিটি খুব ভালো, আগের দিন অর্ডার দিয়ে পরের দিন ডেলিভারি পেয়েছি ফাস্ট ডেলিভারি বলা যায়, সেলার অনেক আন্তরিক, আমি একসাথে দুই টা নিছি , আপনারা চাইলে নিঃসন্দেহে নিতে পারেন, ধন্যবাদ দারাজ ও সেলার কে, happy shopping.",seller_service_positive#delivery_positive#product_quality_positive
1293,54552142896758,আলহামদুলিল্লাহ। কাল রাতে অর্ডার করেছিলাম।আজ দুপুরের মধ্যে হাতে পেয়েছি। যেটা অবিশ্বাস্য ছিলো। এয়ারপডটি অত্যন্ত সুন্দর এবং যেমন দেখেচগিলাম তেমনি পেয়েছি। সাউন্ড আলহামদুলিল্লাহ ঠিক ছিলো। ৫০০ টাকার মধ্যে ভালো একটি জিনিস। চাইলে নিতে পারেন,আলহামদুলিল্লাহ কাল রাতে অর্ডার করেছিলাম আজ দুপুরের মধ্যে হাতে পেয়েছি যেটা অবিশ্বাস্য ছিলো এয়ারপডটি অত্যন্ত সুন্দর এবং যেমন দেখেচগিলাম তেমনি পেয়েছি সাউন্ড আলহামদুলিল্লাহ ঠিক ছিলো ৫০০ টাকার মধ্যে ভালো একটি জিনিস চাইলে নিতে পারেন.,delivery_positive#price_positive#product_quality_positive
1294,55073941896758,"প্রোডাক্টটি অনেক ভালো ছিল ৷
প্যাকেজিং টাও সুন্দর ছিল ৷
সেলারও অনেক ভালো ৷
সব সময় মেসেজের রিপ্লাই দিয়েছেন ৷
সবাই নিঃসন্দেহে নিতে পারেন ৷",প্রোডাক্টটি অনেক ভালো ছিল ৷ প্যাকেজিং টাও সুন্দর ছিল ৷ সেলারও অনেক ভালো ৷ সব সময় মেসেজের রিপ্লাই দিয়েছেন ৷ সবাই নিঃসন্দেহে নিতে পারেন ৷.,seller_service_positive#packaging_positive#product_quality_positive
1295,54691952196758,আমি একটা ব্লুটুথ নিয়েছি উনাদের কাছ থেকে ব্লুটুথ সাউন্ডটা ঠিক  আছে এককথায় অনেক ভালো ব্লুটুথ টি,আমি একটা ব্লুটুথ নিয়েছি উনাদের কাছ থেকে ব্লুটুথ সাউন্ডটা ঠিক আছে এককথায় অনেক ভালো ব্লুটুথ টি.,product_quality_positive
1296,53978435796758,sound quality vhaloi sub kichu thik Thak chilo ar seller er behavior and response oo onek Vhalo,sound quality vhaloi sub kichu thik Thak chilo ar seller er behavior and response oo onek Vhalo.,seller_service_positive#product_quality_positive
1297,54878782196758,প্রডাক্ট অনেক ভালো।   রেসপন্স অনেক ফাস্ট।  সাউন্ড কোয়ালিটি অনেক সুন্দর।  বিশ্বাস করে নিতে পারেন।,প্রডাক্ট অনেক ভালো রেসপন্স অনেক ফাস্ট সাউন্ড কোয়ালিটি অনেক সুন্দর বিশ্বাস করে নিতে পারেন.,seller_service_positive#product_quality_positive
1298,54985115596758,প্রোডাক্ট কোয়ালিটি দাম অনুযায়ী স্বাভাবিক ছিলো। সাউন্ড ও পারফেক্ট। প্রিমিয়াম ফিল আছে। রিকমন্ডেড।,প্রোডাক্ট কোয়ালিটি দাম অনুযায়ী স্বাভাবিক ছিলো সাউন্ড ও পারফেক্ট প্রিমিয়াম ফিল আছে রিকমন্ডেড.,price_neutral#product_quality_neutral
1299,53433825696758,অনেক সুন্দর হয়েছে। চার্জ ব্যাকআপ ভালো দেয় স্টাইলিশ  আশা করি আবার অর্ডার দিলে ভালো তাই পাবো।,অনেক সুন্দর হয়েছে চার্জ ব্যাকআপ ভালো দেয় স্টাইলিশ আশা করি আবার অর্ডার দিলে ভালো তাই পাবো.,product_quality_positive
1300,54101943396758,Boss airport ta Valo . but on ba off Korle reading Hoy na. mane power on ba off ata bole na,Boss airport ta Valo . but on ba off Korle reading Hoy na. mane power on ba off ata bole na.,product_quality_positive
1301,55079484396758,সাত দিন ব্যবহার করে দেখি জিনিসটা তবে ব্যবহার করে মনে হচ্ছে ভালো আশা করি জিনিসটা ভালই থাকবে,সাত দিন ব্যবহার করে দেখি জিনিসটা তবে ব্যবহার করে মনে হচ্ছে ভালো আশা করি জিনিসটা ভালই থাকবে.,product_quality_positive
1302,54160078496758,"আলহামদুলিল্লাহ পোডাক টা জেরকোম দেখসিলাম ঠিক তেমটাই 
পেয়েছি  খুব সুন্দড় ভালো লাগলো, 😍🥰❣️","আলহামদুলিল্লাহ পোডাক টা জেরকোম দেখসিলাম ঠিক তেমটাই পেয়েছি খুব সুন্দড় ভালো লাগলো,.",product_quality_positive
1303,54566206096758,Product quality is good..seller er communication kob valo..nite paren jara nite chan,Product quality is good..seller er communication kob valo..nite paren jara nite chan.,seller_service_positive#product_quality_positive
1304,54685057296758,best akta product vai.  vabi nai ato kom a ato valo product pabo. tnx 10/10 products,best akta product vai. vabi nai ato kom a ato valo product pabo. tnx 10 10 products.,price_positive#product_quality_positive
1305,55114160496758,"Alhamdulillah onak valo 
Jmn vebesi tar thekew valo peyesi 
Charge o valoi thakse 🥰",Alhamdulillah onak valo Jmn vebesi tar thekew valo peyesi Charge o valoi thakse.,product_quality_positive
1306,54668772196758,"কোয়ালিটি একদম টপ ক্লাস।।নিশ্চিন্তে নিতে পারেন, যে কেউ দেখলে বলবে এটা অরিজিনাল","কোয়ালিটি একদম টপ ক্লাস নিশ্চিন্তে নিতে পারেন, যে কেউ দেখলে বলবে এটা অরিজিনাল.",product_quality_positive
1307,54137311196758,products sob tik ache seller products check kore delivery kore sobai nite paren,products sob tik ache seller products check kore delivery kore sobai nite paren.,product_quality_positive
1308,54125667996758,প্রডাক্ট হাতে পেয়েছি প্রোডাক্টটা অনেক ভালো সাউন্ড বিট গোলা অনেক ভালো কাজ করে।,প্রডাক্ট হাতে পেয়েছি প্রোডাক্টটা অনেক ভালো সাউন্ড বিট গোলা অনেক ভালো কাজ করে.,product_quality_positive
1309,54058894596758,অনেক সুন্দর জিনিস পাইছি দারাজ ও সেলার কে ধন্যবাদ😊💛 আআপনারা চাইলে নিতে পারেন,অনেক সুন্দর জিনিস পাইছি দারাজ ও সেলার কে ধন্যবাদ আআপনারা চাইলে নিতে পারেন.,product_quality_positive
1310,53862645396758,১৫ দিন চালানোর পর রিভিউ দিলাম  এই দামে বেস্ট একটা  AirPods Pro 2  নিতে পারেন,১৫ দিন চালানোর পর রিভিউ দিলাম এই দামে বেস্ট একটা AirPods Pro 2 নিতে পারেন.,price_positive#product_quality_positive
1311,54270762096758,onek valo akta product ami nici rider o onak valo cilo overall onek valo☺️☺️,onek valo akta product ami nici rider o onak valo cilo overall onek valo.,product_quality_positive
1312,54259393996758,Ay dam a valo . Sound quality valo . Backup time kemon dey check kora hoyni,Ay dam a valo . Sound quality valo . Backup time kemon dey check kora hoyni.,price_positive#product_quality_positive
1313,54348400296758,"airpod s টা আজকে হাতে পাইছি সব কিছু ভালই মনে হইছে । চাইলে
সবাই নিতে পারেন।",airpod s টা আজকে হাতে পাইছি সব কিছু ভালই মনে হইছে চাইলে সবাই নিতে পারেন.,product_quality_positive
1314,54566855796758,"সাউন্ড কোয়ালিটি অনেক ভাল, যে রকম আশা করেছিলাম তার চেয়ে ভাল,আলহামদুলিল্লাহ।","সাউন্ড কোয়ালিটি অনেক ভাল, যে রকম আশা করেছিলাম তার চেয়ে ভাল,আলহামদুলিল্লাহ.",product_quality_positive
1315,54689537596758,Nice product. sound quality ভালো এবং charge ও ভালো থাকে।আপনারা নিতে পারেন।,Nice product. sound quality ভালো এবং charge ও ভালো থাকে আপনারা নিতে পারেন.,product_quality_positive
1316,55096162096758,"অনেক ভালো একটা প্রডাক্ট সাউন্ড কোয়ালিটি ও অনেক ভালো 
চার্জ ২/৩ দিন জাই",অনেক ভালো একটা প্রডাক্ট সাউন্ড কোয়ালিটি ও অনেক ভালো চার্জ ২ ৩ দিন জাই.,product_quality_positive
1317,54965963296758,"আলহামদুলিল্লাহ অনেক সুন্দর জিনিস পাইছি 
ভাবতে পারিনি এত কমে ভাল জিনিস",আলহামদুলিল্লাহ অনেক সুন্দর জিনিস পাইছি ভাবতে পারিনি এত কমে ভাল জিনিস.,price_positive#product_quality_positive
1318,55016358196758,product asolie bhlo Ami use kortasi battery back up o onk recommended,product asolie bhlo Ami use kortasi battery back up o onk recommended.,product_quality_positive
1319,54124541196758,ভালো লাগেনি। সামান্য নড়াচড়াতেই ডিসকানেকটেড  হয়ে যায়।সাউণ্ড ক্লিয়ার না।,ভালো লাগেনি সামান্য নড়াচড়াতেই ডিসকানেকটেড হয়ে যায় সাউণ্ড ক্লিয়ার না.,product_quality_negative
1320,53951494496758,প্রোডাক্ট ভালো ছিল আর সেলারের ব্যবহারও ভালো ছিল। ১দিনে হাতে পেয়েছি।,প্রোডাক্ট ভালো ছিল আর সেলারের ব্যবহারও ভালো ছিল ১দিনে হাতে পেয়েছি.,seller_service_positive#delivery_positive#product_quality_positive
1321,54005237496758,দাম অনুযায়ী ঠিক আছে। ব্লাক কালার নিয়েছি  ভাউচার সহ দাম পরছে ৫৬৯ টাকা,দাম অনুযায়ী ঠিক আছে ব্লাক কালার নিয়েছি ভাউচার সহ দাম পরছে ৫৬৯ টাকা.,price_positive#product_quality_positive
1322,54573365196758,15/20 din use kore review dilam ei takay mota moti valoi nite paren,15 20 din use kore review dilam ei takay mota moti valoi nite paren.,price_neutral#product_quality_neutral
1323,54328243696758,এক কথায় বলবো ঠকিনি! দাম অনুযায়ী product এর performance খুবই ভাল।,এক কথায় বলবো ঠকিনি! দাম অনুযায়ী product এর performance খুবই ভাল.,price_positive#product_quality_positive
1324,54660399496758,"সেলারের  ব্যবহার খুব ভালো ছিল, এবং হেডফোনের কলেটিও খুব ভালো লেগেছে","সেলারের ব্যবহার খুব ভালো ছিল, এবং হেডফোনের কলেটিও খুব ভালো লেগেছে.",seller_service_positive#price_positive#product_quality_positive
1325,54688120996758,"৪৭৫ টাকা দিয়ে কিনলাম দাম অনুযায়ী অনেক ভালো 
এবং কোয়ালেটিও ভালো 💗",৪৭৫ টাকা দিয়ে কিনলাম দাম অনুযায়ী অনেক ভালো এবং কোয়ালেটিও ভালো.,price_positive#product_quality_positive
1326,54691595296758,দাম হিসাবে বেশ ভালো মনে হচ্ছে। প্রথম দিন ব্যবহার করে ভালো লাগছে।,দাম হিসাবে বেশ ভালো মনে হচ্ছে প্রথম দিন ব্যবহার করে ভালো লাগছে.,price_positive#product_quality_positive
1327,54342030996758,"Ami jamon cheyeci thik tamon tai paici 
apnara shobai nite paren",Ami jamon cheyeci thik tamon tai paici apnara shobai nite paren.,product_quality_positive
1328,54365560096758,অল্প টাকায় একটি ভালো মানের প্রোডাক্ট সাউন্ড কোয়ালিটি অনেক ভালো,অল্প টাকায় একটি ভালো মানের প্রোডাক্ট সাউন্ড কোয়ালিটি অনেক ভালো.,price_positive#product_quality_positive
1329,53930688696758,আলহামদুলিল্লাহ আপনাদের প্রোডাক্ট অনেক ভালো ইউজ করে ভালো লাগতেছে,আলহামদুলিল্লাহ আপনাদের প্রোডাক্ট অনেক ভালো ইউজ করে ভালো লাগতেছে.,product_quality_positive
1330,54028766096758,কম দামে ওনেক ভালো একটা জিনিস আলহামদুলিল্লাহ আপনারা ও নিতে পারেন,কম দামে ওনেক ভালো একটা জিনিস আলহামদুলিল্লাহ আপনারা ও নিতে পারেন.,price_positive#product_quality_positive
1331,54194455496758,খুব ভালো সাউন্ড। আমার খুব পছন্দ হয়েছে।  যে কেউ নিতে পারেন।,খুব ভালো সাউন্ড আমার খুব পছন্দ হয়েছে যে কেউ নিতে পারেন.,product_quality_positive
1332,54353793896758,অল্প টাকায় অনেক ভালো পণ্য। ডেলিভারিও অনেক দ্রুত পেয়েছি।,অল্প টাকায় অনেক ভালো পণ্য ডেলিভারিও অনেক দ্রুত পেয়েছি.,delivery_positive#price_positive#product_quality_positive
1333,53352282996758,it’s a very good product.apnara o purchase korte paren.,it s a very good product.apnara o purchase korte paren.,product_quality_positive
1334,54908320496758,আলহামদুলিল্লাহ ব্লুটুটা অনেক ভালো আপনার সবাই নিতে পারেন,আলহামদুলিল্লাহ ব্লুটুটা অনেক ভালো আপনার সবাই নিতে পারেন.,product_quality_positive
1335,54627079196758,অনেক ভালো হেড ফোন টা।আমি কেনার ৭ দিন পর রিভিউ দিচ্ছি।,অনেক ভালো হেড ফোন টা আমি কেনার ৭ দিন পর রিভিউ দিচ্ছি.,product_quality_positive
1336,54861280696758,প্রোডাক্ট টা ভালো ৫০০ টাকার ভিতরে ভালো একটি প্রোডাক্ট,প্রোডাক্ট টা ভালো ৫০০ টাকার ভিতরে ভালো একটি প্রোডাক্ট.,price_positive#product_quality_positive
1337,54060399696758,Alhamdulillah product ta vlo cilo.sobai nite paren..,Alhamdulillah product ta vlo cilo.sobai nite paren..,product_quality_positive
1338,54886619796758,"Alhamdulillah valoi.
tobe ami jotne rakte pari nai!",Alhamdulillah valoi. tobe ami jotne rakte pari nai!,product_quality_positive
1339,54640039696758,product er quality khobi valo.. best akta product ✌️,product er quality khobi valo.. best akta product.,product_quality_positive
1340,54904639396758,vlo e ace... r chrg o vlo tike....aii budget a best,vlo e ace.. r chrg o vlo tike..aii budget a best.,price_positive#product_quality_positive
1341,53886928496758,very good product apnara nite paren valo Hobe 💗💗,very good product apnara nite paren valo Hobe.,product_quality_positive
1342,54599777396758,আলহামদুলিল্লাহ ভালো ছিল ও আপনারা চাইলে নিতে পারেন,আলহামদুলিল্লাহ ভালো ছিল ও আপনারা চাইলে নিতে পারেন.,product_quality_positive
1343,54589088096758,প্রোডাক্টটা অনেক ভালো প্রাইস অনুযায়ী সব ঠিক আছে,প্রোডাক্টটা অনেক ভালো প্রাইস অনুযায়ী সব ঠিক আছে.,price_positive#product_quality_positive
1344,54171646996758,খুব ভালো একটা প্রোডাক্ট। আমার কাছে ভালো লেগেছে,খুব ভালো একটা প্রোডাক্ট আমার কাছে ভালো লেগেছে.,product_quality_positive
1345,54421888096758,ওয়ারলেস টি অনেক ভালো চাইলে আপনারা নিতে পারেন,ওয়ারলেস টি অনেক ভালো চাইলে আপনারা নিতে পারেন.,product_quality_positive
1346,54892298296758,akbare baje aita use kora box kula hoi silo,akbare baje aita use kora box kula hoi silo.,product_quality_negative
1347,53702327396758,অনেক ভালো প্রডাক্ট আপনার চাইলে নিতে পারেন,অনেক ভালো প্রডাক্ট আপনার চাইলে নিতে পারেন.,product_quality_positive
1348,53996890096758,mota moti valoi chaile nite paren sobai,mota moti valoi chaile nite paren sobai.,product_quality_neutral
1349,54655928296758,"its good, charge onek thke, bass o valo","its good, charge onek thke, bass o valo.",product_quality_positive
1350,53609098996758,অনেক ভালো একটি প্রডাক্ট।সবাই নিতে পারেন।,অনেক ভালো একটি প্রডাক্ট সবাই নিতে পারেন.,product_quality_positive
1351,55041361096758,আলহামদুলিল্লাহ খুব ভালো একটা জিনিস আগুন,আলহামদুলিল্লাহ খুব ভালো একটা জিনিস আগুন.,product_quality_positive
1352,54685749196758,৫০০ টাকা অনুযায়ী ভালো। সবাই নিতে পারেন,৫০০ টাকা অনুযায়ী ভালো সবাই নিতে পারেন.,price_positive#product_quality_positive
1353,54645825796758,আলহামদুলিল্লাহ্ সব কিছু ঠিক মতো পেয়েছি।,আলহামদুলিল্লাহ্ সব কিছু ঠিক মতো পেয়েছি.,product_quality_positive
1354,54223081296758,"original product,,onek valo nite paren","original product,,onek valo nite paren.",product_quality_positive
1355,54391970096758,ওভারঅল দাম হিসেবে প্রোডাক্টস ঠিক আছে,ওভারঅল দাম হিসেবে প্রোডাক্টস ঠিক আছে.,price_positive#product_quality_positive
1356,53725730796758,Dhakai Onek 2 din e delivery pelam...,Dhakai Onek 2 din e delivery pelam..,delivery_positive
1357,54684864296758,Koyekdin use korsi. Bhaloi Choltese.,Koyekdin use korsi. Bhaloi Choltese.,product_quality_positive
1358,53952332996758,"খুবি ভালো জিনিস টা 😊
ধন্যবাদ  😊😊",খুবি ভালো জিনিস টা ধন্যবাদ.,product_quality_positive
1359,54094717096758,honestly vai Product onk vhalo ..,honestly vai Product onk vhalo ..,product_quality_positive
1360,54958502996758,"এক কথায় অসাধারণ 
আর কিছু বলার নাই",এক কথায় অসাধারণ আর কিছু বলার নাই.,product_quality_positive
1361,54731071896758,"good,  sobay nite paren. valo","good, sobay nite paren. valo.",product_quality_positive
1362,54130496996758,যেমন টা চেয়েছি তেমন্টা পেয়েছি,যেমন টা চেয়েছি তেমন্টা পেয়েছি.,product_quality_positive
1363,54290055596758,জিনিস টা অনেক ভালো নিতে পারেন,জিনিস টা অনেক ভালো নিতে পারেন.,product_quality_positive
1364,54699541996758,khub valo sobai nite paren,khub valo sobai nite paren.,product_quality_positive
1365,54238471796758,এয়ারপটটি দাম অনুযায়ী ঠিক আছে,এয়ারপটটি দাম অনুযায়ী ঠিক আছে.,price_neutral#product_quality_neutral
1366,54543465896758,onek valo akta year pord,onek valo akta year pord.,product_quality_positive
1367,54009034096758,ei price a Average good,ei price a Average good.,price_neutral#product_quality_neutral
1368,54488882596758,ai price a best deal,ai price a best deal.,price_positive#product_quality_positive
1369,55135867296758,not bad in this price,not bad in this price.,price_positive#product_quality_positive
1370,52470575096758,সবাই নিতে পারেন। অনেক সুন্দর একটি এয়ারবার্ড,সবাই নিতে পারেন অনেক সুন্দর একটি এয়ারবার্ড.,product_quality_positive
1371,54232314396758,"ভালো ১টা প্রডাক্ট, কিন্তু সাউন্ট বাড়িয়ে শুনলে একটু -একটু আটকে আসে। 
By the way,  মাত্র ২ দিনের ভিতরে প্রডাক্ট হাতে পেয়েছি 🥰","ভালো ১টা প্রডাক্ট, কিন্তু সাউন্ট বাড়িয়ে শুনলে একটু -একটু আটকে আসে By the way, মাত্র ২ দিনের ভিতরে প্রডাক্ট হাতে পেয়েছি.",delivery_positive#product_quality_positive
1372,54583800696758,Product ta average. age thekei khula plus 2 buds ee prblm day kichu ta. but ei budget er jnno chole.,Product ta average. age thekei khula plus 2 buds ee prblm day kichu ta. but ei budget er jnno chole.,product_quality_neutral
1373,47542455577231,"অল্প টাকায় ভালো প্রোডাক্ট দেয়ার জন্য সেলার কে অসংখ্য অসংখ্য ধন্যবাদ । ডেলিভারি ফাস্ট ছিল অর্ডার করার তিন দিন পরে পন্য হাতে পেয়েছি। চার্জিং ব্যাকআপ টাইম ভালো একবার চার্জ করলে ৩ ঘন্টা চলে বক্সে একবার চার্জ করলে ডিভাইসে ৪ থেকে ৫ বার চার্জ করা যায়, সাউন্ড কোয়ালিটি ভালো আপনারা চাইলে নিতে পারেন । পণ্যের গুণগতমান থেকে ১০ এ ১০ দিলাম ।","অল্প টাকায় ভালো প্রোডাক্ট দেয়ার জন্য সেলার কে অসংখ্য অসংখ্য ধন্যবাদ ডেলিভারি ফাস্ট ছিল অর্ডার করার তিন দিন পরে পন্য হাতে পেয়েছি চার্জিং ব্যাকআপ টাইম ভালো একবার চার্জ করলে ৩ ঘন্টা চলে বক্সে একবার চার্জ করলে ডিভাইসে ৪ থেকে ৫ বার চার্জ করা যায়, সাউন্ড কোয়ালিটি ভালো আপনারা চাইলে নিতে পারেন পণ্যের গুণগতমান থেকে ১০ এ ১০ দিলাম.",delivery_positive#price_positive#product_quality_positive
1374,47263562677231,"valo ace air bud ta 
taratari Bluetooth e conect hoy but dur theke conect hoi nah. 
product fresh silo kinto aktu left bud ta problem charge hoi abr hoi nah abr gaminger jonno akdom valo nah sound reflect kore kinto music er jonno best

CHARGE 10/8
PRODUCT 10/6
DELEVERY MAN 10/5 SO POOR
SELLER 10/9 😇
SOUND 10/6.5




CHARGE 10/9
PRODUCT 10/6",valo ace air bud ta taratari Bluetooth e conect hoy but dur theke conect hoi nah. product fresh silo kinto aktu left bud ta problem charge hoi abr hoi nah abr gaminger jonno akdom valo nah sound reflect kore kinto music er jonno best CHARGE 10 8 PRODUCT 10 6 DELEVERY MAN 10 5 SO POOR SELLER 10 9 SOUND 10 6.5 CHARGE 10 9 PRODUCT 10 6.,product_quality_positive
1375,46909621477231,"dam hisabe onk valo ekti product ekbar crz e amr 3 gese dine 8/10 gonta chalanor por tbe 2nd bar crz dwyar por taratari crz ses hoise 1st barer tulonay,,, sound quality o onk valo 
all over onk valo ekti product","dam hisabe onk valo ekti product ekbar crz e amr 3 gese dine 8 10 gonta chalanor por tbe 2nd bar crz dwyar por taratari crz ses hoise 1st barer tulonay,, sound quality o onk valo all over onk valo ekti product.",price_positive#product_quality_positive
1376,48108084277231,মাশাল্লাহ অনেক সুন্দর প্রোডাক্ট সবাই নিতে পারেন,মাশাল্লাহ অনেক সুন্দর প্রোডাক্ট সবাই নিতে পারেন.,product_quality_positive
1377,47150848477231,আলহামদুলিল্লাহ প্রোডাক্ট সবকিছুই ঠিকঠাক ছিল। কিন্তু সাইজটা প্রত্যাশার চেয়ে বড় হয়েছিল। যাতে ক্যারি করতে একটু ঝামেলা হয়। নিতে পারেন। বাকি সব কিছু ঠিকঠাক ছিল।,আলহামদুলিল্লাহ প্রোডাক্ট সবকিছুই ঠিকঠাক ছিল কিন্তু সাইজটা প্রত্যাশার চেয়ে বড় হয়েছিল যাতে ক্যারি করতে একটু ঝামেলা হয় নিতে পারেন বাকি সব কিছু ঠিকঠাক ছিল.,product_quality_positive
1378,46731237077231,"আমি এই প্রথম বারের মত দারাজ থেকে একটি ( M10 Tws) নিছি আলহামদুলিল্লাহ অনেক ভালো মানের ( Tws) 
আপনারা যারা নিতে চাচ্ছেন তারা নিতে পারেন খুবই ভালো মানের tws 🥰 
thank you daraz 🥰",আমি এই প্রথম বারের মত দারাজ থেকে একটি M10 Tws নিছি আলহামদুলিল্লাহ অনেক ভালো মানের Tws আপনারা যারা নিতে চাচ্ছেন তারা নিতে পারেন খুবই ভালো মানের tws thank you daraz.,product_quality_positive
1379,47526364477231,Osadharon ekti prodact ami pixar e jeita dekhsi oitai paisi 🥰😘kono somossa silona ei earbud  e 🥰 thanks Daraz and thanks selar vaia 😘,Osadharon ekti prodact ami pixar e jeita dekhsi oitai paisi kono somossa silona ei earbud e thanks Daraz and thanks selar vaia.,product_quality_positive
1380,46385591977231,প্রোডাক্টটি আসলে অনেক সুন্দর এবং অনেক ভালো ডেলিভারি ম্যান এর ব্যবহার অনেক ভালো আপনারা যারা নিতে চান সবাই নিতে পারেন সমস্যা নেই চার্জিং  সার্ভিস খুব ভালো ও সাউন্ড কোয়ালিটি ভালো ধন্যবাদ দারাজ কে এত কম টাকায় এত সুন্দর একটা প্রোডাক্টস দেওয়ার জন্য ❤️,প্রোডাক্টটি আসলে অনেক সুন্দর এবং অনেক ভালো ডেলিভারি ম্যান এর ব্যবহার অনেক ভালো আপনারা যারা নিতে চান সবাই নিতে পারেন সমস্যা নেই চার্জিং সার্ভিস খুব ভালো ও সাউন্ড কোয়ালিটি ভালো ধন্যবাদ দারাজ কে এত কম টাকায় এত সুন্দর একটা প্রোডাক্টস দেওয়ার জন্য.,delivery_positive#price_positive#product_quality_positive
1381,45892523077231,আলহামদুলিল্লাহ অস্থির একটা প্রোডাক্ট। সাউন্ড কোয়ালিটি এমআইসি কোয়ালিটি অস্থির। প্রথম যখন হাতে পাই তখন বক্সে এক পার্সেন্ট চার্জ ছিল না আমি তো ভয় পেয়ে গেছিলাম ডিভাইসটি অন হচ্ছিল না। তারপরে চার্জে দিলাম। ১০০% চার্জ হওয়ার পরে ইয়ার বার্ড দুটি চালালাম। প্রায় ফুল সাউন্ড আড়াই ঘন্টা। তারপর দুটিই চার্চ শেষ হলে দুটিকে চার্জে দিলাম। এয়ার বক্সে চার্জে ৯২% এ এসে দুটি ফুল চার্জ হয়ে গেল।  এতে বোঝা গেল প্রায় দশবারের মতো চার্জ দেওয়া যাবে। চোখ বন্ধ করে নিতে পারেন। সবচেয়ে বড় কথা টাইপ সি পোর্ট।,আলহামদুলিল্লাহ অস্থির একটা প্রোডাক্ট সাউন্ড কোয়ালিটি এমআইসি কোয়ালিটি অস্থির প্রথম যখন হাতে পাই তখন বক্সে এক পার্সেন্ট চার্জ ছিল না আমি তো ভয় পেয়ে গেছিলাম ডিভাইসটি অন হচ্ছিল না তারপরে চার্জে দিলাম ১০০ চার্জ হওয়ার পরে ইয়ার বার্ড দুটি চালালাম প্রায় ফুল সাউন্ড আড়াই ঘন্টা তারপর দুটিই চার্চ শেষ হলে দুটিকে চার্জে দিলাম এয়ার বক্সে চার্জে ৯২ এ এসে দুটি ফুল চার্জ হয়ে গেল এতে বোঝা গেল প্রায় দশবারের মতো চার্জ দেওয়া যাবে চোখ বন্ধ করে নিতে পারেন সবচেয়ে বড় কথা টাইপ সি পোর্ট.,product_quality_positive
1382,46155809577231,এক কথায় অসাধারণ। খুব ভালো একটি প্রোডাক্ট।সেলার কে ধন্যবাদ এত সুন্দর একটি প্রোডাক্ট দেওয়ার জন্য।,এক কথায় অসাধারণ খুব ভালো একটি প্রোডাক্ট সেলার কে ধন্যবাদ এত সুন্দর একটি প্রোডাক্ট দেওয়ার জন্য.,product_quality_positive
1383,45623603977231,"✍️ আমি গতকাল কিনলাম। প্রোডাক্ট ভালো পাইছি। আর সেলার ভাই খুব ভালো। ১ দিন ব্যবহার পর বুঝলাম,,সাউন্ড মোটামুটি আর চার্জ ২ থেকে ২:৩০ ঘন্টা(২টা একসাথে)  আমি পাইছি এই টাকার মধ্যে। আমি ৪২৯/- টাকা দিয়ে নিয়েছি। 

🥴 সমস্যা হলো আমার কানের সাথে এডজাস্ট হয় না,,কেমন যেন কান থেকে খুলে পড়ে যাবার ভই। 

💐 নেকব্যান্ড ব্যবহার করি সেটা ঠিকঠাক। কিন্ত আমি এই প্রোডাক্ট টি আগে ব্যবহার করিনি। কম দামে কিনে দেখলাম কেমন হয়।

🕛চার্জে-১০/৯  আর সাউন্ড -১০/৯ প্রোডাক্ট -১০/৯","আমি গতকাল কিনলাম প্রোডাক্ট ভালো পাইছি আর সেলার ভাই খুব ভালো ১ দিন ব্যবহার পর বুঝলাম,,সাউন্ড মোটামুটি আর চার্জ ২ থেকে ২ ৩০ ঘন্টা ২টা একসাথে আমি পাইছি এই টাকার মধ্যে আমি ৪২৯ - টাকা দিয়ে নিয়েছি সমস্যা হলো আমার কানের সাথে এডজাস্ট হয় না,,কেমন যেন কান থেকে খুলে পড়ে যাবার ভই নেকব্যান্ড ব্যবহার করি সেটা ঠিকঠাক কিন্ত আমি এই প্রোডাক্ট টি আগে ব্যবহার করিনি কম দামে কিনে দেখলাম কেমন হয় চার্জে-১০ ৯ আর সাউন্ড -১০ ৯ প্রোডাক্ট -১০ ৯.",seller_service_positive#price_positive#product_quality_positive
1384,47682616777231,অসাধারণ একটা প্রোডাক্ট সাউন্ড কোয়ালিটি অসাধারণ,অসাধারণ একটা প্রোডাক্ট সাউন্ড কোয়ালিটি অসাধারণ.,product_quality_positive
1385,45138111777231,"আমি ২টা ইয়ারবাডস অর্ডার করে ১টি পেয়েছিলাম।
পরে আরেকটি পাঠিয়ে দিয়েছে। সেলার খুবই ভালো। 
তাদের সার্ভিস অনেক ভালো। অনেক ধন্যবাদ সেলারকে।",আমি ২টা ইয়ারবাডস অর্ডার করে ১টি পেয়েছিলাম পরে আরেকটি পাঠিয়ে দিয়েছে সেলার খুবই ভালো তাদের সার্ভিস অনেক ভালো অনেক ধন্যবাদ সেলারকে.,seller_service_positive
1386,45785821277231,এটা আমার সুন্দর অভিজ্ঞতার একটা।ইলেকট্রনিক জিনিস সমস্যা হতেই পারে।কিন্তু সেলার ভাইয়ের ব্যবহার ভীষন আন্তরিক।আমার কমপ্লেইন দেওয়ার পরেই তারা আমার প্রোডাক্টটা পরিবর্তন করে দিলো।এমনকি পৌছানো পর্যন্ত এবং পরেও ফোন করে জেনে নিলো প্রোডাক্ট ঠিক আছে কিনা।সেলার এবং ডেলিভারি দুইটা নিয়েই সন্তুষ্ট।আপনারা চাইলেও নিতে পারেন।,এটা আমার সুন্দর অভিজ্ঞতার একটা ইলেকট্রনিক জিনিস সমস্যা হতেই পারে কিন্তু সেলার ভাইয়ের ব্যবহার ভীষন আন্তরিক আমার কমপ্লেইন দেওয়ার পরেই তারা আমার প্রোডাক্টটা পরিবর্তন করে দিলো এমনকি পৌছানো পর্যন্ত এবং পরেও ফোন করে জেনে নিলো প্রোডাক্ট ঠিক আছে কিনা সেলার এবং ডেলিভারি দুইটা নিয়েই সন্তুষ্ট আপনারা চাইলেও নিতে পারেন.,seller_service_positive#delivery_positive
1387,45664490877231,এই বাজেটে খুব ভালো earbards আপনারা চাইলে নিতে পারেন চার্জ ও ভালো থাকে দেখতে ও সুন্দর সব মিলিয়ে 08/10,এই বাজেটে খুব ভালো earbards আপনারা চাইলে নিতে পারেন চার্জ ও ভালো থাকে দেখতে ও সুন্দর সব মিলিয়ে 08 10.,price_positive#product_quality_positive
1388,45376787077231,"আলহামদুলিল্লাহ..  
অনেক ভালো প্রডাক্ট..!  
Daraz কে ধন্যবাদ..  
আপনারা সবাই নিতে পারেন..🙂",আলহামদুলিল্লাহ.. অনেক ভালো প্রডাক্ট..! Daraz কে ধন্যবাদ.. আপনারা সবাই নিতে পারেন..,product_quality_positive
1389,44829892277231,"অর্ডার দেয়ার ৯ দিন পরে প্রোডাক্ট টি
হাতে পেলাম ।

প্রোডাক্ট টি  খারাপ না ভালই আপনারাও নিতে পারেন😊",অর্ডার দেয়ার ৯ দিন পরে প্রোডাক্ট টি হাতে পেলাম প্রোডাক্ট টি খারাপ না ভালই আপনারাও নিতে পারেন.,delivery_negative#product_quality_positive
1390,45611833877231,"আলহামদুলিল্লাহ 🥰 খুব ভালো প্রডাক্ট, সাউন্ড সিস্টেম একেবারে মনের মতো❤️ যেমন আশা করেছিলাম ঠিক তেমনি পেলাম 🤩🤗🎁সেলাররা খুবই ভালো 💝 আপনারাও চাইলে নিতে পারেন 😊","আলহামদুলিল্লাহ খুব ভালো প্রডাক্ট, সাউন্ড সিস্টেম একেবারে মনের মতো যেমন আশা করেছিলাম ঠিক তেমনি পেলাম সেলাররা খুবই ভালো আপনারাও চাইলে নিতে পারেন.",seller_service_positive#product_quality_positive
1391,49720139177231,"অসাধারণ কয়েক দিন ব্যবহার করে রিভিউ দিলাম, দুটি এক সাথে চালালে ২-৩ ঘন্টা চলে আর একটি করে চালালে সারা রাত চালাতে পরবেন, ডেলিভারি ম্যান খুবই ভালো।","অসাধারণ কয়েক দিন ব্যবহার করে রিভিউ দিলাম, দুটি এক সাথে চালালে ২-৩ ঘন্টা চলে আর একটি করে চালালে সারা রাত চালাতে পরবেন, ডেলিভারি ম্যান খুবই ভালো.",delivery_positive
1392,44589389377231,onkk valo akta product..use kore review dicci...crg onkk khon thake.. r delivery ato taratari pabo vabi nai..,onkk valo akta product..use kore review dicci..crg onkk khon thake.. r delivery ato taratari pabo vabi nai..,delivery_positive#product_quality_positive
1393,45488229977231,অনেক সুন্দর। যেমনটা অর্ডার করেছিলাম তেমনি পেয়েছি। চার্জ ও ভালই থাকে। সাউন্ড কোয়ালিটি মুটামুটি ভালোই। ধন্যবাদ সেলার ও ডেলিভারি ভাইকে। Satisfied 🥰🔥,অনেক সুন্দর যেমনটা অর্ডার করেছিলাম তেমনি পেয়েছি চার্জ ও ভালই থাকে সাউন্ড কোয়ালিটি মুটামুটি ভালোই ধন্যবাদ সেলার ও ডেলিভারি ভাইকে Satisfied.,product_quality_positive
1394,45575034177231,"বাহ্ বাহ্। এতো দারুণ।  আমি কল্পনাও করতে পারি নাই। আমি প্রচুর পরিমাণে দ্বিধায় ছিলাম, কেমন হবে, ভালো হবে তো.? এসব ব্যপার নিয়ে। কিন্তু না। দারাজ এবং দোকান মালিক আমায় হতাশ করেনি। আমি দারুণ খুশি এইটা পেয়ে। এবং অসাধারণ সাউন্ড কোয়ালিটি।  অনেকে বলছে এই দামে সেরা, আমি বলি এতো ভালো জিনিস এতো কমে কিভাবে দিলো। এক কথায় অসাধারণ।।  সবাই কিনতে পারেন। চোখ বন্ধ করে। আমার মনে হয় দোকানদার এটা চেক করে দিয়েছে, যার কারনে কোনো সমস্যা হয়নি।🫶🌸","বাহ্ বাহ্ এতো দারুণ আমি কল্পনাও করতে পারি নাই আমি প্রচুর পরিমাণে দ্বিধায় ছিলাম, কেমন হবে, ভালো হবে তো.? এসব ব্যপার নিয়ে কিন্তু না দারাজ এবং দোকান মালিক আমায় হতাশ করেনি আমি দারুণ খুশি এইটা পেয়ে এবং অসাধারণ সাউন্ড কোয়ালিটি অনেকে বলছে এই দামে সেরা, আমি বলি এতো ভালো জিনিস এতো কমে কিভাবে দিলো এক কথায় অসাধারণ সবাই কিনতে পারেন চোখ বন্ধ করে আমার মনে হয় দোকানদার এটা চেক করে দিয়েছে, যার কারনে কোনো সমস্যা হয়নি.",price_positive#product_quality_positive
1395,44424983077231,অনেক ভালো জেরকমদেখেছিলাম তেমনি ই পেয়েছি সাউন কলিটি ওনেকভালো পাচ্ছি|ডেলিবারি এতোতারাতারি দিবে ভাবি ইনাই দন্নোবাত ছেলার ভাইকে🥰🥰🥰,অনেক ভালো জেরকমদেখেছিলাম তেমনি ই পেয়েছি সাউন কলিটি ওনেকভালো পাচ্ছি ডেলিবারি এতোতারাতারি দিবে ভাবি ইনাই দন্নোবাত ছেলার ভাইকে.,delivery_positive#product_quality_positive
1396,44536362177231,"এক কথায় অসাধারণ একটা টি ডাব্লিউ এস,,চার্জ ও,সাউন্ড কোযালিটি পারফেক্ট  মাত্র ৪ দিন হতে পেলাম সেলার ও ডেলিভারি ম্যান এর ব্যাবহার অনেক ভালো ছিলো সব থেকে বড় কথা ডেলিভারি ম্যান মিনিমাম ৩০ মিনিট অপেক্ষা করে সুন্দর ভাবে যত্ন সহকারে ডেলিভারি দিয়েছে প্যাকিং কোয়ালিটি অনেক সুন্দর ছিল চাইলে নিতে পারেন ধনবাদ ।","এক কথায় অসাধারণ একটা টি ডাব্লিউ এস,,চার্জ ও,সাউন্ড কোযালিটি পারফেক্ট মাত্র ৪ দিন হতে পেলাম সেলার ও ডেলিভারি ম্যান এর ব্যাবহার অনেক ভালো ছিলো সব থেকে বড় কথা ডেলিভারি ম্যান মিনিমাম ৩০ মিনিট অপেক্ষা করে সুন্দর ভাবে যত্ন সহকারে ডেলিভারি দিয়েছে প্যাকিং কোয়ালিটি অনেক সুন্দর ছিল চাইলে নিতে পারেন ধনবাদ.",delivery_positive#packaging_positive#product_quality_positive
1397,49023354477231,"আলহামদুলিল্লাহ, এরকম ডারাজ থেকে ভালো একটা জিনিস পাবো আমি নিজেও কলপনা করি নাই🤗
আমি ১মাস পর রিভিও দিচ্ছি,, একবার চার্জ দিলে ৪/৫মত চলে আপনারা চাইলে নিতে পারেন, অনেক অনেক ভালো।
তারাতারি অর্ডার করেন","আলহামদুলিল্লাহ, এরকম ডারাজ থেকে ভালো একটা জিনিস পাবো আমি নিজেও কলপনা করি নাই আমি ১মাস পর রিভিও দিচ্ছি,, একবার চার্জ দিলে ৪ ৫মত চলে আপনারা চাইলে নিতে পারেন, অনেক অনেক ভালো তারাতারি অর্ডার করেন.",product_quality_positive
1398,44839466877231,"ভাই এতো ভালো জিনিস আগে কোথাও পাইনি আমি।
আলহামদুলিল্লাহ ভালো লেগেছে। মার্কেট এ দাম ছিলো ১২০০ টাকা, দারাজ থেকে কিনলাম ৫৬৪ টাকা দিয়ে।
ধন্যবাদ দারাজ।
কিন্তু ভাই ডেলিভারি সার্ভিস খুব খারাপ ১০/১১ দিন পর হাতে পেলাম। ছি ছি এটা ভাবা যায় দারাজ এখন ঈভালি। হয়ে গেছে।","ভাই এতো ভালো জিনিস আগে কোথাও পাইনি আমি আলহামদুলিল্লাহ ভালো লেগেছে মার্কেট এ দাম ছিলো ১২০০ টাকা, দারাজ থেকে কিনলাম ৫৬৪ টাকা দিয়ে ধন্যবাদ দারাজ কিন্তু ভাই ডেলিভারি সার্ভিস খুব খারাপ ১০ ১১ দিন পর হাতে পেলাম ছি ছি এটা ভাবা যায় দারাজ এখন ঈভালি হয়ে গেছে.",delivery_negative#product_quality_positive
1399,44553885377231,"দাম অনুসারে ভালো আছে, সাউন্ড কোয়ালিটি ভালো যেকেউ চাইলে নিতে পারেন,সেলারকে ভাই কে ধন্যবাদ।","দাম অনুসারে ভালো আছে, সাউন্ড কোয়ালিটি ভালো যেকেউ চাইলে নিতে পারেন,সেলারকে ভাই কে ধন্যবাদ.",price_positive#product_quality_positive
1400,45385079977231,"যেমন চেয়েছি তার থেকেও ভালো পেয়েছি   । সাউন্ড কোয়ালিটি ও খুব সুন্দর। চার্জ কোয়ালিটি ও  ভালো 
থ্যাংক ইউ দারাজ। থ্যাংক ইউ ডেলিভারি বয় উনার ব্যবহার খুবই ভালো ছিল",যেমন চেয়েছি তার থেকেও ভালো পেয়েছি সাউন্ড কোয়ালিটি ও খুব সুন্দর চার্জ কোয়ালিটি ও ভালো থ্যাংক ইউ দারাজ থ্যাংক ইউ ডেলিভারি বয় উনার ব্যবহার খুবই ভালো ছিল.,delivery_positive#product_quality_positive
1401,44329341177231,মোটামুটি ভালো আছে আপনারা কিনতে পারেন আমি ২৫ দিন পরে Review দিলাম আলহামদুলিল্লাহ অনেক ভালো পেয়েছি ❤️❤️❤️❤️❤️,মোটামুটি ভালো আছে আপনারা কিনতে পারেন আমি ২৫ দিন পরে Review দিলাম আলহামদুলিল্লাহ অনেক ভালো পেয়েছি.,product_quality_positive
1402,44176735077231,যেমন পণ্য অর্ডার করেছিলাম আলহামদুলিল্লাহ তেমনটা পেয়েছি। এক মাস পর রিভিউ দিলাম। দারাজে এটাই আমার সর্বপ্রথম অর্ডার ❤️❤️,যেমন পণ্য অর্ডার করেছিলাম আলহামদুলিল্লাহ তেমনটা পেয়েছি এক মাস পর রিভিউ দিলাম দারাজে এটাই আমার সর্বপ্রথম অর্ডার.,product_quality_positive
1403,49534817877231,একদিনের মধ্যে প্রোডাক্ট ডেলিভারি দিয়ে গেছে। কিন্তু ডিসপ্লে লাইট নষ্ট। কেবল দিয়ে চার্জ দিলে তখন ডিসপ্লে জ্বলে। কেবল ছাড়া চার্জ দিলে ডিসপ্লে তখন অফ থাকে তখন আর লাইট আসে না। পাওয়ার ব্যাংকে যখন চার্জ দেওয়া হেডফোন ডিসপ্লে শো করে না।,একদিনের মধ্যে প্রোডাক্ট ডেলিভারি দিয়ে গেছে কিন্তু ডিসপ্লে লাইট নষ্ট কেবল দিয়ে চার্জ দিলে তখন ডিসপ্লে জ্বলে কেবল ছাড়া চার্জ দিলে ডিসপ্লে তখন অফ থাকে তখন আর লাইট আসে না পাওয়ার ব্যাংকে যখন চার্জ দেওয়া হেডফোন ডিসপ্লে শো করে না.,delivery_positive#product_quality_negative
1404,43996394777231,"পন্য তো ভালোই মনে হচ্ছে। ব্যবহার করতে করতে আরো ভালো বঝা সম্ভব। আপনারা চাইলে নিতে পারেন, আসা করি ঠকবেন না।কিন্তু আমার মতে সাউন্ড আরো বেশি হলে ভালো হতো!","পন্য তো ভালোই মনে হচ্ছে ব্যবহার করতে করতে আরো ভালো বঝা সম্ভব আপনারা চাইলে নিতে পারেন, আসা করি ঠকবেন না কিন্তু আমার মতে সাউন্ড আরো বেশি হলে ভালো হতো!",product_quality_positive
1405,44044817477231,ওসমানপুর ঘোড়াঘাট দিনাজপুর থেকে আমি এই পণ্যটি অর্ডার করেছিলাম আজকে পেলাম মাশাল্লাহ খুব ভালো আপনারা সবাই নিতে পারেন,ওসমানপুর ঘোড়াঘাট দিনাজপুর থেকে আমি এই পণ্যটি অর্ডার করেছিলাম আজকে পেলাম মাশাল্লাহ খুব ভালো আপনারা সবাই নিতে পারেন.,product_quality_positive
1406,44066175177231,"Amar sob theke valo legese atar update variant Type-C dekhe 🥰 Sob kisu thik thak ase ai dame ar theke aro valo kisu caoya ta bokami hobe🤭 tai Sob kisu miliye Alhamdulillah, charging backup o valo passi. thank you shop owner.","Amar sob theke valo legese atar update variant Type-C dekhe Sob kisu thik thak ase ai dame ar theke aro valo kisu caoya ta bokami hobe tai Sob kisu miliye Alhamdulillah, charging backup o valo passi. thank you shop owner.",price_positive#product_quality_positive
1407,49386365177231,"আলহামদুলিল্লাহ। 
Best Product... 
💜💜💜

সবকিছু চেক করেই রিভিউ দিচ্ছি। 

সাউণ্ড একদম ক্রিস্টাল ক্লিয়ার। 
এটা একই সাথে মাইক্রোফোনের কাজও করে। মোবাইল ১৫/২০ হাত দূরে রেখে জাস্ট এয়ার বাড কানে দিয়ে কথা বলেছি মোবাইল কলে, কোন ডিস্টরশন নাই।

এই প্রাইসে এত ভাল সার্ভিস, জাস্ট অ্যামাজিং।
আপনারা দ্ব্যর্থহীন ভাবে কিনতে পারেন এই প্রোডাক্টটি।

সেলার :  MOCHO-E,  ডেলিভারি ম্যান: Masud Rana এবং প্লাটফর্ম: Daraz কে অনেক ধন্যবাদ।

আল্লাহ আপনাদের ব্যবসায় বরকত দান করুক, আমীন।
 💚💚💚","আলহামদুলিল্লাহ Best Product.. সবকিছু চেক করেই রিভিউ দিচ্ছি সাউণ্ড একদম ক্রিস্টাল ক্লিয়ার এটা একই সাথে মাইক্রোফোনের কাজও করে মোবাইল ১৫ ২০ হাত দূরে রেখে জাস্ট এয়ার বাড কানে দিয়ে কথা বলেছি মোবাইল কলে, কোন ডিস্টরশন নাই এই প্রাইসে এত ভাল সার্ভিস, জাস্ট অ্যামাজিং আপনারা দ্ব্যর্থহীন ভাবে কিনতে পারেন এই প্রোডাক্টটি সেলার MOCHO-E, ডেলিভারি ম্যান Masud Rana এবং প্লাটফর্ম Daraz কে অনেক ধন্যবাদ আল্লাহ আপনাদের ব্যবসায় বরকত দান করুক, আমীন.",price_positive#product_quality_positive
1408,49329614277231,"আমি মোহাম্মাদ সোহান আমি শারিয়ত পুর থেকে কিনছিলাম 
দাম হিসেবে প্রোডাক্ট অনেক ভালো সবাই নিঃসন্দেহে নিতে পারেন প্রোডাক্টটি অনেক ভালো এবং আমি ৮ দিনের মধ্যেই পেয়েছি ডেলিভারি ম্যান ভাইকে অনেক ধন্যবাদ",আমি মোহাম্মাদ সোহান আমি শারিয়ত পুর থেকে কিনছিলাম দাম হিসেবে প্রোডাক্ট অনেক ভালো সবাই নিঃসন্দেহে নিতে পারেন প্রোডাক্টটি অনেক ভালো এবং আমি ৮ দিনের মধ্যেই পেয়েছি ডেলিভারি ম্যান ভাইকে অনেক ধন্যবাদ.,delivery_negative#price_positive#product_quality_positive
1409,43594064077231,"প্রোডাক্টটি আমি হাতে পাইছি ৬ দিন পর! দুইদিন ব্যবহার করলাম!
সাউন্ড কোয়ালিটি যথেষ্ট ভালো পেয়েছি! তবে বেজ তুলনামূলক কম পেয়েছি যা এই বাজেটে মানানসই আছে।
কানেক্টিং এবং পেইরিং নিয়ে কোনো সমস্যায় পড়তে হয়নি।
৪০০ টাকা বাজেটে এটি একদম ঠিকঠাকই আছে।
এবং এর ব্যাটারি ব্যাকআপ মোটামুটি সন্তুষ্ট করার মত দেখছি।
বাডস গুলো প্রতি চার্জে ২-৩ ঘন্টা চালানো যাচ্ছিলো তবে সাউন্ড কম করে শুনলে ৩ ঘন্টা + ব্যাকআপ পাওয়া যাচ্ছিলো।
এবং কেস এর ব্যাটারিও মোটামুটি ভালোই! একবার ফুল চার্জ দিয়ে বাডসগুলোকে ২ থেকে তিনবার চার্জ করা যায়।",প্রোডাক্টটি আমি হাতে পাইছি ৬ দিন পর! দুইদিন ব্যবহার করলাম! সাউন্ড কোয়ালিটি যথেষ্ট ভালো পেয়েছি! তবে বেজ তুলনামূলক কম পেয়েছি যা এই বাজেটে মানানসই আছে কানেক্টিং এবং পেইরিং নিয়ে কোনো সমস্যায় পড়তে হয়নি ৪০০ টাকা বাজেটে এটি একদম ঠিকঠাকই আছে এবং এর ব্যাটারি ব্যাকআপ মোটামুটি সন্তুষ্ট করার মত দেখছি বাডস গুলো প্রতি চার্জে ২-৩ ঘন্টা চালানো যাচ্ছিলো তবে সাউন্ড কম করে শুনলে ৩ ঘন্টা ব্যাকআপ পাওয়া যাচ্ছিলো এবং কেস এর ব্যাটারিও মোটামুটি ভালোই! একবার ফুল চার্জ দিয়ে বাডসগুলোকে ২ থেকে তিনবার চার্জ করা যায়.,delivery_negative#price_neutral#product_quality_neutral
1410,43631525277231,emne te eita valoi.. sound quality motamoti.. but jei charger deya hoise oita diye charge ney na.. phone er type C charger diye charge ney..,emne te eita valoi.. sound quality motamoti.. but jei charger deya hoise oita diye charge ney na.. phone er type C charger diye charge ney..,product_quality_positive
1411,43638202577231,৫দিন পরে পেয়েছি। আশানুরূপ একটু দেরি মনে হইছে।  Mocho নামে অর্ডার করেছিলাম কিন্ত যেটা পেয়েছি তাতে     কোথাও Mocho লেখা নেই। তবে যেটা পেয়েছি সেটা একেবারে খারাপ নয়।মোটামুটি চলবে।চার্জ ৪/৫ঘন্টা যাচ্ছে। কিন্তু বেজটা কম মনে হচ্ছে। ডেলিভারি ম্যান খুব  তাড়াহুড়ো করছিল।এসব বিষয়গুলো নজর দিলে বেশি ভালো হতো।যেহেতু দারাজ একটি স্বনামধন্য প্রতিষ্ঠান।,৫দিন পরে পেয়েছি আশানুরূপ একটু দেরি মনে হইছে Mocho নামে অর্ডার করেছিলাম কিন্ত যেটা পেয়েছি তাতে কোথাও Mocho লেখা নেই তবে যেটা পেয়েছি সেটা একেবারে খারাপ নয় মোটামুটি চলবে চার্জ ৪ ৫ঘন্টা যাচ্ছে কিন্তু বেজটা কম মনে হচ্ছে ডেলিভারি ম্যান খুব তাড়াহুড়ো করছিল এসব বিষয়গুলো নজর দিলে বেশি ভালো হতো যেহেতু দারাজ একটি স্বনামধন্য প্রতিষ্ঠান.,delivery_negative#product_quality_neutral
1412,43589488877231,"আলহামদুলিল্লাহ অনেক ভালো একটা প্রোডাক্ট, খুব তাড়াতাড়ি  ডেলিভারি পেয়েছি, প্যাকেজিং টা অনেক ভালো ছিল, ডেলিভারি বয় এর ব্যবহারটা অনেক ভাল ছিল, এটা সাউন্ড সিস্টেম টা অনেক অনেক ভালো, চার্জিং ব্যাকআপ গান শুনলে একটানা ৪-৫ ঘন্টা যায়। আপনার নিঃসন্দেহে এ প্রোডাক্ট নিতে পারেন।","আলহামদুলিল্লাহ অনেক ভালো একটা প্রোডাক্ট, খুব তাড়াতাড়ি ডেলিভারি পেয়েছি, প্যাকেজিং টা অনেক ভালো ছিল, ডেলিভারি বয় এর ব্যবহারটা অনেক ভাল ছিল, এটা সাউন্ড সিস্টেম টা অনেক অনেক ভালো, চার্জিং ব্যাকআপ গান শুনলে একটানা ৪-৫ ঘন্টা যায় আপনার নিঃসন্দেহে এ প্রোডাক্ট নিতে পারেন.",delivery_positive#packaging_positive#product_quality_positive
1413,44958092277231,আলহামদুলিল্লাহ অনেক ধন্যবাদ দারাজ কে ভালো একটা হেডপোন দেওয়ার জন্য।,আলহামদুলিল্লাহ অনেক ধন্যবাদ দারাজ কে ভালো একটা হেডপোন দেওয়ার জন্য.,product_quality_positive
1414,44175245377231,Vai nittrelly osthir akta Mal 🥰 thank you mocho 🥰 onk vlo akta product sobai saile kinta parben chok bondho korei 🥰 4 din a delivery paisi sobar beboher onk vlo 😘 product tao osthir 1 ta 3 ghonta nirdhidai solbe taile 2 ta 3+3=6 ghonta solbe ar onk vloi sound otirikto 🥰 dam onujayi onk vlo 😘🥰 onk vlo lagse product ta osthir purai kinta paren sobai tnks bro 😘🥰,Vai nittrelly osthir akta Mal thank you mocho onk vlo akta product sobai saile kinta parben chok bondho korei 4 din a delivery paisi sobar beboher onk vlo product tao osthir 1 ta 3 ghonta nirdhidai solbe taile 2 ta 3 3 6 ghonta solbe ar onk vloi sound otirikto dam onujayi onk vlo onk vlo lagse product ta osthir purai kinta paren sobai tnks bro.,delivery_positive#price_positive#product_quality_positive
1415,44156586777231,"১১,১১ এর অফারে সব ডিসকাউন্ট মিলিয়ে ২৬০সামথিং খরচ পড়েছে এই দামের মধ্যে বেস্ট বলা যায় ১মাস ব্যাবহার করে রিভিউ দিচ্ছি খুবই অল্প সময়ে চার্জ হয়ে যায়। আমি ১ দিনে ৭/৮ঘন্টা ব্যাবহার করি ১ বার চার্জ দিয়েই ধন্যবাদ সেলার কে এবং দারাজ কে সুন্দর এই প্রোডাক্টির জন্য❤️","১১,১১ এর অফারে সব ডিসকাউন্ট মিলিয়ে ২৬০সামথিং খরচ পড়েছে এই দামের মধ্যে বেস্ট বলা যায় ১মাস ব্যাবহার করে রিভিউ দিচ্ছি খুবই অল্প সময়ে চার্জ হয়ে যায় আমি ১ দিনে ৭ ৮ঘন্টা ব্যাবহার করি ১ বার চার্জ দিয়েই ধন্যবাদ সেলার কে এবং দারাজ কে সুন্দর এই প্রোডাক্টির জন্য.",price_positive#product_quality_positive
1416,43647303177231,Alhamdulillah.....onek Valo lagse ....jaita odar koreselam ....tube bam kaner ta akto problem hoise  kisota....tube tamon akta na...a dame tik ase....tarpro o daraz ke thnx.......🥰❣️......allah ai vabe Manus ke aro base kore seba korar tawfek Dan kurok.....Amin....💐❣️🫠........,Alhamdulillah..onek Valo lagse ..jaita odar koreselam ..tube bam kaner ta akto problem hoise kisota..tube tamon akta na..a dame tik ase..tarpro o daraz ke thnx.. ..allah ai vabe Manus ke aro base kore seba korar tawfek Dan kurok..Amin.. ..,price_neutral#product_quality_positive
1417,43489917977231,ভালো প্রোডাক্ট। ব্যাটারি বেকআপ থেকে সাউন্ড কোয়ালিটি সব দিকেই ভালো পারফরম্যান্স।  ৭ দিন পর রিভিউ দিচ্ছি ব্যাবহারের পর। যেটা দেখানো হয়েছে ওইটাই দেয়া হয়েছে।,ভালো প্রোডাক্ট ব্যাটারি বেকআপ থেকে সাউন্ড কোয়ালিটি সব দিকেই ভালো পারফরম্যান্স ৭ দিন পর রিভিউ দিচ্ছি ব্যাবহারের পর যেটা দেখানো হয়েছে ওইটাই দেয়া হয়েছে.,product_quality_positive
1418,43352044877231,"দাম অনুযায়ী প্রোডাক্ট এর মান খুবই ভাল ছিল। 
ডেলিভারি ও খুব অল্প সময় পেয়েছি। তবে চার্জ একবারে জিরো লেভেল ছিল চালু হচ্ছিল না। এখন কোন সমস্যা নাই আপনারা চাইলে নিতে পারেন।",দাম অনুযায়ী প্রোডাক্ট এর মান খুবই ভাল ছিল ডেলিভারি ও খুব অল্প সময় পেয়েছি তবে চার্জ একবারে জিরো লেভেল ছিল চালু হচ্ছিল না এখন কোন সমস্যা নাই আপনারা চাইলে নিতে পারেন.,delivery_positive#price_positive#product_quality_positive
1419,43657144577231,"আলহামদুলিল্লাহ ভালো  যেমন টা চেয়ে ছিলাম তেমন টাই পেয়েছি 

ডেলিভারি ম্যান ভাইয়া টাও  ভালো ছিল",আলহামদুলিল্লাহ ভালো যেমন টা চেয়ে ছিলাম তেমন টাই পেয়েছি ডেলিভারি ম্যান ভাইয়া টাও ভালো ছিল.,delivery_positive#product_quality_positive
1420,43490874777231,"এক কথায় অসাধারণ 🥀
যেমন টা চেয়েছি তেমনটাই পেয়েছি 🫨
চার্জ ও খুব ভালো থাকে🫡
১ টা দিয়ে গান শুনে ৪ ঘন্টা চার্জ ব্যকাপ পাইছি 😌 ১+১=৮ঘন্টা চার্জ পাবেন✌️
Box এক বার ফুল চার্জ করে ৪ বার ফুল চার্জ দিতে পেরেছি 🫡
সাউন্ড কোয়ালিটি ও অবিশ্বাস্য 🫨🥀
অর্ডার দেওয়ার ৯ দিন পর পেয়েছি 🤕
ও আর এক কথা যদি কেও এটা নেন ঠকবেন না আশা করি 😌
ধন্যবাদ সেলার এই দামে এতো সুন্দর একটি প্রডাক্ট দেওয়ার জন্য✌️
বি :দ্র:- ৪ দিন   ব্যাবহার করার পর দিচ্ছে রিভিউ 🤧",এক কথায় অসাধারণ যেমন টা চেয়েছি তেমনটাই পেয়েছি চার্জ ও খুব ভালো থাকে ১ টা দিয়ে গান শুনে ৪ ঘন্টা চার্জ ব্যকাপ পাইছি ১ ১ ৮ঘন্টা চার্জ পাবেন Box এক বার ফুল চার্জ করে ৪ বার ফুল চার্জ দিতে পেরেছি সাউন্ড কোয়ালিটি ও অবিশ্বাস্য অর্ডার দেওয়ার ৯ দিন পর পেয়েছি ও আর এক কথা যদি কেও এটা নেন ঠকবেন না আশা করি ধন্যবাদ সেলার এই দামে এতো সুন্দর একটি প্রডাক্ট দেওয়ার জন্য বি দ্র - ৪ দিন ব্যাবহার করার পর দিচ্ছে রিভিউ.,delivery_negative#price_positive#product_quality_positive
1421,42901104677231,"৩৩৯ টাকায় M10 এক কথায় অসাধারণ।
সাউন্ড কোয়ালিটি ও মারাত্মক 💯💯
সেলার + দারাজ বাংলাদেশ কে ধন্যবাদ এতো ভালো প্রোডাক্ট দেয়ার জন্য।",৩৩৯ টাকায় M10 এক কথায় অসাধারণ সাউন্ড কোয়ালিটি ও মারাত্মক সেলার দারাজ বাংলাদেশ কে ধন্যবাদ এতো ভালো প্রোডাক্ট দেয়ার জন্য.,product_quality_positive
1422,44246744577231,khub sundor product ta.. fast delivery..  thanks daraz.. sobai nite paren..❤️,khub sundor product ta.. fast delivery.. thanks daraz.. sobai nite paren..,delivery_positive#product_quality_positive
1423,43226347077231,"অনেক ভালো। যে রকম দেখেছিলাম তেমন ই পেয়েছি। সাউন্ড কোয়ালিটি ও অনেক ভালো পাচ্ছি। ডেলিভারি এত তাড়াতাড়ি দিবে ভাবি ই নাই। অনেকক্ষণ ধরেই বাজাচ্ছি , চার্জ মনে হয় ভালই থাকবে। অনেকে রিভিউ দিয়েছেন 2 টা একসাথে বাজে না। সবার মোবাইলে Mono Audio নামে একটা সেটিংস আছে। সেটা অন করে দিবেন + Left / Right bar টা মিডল এ রাখবেন। 2 টা একসাথে বাজবে। ধন্যবাদ সেলার ভাই কে।","অনেক ভালো যে রকম দেখেছিলাম তেমন ই পেয়েছি সাউন্ড কোয়ালিটি ও অনেক ভালো পাচ্ছি ডেলিভারি এত তাড়াতাড়ি দিবে ভাবি ই নাই অনেকক্ষণ ধরেই বাজাচ্ছি , চার্জ মনে হয় ভালই থাকবে অনেকে রিভিউ দিয়েছেন 2 টা একসাথে বাজে না সবার মোবাইলে Mono Audio নামে একটা সেটিংস আছে সেটা অন করে দিবেন Left Right bar টা মিডল এ রাখবেন 2 টা একসাথে বাজবে ধন্যবাদ সেলার ভাই কে.",delivery_positive#product_quality_positive
1424,49640373977231,আলহামদুলিল্লাহ খুব ভালো প্রোডাক্ট। M10 এর অরজিনালটাই পেয়েছি। অসংখ্য ধন্যবাদ।,আলহামদুলিল্লাহ খুব ভালো প্রোডাক্ট M10 এর অরজিনালটাই পেয়েছি অসংখ্য ধন্যবাদ.,product_quality_positive
1425,42700557377231,"বাজেট বিবেচনায় এর চেয়ে বেটার কিছু হতে পারে না। যাদের বাজেট কম, তারা নির্দ্ধিধায় অর্ডার প্লেস করতে পারেন। সাউন্ড মোটামুটি...  ভালো অডিও প্লেয়ার হলে আর Equalizer নিজের পছন্দমতো কাস্টমাইজড করে নিতে পারলে বেটার অডিও এক্সপেরিয়েন্স পাবেন। বাডসগুলো খুব একটা সুবিধার নাহ... কমফোর্ট ফিল করতে অন্য TWS বা Earphone এর বাডস ব্যবহার করা প্রাথমিক দায়িত্ব।
ব্যাটারি ব্যাক-আপ নিয়ে অভিযোগের সুযোগ নেই। দাম বিবেচনায় 'Shut up and Take my money' ডিল!","বাজেট বিবেচনায় এর চেয়ে বেটার কিছু হতে পারে না যাদের বাজেট কম, তারা নির্দ্ধিধায় অর্ডার প্লেস করতে পারেন সাউন্ড মোটামুটি.. ভালো অডিও প্লেয়ার হলে আর Equalizer নিজের পছন্দমতো কাস্টমাইজড করে নিতে পারলে বেটার অডিও এক্সপেরিয়েন্স পাবেন বাডসগুলো খুব একটা সুবিধার নাহ.. কমফোর্ট ফিল করতে অন্য TWS বা Earphone এর বাডস ব্যবহার করা প্রাথমিক দায়িত্ব ব্যাটারি ব্যাক-আপ নিয়ে অভিযোগের সুযোগ নেই দাম বিবেচনায় 'Shut up and Take my money' ডিল!",price_positive#product_quality_positive
1426,44410967877231,এটার ভিতর আমি ৯০% ভালো পেয়েছি তো আপনারা কিনতে পারেন এটা খুব ভালো,এটার ভিতর আমি ৯০ ভালো পেয়েছি তো আপনারা কিনতে পারেন এটা খুব ভালো.,product_quality_positive
1427,49056614677231,"""চাইলাম M10 
""পাইলাম TWS.....? 
ব্লুটুথ  এর লেখা আসে TWS
এখানে লেখা আশার কথা M10
#এর মানে বলে যাবেন...?
#জিনিস হাতে পাইছি অতি তারাতারি 
#ভাইয়া অনেক ভালো 
#১দিন ব্যবহার করছি মোটামোটি ভালো","""চাইলাম M10 ""পাইলাম TWS..? ব্লুটুথ এর লেখা আসে TWS এখানে লেখা আশার কথা M10 এর মানে বলে যাবেন..? জিনিস হাতে পাইছি অতি তারাতারি ভাইয়া অনেক ভালো ১দিন ব্যবহার করছি মোটামোটি ভালো.",seller_service_positive#delivery_positive#product_quality_neutral
1428,42279527977231,"যেমন আসা করেছি তার থেকে ভালো হইছে আমি আসা করি নি এতো কম দামে এতো ভালো  প্রোডাক্টস পাব 
থ্যাংক ইউ দারাজ 
থ্যাংক ইউ ডেলিভারি বয় ডেলিভারি ভাইটাও ভালো ছিল 
এক কথায় অসাধারণ একটা প্রোডাক্ট 
আপনারা চাইলেও নিতে পারেন এত কম দামে এত একটা ভালো প্রোডাকশনে আশা করিনি",যেমন আসা করেছি তার থেকে ভালো হইছে আমি আসা করি নি এতো কম দামে এতো ভালো প্রোডাক্টস পাব থ্যাংক ইউ দারাজ থ্যাংক ইউ ডেলিভারি বয় ডেলিভারি ভাইটাও ভালো ছিল এক কথায় অসাধারণ একটা প্রোডাক্ট আপনারা চাইলেও নিতে পারেন এত কম দামে এত একটা ভালো প্রোডাকশনে আশা করিনি.,delivery_positive#price_positive#product_quality_positive
1429,42442842877231,"Alhamdulillah,  2 days ER moddhe delivery peye gechi . Mashallah sound quality Tao valo. Apnara chaile nite parenn!","Alhamdulillah, 2 days ER moddhe delivery peye gechi . Mashallah sound quality Tao valo. Apnara chaile nite parenn!",delivery_positive#product_quality_positive
1430,44267991177231,alhamdulillah onek vlo. tobe j companyr tws order korc ta dey nai....,alhamdulillah onek vlo. tobe j companyr tws order korc ta dey nai..,product_quality_positive
1431,42904304277231,"ডেলিভারি ডেটের আগেই পেয়েছি। পণ্যটি পাওয়ার পরেই চাক করে দেখলাম এক কানেরটা চলে আরেক কানেরটা চলে না। একটু পর আবার চেক করে দেখলাম এবার অন্যটা চলে আগেরটা চলে না। পরে বাসায় এসে চার্জ দেওয়ার পর দেখি অসম্ভব লেভেলের সাউন্ড, টাচ কুয়ালিটি। একদম অরিজিনালটার মতো। এত কম দামে এই পণ্যটি খুব ভালো। আসল্টা কিনতে হলে অবশ্যই হাজার টাকা খরচ করতে হবে। কিন্তু তা না করে এটা কিনলে অবশ্যই আপনি জিতবেন। কিনে দেখেন ইনশাআল্লাহ ভালো লাগবে।❤️❤️","ডেলিভারি ডেটের আগেই পেয়েছি পণ্যটি পাওয়ার পরেই চাক করে দেখলাম এক কানেরটা চলে আরেক কানেরটা চলে না একটু পর আবার চেক করে দেখলাম এবার অন্যটা চলে আগেরটা চলে না পরে বাসায় এসে চার্জ দেওয়ার পর দেখি অসম্ভব লেভেলের সাউন্ড, টাচ কুয়ালিটি একদম অরিজিনালটার মতো এত কম দামে এই পণ্যটি খুব ভালো আসল্টা কিনতে হলে অবশ্যই হাজার টাকা খরচ করতে হবে কিন্তু তা না করে এটা কিনলে অবশ্যই আপনি জিতবেন কিনে দেখেন ইনশাআল্লাহ ভালো লাগবে.",delivery_positive#price_positive
1432,47417935677231,Rt দিয়ে ব্যবহার করতে পারি ১ঘন্টা আর  Lt দিয়ে ব্যবহার করতে পারি ২ঘন্টা Rt এবং Lt দু'টি যদি একই সময় ব্যবহার করা যেত তবে ভাল হত। ১ মাস ব্যবহার করার পর রিভিউ দিলাম। তবে ভালো আপনারা নিতে পারেন,Rt দিয়ে ব্যবহার করতে পারি ১ঘন্টা আর Lt দিয়ে ব্যবহার করতে পারি ২ঘন্টা Rt এবং Lt দু'টি যদি একই সময় ব্যবহার করা যেত তবে ভাল হত ১ মাস ব্যবহার করার পর রিভিউ দিলাম তবে ভালো আপনারা নিতে পারেন.,product_quality_positive
1433,48864962777231,"ডেলিভারি মেন খুব ভালো ছিলো, আর জিনিটটা মোটামুটি ভালো ১০/০৭ দেওয়া চলে।ডান কানের টা চার্জের একটু পল্বেম মনে হয়।","ডেলিভারি মেন খুব ভালো ছিলো, আর জিনিটটা মোটামুটি ভালো ১০ ০৭ দেওয়া চলে ডান কানের টা চার্জের একটু পল্বেম মনে হয়.",delivery_positive#product_quality_positive
1434,48919351277231,"vai apnara chaile nite paren kom takar bitor best,but somossa hosse eta diye apnara game kelte parben na ar magnetic aktu karap kinto dam onujai tik ase btw valoi","vai apnara chaile nite paren kom takar bitor best,but somossa hosse eta diye apnara game kelte parben na ar magnetic aktu karap kinto dam onujai tik ase btw valoi.",price_positive#product_quality_positive
1435,48960603277231,এই প্রোডাক্টা মনে হয় কেউ রিটার্ন দিয়েছে তা আমাকে দিয়ে দিয়েছে আবার এইটার একটা বাজে আরেকটা বজে না 🥵🥵,এই প্রোডাক্টা মনে হয় কেউ রিটার্ন দিয়েছে তা আমাকে দিয়ে দিয়েছে আবার এইটার একটা বাজে আরেকটা বজে না.,product_quality_negative
1436,42584195077231,ajke received korlam onk sundor 2 ta earbuds i thik ase. sellers onk valo.onk agei delivery diyese,ajke received korlam onk sundor 2 ta earbuds i thik ase. sellers onk valo.onk agei delivery diyese.,seller_service_positive#delivery_positive#product_quality_positive
1437,42232572277231,"আমি যখন এই পণ্যটি প্রথম Order করেছিলাম, তা আমাকে খারাপ দেওয়া হয়েছিল। তারপর আমি সাথে সাথে তাদের সাথে যোগাযোগ করি এবং তারা এক থেকে দুই দিনের মাথায় আমার পণ্যটি চেঞ্জ করে দেয় এবং পণ্যটি অনেক ভালো আমি এখন ইউজ করতেছি এবং অনেকদিন পর রিভিউ দিচ্ছি।","আমি যখন এই পণ্যটি প্রথম Order করেছিলাম, তা আমাকে খারাপ দেওয়া হয়েছিল তারপর আমি সাথে সাথে তাদের সাথে যোগাযোগ করি এবং তারা এক থেকে দুই দিনের মাথায় আমার পণ্যটি চেঞ্জ করে দেয় এবং পণ্যটি অনেক ভালো আমি এখন ইউজ করতেছি এবং অনেকদিন পর রিভিউ দিচ্ছি.",product_quality_positive
1438,43789552677231,ALHAMDULILLAH AIRBUDS DELIVERY DATE ER 2DIN AGEEI PEYECHI. 🔥🔥EJONNO SELLER AND DARAZ K ONKK SHUKIRYA❤️❤️❤AIRBUDS SHOB THIK THAK BHABR PEYECHI❤️KONO SOMOSSAI HOINAI❤️SHOBAR JONNO EI AIRBUDS TI NEWAR JONNO RECOMMEND KORLAM🔥🔥🔥JUST EK KOTHAI BOLBO M10 🔥🔥🔥,ALHAMDULILLAH AIRBUDS DELIVERY DATE ER 2DIN AGEEI PEYECHI. EJONNO SELLER AND DARAZ K ONKK SHUKIRYA AIRBUDS SHOB THIK THAK BHABR PEYECHI KONO SOMOSSAI HOINAI SHOBAR JONNO EI AIRBUDS TI NEWAR JONNO RECOMMEND KORLAM JUST EK KOTHAI BOLBO M10.,delivery_positive#product_quality_positive
1439,44100006477231,Alhamdulillah product ta onek valo. kom takar vhitore valo product.,Alhamdulillah product ta onek valo. kom takar vhitore valo product.,price_positive#product_quality_positive
1440,48773400577231,"4 Tariq rate oder decelam ajke 6 Tariq product hate o peye gache alhumdulillah product ta onek Valo 
picture a jemon thik Temon e paiche 
sound quality o valo",4 Tariq rate oder decelam ajke 6 Tariq product hate o peye gache alhumdulillah product ta onek Valo picture a jemon thik Temon e paiche sound quality o valo.,delivery_positive#product_quality_positive
1441,48824789177231,8/10. Delivery 3 din e!. Sound kharap na kintu buds charging ektu loose ektu chaap dewa lage. Overall ok kono moote 1 year choluk,8 10. Delivery 3 din e!. Sound kharap na kintu buds charging ektu loose ektu chaap dewa lage. Overall ok kono moote 1 year choluk.,delivery_positive#product_quality_positive
1442,48776984877231,সবকিছু ঠিক আছে চাইলে আপনার নিতে পারেন ব্যাটারি ব্যাকআপ খুব ভালো শুধু পাওয়ার ব্যাংকের হুল ওটা কাজ করছে না আপনারে দেখেন কাজ করে কিনা চাইলে আপনার নিতে পারেন খুবই ভালো প্রোডাক্ট ধন্যবাদ ফাস্ট চার্জিং সুবিধা,সবকিছু ঠিক আছে চাইলে আপনার নিতে পারেন ব্যাটারি ব্যাকআপ খুব ভালো শুধু পাওয়ার ব্যাংকের হুল ওটা কাজ করছে না আপনারে দেখেন কাজ করে কিনা চাইলে আপনার নিতে পারেন খুবই ভালো প্রোডাক্ট ধন্যবাদ ফাস্ট চার্জিং সুবিধা.,product_quality_positive
1443,41941507977231,"আলহামদুলিল্লাহ খুব সুন্দর একটি প্রডাক্ট, ধন্যবাদ দারাজকে ধন্যবাদ সেলার এবং দারাজকে সঠিকভাবে পৌছানোর জন্য,আমি এটা ব্যবহার করেছি তাতে তিন থেকে সাড়ে তিন ঘন্টা চলেছে,দেখতে খুবই গর্জিয়াস,সাউন্ড সিস্টেম লাউড কিছুটা প্রিমিয়ার,কথা বলার সময় দুবার একটু ডিস্টার্ব হয়েছে যদি নেট প্রবলেমের কারনে।তাই ৫স্টার দিলাম,নিঃসন্দেহে কিনতে পারেন।","আলহামদুলিল্লাহ খুব সুন্দর একটি প্রডাক্ট, ধন্যবাদ দারাজকে ধন্যবাদ সেলার এবং দারাজকে সঠিকভাবে পৌছানোর জন্য,আমি এটা ব্যবহার করেছি তাতে তিন থেকে সাড়ে তিন ঘন্টা চলেছে,দেখতে খুবই গর্জিয়াস,সাউন্ড সিস্টেম লাউড কিছুটা প্রিমিয়ার,কথা বলার সময় দুবার একটু ডিস্টার্ব হয়েছে যদি নেট প্রবলেমের কারনে তাই ৫স্টার দিলাম,নিঃসন্দেহে কিনতে পারেন.",product_quality_positive
1444,48898277577231,ডেলিভারি ম্যান খুব ভালো ছিলো আমি ছিলামনা সে আমার জন্য অনেক সময় ওয়েট করছে ব্যবহার খুবই ভালো,ডেলিভারি ম্যান খুব ভালো ছিলো আমি ছিলামনা সে আমার জন্য অনেক সময় ওয়েট করছে ব্যবহার খুবই ভালো.,delivery_positive
1445,48536705477231,সব কিছু খুবই সুন্দর কিন্তু আমার কাছে ভেলেভারি ফি টা একটু বেশি মনে হয়েছে...... বেশ ভালো একটা প্রোডাক্ট আপনারা চাইলে নিতে পারেন এই দামে....,সব কিছু খুবই সুন্দর কিন্তু আমার কাছে ভেলেভারি ফি টা একটু বেশি মনে হয়েছে.. বেশ ভালো একটা প্রোডাক্ট আপনারা চাইলে নিতে পারেন এই দামে..,delivery_negative#price_positive#product_quality_positive
1446,48577831777231,"দাম অনুযায়ী ভালোই পেয়েছি। এখনো তেমন কোনো সমস্যা হয় নি।তবে বাম পাশের টা ডান পাশের অপেক্ষায় সাউন্ডটা কম। আশা করি সমস্যা হবে না।নিচে সবকিছুর রেটিং দিলাম।
Delivery time-9/10
Delivery man-9/10
packaging-8/10
Sound quality-8/10(For song)
Bettery-8/10(Cage battery)",দাম অনুযায়ী ভালোই পেয়েছি এখনো তেমন কোনো সমস্যা হয় নি তবে বাম পাশের টা ডান পাশের অপেক্ষায় সাউন্ডটা কম আশা করি সমস্যা হবে না নিচে সবকিছুর রেটিং দিলাম Delivery time-9 10 Delivery man-9 10 packaging-8 10 Sound quality-8 10 For song Bettery-8 10 Cage battery.,delivery_positive#packaging_positive#price_positive#product_quality_positive
1447,41730301377231,"দুই দিন ব্যবহার করার পর রিভিউ দিলাম,,, আমার কাছে ভালো লেগেছে,, চার্জ ও ভালো যাই,,,দাম অনুযায়ী অনেক ভালো,, আপনারা নিতে পারেন 🥰❤️","দুই দিন ব্যবহার করার পর রিভিউ দিলাম,, আমার কাছে ভালো লেগেছে,, চার্জ ও ভালো যাই,,দাম অনুযায়ী অনেক ভালো,, আপনারা নিতে পারেন.",price_positive#product_quality_positive
1448,48473955277231,"আলহামদুলিল্লাহ ভালো earbuds। শুধুমাত্র চার্জিং এ আমি অসন্তুষ্ট।  সম্পূর্ণ চার্জ(১০০% এ) থেকে ৩ -৪ বার চার্জ করা যায়। Master copy so it is enough for me
সত্যি কথা বলতে গেলে এই দামে 9/10 Rating
ধন্যবাদ",আলহামদুলিল্লাহ ভালো earbuds শুধুমাত্র চার্জিং এ আমি অসন্তুষ্ট সম্পূর্ণ চার্জ ১০০ এ থেকে ৩ -৪ বার চার্জ করা যায় Master copy so it is enough for me সত্যি কথা বলতে গেলে এই দামে 9 10 Rating ধন্যবাদ.,price_positive#product_quality_positive
1449,43995698477231,দাম অনুযায়ী অনেক ভালো 🥰🥰 আপনারা চাইলে নিতে পারেন 🤍☘️,দাম অনুযায়ী অনেক ভালো আপনারা চাইলে নিতে পারেন.,price_positive#product_quality_positive
1450,42955038777231,"আজকেই পেলাম,,দেখে তো ভালো মনে হচ্ছে,দেখা যাক ব্যবহার করে কেমন যায়,০১৭৬০৩১৭৪৭৬","আজকেই পেলাম,,দেখে তো ভালো মনে হচ্ছে,দেখা যাক ব্যবহার করে কেমন যায়,০১৭৬০৩১৭৪৭৬.",product_quality_positive
1451,44536961477231,valo product 10 maje 8.2 dilam,valo product 10 maje 8.2 dilam.,product_quality_positive
1452,48424259277231,"আলহামদুলিল্লাহ্‌ ভালোই পেয়েছি ,,
কিন্তু ডেলিভারির সময়টা দেরি হয় কেনো  ???
আর ৩ টা প্রডাক্ট অর্ডার করেছি
হাত ঘড়ি ১ টা মোবাইল এর ব্যাটারি ১ টা
আর ব্লুট্রুথ ৩ টা ,,
কিন্তু ব্লুট্রুথ পেয়েছি আর বাকিগুলো প্রডাক্টগুলো
আসেনি কেনো  ???","আলহামদুলিল্লাহ্ ভালোই পেয়েছি ,, কিন্তু ডেলিভারির সময়টা দেরি হয় কেনো ?? আর ৩ টা প্রডাক্ট অর্ডার করেছি হাত ঘড়ি ১ টা মোবাইল এর ব্যাটারি ১ টা আর ব্লুট্রুথ ৩ টা ,, কিন্তু ব্লুট্রুথ পেয়েছি আর বাকিগুলো প্রডাক্টগুলো আসেনি কেনো ??",delivery_negative#product_quality_positive
1453,41379272977231,"অস্থির একটা এয়ারবাডস প্রথমে ভাবসি ভালো হবেনা যখন হাতে পেয়ে চেক করলাম তখন পুরাই অবাক এই দামে এমন একটা ভালো জিনিস পাবো আশা করিনি ধন্যবাদ সেলার ভাই ও দারাজ কে,,,,,,","অস্থির একটা এয়ারবাডস প্রথমে ভাবসি ভালো হবেনা যখন হাতে পেয়ে চেক করলাম তখন পুরাই অবাক এই দামে এমন একটা ভালো জিনিস পাবো আশা করিনি ধন্যবাদ সেলার ভাই ও দারাজ কে,,.",price_positive#product_quality_positive
1454,41499102377231,"সব তো ঠিক ঠাক দেখলাম, এখন দেখার বিষয় চার্য কেমন টিকে, ভালো হলে তো ভালো, তবে নেওয়া যায়, আমার কাছে  ভালোই মনে হচ্ছে","সব তো ঠিক ঠাক দেখলাম, এখন দেখার বিষয় চার্য কেমন টিকে, ভালো হলে তো ভালো, তবে নেওয়া যায়, আমার কাছে ভালোই মনে হচ্ছে.",product_quality_positive
1455,41460177977231,অনেক সুন্দর একটি প্রডাক্ট।  ৭ দিন ব্যবহার এর পরে বলছি। একবার চার্জ করলে ৩.৫ ঘন্টা একটানা চলবে আর একবার ১০০% চার্জে ২ বার চার্জ করতে পারবেন। সেলার এবং ডেলিভারি ম্যানের ব্যবহার অনেক সুন্দর। কথা বলতে হয় একটু জোরে বাদবাকি সাউন্ড কোয়ালিটি থেকে শুরু করে সব কিছু সুন্দর। চাইলে নিতে পারেন একদম খারাপ নয়।,অনেক সুন্দর একটি প্রডাক্ট ৭ দিন ব্যবহার এর পরে বলছি একবার চার্জ করলে ৩.৫ ঘন্টা একটানা চলবে আর একবার ১০০ চার্জে ২ বার চার্জ করতে পারবেন সেলার এবং ডেলিভারি ম্যানের ব্যবহার অনেক সুন্দর কথা বলতে হয় একটু জোরে বাদবাকি সাউন্ড কোয়ালিটি থেকে শুরু করে সব কিছু সুন্দর চাইলে নিতে পারেন একদম খারাপ নয়.,delivery_positive#product_quality_positive
1456,42644733277231,"সবচেয়ে আসল কথা ডেলিভারি ম্যান খুবই ভালো অনেক অনেক ধন্যবাদ তিনি তার কর্তব্য পালন করেছেন।আর জিনিস টি অনেক ভালো, সাউন্ড অনেক টাই উত্তম।","সবচেয়ে আসল কথা ডেলিভারি ম্যান খুবই ভালো অনেক অনেক ধন্যবাদ তিনি তার কর্তব্য পালন করেছেন আর জিনিস টি অনেক ভালো, সাউন্ড অনেক টাই উত্তম.",delivery_positive#product_quality_positive
1457,43165697877231,"মোটামুটি ভালো। 
চার্জ একটু কম থাকে,তা না হলে সবকিছু পারফেক্ট 🥰","মোটামুটি ভালো চার্জ একটু কম থাকে,তা না হলে সবকিছু পারফেক্ট.",product_quality_neutral
1458,49620648177231,সঠিক পণ্যটি ডেলিভারি দেয়ার জন্য ধন্যবাদ। ❤️,সঠিক পণ্যটি ডেলিভারি দেয়ার জন্য ধন্যবাদ.,product_quality_positive
1459,41202580877231,"আলহামদুলিল্লাহ।
 যেমনটা আশা করেছিলাম  তার চেয়েও ভালো পেয়েছি।
দুইদিন ব্যবহারের পরে রিভিউ দিচ্ছি অসাধারণ সাউন্ড কোয়ালিটি এবং ব্যাটারি পারফরম্যান্স।
ধন্যবাদ সেলার ভাই কে এই দামে এত সুন্দর একটা প্রোডাক্ট দেওয়ার জন্য।",আলহামদুলিল্লাহ যেমনটা আশা করেছিলাম তার চেয়েও ভালো পেয়েছি দুইদিন ব্যবহারের পরে রিভিউ দিচ্ছি অসাধারণ সাউন্ড কোয়ালিটি এবং ব্যাটারি পারফরম্যান্স ধন্যবাদ সেলার ভাই কে এই দামে এত সুন্দর একটা প্রোডাক্ট দেওয়ার জন্য.,price_positive#product_quality_positive
1460,41360726677231,"producti shotti bolte value for money.eto kom dame order kore confused chilam kmon product dibe but alhamdulillah jothteso valo ei price a. 9th anniversaryte 40% voucher peye twsta order korechilam 244 takay jkhane ekta wire normal wire headphone kinteo 200-250 taka lege jay.

packaging o alhamdulillah jothetso valo chilo ❤❤",producti shotti bolte value for money.eto kom dame order kore confused chilam kmon product dibe but alhamdulillah jothteso valo ei price a. 9th anniversaryte 40 voucher peye twsta order korechilam 244 takay jkhane ekta wire normal wire headphone kinteo 200-250 taka lege jay. packaging o alhamdulillah jothetso valo chilo.,packaging_positive#price_positive#product_quality_positive
1461,43903758577231,Very nice. Jemon chaisi thik temon paisi.,Very nice. Jemon chaisi thik temon paisi.,product_quality_positive
1462,42614860277231,টিক যেমন টা চাইছি তেমনটা পাইছি আপনারা চাইলে নিতে পারেন😍😍😍,টিক যেমন টা চাইছি তেমনটা পাইছি আপনারা চাইলে নিতে পারেন.,product_quality_positive
1463,48098409577231,"2 মাস ব্যবহার করে রিভিউ  দিচ্ছি  অনেক  ভালো  প্রোডাক্ট এক চার্জে ৪/৫ ঘন্টা  ব্রেকআপ দিচ্ছে ধন্যবাদ  সেলার কে ও দারাজ কে এতো সুন্দর  প্রোডাক্ট দেওয়ার জন্য 
❤️❤️",2 মাস ব্যবহার করে রিভিউ দিচ্ছি অনেক ভালো প্রোডাক্ট এক চার্জে ৪ ৫ ঘন্টা ব্রেকআপ দিচ্ছে ধন্যবাদ সেলার কে ও দারাজ কে এতো সুন্দর প্রোডাক্ট দেওয়ার জন্য.,product_quality_positive
1464,41110963877231,"ভালোই,,, যেমন চেয়েছি তেমনই পাইছি.. but 
অনেক দেরি হলো প্রোডাক্ট টা হাতে পেতে  😐
Thanks DARAZ Team.","ভালোই,, যেমন চেয়েছি তেমনই পাইছি.. but অনেক দেরি হলো প্রোডাক্ট টা হাতে পেতে Thanks DARAZ Team.",delivery_negative#product_quality_positive
1465,49591398877231,ভালো ছিলো। এতো কম দামে।  ভালো প্রডাক্ট 😍।,ভালো ছিলো এতো কম দামে ভালো প্রডাক্ট.,price_positive#product_quality_positive
1466,41137654177231,"সাউন্ড ভালো, চার্জে ভালোই চলে,box দুই বারে মত চার্জ দেওয়া যায় অলঅভার সবাই নিতে পারেন সেলার ভাই ভালো ডেলিভারি ও তাৎক্ষণিক দিয়ে দিয়েছেন 😊","সাউন্ড ভালো, চার্জে ভালোই চলে,box দুই বারে মত চার্জ দেওয়া যায় অলঅভার সবাই নিতে পারেন সেলার ভাই ভালো ডেলিভারি ও তাৎক্ষণিক দিয়ে দিয়েছেন.",seller_service_positive#delivery_positive#product_quality_positive
1467,48926481777231,ভালই কিন্তু খুলে জায় এমনি এমনি আর চার্জার কট টা দিয়ে চার্জ হয় না  লুজ কালেকশন,ভালই কিন্তু খুলে জায় এমনি এমনি আর চার্জার কট টা দিয়ে চার্জ হয় না লুজ কালেকশন.,product_quality_positive
1468,48629690777231,jinish ta 370 takar jonno onek bhalo perfect condition.Thank you Daraz and seller bhaiya,jinish ta 370 takar jonno onek bhalo perfect condition.Thank you Daraz and seller bhaiya.,price_positive#product_quality_positive
1469,48084033577231,"i8 pro max এই প্রোডাক্টটি একদমই ভালো 
ami aita babohar koira onak moja paitasi 

 ☺️☺️☺️☺️😊😊😊😊😊😊😊😊😊😊😊😊",i8 pro max এই প্রোডাক্টটি একদমই ভালো ami aita babohar koira onak moja paitasi.,price_positive#product_quality_positive
1470,47972692577231,"Daraz থেকে অনেক কিছু নিয়েছি প্রথমবার রিভিউ দিলাম 

আলহামদুলিল্লাহ অনেক ভালো 🖤
২টা নিয়েছি  অনেক ভালো সার্ভিস দিতাছে সবাই নিতে পারেন",Daraz থেকে অনেক কিছু নিয়েছি প্রথমবার রিভিউ দিলাম আলহামদুলিল্লাহ অনেক ভালো ২টা নিয়েছি অনেক ভালো সার্ভিস দিতাছে সবাই নিতে পারেন.,product_quality_positive
1471,47950548077231,প্রথম এসাইনমেন্টে সবকিছুই ঠিকঠাক পেয়েছি। সেলার ও ভালো  সার্ভিস দিয়েছেন। সবসময়ই যদি এই ধারা অব‍্যাহত থাকে সেটাই সবার কাম‍্য।,প্রথম এসাইনমেন্টে সবকিছুই ঠিকঠাক পেয়েছি সেলার ও ভালো সার্ভিস দিয়েছেন সবসময়ই যদি এই ধারা অব ্যাহত থাকে সেটাই সবার কাম ্য.,seller_service_positive#product_quality_positive
1472,40610919677231,"অসংখ্য ধন্যবাদ সেলার ভাইকে কথা দিয়ে কথা রাখার জন্য। সেলার ভাইয়ের ব্যবহার ও অনেক সুন্দর । আমি মনে করি এই ভাইয়ের দোকান থেকে হেডফোন সহ যে কোনো পোডাক্ট কিনলে কেউ ঠকবেন না ""ইনশাআল্লাহ্ ""
দারাজ কেও অসংখ্য ধন্যবাদ পোডাক্টা সঠিক সময়ে হাতে পৌছানো ।","অসংখ্য ধন্যবাদ সেলার ভাইকে কথা দিয়ে কথা রাখার জন্য সেলার ভাইয়ের ব্যবহার ও অনেক সুন্দর আমি মনে করি এই ভাইয়ের দোকান থেকে হেডফোন সহ যে কোনো পোডাক্ট কিনলে কেউ ঠকবেন না ""ইনশাআল্লাহ্ "" দারাজ কেও অসংখ্য ধন্যবাদ পোডাক্টা সঠিক সময়ে হাতে পৌছানো.",seller_service_positive#delivery_positive#product_quality_positive
1473,40015011877231,কম টাকায় সুন্দর একটা পোডাক্ট। কোন প্রবলেম নেই।সেলার ভাই এর আন্তরিকতা খুবই সুন্দর। আশা করি কেউ প্রতারিত হবেন না।,কম টাকায় সুন্দর একটা পোডাক্ট কোন প্রবলেম নেই সেলার ভাই এর আন্তরিকতা খুবই সুন্দর আশা করি কেউ প্রতারিত হবেন না.,seller_service_positive#price_positive#product_quality_positive
1474,40093157677231,"২৬ তারিখে আসবার কথা ছিল, ২৫ তারিখে পেয়ে গেলাম। প্যাকেজ ভাল ছিল। প্রোডাক্ট হাতে পেয়ে এখন কানের মধ্যে আছে। বিট, সাউন্ড কোয়ালিটি টপ নচ। সেলার কে ধন্যবাদ।","২৬ তারিখে আসবার কথা ছিল, ২৫ তারিখে পেয়ে গেলাম প্যাকেজ ভাল ছিল প্রোডাক্ট হাতে পেয়ে এখন কানের মধ্যে আছে বিট, সাউন্ড কোয়ালিটি টপ নচ সেলার কে ধন্যবাদ.",delivery_positive#packaging_positive#product_quality_positive
1475,47932864777231,"ভাই কিচ্ছু বলার নাই
মাথা নষ্ট, এইরকম কম দামে খুবই ভালো একটা প্রোডাক্ট 
সাউন্ড কোয়ালিটির প্রশংসা না করে পারছি না
অসাধারণ বেস দেয়।
আশা করি অনেক দিন চলবে এইভাবেই চলবে
It's totally a value for money product 
1 Month pore abar ekta review dibo in sha allah
এইটার Longevity কেমন এইটাই এখন দেখার বিষয়!","ভাই কিচ্ছু বলার নাই মাথা নষ্ট, এইরকম কম দামে খুবই ভালো একটা প্রোডাক্ট সাউন্ড কোয়ালিটির প্রশংসা না করে পারছি না অসাধারণ বেস দেয় আশা করি অনেক দিন চলবে এইভাবেই চলবে It's totally a value for money product 1 Month pore abar ekta review dibo in sha allah এইটার Longevity কেমন এইটাই এখন দেখার বিষয়!",price_positive#product_quality_positive
1476,40820503277231,"প্রোডাক্ট খুবই ফাস্ট ডেলিভারি পাইছি, ২ দিন পর রিভিউ দিচ্ছি। এর আগে দেই নি কখনো রিভিউ! যদি প্রোডাক্ট টির কথা বলি এক কথায় অসাধারণ! ৩+hr ব্যাকাপ পাওয়া যায় পডস থেকে। আরো বেশি পাওয়া যায় ব্যাকাপ! আমি এখন পর্যন্ত টানা সর্বোচ্চ ৩ ঘণ্টা ব্যবহার করেছি তাও এনাফ চার্জ ছিলো। আর বক্স থেকে ও কমছে কম ৩-৪ বার চার্জ দেয়া যাবে অনায়াসে। আমি নিজেই দিয়েছি ৩ বার। এরপর ও চার্জ ছিলো বক্সে এনাফ। সব মিলিয়ে এই দামে খুবই ভালো প্রোডাক্ট। 
এবার বলি সাউন্ড কোয়ালিটি নিয়ে! এই প্রাইজে আপনাকে নিরাশ করবে না। জাস্ট ওয়াও! এখনো শুনছি!","প্রোডাক্ট খুবই ফাস্ট ডেলিভারি পাইছি, ২ দিন পর রিভিউ দিচ্ছি এর আগে দেই নি কখনো রিভিউ! যদি প্রোডাক্ট টির কথা বলি এক কথায় অসাধারণ! ৩ hr ব্যাকাপ পাওয়া যায় পডস থেকে আরো বেশি পাওয়া যায় ব্যাকাপ! আমি এখন পর্যন্ত টানা সর্বোচ্চ ৩ ঘণ্টা ব্যবহার করেছি তাও এনাফ চার্জ ছিলো আর বক্স থেকে ও কমছে কম ৩-৪ বার চার্জ দেয়া যাবে অনায়াসে আমি নিজেই দিয়েছি ৩ বার এরপর ও চার্জ ছিলো বক্সে এনাফ সব মিলিয়ে এই দামে খুবই ভালো প্রোডাক্ট এবার বলি সাউন্ড কোয়ালিটি নিয়ে! এই প্রাইজে আপনাকে নিরাশ করবে না জাস্ট ওয়াও! এখনো শুনছি!",delivery_positive#price_positive#product_quality_positive
1477,40402612477231,Alhamdulillah. যেমন আশা করেছিলাম ঠিক তেমনি পেয়েছি. আমি খুব খুশি হয়েছি কারন product টা এই দামে best হয়েছে. 406 টাকায় এর থেকে বেশি কিছু আশা করা যায়না. Seller ভাই ke ধন্যবাদ. Rider ভাই ও খুব ভালো ছিলো. Tnx Daraz,Alhamdulillah. যেমন আশা করেছিলাম ঠিক তেমনি পেয়েছি. আমি খুব খুশি হয়েছি কারন product টা এই দামে best হয়েছে. 406 টাকায় এর থেকে বেশি কিছু আশা করা যায়না. Seller ভাই ke ধন্যবাদ. Rider ভাই ও খুব ভালো ছিলো. Tnx Daraz.,delivery_positive#price_positive#product_quality_positive
1478,43405130577231,প্রোডাক্টটা খুবই ভালো যেমনটা চাইছি তেমনটাই পাইছি,প্রোডাক্টটা খুবই ভালো যেমনটা চাইছি তেমনটাই পাইছি.,product_quality_positive
1479,40366347277231,"রঞ্জু - 4  days ago





প্রথমে ধন্যবাদ সেলারকে,আমি এই পণ্যটা যেরকম দেখেছিলাম যা দেখে অর্ডার করেছিলাম ঠিক তেমনি পাইছি এবং সবকিছু ঠিকঠাক আছে আপনারা চাইলে এই পণ্যটা কিনতে পারে।","রঞ্জু - 4 days ago প্রথমে ধন্যবাদ সেলারকে,আমি এই পণ্যটা যেরকম দেখেছিলাম যা দেখে অর্ডার করেছিলাম ঠিক তেমনি পাইছি এবং সবকিছু ঠিকঠাক আছে আপনারা চাইলে এই পণ্যটা কিনতে পারে.",product_quality_positive
1480,48672874177231,অনেক ভালো একটা প্রোডাক্ট সব ঠিক আছে   ধন্যবাদ দারাজ কে ধন্যবাদ  সেলার কে,অনেক ভালো একটা প্রোডাক্ট সব ঠিক আছে ধন্যবাদ দারাজ কে ধন্যবাদ সেলার কে.,product_quality_positive
1481,40305954377231,"প্রথমে ধন্যবাদ সেলারকে,আমি এই পণ্যটা যেরকম দেখেছিলাম যা দেখে অর্ডার করেছিলাম ঠিক তেমনি পাইছি এবং সবকিছু ঠিকঠাক আছে আপনারা চাইলে এই পণ্যটা কিনতে পারে।","প্রথমে ধন্যবাদ সেলারকে,আমি এই পণ্যটা যেরকম দেখেছিলাম যা দেখে অর্ডার করেছিলাম ঠিক তেমনি পাইছি এবং সবকিছু ঠিকঠাক আছে আপনারা চাইলে এই পণ্যটা কিনতে পারে.",product_quality_positive
1482,47829156077231,"ব্যাকআপ টাইম ভালো আছে, সাউন্ড কোয়ালিটি কম্ফোর্টেবল, খুবই পছন্দ হয়েছে ধন্যবাদ দারাজ, সেলার এবং ডেলিভারি ম্যান","ব্যাকআপ টাইম ভালো আছে, সাউন্ড কোয়ালিটি কম্ফোর্টেবল, খুবই পছন্দ হয়েছে ধন্যবাদ দারাজ, সেলার এবং ডেলিভারি ম্যান.",product_quality_positive
1483,47736269477231,ধন্যবাদ দারাজকে এবং সেলারকে যেমনটা আশা করেছি তেমনটাই পেয়েছি ডেলিভারি ও অনেক তাড়াতাড়ি এসেছে তার জন্য ধন্যবাদ,ধন্যবাদ দারাজকে এবং সেলারকে যেমনটা আশা করেছি তেমনটাই পেয়েছি ডেলিভারি ও অনেক তাড়াতাড়ি এসেছে তার জন্য ধন্যবাদ.,delivery_positive#product_quality_positive
1484,40234173977231,"আলহামদুলিল্লাহ এত কম টাকার ভিতরে  এতো সুন্দর একটি প্রোডাক্ট ! ভালই বলা যায় এবং ডেলিভারির সময়ের আগেই হাতে পেয়ে গেছি আলহামদুলিল্লাহ 
আপনারা চাইলেও নিতে পারেন",আলহামদুলিল্লাহ এত কম টাকার ভিতরে এতো সুন্দর একটি প্রোডাক্ট ! ভালই বলা যায় এবং ডেলিভারির সময়ের আগেই হাতে পেয়ে গেছি আলহামদুলিল্লাহ আপনারা চাইলেও নিতে পারেন.,delivery_positive#price_positive#product_quality_positive
1485,47841428477231,"দুঃখের কথা কি বলবো, প্রুডাক্ট আনবক্স করার পর ডান কানেরটা সাথে সাথে অন হয়, কিন্তু বাম কানেরটা অফ - মানে অন- ই হয়না,,, নিজস্ব চেষ্টায় ব্যর্থ হয়ে পরে ইউটিউবে ২-৩ টা ভিডিও দেখে ফোনের সেটিংসটা ঠিক করলাম, এরপরে ২ টাই অন হলো,,,এবার আসল কথাই আসি, ২টা এয়ারবার্ডস যখন একসাথে অন করে কিছুক্ষণ ব্যবহার করলাম সাউন্ড কোয়ালিটি ছিল অসাধারণ,,, আর সবচেয়ে কোয়ালিফাই যেটা দেখলাম -- চার্জিং কোয়ালিটি এককথায় বেস্ট,, ২ টা এয়ারবার্ডস একসাথে আড়াই - তিন ঘন্টা ইউস করা যায় এবং ১০০% চার্জিং বক্সটির মধ্যে ৮-১০ বার চার্জ করা যায়।","দুঃখের কথা কি বলবো, প্রুডাক্ট আনবক্স করার পর ডান কানেরটা সাথে সাথে অন হয়, কিন্তু বাম কানেরটা অফ - মানে অন- ই হয়না,, নিজস্ব চেষ্টায় ব্যর্থ হয়ে পরে ইউটিউবে ২-৩ টা ভিডিও দেখে ফোনের সেটিংসটা ঠিক করলাম, এরপরে ২ টাই অন হলো,,এবার আসল কথাই আসি, ২টা এয়ারবার্ডস যখন একসাথে অন করে কিছুক্ষণ ব্যবহার করলাম সাউন্ড কোয়ালিটি ছিল অসাধারণ,, আর সবচেয়ে কোয়ালিফাই যেটা দেখলাম -- চার্জিং কোয়ালিটি এককথায় বেস্ট,, ২ টা এয়ারবার্ডস একসাথে আড়াই - তিন ঘন্টা ইউস করা যায় এবং ১০০ চার্জিং বক্সটির মধ্যে ৮-১০ বার চার্জ করা যায়.",product_quality_positive
1486,43092379777231,"খুব ভালো  জিনিস  💝💝💝💝
দামে কম মানে ভালো",খুব ভালো জিনিস দামে কম মানে ভালো.,price_positive#product_quality_positive
1487,41686261377231,"সাউন্ড কোয়ালিটি ৪৩৪৳ দাম হিসেবে ঠিক আছে,ধন্যবাদ সেলারকে, আপনারা নিতে পারেন,","সাউন্ড কোয়ালিটি ৪৩৪৳ দাম হিসেবে ঠিক আছে,ধন্যবাদ সেলারকে, আপনারা নিতে পারেন,.",price_neutral#product_quality_neutral
1488,41310107077231,"ভালো নাহ,,একদম বাঝে প্রোডাক্ট ,,কথা শুনা যায় না
আমি এটা রিটার্ন দিতে চাই 
কিভাবে দিবো","ভালো নাহ,,একদম বাঝে প্রোডাক্ট ,,কথা শুনা যায় না আমি এটা রিটার্ন দিতে চাই কিভাবে দিবো.",product_quality_negative
1489,47642962777231,এই নিয়ে ৩য় বারের মতো নিলাম এইটা। আমার বোনদের জন্য। অনেক ভালো ব্লুটুথ। আমারটা দেড় বছর হয়েছে ব্যবহার করছি। অনেক ভালো ব্লুটুথ। ভালো সার্ভিস দিচ্ছে।,এই নিয়ে ৩য় বারের মতো নিলাম এইটা আমার বোনদের জন্য অনেক ভালো ব্লুটুথ আমারটা দেড় বছর হয়েছে ব্যবহার করছি অনেক ভালো ব্লুটুথ ভালো সার্ভিস দিচ্ছে.,product_quality_positive
1490,47538091777231,valo akta product .. onkk valo laglo.. price ta thik e ase product hisab a☺️☺️💖apnara cile nite paren.. r seller vaia tar babohar o valo chilo..sob kesu milai..good🤍🤍,valo akta product .. onkk valo laglo.. price ta thik e ase product hisab a apnara cile nite paren.. r seller vaia tar babohar o valo chilo..sob kesu milai..good.,seller_service_positive#price_positive#product_quality_positive
1491,47598370977231,খুব ভালো হয়েছে ❤️ সম্ভব হলে আপনারা নিতে পাড়েন খুব চমৎকার সার্ভিস আজই হাতে পেলাম। অসংখ্য ধন্যবাদ দারাজ এবং রিডেস্ক কে❤️❤️,খুব ভালো হয়েছে সম্ভব হলে আপনারা নিতে পাড়েন খুব চমৎকার সার্ভিস আজই হাতে পেলাম অসংখ্য ধন্যবাদ দারাজ এবং রিডেস্ক কে.,product_quality_positive
1492,47728311577231,প্রডাক্টের গুনগত মান আলহামদুলিল্লাহ ভালো। আশা করি চারজিং কোয়ালিটি ও ভালো হবে। সব মিলিয়ে আলহামদুলিল্লাহ। আপনারাও নিতে পারেন।,প্রডাক্টের গুনগত মান আলহামদুলিল্লাহ ভালো আশা করি চারজিং কোয়ালিটি ও ভালো হবে সব মিলিয়ে আলহামদুলিল্লাহ আপনারাও নিতে পারেন.,product_quality_positive
1493,47609467477231,"অনেক সুন্দর একটি প্রোডাক্ট যা আপনাদের বলে বোঝাতে পারবো না,চার্জ ও অনেক সময় ধরে থাকে,আর সাউন্ড কোয়ালিটি ও অনেক সুন্দর,আর প্যাকেজিং ও ছিলো অনেক ভালো💖🤗

ধন্যবাদ ডেলিভারি ম্যান কে উনার ব্যাবহার ও অনেক সুন্দর💖","অনেক সুন্দর একটি প্রোডাক্ট যা আপনাদের বলে বোঝাতে পারবো না,চার্জ ও অনেক সময় ধরে থাকে,আর সাউন্ড কোয়ালিটি ও অনেক সুন্দর,আর প্যাকেজিং ও ছিলো অনেক ভালো ধন্যবাদ ডেলিভারি ম্যান কে উনার ব্যাবহার ও অনেক সুন্দর.",delivery_positive#packaging_positive#product_quality_positive
1494,47578905977231,"দাম হিসাবে যথেষ্ট ভালো একটা প্রোডাক্ট ❤️❤️ডেলিভারি ম্যান ভাইয়া টাও ভালো মনের মানুষ ❤️ব্যবহার খুবই ভালো! 
আপনারা চাইলে নিতে পারেন 
১০/৯",দাম হিসাবে যথেষ্ট ভালো একটা প্রোডাক্ট ডেলিভারি ম্যান ভাইয়া টাও ভালো মনের মানুষ ব্যবহার খুবই ভালো! আপনারা চাইলে নিতে পারেন ১০ ৯.,delivery_positive#price_positive#product_quality_positive
1495,47583684077231,"Mashallah Khubi Valo akta Product,Aj porjonto joto gula Jinis Oder Korci Daraz Thke Kubi Valo payachi , Insallah Asha Kori Next Time O valo pabo🌹🌹","Mashallah Khubi Valo akta Product,Aj porjonto joto gula Jinis Oder Korci Daraz Thke Kubi Valo payachi , Insallah Asha Kori Next Time O valo pabo.",product_quality_positive
1496,42777581977231,আলহামদুলিল্লাহ অনেক সুন্দর হয়েছে  ধন্যবাদ 💝💝💝,আলহামদুলিল্লাহ অনেক সুন্দর হয়েছে ধন্যবাদ.,product_quality_positive
1497,48368780777231,"ধন্যবাদ সেলারকে কম দামে ভালো একটা প্রোডাক্ট পেয়েছি,  শুভকামনা  দাড়াজ কে","ধন্যবাদ সেলারকে কম দামে ভালো একটা প্রোডাক্ট পেয়েছি, শুভকামনা দাড়াজ কে.",price_positive#product_quality_positive
1498,48142913977231,very good product . seller service o delivery service good . 5 out of 5 rating .,very good product . seller service o delivery service good . 5 out of 5 rating .,seller_service_positive#delivery_positive#product_quality_positive
1499,48158153777231,khub valo.seller onk valo.request korechilam taratari dite.3 din er moddhe peyechi,khub valo.seller onk valo.request korechilam taratari dite.3 din er moddhe peyechi.,seller_service_positive#delivery_positive#product_quality_positive
1500,47453522277231,"এত কম বাজে প্রোডাক্টটি অনেক ভালো,, প্রোডাক্টটি নিয়ে আমার অনেক ভালো লাগলো,, আপনারাও নিতে পারেন,, প্রোডাক্টটির পরামর্শ নিতে চাইলে আমাকে ইমুতে এসএমএস 
01876344705","এত কম বাজে প্রোডাক্টটি অনেক ভালো,, প্রোডাক্টটি নিয়ে আমার অনেক ভালো লাগলো,, আপনারাও নিতে পারেন,, প্রোডাক্টটির পরামর্শ নিতে চাইলে আমাকে ইমুতে এসএমএস 01876344705.",price_positive#product_quality_positive
1501,47470046577231,আলহামদুলিল্লাহ । খুব দ্রুত প্রোডাক্ট টা হাতে পেলাম। আর এক সপ্তাহ ব্যবহার করার পর রিভিউ দিলাম। সত্যিই খুবই কোয়ালিটিফুল প্রোডাক্ট। সাউন্ড কোয়ালিটিও মোটামুটি ভাল।,আলহামদুলিল্লাহ খুব দ্রুত প্রোডাক্ট টা হাতে পেলাম আর এক সপ্তাহ ব্যবহার করার পর রিভিউ দিলাম সত্যিই খুবই কোয়ালিটিফুল প্রোডাক্ট সাউন্ড কোয়ালিটিও মোটামুটি ভাল.,delivery_positive#product_quality_positive
1502,47759627777231,alhumdulliah product valo e but sound quality ato ta o valo na ar aktu sound hole valo hoto,alhumdulliah product valo e but sound quality ato ta o valo na ar aktu sound hole valo hoto.,product_quality_positive
1503,43161047277231,jemon chaichilam seirokom e paichi,jemon chaichilam seirokom e paichi.,product_quality_positive
1504,47759867977231,এতো কম দামে এতো ভালো প্রোডাক্ট আশা করিনি। অনেক ভালো প্রোডাক্ট। নি:সন্দেহে নিতে পারেন সবাই।,এতো কম দামে এতো ভালো প্রোডাক্ট আশা করিনি অনেক ভালো প্রোডাক্ট নি সন্দেহে নিতে পারেন সবাই.,price_positive#product_quality_positive
1505,47426066377231,৩১৭ টাকা দাম। দাম বিবেচনা করলে অনেক ভালো। বাজেট যদি একেবারেই টাইটথাকে তাহলে এটা নিতে পারেন এই বাজেটে এটা বেস্ট বলা যায়,৩১৭ টাকা দাম দাম বিবেচনা করলে অনেক ভালো বাজেট যদি একেবারেই টাইটথাকে তাহলে এটা নিতে পারেন এই বাজেটে এটা বেস্ট বলা যায়.,price_positive#product_quality_positive
1506,41201274377231,"আলহামদুলিল্লাহ অনেক ধন্যবাদ,,, অনেক কমে পেয়েছি সেলার কে অসংখ্য ধন্যবাদ।","আলহামদুলিল্লাহ অনেক ধন্যবাদ,, অনেক কমে পেয়েছি সেলার কে অসংখ্য ধন্যবাদ.",price_positive
1507,39926060477231,dam onu jai ay ponnoti onk valo tai ami sellar ke janai onk onk donnobad !!!❤️❤️❤️,dam onu jai ay ponnoti onk valo tai ami sellar ke janai onk onk donnobad !!,price_positive#product_quality_positive
1508,47600545077231,দাম হিসেবে প্রোডাক্ট এর কোয়ালিটি অসাধারণ। তাহলে যে কেউ নিতে পারেন। ডেলিভারসহ দাম ৩৫৫ টাকা পড়ছে।,দাম হিসেবে প্রোডাক্ট এর কোয়ালিটি অসাধারণ তাহলে যে কেউ নিতে পারেন ডেলিভারসহ দাম ৩৫৫ টাকা পড়ছে.,price_positive#product_quality_positive
1509,47319408277231,💜allhamdulilah onk Valo akta product ey earbuds🥰 🥰jemon sayci temon paici sound o onk valo thanks daraz k 🖤 apnara sayle nite paren☺️🤍,allhamdulilah onk Valo akta product ey earbuds jemon sayci temon paici sound o onk valo thanks daraz k apnara sayle nite paren.,product_quality_positive
1510,47283266777231,সেলোর কে ধন্যবাদ পণ্যটি খুব সুন্দর ভাবে আমি হাতে পেয়েছি তিনদিন পর রিভিউ দিলাম ব্যাটারি ব্যাকআপ টাও খুব সুন্দর এবং সাউন্ডটাও খুব স্মুথ সব মিলিয়ে অল্প টাকায় খুব ভালো একটা জিনিস,সেলোর কে ধন্যবাদ পণ্যটি খুব সুন্দর ভাবে আমি হাতে পেয়েছি তিনদিন পর রিভিউ দিলাম ব্যাটারি ব্যাকআপ টাও খুব সুন্দর এবং সাউন্ডটাও খুব স্মুথ সব মিলিয়ে অল্প টাকায় খুব ভালো একটা জিনিস.,price_positive#product_quality_positive
1511,47239426177231,দাম হিসেবে পণ্য খুবই ভালো। মাত্র দুই দিন হল ব্যবহার করছি ব্যাটারি ব্যাকআপ ভালোই। কয়দিন ভালো থাকবে দেখা যাক।,দাম হিসেবে পণ্য খুবই ভালো মাত্র দুই দিন হল ব্যবহার করছি ব্যাটারি ব্যাকআপ ভালোই কয়দিন ভালো থাকবে দেখা যাক.,product_quality_positive
1512,47328151477231,"Alhamdulillah product khub Valo mone hocce, delivery man khub Valo cilo, delivery man Rubel vi , thanks daraz","Alhamdulillah product khub Valo mone hocce, delivery man khub Valo cilo, delivery man Rubel vi , thanks daraz.",delivery_positive#product_quality_positive
1513,42367576677231,"price hisebe, thik thak. not bad.","price hisebe, thik thak. not bad.",price_neutral#product_quality_neutral
1514,42381010477231,motamote vlo apnara nete peren,motamote vlo apnara nete peren.,product_quality_neutral
1515,41582987777231,"হেডফোন ভালো আছে,, দাম টা একটু কম হইলে আরো ভালো হইতো","হেডফোন ভালো আছে,, দাম টা একটু কম হইলে আরো ভালো হইতো.",price_neutral#product_quality_positive
1516,41240957377231,"কম দামে অনেক ভালো জিনিস দিয়েছে। ধন্যবাদ দারাজ, সেলার, ডেলিভারি বয়","কম দামে অনেক ভালো জিনিস দিয়েছে ধন্যবাদ দারাজ, সেলার, ডেলিভারি বয়.",price_positive#product_quality_positive
1517,48121557777231,অনেক দিন ব্যবহার করে পরে রিভিউ দিলাম। ভালো প্রডাক্ট। নিতে পারেন।  আমি সন্তুষ্ট,অনেক দিন ব্যবহার করে পরে রিভিউ দিলাম ভালো প্রডাক্ট নিতে পারেন আমি সন্তুষ্ট.,product_quality_positive
1518,47820467777231,এই প্রথম আমি দারাজে ভালোমানের একটি প্রডাক্ট পেলাম ধন্যবাদ ডেলিভারি ম্যান ও সেলারকে,এই প্রথম আমি দারাজে ভালোমানের একটি প্রডাক্ট পেলাম ধন্যবাদ ডেলিভারি ম্যান ও সেলারকে.,product_quality_positive
1519,47407545077231,"আলহামদুলিল্লাহ ভালো পেয়েছি, কলেটি দাম অনুযায়ী ভালো ছিলো আলহামদুলিল্লাহ, আপনারাও চাইলে নিতে পারেন","আলহামদুলিল্লাহ ভালো পেয়েছি, কলেটি দাম অনুযায়ী ভালো ছিলো আলহামদুলিল্লাহ, আপনারাও চাইলে নিতে পারেন.",product_quality_positive
1520,47417879777231,khubi valo akta product amr to onek valo lagse 3 din use kore review dilam🥰🥰🥰🥰 thanks 🥰,khubi valo akta product amr to onek valo lagse 3 din use kore review dilam thanks.,product_quality_positive
1521,47107335577231,"Battery conditions is not very good... এটা বেশি সময় ধরে চার্জ করতে পারে না দ্রুত শেষ হয়ে যায়, ওইটা বাদে আর কোনো সমস্যা নাই, প্রডাক্ট এর মান খুব ভালো আছে।","Battery conditions is not very good.. এটা বেশি সময় ধরে চার্জ করতে পারে না দ্রুত শেষ হয়ে যায়, ওইটা বাদে আর কোনো সমস্যা নাই, প্রডাক্ট এর মান খুব ভালো আছে.",product_quality_positive
1522,47180496977231,"onk krap akta product🙂
ami sobar review deke order dilam but amr sathe amon Hobe seta vabi nai
charging a prblm charger pin duke na charge hoy na..trpor atar sound o problem vase dey na ulto alada akta sound kore..minute a 10,12% cole jay airbus charge a dile","onk krap akta product ami sobar review deke order dilam but amr sathe amon Hobe seta vabi nai charging a prblm charger pin duke na charge hoy na..trpor atar sound o problem vase dey na ulto alada akta sound kore..minute a 10,12 cole jay airbus charge a dile.",product_quality_negative
1523,47077716377231,প্রথম দিকে ২ ঘন্টার মত চলে।সাউন্ড মোটামুটি। ব্যাটারির গায়ে পন্য বিবরনি নেই।ব্যাটারি বেস বার বার চারজ দিতে হয়।যাদের কম দামে মোটামুটি সারভিস চায় তারা নিতে পারে। দাম আনুযায়ি ঠিকই আছে,প্রথম দিকে ২ ঘন্টার মত চলে সাউন্ড মোটামুটি ব্যাটারির গায়ে পন্য বিবরনি নেই ব্যাটারি বেস বার বার চারজ দিতে হয় যাদের কম দামে মোটামুটি সারভিস চায় তারা নিতে পারে দাম আনুযায়ি ঠিকই আছে.,price_neutral#product_quality_neutral
1524,39910871477231,"এক কথায় অসাধারণ😍
সেলার ভাইয়া অত্যন্ত আন্তরিক। ওনার সাথে কথা বলেই পন্য অর্ডার করেছি। এত কম দামে পেয়েছি তাতে আমি খুব খুশি।
ঢাকার বাইরে মাত্র ২ দিনে ডেলিভারি!! প্যাকেটিংও ভালো ছিল। 
ধন্যবাদ😊",এক কথায় অসাধারণ সেলার ভাইয়া অত্যন্ত আন্তরিক ওনার সাথে কথা বলেই পন্য অর্ডার করেছি এত কম দামে পেয়েছি তাতে আমি খুব খুশি ঢাকার বাইরে মাত্র ২ দিনে ডেলিভারি!! প্যাকেটিংও ভালো ছিল ধন্যবাদ.,seller_service_positive#delivery_positive#packaging_positive#price_positive#product_quality_positive
1525,42576915477231,খুব সুন্দর খুব ভালো হয়েছে,খুব সুন্দর খুব ভালো হয়েছে.,product_quality_positive
1526,51572882877231,"Charge khubi fast jacche .. matha noshto .. 1 hours o hoy nai .. but charge 82 theke 34 a naima gese 🙂 arecbar charge a dile sesh e taile .. kmne kih vai .. 
Sound quality valoi .. R left side er ta jekono time a hut koira off hoiya jaitese 😶 .. Life er first time chilo R ei obostha hoile kemne next time a order dibo 😐",Charge khubi fast jacche .. matha noshto .. 1 hours o hoy nai .. but charge 82 theke 34 a naima gese arecbar charge a dile sesh e taile .. kmne kih vai .. Sound quality valoi .. R left side er ta jekono time a hut koira off hoiya jaitese .. Life er first time chilo R ei obostha hoile kemne next time a order dibo.,product_quality_negative
1527,54114708377231,"Type C সহ যেমনটি চেয়েছিলাম, ঠিক তেমনি পেয়েছি। পন্যের গুণগত মান খুবই ভালো। ডেলিভারি খুব তাড়াতাড়ি দেয়ার জন্য ধন্যবাদ","Type C সহ যেমনটি চেয়েছিলাম, ঠিক তেমনি পেয়েছি পন্যের গুণগত মান খুবই ভালো ডেলিভারি খুব তাড়াতাড়ি দেয়ার জন্য ধন্যবাদ.",delivery_positive#product_quality_positive
1528,51099722077231,"Alhamdulillah onek sundor product. Eto kom price er vetor eto vlo product vabtei parini..

Thank you seller vai ke.💖",Alhamdulillah onek sundor product. Eto kom price er vetor eto vlo product vabtei parini.. Thank you seller vai ke.,price_positive#product_quality_positive
1529,53492172777231,Alhamdulillah order er 2 din porei delevery paisi best ekta product kono problem sara delevery paisi sokal 10 tar modhdhe,Alhamdulillah order er 2 din porei delevery paisi best ekta product kono problem sara delevery paisi sokal 10 tar modhdhe.,delivery_positive#product_quality_positive
1530,50783488077231,"Sound Sistem খুব বাজে, আর দেখাইছিলো Colouring কিন্তু দিছে কালোটা, আমি সন্তুষ্ট হতে পারলাম না😡, আমি দারাজ থেকে সব সময় শপিং করি, তাই বলছি দারাজ এর প্রোডাক্ট গুলো আর একটু ভালোভাবে পর্যবেক্ষণ করা উচিত👍🏻","Sound Sistem খুব বাজে, আর দেখাইছিলো Colouring কিন্তু দিছে কালোটা, আমি সন্তুষ্ট হতে পারলাম না , আমি দারাজ থেকে সব সময় শপিং করি, তাই বলছি দারাজ এর প্রোডাক্ট গুলো আর একটু ভালোভাবে পর্যবেক্ষণ করা উচিত.",product_quality_negative
1531,54063674277231,"আমি আসলে ভাবতে পারিনি যে এই পন্যটি এতোটা ভালো হবে। আসলে এটা যেমন বাজেটের মধ্যে তেমনি চার্জও টিকে ভালো প্রায় দুই ঘন্টার বেশি টিকে প্রতিবার, যা আমার জন্য যথেষ্ট। এখন কথা হচ্ছে এটা কতো দিন টিকে। তো সব মিলিয়ে আমার কাছে বেশ ভালো লেগেছে আপনারও চাইলে নিতে পারেন।","আমি আসলে ভাবতে পারিনি যে এই পন্যটি এতোটা ভালো হবে আসলে এটা যেমন বাজেটের মধ্যে তেমনি চার্জও টিকে ভালো প্রায় দুই ঘন্টার বেশি টিকে প্রতিবার, যা আমার জন্য যথেষ্ট এখন কথা হচ্ছে এটা কতো দিন টিকে তো সব মিলিয়ে আমার কাছে বেশ ভালো লেগেছে আপনারও চাইলে নিতে পারেন.",price_positive#product_quality_positive
1532,48628185577231,pray 1 year er upor use korchi.. sound halka drop koreche but ei price e r beshi cgawa jayna... to much happy,pray 1 year er upor use korchi.. sound halka drop koreche but ei price e r beshi cgawa jayna.. to much happy.,price_positive#product_quality_positive
1533,52652585777231,Earbuds ta vlo kintu amar kase laglo j Earbuts ta changeing kom hoshe kintu vlo ase sound oo vlo ase🙂👍,Earbuds ta vlo kintu amar kase laglo j Earbuts ta changeing kom hoshe kintu vlo ase sound oo vlo ase.,product_quality_positive
1534,54057766577231,আলহামদুলিল্লাহ অনেক ভালো একটা জিনিস একদম  একশ একশ কাজ করে দাম হিসেবে জিনিসটা অনেক ভালো আপনারা চাইলে নিতে পারেন🥰,আলহামদুলিল্লাহ অনেক ভালো একটা জিনিস একদম একশ একশ কাজ করে দাম হিসেবে জিনিসটা অনেক ভালো আপনারা চাইলে নিতে পারেন.,price_positive#product_quality_positive
1535,51018115877231,"আলহামদুলিল্লাহ প্রোডাক্ট হাতে পেয়েছি। 
ইউজ  করে যা দেখলাম সব ঠিক ঠাক আছে  দামে কম মানে ভালো। 
thanks daraz",আলহামদুলিল্লাহ প্রোডাক্ট হাতে পেয়েছি ইউজ করে যা দেখলাম সব ঠিক ঠাক আছে দামে কম মানে ভালো thanks daraz.,price_positive#product_quality_positive
1536,54109624377231,"প্রথমে ধন্যবাদ জানাই সেলার আর ডেলিভারি ম্যানকে। তারা দুজনেই খুব ভালো। এবং তারা যথেষ্ঠ আন্তরিক।
আর প্রোডাক্ট হাতে পেয়ে ইউজ করার পর রিভিউ দিচ্ছি। কম বাজেটে বেস্ট airbud. Sound quality ও অনেক ভালো এবং এটা দিয়ে কথা ও বলা যায়। Changing ব্যাকআপ ও মোটামুটি ভালো। ♥️♥️
100% recommended ♥️♥️",প্রথমে ধন্যবাদ জানাই সেলার আর ডেলিভারি ম্যানকে তারা দুজনেই খুব ভালো এবং তারা যথেষ্ঠ আন্তরিক আর প্রোডাক্ট হাতে পেয়ে ইউজ করার পর রিভিউ দিচ্ছি কম বাজেটে বেস্ট airbud. Sound quality ও অনেক ভালো এবং এটা দিয়ে কথা ও বলা যায় Changing ব্যাকআপ ও মোটামুটি ভালো 100 recommended.,seller_service_positive#delivery_positive#price_positive#product_quality_positive
1537,52188690577231,"আলহামদুলিল্লাহ 
পর্ডাক টা অনেক ভালো। ১০০% আমি যেমন টা চাইছিলাম। তেমন টাই পাইছি৷ আপনারা যে কেউ চাইলেই নিতে পারেন। 
সব চেয়ে ভালো বিষয় হচ্ছে ডেলিভারি ২ দিনের মধ্যেই পাইছি। 
আর ডেলিভারি ম্যানের ব্যাবহারও অনেক ভালো। আমাদের টাংগাইলের সখিপুরের নলুয়ার ডেলিভারি ম্যান নিবির ভাই৷ অনেক ভালো মানুষ।",আলহামদুলিল্লাহ পর্ডাক টা অনেক ভালো ১০০ আমি যেমন টা চাইছিলাম তেমন টাই পাইছি৷ আপনারা যে কেউ চাইলেই নিতে পারেন সব চেয়ে ভালো বিষয় হচ্ছে ডেলিভারি ২ দিনের মধ্যেই পাইছি আর ডেলিভারি ম্যানের ব্যাবহারও অনেক ভালো আমাদের টাংগাইলের সখিপুরের নলুয়ার ডেলিভারি ম্যান নিবির ভাই৷ অনেক ভালো মানুষ.,delivery_positive#product_quality_positive
1538,53491673977231,"না, কম দামে প্রডাক্টটি খুব ভালো, ফুল চার্জ দিলে 3-4 ঘন্টা যায়, আর sound quality ও ভালো, আর ডেলিভারি ম্যান ও খুব ভালো ছিল, ধন্যবাদ সেলার কে, ভালো প্রডাক্ট দেওয়ার জন্য,🙂","না, কম দামে প্রডাক্টটি খুব ভালো, ফুল চার্জ দিলে 3-4 ঘন্টা যায়, আর sound quality ও ভালো, আর ডেলিভারি ম্যান ও খুব ভালো ছিল, ধন্যবাদ সেলার কে, ভালো প্রডাক্ট দেওয়ার জন্য,.",price_positive#product_quality_positive
1539,51015400377231,"আলহামদুলিল্লাহ ভালোই ছিলো সেলার সার্ভিস 
ও ডেলিভারি সার্ভিস দুটোই ভালো ছিলো..""!☺️🤏


 __° আপনাদের মন চাইলে নিতে পারেন..!🤌🔥","আলহামদুলিল্লাহ ভালোই ছিলো সেলার সার্ভিস ও ডেলিভারি সার্ভিস দুটোই ভালো ছিলো..""! আপনাদের মন চাইলে নিতে পারেন..!",seller_service_positive#delivery_positive#product_quality_positive
1540,53229906277231,"১সপ্তাহ+ ব্যাবহার করলাম আলহামদুলিল্লাহ ভালো লাগছে ব্যাবহার করে।
চার্জ ব্যাকাপ অনেক ভালো।
সাওন্ড কুওয়ালিটি দাম অনুযায়ী যথেষ্ট ভালো।
একটাই সমস্যা কলে কথা বলতে গেলে অনেক জোরে কথা না বললে অপর পাশে থেকে শুনতে পারে না। 
তা ছাড়া প্রডাক্ট ব্যাবহার করে যথেষ্ট ভালো লাগছে।",১সপ্তাহ ব্যাবহার করলাম আলহামদুলিল্লাহ ভালো লাগছে ব্যাবহার করে চার্জ ব্যাকাপ অনেক ভালো সাওন্ড কুওয়ালিটি দাম অনুযায়ী যথেষ্ট ভালো একটাই সমস্যা কলে কথা বলতে গেলে অনেক জোরে কথা না বললে অপর পাশে থেকে শুনতে পারে না তা ছাড়া প্রডাক্ট ব্যাবহার করে যথেষ্ট ভালো লাগছে.,price_positive#product_quality_positive
1541,52841804977231,সেলারকে অনেক অনেক ধন্যবাদ সময়মত ডেলিভারি করার জন্য। আর যেমনটা চেয়েছিলাম ঠিক তেমনই পেয়েছি অনেক ভালো,সেলারকে অনেক অনেক ধন্যবাদ সময়মত ডেলিভারি করার জন্য আর যেমনটা চেয়েছিলাম ঠিক তেমনই পেয়েছি অনেক ভালো.,delivery_positive#product_quality_positive
1542,53941123077231,"আলহামদুলিল্লাহ খুব ভালো ছিলো, যেমনটা দেখেছি তেমনটাই পেয়েছি, তাইলে আপনারা নিতে পারেন, ডেলিভারি ম্যানেরও ব্যবহারটা ভাল ছিল, ও ডাক্তার দ্রুত সময়ের মধ্যে পেয়েছি।","আলহামদুলিল্লাহ খুব ভালো ছিলো, যেমনটা দেখেছি তেমনটাই পেয়েছি, তাইলে আপনারা নিতে পারেন, ডেলিভারি ম্যানেরও ব্যবহারটা ভাল ছিল, ও ডাক্তার দ্রুত সময়ের মধ্যে পেয়েছি.",delivery_positive#product_quality_positive
1543,50633228477231,আলহামদুলিল্লাহ অবশেষে পেয়ে গেলাম আমার অর্ডার করা প্রোডাক্ট। সবকিছু চেক করে দেখলাম আলহামদুলিল্লাহ সবকিছু ঠিক আছে। আপনারা চাইলে নিতে পারেন এই প্রোডাক্টটি অনেক ভালো একটি প্রোডাক্ট। ধন্যবাদ দারাজ কে এবং সেলম্যান কে,আলহামদুলিল্লাহ অবশেষে পেয়ে গেলাম আমার অর্ডার করা প্রোডাক্ট সবকিছু চেক করে দেখলাম আলহামদুলিল্লাহ সবকিছু ঠিক আছে আপনারা চাইলে নিতে পারেন এই প্রোডাক্টটি অনেক ভালো একটি প্রোডাক্ট ধন্যবাদ দারাজ কে এবং সেলম্যান কে.,product_quality_positive
1544,53798199077231,"দাম অনুযায়ী অনেক অনেক ভালো হয়ছে যেমন চাইছি তেমনি পাইছি মোটামুটি দামের তুলনায় অনেক অনেক ভালো হয়ছে, আপনারা সবাই নিতে পারেন,,🥰🥰","দাম অনুযায়ী অনেক অনেক ভালো হয়ছে যেমন চাইছি তেমনি পাইছি মোটামুটি দামের তুলনায় অনেক অনেক ভালো হয়ছে, আপনারা সবাই নিতে পারেন,,.",price_positive#product_quality_positive
1545,53362324777231,"Vlo ackta product, ami onak satisfied, onak tara tari o delivery paya gachi and 2 ghonta easy vaba chanali jaba, Sound quality o vlo,, over all onak vlo, chaila apnarao nita paran","Vlo ackta product, ami onak satisfied, onak tara tari o delivery paya gachi and 2 ghonta easy vaba chanali jaba, Sound quality o vlo,, over all onak vlo, chaila apnarao nita paran.",delivery_positive#product_quality_positive
1546,54531243777231,"সাউন্ড সিস্টেম এবং  কোয়ালিটি ভালো 
দুঃখের বিষয় হলো আপনারা যেখানে ডেলিভারি দেওয়ার কথা ছিল সেখানে দেননি",সাউন্ড সিস্টেম এবং কোয়ালিটি ভালো দুঃখের বিষয় হলো আপনারা যেখানে ডেলিভারি দেওয়ার কথা ছিল সেখানে দেননি.,delivery_negative#product_quality_positive
1547,51797176077231,Prothombar order korechilam. Product ta valo chilo na. Amake abar product ta change kore deowar Jonno dhonnobad. 2nd bar er ta khubi valo. Sound quality o valo. onekkhon battery backup peyechi. Duita earbuds ei charge hoy.,Prothombar order korechilam. Product ta valo chilo na. Amake abar product ta change kore deowar Jonno dhonnobad. 2nd bar er ta khubi valo. Sound quality o valo. onekkhon battery backup peyechi. Duita earbuds ei charge hoy.,product_quality_positive
1548,52175365677231,"২১ জানুয়ারিতে অর্ডার করলাম আজ ২৩ তারিখ হাতে পেলাম। দেখে তো ভালই লাগছে।।। দেখে, ব্যবহার করে ভালোই লাগছে।।। এই দামে ভালোই হয়েছে।এখন দেখার বিষয় কয়দিন ভালো চলে।","২১ জানুয়ারিতে অর্ডার করলাম আজ ২৩ তারিখ হাতে পেলাম দেখে তো ভালই লাগছে দেখে, ব্যবহার করে ভালোই লাগছে এই দামে ভালোই হয়েছে এখন দেখার বিষয় কয়দিন ভালো চলে.",delivery_positive#price_positive#product_quality_positive
1549,53711540177231,"প্রোডাক্ট ৩ দিনের মধ্যে পেয়েছি। সেলার ও পজেটিভ, ভালো সার্ভিস প্রোভাইড করে। ডেলিভারী ও অনেক ভালো।
প্যাকেজিং টা 10/10।
এয়ারবার্ড এ চার্জ থাকে ২ ঘণ্টা।
আর বক্স চার্জ হতে লাগে ৩ ঘণ্টার মতো।
For Free income Telegram- Fakegaming069","প্রোডাক্ট ৩ দিনের মধ্যে পেয়েছি সেলার ও পজেটিভ, ভালো সার্ভিস প্রোভাইড করে ডেলিভারী ও অনেক ভালো প্যাকেজিং টা 10 10 এয়ারবার্ড এ চার্জ থাকে ২ ঘণ্টা আর বক্স চার্জ হতে লাগে ৩ ঘণ্টার মতো For Free income Telegram- Fakegaming069.",seller_service_positive#delivery_positive#packaging_positive
1550,54450133577231,alhamdulillah parsel ta hate paisi..sound quality shundo..but phn charge er khetre slowly..then price onujai product ta joss..,alhamdulillah parsel ta hate paisi..sound quality shundo..but phn charge er khetre slowly..then price onujai product ta joss..,price_positive#product_quality_positive
1551,41117618777231,আলহামদুলিল্লাহ অনেক ভালো একটা প্রোডাক্ট পেয়েছি। ধন্যবাদ সেলারকে।,আলহামদুলিল্লাহ অনেক ভালো একটা প্রোডাক্ট পেয়েছি ধন্যবাদ সেলারকে.,product_quality_positive
1552,48472405777231,"এটা অনেক ভালো এবং খুব উপকারী,, আপানারা চাইলে নিতে পারেন","এটা অনেক ভালো এবং খুব উপকারী,, আপানারা চাইলে নিতে পারেন.",product_quality_positive
1553,47633869277231,"১ মাস চালানোর পর রিভিউ করলাম 🥲
ভালোই ছিলো নিতে পারেন সবাই ❤️‍🩹
আর চার্জ ভালোই থাকে",১ মাস চালানোর পর রিভিউ করলাম ভালোই ছিলো নিতে পারেন সবাই আর চার্জ ভালোই থাকে.,product_quality_positive
1554,47011910977231,আলহামদুলিল্লাহ প্রোডাক্টটা খুব ভালো লেগেছে। আপনারা চাইলে নিতে পারেন। কিন্তু এই প্রোডাক্ট এর সাথে এক্সট্রা কোন রাবার দেয়া নাই। এক্সট্রা আবার দিলে খুব ভালো হতো। এছাড়া সাউন্ড কোয়ালিটি ভালো।,আলহামদুলিল্লাহ প্রোডাক্টটা খুব ভালো লেগেছে আপনারা চাইলে নিতে পারেন কিন্তু এই প্রোডাক্ট এর সাথে এক্সট্রা কোন রাবার দেয়া নাই এক্সট্রা আবার দিলে খুব ভালো হতো এছাড়া সাউন্ড কোয়ালিটি ভালো.,product_quality_positive
1555,47022418077231,"__°আলহামদুলিল্লাহ ভালো কোয়ালিটির
 প্রোডাক্ট ছিলো..""!☺️

__°সবকিছুই ভালো তবে,
ডেলিভারি আসতে একটু দেরি হয়েছে..""!😅

দারাজের ডেলিভারি সার্ভিস টা অনেক খারাপ..""!😑 
অর্ডার দিলে অনেক দেরি হয় আসতে..""!😅💔","আলহামদুলিল্লাহ ভালো কোয়ালিটির প্রোডাক্ট ছিলো..""! সবকিছুই ভালো তবে, ডেলিভারি আসতে একটু দেরি হয়েছে..""! দারাজের ডেলিভারি সার্ভিস টা অনেক খারাপ..""! অর্ডার দিলে অনেক দেরি হয় আসতে..""!",delivery_neutral#product_quality_positive
1556,47526606777231,ami 2 din chalanor pore review delam. sound quality onek valo.Apnara nitay paren,ami 2 din chalanor pore review delam. sound quality onek valo.Apnara nitay paren.,product_quality_positive
1557,51561014277231,এত কম টাকায় এত ভাল প্রোডাক্ট আশা করা যায়না। সাউন্ড কোয়ালিটি যেমন চেয়েছিলাম তেমন পেয়েছি। ধন্যবাদ।,এত কম টাকায় এত ভাল প্রোডাক্ট আশা করা যায়না সাউন্ড কোয়ালিটি যেমন চেয়েছিলাম তেমন পেয়েছি ধন্যবাদ.,price_positive#product_quality_positive
1558,53813291577231,"Mashaallah... jemon dekhechi temon tai paichi.. sob thik thak ache😍 
Quality o onk Valo 😍💪🫶",Mashaallah.. jemon dekhechi temon tai paichi.. sob thik thak ache Quality o onk Valo.,product_quality_positive
1559,40148386377231,অনেক ভালো পোডাক পেয়েছি  আপনারা চাইলে নিতে পারেন ধন্যবাদ Daraz,অনেক ভালো পোডাক পেয়েছি আপনারা চাইলে নিতে পারেন ধন্যবাদ Daraz.,product_quality_positive
1560,54161947177231,"খুব ভালো একটা প্রোডাক্ট আমি ১ মাস আগে একটা নিছিলাম,
সার্ভিস ভালো পাওয়াই আরেকটা অর্ডার দিয়েছি!","খুব ভালো একটা প্রোডাক্ট আমি ১ মাস আগে একটা নিছিলাম, সার্ভিস ভালো পাওয়াই আরেকটা অর্ডার দিয়েছি!",product_quality_positive
1561,47446078877231,আলহামদুলিল্লাহ খুব ভালো প্রডাক্ট। সাউন্ড কোয়ালিটি ও খুব ভালো। আপনারা চাইলে নিতে পারেন,আলহামদুলিল্লাহ খুব ভালো প্রডাক্ট সাউন্ড কোয়ালিটি ও খুব ভালো আপনারা চাইলে নিতে পারেন.,product_quality_positive
1562,47297299077231,2 year use korar por baccha charging port nosto kore peleche.amr alhamdulillah valo legeche.,2 year use korar por baccha charging port nosto kore peleche.amr alhamdulillah valo legeche.,product_quality_positive
1563,40657718777231,আলহামদুলিল্লাহ যে-রকম চেয়েছিলাম এরকমই পেয়েছি বাট দুইটা একবারে বাজানো যায় না একটাই প্রবলেম,আলহামদুলিল্লাহ যে-রকম চেয়েছিলাম এরকমই পেয়েছি বাট দুইটা একবারে বাজানো যায় না একটাই প্রবলেম.,product_quality_positive
1564,54463201777231,"এই প্রোডাক্টটি খুব সুন্দর  চাইলে কেউ নিতে পারো 
দামে কম মানে ভালো 
সঠিকভাবে বাসায় পেয়েছি",এই প্রোডাক্টটি খুব সুন্দর চাইলে কেউ নিতে পারো দামে কম মানে ভালো সঠিকভাবে বাসায় পেয়েছি.,price_positive#product_quality_positive
1565,52033822877231,মোটামুটি আছে পণ্যটি একেভারে অনেক ভালো যে তা না। তাও চলে খারাপ না।চাইলে নিতে পারেন আপনারাও।,মোটামুটি আছে পণ্যটি একেভারে অনেক ভালো যে তা না তাও চলে খারাপ না চাইলে নিতে পারেন আপনারাও.,product_quality_neutral
1566,48836885077231,Mash Allah product ta onk valo 🥰,Mash Allah product ta onk valo.,product_quality_positive
1567,48312491877231,এত কম দামে অসাধারণ একটা ব্লটুথ সাউন্ড কোয়ালিটি ও অনেক ভালো,এত কম দামে অসাধারণ একটা ব্লটুথ সাউন্ড কোয়ালিটি ও অনেক ভালো.,price_positive#product_quality_positive
1568,47281803177231,"কোয়ালিটি খুবই ভালো,যেমনটা দেখেছি তেমনটাই পেয়েছি।
এই দামে সাউন্ড কোয়ালিটিও ভালো।","কোয়ালিটি খুবই ভালো,যেমনটা দেখেছি তেমনটাই পেয়েছি এই দামে সাউন্ড কোয়ালিটিও ভালো.",price_positive#product_quality_positive
1569,46801395177231,Khub sundor hearphone ta khub ai pocondo hoyece amar r delivery bai ta onk valo onek taratari diyecen dhonnobad daraz k ❤️❤️❤️❤️,Khub sundor hearphone ta khub ai pocondo hoyece amar r delivery bai ta onk valo onek taratari diyecen dhonnobad daraz k.,delivery_positive#product_quality_positive
1570,46763403177231,"আলহামদুলিল্লাহ খুবই ভালো সাউন্ড কোয়ালিটি ও ভালো আমি এক সাথে তিন টা অর্ডার করছি চাইলে যে কেউ নিতে পারেন..
ধন্যবাদ দারাজ'কে",আলহামদুলিল্লাহ খুবই ভালো সাউন্ড কোয়ালিটি ও ভালো আমি এক সাথে তিন টা অর্ডার করছি চাইলে যে কেউ নিতে পারেন.. ধন্যবাদ দারাজ'কে.,product_quality_positive
1571,47477887777231,"এই দামে অবিশ্বাস্য একটি প্রোডাক্ট।
খুবই ভালো আপনারা চাইলে নিতে পারেন।",এই দামে অবিশ্বাস্য একটি প্রোডাক্ট খুবই ভালো আপনারা চাইলে নিতে পারেন.,price_positive#product_quality_positive
1572,47440029177231,"সাউন্ড কোয়ালিটি অস্তির  চোখ বন্ধ করে নিতে পারেন,এই নিয়ে আমি 3 টা অডার করছি","সাউন্ড কোয়ালিটি অস্তির চোখ বন্ধ করে নিতে পারেন,এই নিয়ে আমি 3 টা অডার করছি.",product_quality_positive
1573,47049015777231,"ধন্যবাদ সেলার ভাই এবং ডেলিভারি ভাই গুলাকে এটার সাউন্ড অনেক ভালো ( চৌদ্দগ্রাম,কুমিল্লা)","ধন্যবাদ সেলার ভাই এবং ডেলিভারি ভাই গুলাকে এটার সাউন্ড অনেক ভালো চৌদ্দগ্রাম,কুমিল্লা.",product_quality_positive
1574,47499710777231,"দাম অনুজায়ি ভালোই, খারাপ না সবাই নিতে পারেন,কালকে হাতে পাইছি দেখি কতদিন চলে।","দাম অনুজায়ি ভালোই, খারাপ না সবাই নিতে পারেন,কালকে হাতে পাইছি দেখি কতদিন চলে.",price_positive#product_quality_positive
1575,46666952077231,"২ দিন লেইটে প্রোডাক্ট হাতে পেলে ও, কয় দিন ইউজ করে বেশ ভালো সার্ভিস পাচ্ছি! চার্জ ও ভালই টিকে!  Will recommend!😊","২ দিন লেইটে প্রোডাক্ট হাতে পেলে ও, কয় দিন ইউজ করে বেশ ভালো সার্ভিস পাচ্ছি! চার্জ ও ভালই টিকে! Will recommend!",delivery_negative#product_quality_positive
1576,42700682977231,Vai ostir akta earbud🥰🥰😍😍. Vai atar je sound quality tar bepar ar bolam na ostirrr!!!!🔥🔥🔥Ar build quality tik thak bola jai.... Ar kao jodi gaming er jono nite chan tahole ater ceye aktu better paben tar mne tai noi je ata vlo hobe na low budget e atai sob ceye best earbud I have seen.... atai high level gaming expect kora jai na..... to be honest atate game kelar somoi halka atkate pare.... I will give this 9/10... Total cost 380. Thanks daraz and sellar for this product 🔥🔥😍😍🥰🥰....,Vai ostir akta earbud . Vai atar je sound quality tar bepar ar bolam na ostirr!! Ar build quality tik thak bola jai.. Ar kao jodi gaming er jono nite chan tahole ater ceye aktu better paben tar mne tai noi je ata vlo hobe na low budget e atai sob ceye best earbud I have seen.. atai high level gaming expect kora jai na.. to be honest atate game kelar somoi halka atkate pare.. I will give this 9 10.. Total cost 380. Thanks daraz and sellar for this product ..,price_positive#product_quality_positive
1577,40878994977231,অল্প দামে ভালো জিনিস পেয়েছি। ধন্যবাদ দারাজ ❤️,অল্প দামে ভালো জিনিস পেয়েছি ধন্যবাদ দারাজ.,price_positive#product_quality_positive
1578,46490753777231,"যেটা চেয়েছি সেটাই পেয়েছি , ধন্যবাদ সেলার কে এত সুন্দর একটা প্রোডাক্ট দেওয়ার জন্য।
দাম হিসেবে এইটার সাউন্ড কোয়ালিটি খুব ভালো এবং এটি ব্যবহারে খুব কমফোর্ট ফিল হয় আপনারা চাইলে নিতে পাড়েন । 
ডেলিভারি ম্যান এর ব্যবহার খুব ভাল ছিল","যেটা চেয়েছি সেটাই পেয়েছি , ধন্যবাদ সেলার কে এত সুন্দর একটা প্রোডাক্ট দেওয়ার জন্য দাম হিসেবে এইটার সাউন্ড কোয়ালিটি খুব ভালো এবং এটি ব্যবহারে খুব কমফোর্ট ফিল হয় আপনারা চাইলে নিতে পাড়েন ডেলিভারি ম্যান এর ব্যবহার খুব ভাল ছিল.",delivery_positive#price_positive#product_quality_positive
1579,46527536877231,ডেলিভারি ডেট এর আগেই হাতে পেলাম।চার্জিং ক্যাপাসিটি এবং সাউন্ড কোয়ালিটি খুবই ভালো যেমনটা আশা করেছিলাম তার থেকেও অনেক ভালো এটা।,ডেলিভারি ডেট এর আগেই হাতে পেলাম চার্জিং ক্যাপাসিটি এবং সাউন্ড কোয়ালিটি খুবই ভালো যেমনটা আশা করেছিলাম তার থেকেও অনেক ভালো এটা.,product_quality_positive
1580,47243453877231,"সেরা ভাই ভালো লাগছে সাউন্ড কোয়ালিটি সুন্দর এক কথায় অসাম  প্রডাক্ট,👍👍❤️","সেরা ভাই ভালো লাগছে সাউন্ড কোয়ালিটি সুন্দর এক কথায় অসাম প্রডাক্ট,.",product_quality_positive
1581,53377496877231,আল্লাহামদুল্লিলাহ সব দিক থেকেই ভালোই আছে‌ । কিন্তু গেম খেলতে একটু লেখ দেয় ।,আল্লাহামদুল্লিলাহ সব দিক থেকেই ভালোই আছে কিন্তু গেম খেলতে একটু লেখ দেয়.,product_quality_positive
1582,46274411377231,আলহামদুলিল্লাহ যেমনটা চেয়েছিলাম তেমনটা পেয়েছি কিন্তু একটা সমস্যা আছে চার্জার কেবল দিয়ে চার্জ হচ্ছে না,আলহামদুলিল্লাহ যেমনটা চেয়েছিলাম তেমনটা পেয়েছি কিন্তু একটা সমস্যা আছে চার্জার কেবল দিয়ে চার্জ হচ্ছে না.,product_quality_positive
1583,47069298277231,"হাতে পাওয়ার পর থেকে এখন পর্যন্ত সব কিছু তো ভালোই 
দেখি কেমন সার্ভিস দেয়",হাতে পাওয়ার পর থেকে এখন পর্যন্ত সব কিছু তো ভালোই দেখি কেমন সার্ভিস দেয়.,product_quality_positive
1584,54144650877231,আলহামদুলিল্লাহ মোটামুটি মোটামুটি আছে কিন্তু চার্জ থাকে না সপ্তাহখানেক যায়,আলহামদুলিল্লাহ মোটামুটি মোটামুটি আছে কিন্তু চার্জ থাকে না সপ্তাহখানেক যায়.,product_quality_neutral
1585,47793065877231,আমি ব্যবহারের পাঁচ মাস পরে রিপ্লাই দিচ্ছি সত্যিই অসাধারণ,আমি ব্যবহারের পাঁচ মাস পরে রিপ্লাই দিচ্ছি সত্যিই অসাধারণ.,product_quality_positive
1586,52740150277231,"এটা অনেক ভালো ছিল। ডেলিভারি তারিখের চেয়ে আগে পেয়েছি। 
ধন্যবাদ দারাজ❤️❤️❤️",এটা অনেক ভালো ছিল ডেলিভারি তারিখের চেয়ে আগে পেয়েছি ধন্যবাদ দারাজ.,delivery_positive#product_quality_positive
1587,52873089177231,অনেক ভালো এই প্রডাক্টটা আর সব থেকে বেশি ভালো লাগছে এটার চার্জারটা Type c,অনেক ভালো এই প্রডাক্টটা আর সব থেকে বেশি ভালো লাগছে এটার চার্জারটা Type c.,product_quality_positive
1588,45639193177231,"দাম অনুযায়ী ঠিকঠাক, চার্জিং ব্যাকাপ কিছুটা কম, কিন্তু এই দামে ঠিক আছে।","দাম অনুযায়ী ঠিকঠাক, চার্জিং ব্যাকাপ কিছুটা কম, কিন্তু এই দামে ঠিক আছে.",price_neutral#product_quality_neutral
1589,46210450577231,"আলহামদুলিল্লাহ অনেক সুন্দর হেডফোন
 সাউন্ড কোয়ালিটি অনেক সুন্দর 
ধন্যবাদ দারাজ কে
 ছেলার কেউ অসংখ্য ধন্যবাদ",আলহামদুলিল্লাহ অনেক সুন্দর হেডফোন সাউন্ড কোয়ালিটি অনেক সুন্দর ধন্যবাদ দারাজ কে ছেলার কেউ অসংখ্য ধন্যবাদ.,product_quality_positive
1590,46160648177231,জিনিসটা যতটা ভালো মনে করছিলাম আসলে ততটা না। কারণ সাউন্ড কন্ডিশন ভালো নাএবং চার্জও কম যায়। আমি রিভিউতে দেখছিলাম তাতে সবাই ভালো বলেছিল এজন্যই নিয়েছিলাম।,জিনিসটা যতটা ভালো মনে করছিলাম আসলে ততটা না কারণ সাউন্ড কন্ডিশন ভালো নাএবং চার্জও কম যায় আমি রিভিউতে দেখছিলাম তাতে সবাই ভালো বলেছিল এজন্যই নিয়েছিলাম.,product_quality_negative
1591,46130877177231,আলহামদুলিল্লাহ যেটা চেয়েছিলাম যেরকম দেওয়ার কথা ছিল সেরকমই পেয়েছি চার্জ এর দিক দিয়েও ভালো সাপোর্ট পাচ্ছি চাইলে সবাই নিতে পারেন ধন্যবাদ দারাজ এবং দরজার এর সেলসম্যান কে এতো ভালো একটা জিনিস দেওয়ার জন্য ৬ দিন পর রিভিউ দিলাম🥰🥰🥰🥰🥰,আলহামদুলিল্লাহ যেটা চেয়েছিলাম যেরকম দেওয়ার কথা ছিল সেরকমই পেয়েছি চার্জ এর দিক দিয়েও ভালো সাপোর্ট পাচ্ছি চাইলে সবাই নিতে পারেন ধন্যবাদ দারাজ এবং দরজার এর সেলসম্যান কে এতো ভালো একটা জিনিস দেওয়ার জন্য ৬ দিন পর রিভিউ দিলাম.,product_quality_positive
1592,46745389977231,অসাধারণ সাউন্ড একদম ক্লিয়ার আপনারা চাইলে নিতে পারেন এবং সেলার ও দারাজকে অনেক ধন্যবাদ ।,অসাধারণ সাউন্ড একদম ক্লিয়ার আপনারা চাইলে নিতে পারেন এবং সেলার ও দারাজকে অনেক ধন্যবাদ.,product_quality_positive
1593,46470548577231,মোটামুটি ভালো একবার চার্জ দিয়ে ১:৫৫ মিনিট চলে আর তিন থেকে চার বার কেস থেকে চার্জ করা যায় 😩,মোটামুটি ভালো একবার চার্জ দিয়ে ১ ৫৫ মিনিট চলে আর তিন থেকে চার বার কেস থেকে চার্জ করা যায়.,product_quality_neutral
1594,54070453477231,"প্রোডাক্টটা মোটামুটি ভালো এই বাজেটের মধ্যে ভালোই

ডেলিভারি মেন ও ভালোই",প্রোডাক্টটা মোটামুটি ভালো এই বাজেটের মধ্যে ভালোই ডেলিভারি মেন ও ভালোই.,delivery_positive#price_positive#product_quality_neutral
1595,46918933177231,প্রোডাক্টটা অনেক ভালো সাউন্ড কোয়ালিটি অনেক ভালো আপনারা চাইলে নিতে পারেন,প্রোডাক্টটা অনেক ভালো সাউন্ড কোয়ালিটি অনেক ভালো আপনারা চাইলে নিতে পারেন.,product_quality_positive
1596,52180364977231,"ধন্যবাদ খুব অল্প সময়ে আপনাদে প্রডাক্ট  হাতে পেয়ে আমি অনেক খুশি,","ধন্যবাদ খুব অল্প সময়ে আপনাদে প্রডাক্ট হাতে পেয়ে আমি অনেক খুশি,.",delivery_positive
1597,45980795077231,"আলহামদুলিল্লাহ ভালো একটি প্রোডাক্ট হাতে পাইছি...? 
প্রোডাক্টটি দ্রুত আমার হাতে পাইছি আলহামদুলিল্লাহ সেলার কে ধন্যবাদ 🥰🥰",আলহামদুলিল্লাহ ভালো একটি প্রোডাক্ট হাতে পাইছি..? প্রোডাক্টটি দ্রুত আমার হাতে পাইছি আলহামদুলিল্লাহ সেলার কে ধন্যবাদ.,delivery_positive#product_quality_positive
1598,46039188977231,"অনেক সুন্দর একটা TWS, সাউন্ডও ক্লিয়ার। এই বাজেটে অনেক ভালো মানের জিনিস এটা। আপনারা চাইলে নিতে পারেন। আপনাদেরও ভালে লাগবে 😊","অনেক সুন্দর একটা TWS, সাউন্ডও ক্লিয়ার এই বাজেটে অনেক ভালো মানের জিনিস এটা আপনারা চাইলে নিতে পারেন আপনাদেরও ভালে লাগবে.",product_quality_positive
1599,46331801977231,খুব ভালো একটি TWS একটার সাউন্ড কোয়ালিটি খুব ভালো এবং চার্জ বেকআপ ও ভালো আপনারা চাইলে নিতে পারেন,খুব ভালো একটি TWS একটার সাউন্ড কোয়ালিটি খুব ভালো এবং চার্জ বেকআপ ও ভালো আপনারা চাইলে নিতে পারেন.,product_quality_positive
1600,47492629377231,খুব ভালো একটা প্রোডাক্ট আমার কাছে খুব ভালো লেগেছে🥰,খুব ভালো একটা প্রোডাক্ট আমার কাছে খুব ভালো লেগেছে.,product_quality_positive
1601,47836287977231,আমার মনের মতো পাইছি এটা অনেক সময় চাজ থাকে,আমার মনের মতো পাইছি এটা অনেক সময় চাজ থাকে.,product_quality_positive
1602,47810766577231,product onk valo cilo ..fully satisfied 😌,product onk valo cilo ..fully satisfied.,product_quality_positive
1603,48199439677231,"ভালো সার্ভিস দিচ্ছে, আপনারা নিতে পারেন","ভালো সার্ভিস দিচ্ছে, আপনারা নিতে পারেন.",product_quality_positive
1604,47351118177231,Alhamdulillah product vlo peyechi .... use kre review dilam,Alhamdulillah product vlo peyechi .. use kre review dilam.,product_quality_positive
1605,47469183277231,"অনেক ভালো প্রোডাক্ট,,
 সবাই চাইলে সেটা দিতে পারেন","অনেক ভালো প্রোডাক্ট,, সবাই চাইলে সেটা দিতে পারেন.",product_quality_positive
1606,48170804477231,onek valo caile nite paren.....,onek valo caile nite paren..,product_quality_positive
1607,52987926477231,ফালতু একটা জিনিস অন হয়না বাজে একটা সব জিনিস নষ্ট darazer 😡😡😡,ফালতু একটা জিনিস অন হয়না বাজে একটা সব জিনিস নষ্ট darazer.,product_quality_negative
1608,45940119177231,এই দামে মোটামুটি ভালোই। দুই ঘন্টা একটানা চার্জ থাকে।কয়েকবার চার্জ দেয়া যায় বক্স থেকে। একটি এয়ারবাড চার্জ দিতে ৯ পারসেন্ট চার্জ শেষ হয়।,এই দামে মোটামুটি ভালোই দুই ঘন্টা একটানা চার্জ থাকে কয়েকবার চার্জ দেয়া যায় বক্স থেকে একটি এয়ারবাড চার্জ দিতে ৯ পারসেন্ট চার্জ শেষ হয়.,price_neutral#product_quality_neutral
1609,47324127777231,"খুব ভালো সুন্দর সাউন্ড সেই
দাম অনুযায়ী প্রোডাক্ট ভালো",খুব ভালো সুন্দর সাউন্ড সেই দাম অনুযায়ী প্রোডাক্ট ভালো.,price_positive#product_quality_positive
1610,47552230277231,আলহামদুলিল্লাহ দাম হিসাবে প্রোডাক্টা অনেক ভালো,আলহামদুলিল্লাহ দাম হিসাবে প্রোডাক্টা অনেক ভালো.,price_positive#product_quality_positive
1611,47574521877231,"জেটা চায়েছি ঠিক সেটাই পেয়েছি আনেক ভালো  ।
☺😌☺",জেটা চায়েছি ঠিক সেটাই পেয়েছি আনেক ভালো.,product_quality_positive
1612,47721562577231,ধন্যবাদ সেলারকে শর্ট টাইমে ডেলিভারি দেওয়ার জন্য,ধন্যবাদ সেলারকে শর্ট টাইমে ডেলিভারি দেওয়ার জন্য.,delivery_positive
1613,53596475177231,এত কম দামের ভিতরে খুব ভালো একটা প্রোডাক্ট পেয়েছি ভালোই চলছে,এত কম দামের ভিতরে খুব ভালো একটা প্রোডাক্ট পেয়েছি ভালোই চলছে.,price_positive#product_quality_positive
1614,54558261777231,এটা ভালো কিন্তু বেশি একটা ভালো না চাইলে আপনারা নিতে পারেন👍🏻,এটা ভালো কিন্তু বেশি একটা ভালো না চাইলে আপনারা নিতে পারেন.,product_quality_neutral
1615,47935580977231,dam onujayi best prodact nite paren,dam onujayi best prodact nite paren.,price_positive#product_quality_positive
1616,45256532477231,অনেক ভালো একটি প্রোডাক্ট আপনারা সবাই নিতে পারেন আমিও নিয়েছি,অনেক ভালো একটি প্রোডাক্ট আপনারা সবাই নিতে পারেন আমিও নিয়েছি.,product_quality_positive
1617,50456975177231,আলহামদুলিল্লাহ ব্লুটুথ টা অনেক ভালো পেয়েছি খুবি ভালো পোডাক্ট,আলহামদুলিল্লাহ ব্লুটুথ টা অনেক ভালো পেয়েছি খুবি ভালো পোডাক্ট.,product_quality_positive
1618,49826993977231,"1st time daraz theke order korlam
Alhamdulillah satisfied 🥰",1st time daraz theke order korlam Alhamdulillah satisfied.,product_quality_positive
1619,53060478977231,"১ টা হেডফোন ভালো আরেকটা খুবই বাজে, অটো ডিসকানেকটেড হয়ে যায়।","১ টা হেডফোন ভালো আরেকটা খুবই বাজে, অটো ডিসকানেকটেড হয়ে যায়.",product_quality_negative
1620,45988502077231,"অনেক ভালো,, ছবিতে যেমন দেখছিলাম তেমন পাইছি৷ 
ধন্যবাদ, সেলার ভাইকে সঠিক পণ্য দেওয়ার জন্য ❤️","অনেক ভালো,, ছবিতে যেমন দেখছিলাম তেমন পাইছি৷ ধন্যবাদ, সেলার ভাইকে সঠিক পণ্য দেওয়ার জন্য.",product_quality_positive
1621,45693712677231,Alhamdulillah product thik cilo sob kisu perfect cilo.. ajk 1 month bebohar korar por review dicci.. ❤️❤️,Alhamdulillah product thik cilo sob kisu perfect cilo.. ajk 1 month bebohar korar por review dicci..,product_quality_positive
1622,50410477377231,"যেমনটা চেয়েছি তেমনটা পেয়েছি, অনেক ভালো সাউন্ড কোয়ালিটি","যেমনটা চেয়েছি তেমনটা পেয়েছি, অনেক ভালো সাউন্ড কোয়ালিটি.",product_quality_positive
1623,53986453477231,Osthir akka product.delivery khob fast..properly kaj kore,Osthir akka product.delivery khob fast..properly kaj kore.,product_quality_positive
1624,47403137677231,দাম অনুসারে মোটামুটি চলে। আরো ভালো আশা করছিলাম।,দাম অনুসারে মোটামুটি চলে আরো ভালো আশা করছিলাম.,price_neutral#product_quality_neutral
1625,47832511877231,খুবই ভালো product thank u seller,খুবই ভালো product thank u seller.,product_quality_positive
1626,47892063777231,অফারে কিনেছিলাম। ভালোই পড়েছে আমারটা।,অফারে কিনেছিলাম ভালোই পড়েছে আমারটা.,product_quality_positive
1627,54881627777231,দুই সপ্তাহ মতো ব্যবহার করতেছি এখন পর্যন্ত ভালই মনে হচ্ছে,দুই সপ্তাহ মতো ব্যবহার করতেছি এখন পর্যন্ত ভালই মনে হচ্ছে.,product_quality_positive
1628,45475034577231,অনেক ভালো মানের একটা প্রোডাক্ট এন্ড সেলার এর ব্যবহার অনেক ভালো প্রোডাক্টটা পার্সলেও পেয়েছি সময়ের আগে ভালো লাগলো কোয়ালিটি অনেক ভালো এন্ড হেবি লাউড সাউন্ড অনেক ভালই লাগতেছে বেলু ফর মানি,অনেক ভালো মানের একটা প্রোডাক্ট এন্ড সেলার এর ব্যবহার অনেক ভালো প্রোডাক্টটা পার্সলেও পেয়েছি সময়ের আগে ভালো লাগলো কোয়ালিটি অনেক ভালো এন্ড হেবি লাউড সাউন্ড অনেক ভালই লাগতেছে বেলু ফর মানি.,seller_service_positive#delivery_positive#price_positive#product_quality_positive
1629,45594181877231,sound quality valoi but backup kom dey ar main problem hosse phone e e kotha bolle clear suna jay na ar shob thik ase prize hisebe,sound quality valoi but backup kom dey ar main problem hosse phone e e kotha bolle clear suna jay na ar shob thik ase prize hisebe.,price_positive#product_quality_positive
1630,47534947077231,"প্রডাক্ট হাতে পেয়েছি, দাম অনুযায়ী প্রডাক্টের মান ভাল।","প্রডাক্ট হাতে পেয়েছি, দাম অনুযায়ী প্রডাক্টের মান ভাল.",price_positive#product_quality_positive
1631,46182203677231,সেলার কে ধন্যবাদ। যেমন দেখছি টিক তেমন টাই পাইছি।আলহামদুলিল্লাহ সব কিছু টিকটাক।❤️❤️,সেলার কে ধন্যবাদ যেমন দেখছি টিক তেমন টাই পাইছি আলহামদুলিল্লাহ সব কিছু টিকটাক.,product_quality_positive
1632,53209905277231,অবেক ভালো ছিল আপানারা নিতে পারেন সেলার অনেক ভালো ছিল,অবেক ভালো ছিল আপানারা নিতে পারেন সেলার অনেক ভালো ছিল.,seller_service_positive#product_quality_positive
1633,46922741477231,ওভার অল অনেক ভালো একটা প্রডাক্ট।অনেক ভালো চার্জ থাকে ।,ওভার অল অনেক ভালো একটা প্রডাক্ট অনেক ভালো চার্জ থাকে.,product_quality_positive
1634,46950374277231,এক দম বাজে তার মানে হলো আসল মালটা দেয় নাই কপি মাল দিছে,এক দম বাজে তার মানে হলো আসল মালটা দেয় নাই কপি মাল দিছে.,product_quality_negative
1635,47221905677231,আলহামদুলিল্লাহ কম দামে ভালো প্রডাক্ট পেয়েছি,আলহামদুলিল্লাহ কম দামে ভালো প্রডাক্ট পেয়েছি.,price_positive#product_quality_positive
1636,47651231377231,mota moti valoi ace dam hisebe,mota moti valoi ace dam hisebe.,price_neutral#product_quality_neutral
1637,53450956477231,ভালো পেয়েছি। যেমন দেখেছি তেমনি পাইছি ধন্যবাদ daraz,ভালো পেয়েছি যেমন দেখেছি তেমনি পাইছি ধন্যবাদ daraz.,product_quality_positive
1638,47561925177231,"অনেক ভালো প্রোডাক্ট , ধন্যবাদ দারাজ","অনেক ভালো প্রোডাক্ট , ধন্যবাদ দারাজ.",product_quality_positive
1639,47579378577231,খুব ভালো সাউন্ড।।।। খুব ভালো।।।,খুব ভালো সাউন্ড খুব ভালো.,product_quality_positive
1640,47948048177231,কম দাম হিসাবে খুবই ভালো,কম দাম হিসাবে খুবই ভালো.,product_quality_positive
1641,45264338377231,Product khub e valo ami 2 din use kore review dilam. Ata amr Daraz theke 2nd purchase.. Thank you daraz.❤️Delivery o thik time e peyechi Alhamdulillah. Apnra chaile nite paren..,Product khub e valo ami 2 din use kore review dilam. Ata amr Daraz theke 2nd purchase.. Thank you daraz. Delivery o thik time e peyechi Alhamdulillah. Apnra chaile nite paren..,delivery_positive#product_quality_positive
1642,52871563777231,আলহামদুলিল্লাহ সব কিছু ভালোই আছে চাইলে নিতে পারেন,আলহামদুলিল্লাহ সব কিছু ভালোই আছে চাইলে নিতে পারেন.,product_quality_positive
1643,45964215377231,"ডেলিভারি ডেট এর আগেই পেয়ে গেছি প্রোডাক্টটা খুবই ভালো। 
আপনারাও চাইলে নিতে পারেন",ডেলিভারি ডেট এর আগেই পেয়ে গেছি প্রোডাক্টটা খুবই ভালো আপনারাও চাইলে নিতে পারেন.,delivery_positive#product_quality_positive
1644,45970854477231,"প্রোডাক্টটি অনেক ভালো সকলে নিতে পারেন🥰🥰🥰।
ডেলিভারি সার্ভিস ও যথেষ্ট ভালো ছিলো।",প্রোডাক্টটি অনেক ভালো সকলে নিতে পারেন ডেলিভারি সার্ভিস ও যথেষ্ট ভালো ছিলো.,delivery_positive#product_quality_positive
1645,46273081477231,Alhamdulillah... onk valo product 🤗ami khub e khusi..apnara neta paran,Alhamdulillah.. onk valo product ami khub e khusi..apnara neta paran.,product_quality_positive
1646,54971263277231,ভালো নিতে পারেন । তবে বেশীক্ষণ কানে না রাখা ভালো।,ভালো নিতে পারেন তবে বেশীক্ষণ কানে না রাখা ভালো.,product_quality_positive
1647,47120296577231,আলহামদুলিল্লাহ ভালো ছিলো সাউন্ড কোয়ালিটি ও ভালো😊,আলহামদুলিল্লাহ ভালো ছিলো সাউন্ড কোয়ালিটি ও ভালো.,product_quality_positive
1648,46958491477231,product ta valo chilo sobai nite paren😊,product ta valo chilo sobai nite paren.,product_quality_positive
1649,47217292377231,"দাম অনুযায়ী ভাল ছিল, আপনারা চাইলে নিতে পারেন।","দাম অনুযায়ী ভাল ছিল, আপনারা চাইলে নিতে পারেন.",price_positive#product_quality_positive
1650,47382915277231,"Alhamdulillah valo paici product ta,,","Alhamdulillah valo paici product ta,,.",product_quality_positive
1651,47478777477231,দাম অনুযায়ী মোটামুটি ঠিকই আছে,দাম অনুযায়ী মোটামুটি ঠিকই আছে.,price_neutral#product_quality_neutral
1652,47441168677231,"খুব সুন্দর সাউন্ড কোয়ালিটি
 ঠিক আছে",খুব সুন্দর সাউন্ড কোয়ালিটি ঠিক আছে.,product_quality_positive
1653,47118270077231,একদম বাজে প্রোডাক্ট কেউ কিনবেন না 😤😤😤😤,একদম বাজে প্রোডাক্ট কেউ কিনবেন না.,product_quality_negative
1654,46875296877231,"Product ti valo chilo.. original 
seller o valo",Product ti valo chilo.. original seller o valo.,seller_service_positive#product_quality_positive
1655,42769618777231,অল্প বাজেটে ভালো জিনিস আপনারা সবাই নিতে পারেন,অল্প বাজেটে ভালো জিনিস আপনারা সবাই নিতে পারেন.,price_positive#product_quality_positive
1656,42831638477231,আলহামদুলিল্লাহ খুব ভালো কোলিটি আপনারা চায়লে নিতে পারেন।,আলহামদুলিল্লাহ খুব ভালো কোলিটি আপনারা চায়লে নিতে পারেন.,product_quality_positive
1657,53466960577231,"পণ্যটি ভালো, যেমনটা চেয়েছিলাম তেমনটা পেয়েছি","পণ্যটি ভালো, যেমনটা চেয়েছিলাম তেমনটা পেয়েছি.",product_quality_positive
1658,46950673277231,2 mash por Review Dilm valoi Service pache..❤️,2 mash por Review Dilm valoi Service pache..,product_quality_positive
1659,46992733577231,valo cilo product Apna chaille nite paren,valo cilo product Apna chaille nite paren.,product_quality_positive
1660,46787373077231,দুইদিন না যাইতেই এক কানের টা নষ্ট হয়ে গেছে 😡😡😡😡,দুইদিন না যাইতেই এক কানের টা নষ্ট হয়ে গেছে.,product_quality_negative
1661,47264138477231,"ভালো প্রডাক্ট
সবাই নিতে পারেন",ভালো প্রডাক্ট সবাই নিতে পারেন.,product_quality_positive
1662,52812481277231,একটা খুবই সুন্দর আপনারা চাইলে নিতে পারেন।,একটা খুবই সুন্দর আপনারা চাইলে নিতে পারেন.,product_quality_positive
1663,45002170577231,"এত কম টাকায় ভালো একটা জিনিস ।এলইডি ডিসপ্লে 🥰খুবই ভালো ।  যেরকম দেখেছিলাম তেমনটাই পেয়েছি ।
আপনারা ১০০% নিশ্চিতভাবে নিতে পারেন এর চাইতে ভালো আর পাইবেন না 
কিন্তু মোবাইল সমস্যার জন্য কারো কাছে একটু সাউন্ড কম মনে হতে পারে । অন্য একটা মোবাইলে লাগলে তখন সাউন্ড বুঝবেন কতটা ভালো 🥰",এত কম টাকায় ভালো একটা জিনিস এলইডি ডিসপ্লে খুবই ভালো যেরকম দেখেছিলাম তেমনটাই পেয়েছি আপনারা ১০০ নিশ্চিতভাবে নিতে পারেন এর চাইতে ভালো আর পাইবেন না কিন্তু মোবাইল সমস্যার জন্য কারো কাছে একটু সাউন্ড কম মনে হতে পারে অন্য একটা মোবাইলে লাগলে তখন সাউন্ড বুঝবেন কতটা ভালো.,price_positive#product_quality_positive
1664,44965266077231,আলহামদুলিল্লাহ। যেমনটা দেখছি ঠিক তেমনটাই পেয়েছি। অল্প টাকার ভিতরে খুব ভালো একটা ব্লুটুথ। আপনারা চাইলে নিতে পারেন। ধন্যবাদ দারাজ এবং সেলার ভাইকে।,আলহামদুলিল্লাহ যেমনটা দেখছি ঠিক তেমনটাই পেয়েছি অল্প টাকার ভিতরে খুব ভালো একটা ব্লুটুথ আপনারা চাইলে নিতে পারেন ধন্যবাদ দারাজ এবং সেলার ভাইকে.,product_quality_positive
1665,44870567077231,আমি দারাজ থেকে এই পর্যন্ত যা কিছু কিনেছি আলহামদুলিল্লাহ অনেক ভালো পেয়েছি পন্য গুলো অনেক ভালো। আর এই সাউন্ড বক্স অনেক ভালো পেয়েছি Thanks Daraz Shop ☺💰,আমি দারাজ থেকে এই পর্যন্ত যা কিছু কিনেছি আলহামদুলিল্লাহ অনেক ভালো পেয়েছি পন্য গুলো অনেক ভালো আর এই সাউন্ড বক্স অনেক ভালো পেয়েছি Thanks Daraz Shop.,product_quality_positive
1666,45000840977231,ভালোই আছে আমি আগে একটা নিয়ে ছিলাম আবার আর একটা নিলাম।তারিখের  আগে ডেলিভারি পেয়ে গেছে এটার জন্য সেলারকে ধন্যবাদ এবং ডেলিভারি ম্যান কে ধন্যবাদ।,ভালোই আছে আমি আগে একটা নিয়ে ছিলাম আবার আর একটা নিলাম তারিখের আগে ডেলিভারি পেয়ে গেছে এটার জন্য সেলারকে ধন্যবাদ এবং ডেলিভারি ম্যান কে ধন্যবাদ.,delivery_positive#product_quality_positive
1667,46101186777231,"ekdom perfect ekta product . kono khut nai. dekhteo joss, sound o thik thak.","ekdom perfect ekta product . kono khut nai. dekhteo joss, sound o thik thak.",product_quality_positive
1668,52358259477231,"মোটা মুটি ভালো আছে,,, চাইলে নিতে পারেন","মোটা মুটি ভালো আছে,, চাইলে নিতে পারেন.",product_quality_neutral
1669,46590010477231,"Alhamdulillah products onk vlo...🌸
sound o clear..🥰",Alhamdulillah products onk vlo.. sound o clear..,product_quality_positive
1670,54870671777231,দাম অনুযায়ী ভালোই। সাউন্ড কোয়ালিটিও ভালো,দাম অনুযায়ী ভালোই সাউন্ড কোয়ালিটিও ভালো.,price_positive#product_quality_positive
1671,47045583877231,সব কিছু ঠিক আছে দাম অনুজায়ি ভালো 😊😊,সব কিছু ঠিক আছে দাম অনুজায়ি ভালো.,price_positive#product_quality_positive
1672,43938946077231,অসাধারণ প্রভাক্ট টি সবাই নিতে পারেন 100,অসাধারণ প্রভাক্ট টি সবাই নিতে পারেন 100.,product_quality_positive
1673,52820606877231,অনেক ভালো একটি প্রোডাক্ট দামের তুলনায়,অনেক ভালো একটি প্রোডাক্ট দামের তুলনায়.,price_positive#product_quality_positive
1674,54922325877231,"রিভিউ  দেখে নিয়েছিলাম, ডান কানেরটা নষ্ট","রিভিউ দেখে নিয়েছিলাম, ডান কানেরটা নষ্ট.",product_quality_negative
1675,44735391577231,আবারও অর্ডারে ভালো পন্য পেলাম।তবে ডেলিভারি সিস্টেম একবারেই ভালো না। চার্জ ও মিউজিক সিস্টেম ভালোই। একটি ইয়ার পডের বামটা একটু কম বাজতেছে মনে হচ্ছে। সব মিলিয়ে খারাপ না ভালোই।,আবারও অর্ডারে ভালো পন্য পেলাম তবে ডেলিভারি সিস্টেম একবারেই ভালো না চার্জ ও মিউজিক সিস্টেম ভালোই একটি ইয়ার পডের বামটা একটু কম বাজতেছে মনে হচ্ছে সব মিলিয়ে খারাপ না ভালোই.,delivery_negative#product_quality_positive
1676,44810807877231,"আলহামদুলিল্লাহ অনেক ভালো একটা প্রোডাক্ট প্যাকেজিং টা অনেক ভালো ছিল,  এটা সাউন্ড সিস্টেম টা অনেক অনেক ভালো,এখন দেখা যাক কত দিন ব্যবহার করতে পারি   নিঃসন্দেহে এ প্রোডাক্ট নিতে পারেন। সবাই","আলহামদুলিল্লাহ অনেক ভালো একটা প্রোডাক্ট প্যাকেজিং টা অনেক ভালো ছিল, এটা সাউন্ড সিস্টেম টা অনেক অনেক ভালো,এখন দেখা যাক কত দিন ব্যবহার করতে পারি নিঃসন্দেহে এ প্রোডাক্ট নিতে পারেন সবাই.",packaging_positive#product_quality_positive
1677,44740481677231,"সত্যিই অসাধারণ একটা প্রোডাক্ট 
দারাজ থেকে প্রথম কোনো কিছু নিলাম
আলহামদুলিল্লাহ সন্তুষ্ট 
আপনারা ও নিতে পারেন",সত্যিই অসাধারণ একটা প্রোডাক্ট দারাজ থেকে প্রথম কোনো কিছু নিলাম আলহামদুলিল্লাহ সন্তুষ্ট আপনারা ও নিতে পারেন.,product_quality_positive
1678,44818518977231,সব কিছুই ঠিক ঠাক পাইছি। ডেলিভারি ডেটের আগেই পাইছি। কিন্তু আমার আগে আরেক জনের হাতে গিয়েছিলো প্যাকেট টা খোলা ছিলো।,সব কিছুই ঠিক ঠাক পাইছি ডেলিভারি ডেটের আগেই পাইছি কিন্তু আমার আগে আরেক জনের হাতে গিয়েছিলো প্যাকেট টা খোলা ছিলো.,delivery_positive#product_quality_positive
1679,44786694877231,প্রোডাক্টে আসলে অনেক সুন্দর এবং অনেক ভালো সেলারের ব্যাপারটা অনেক ভালো ছিল এবং ডেলিভারি ম্যান এর ব্যবহার খুব ভালো আপনারা যারা নিতে চান সবাই নিতে পারেন সমস্যা নাই ধন্যবাদ দার আজকে এত কম টাকা এত সুন্দর একটা প্রোডাক্ট দেওয়ার জন্য,প্রোডাক্টে আসলে অনেক সুন্দর এবং অনেক ভালো সেলারের ব্যাপারটা অনেক ভালো ছিল এবং ডেলিভারি ম্যান এর ব্যবহার খুব ভালো আপনারা যারা নিতে চান সবাই নিতে পারেন সমস্যা নাই ধন্যবাদ দার আজকে এত কম টাকা এত সুন্দর একটা প্রোডাক্ট দেওয়ার জন্য.,seller_service_positive#delivery_positive#price_positive#product_quality_positive
1680,53629423777231,খুব সুন্দর কম টাকার ভেতর ভালো একটা ফোন,খুব সুন্দর কম টাকার ভেতর ভালো একটা ফোন.,price_positive#product_quality_positive
1681,45053875477231,motamoti valoi....akta ak tana use korle 2 hour jay r box akbar full charge korle 3din jay,motamoti valoi..akta ak tana use korle 2 hour jay r box akbar full charge korle 3din jay.,product_quality_neutral
1682,45480022377231,Beautiful product.. jemonta caichi Alhamdulillah temon e paichi apnara nite paren,Beautiful product.. jemonta caichi Alhamdulillah temon e paichi apnara nite paren.,product_quality_positive
1683,45588880577231,Mashaallah product hate pey valo laglo....quality o valo....dhonnobad seller ke...,Mashaallah product hate pey valo laglo..quality o valo..dhonnobad seller ke..,product_quality_positive
1684,45596735277231,product Valo kintu onek late kore delivery dewa hoyce. 9 din ar din product hate paici .,product Valo kintu onek late kore delivery dewa hoyce. 9 din ar din product hate paici .,delivery_negative#product_quality_positive
1685,45898203277231,"এই মাত্র হতে পেলাম,,, যা ভাবছিলাম তার থেকে অনেক ভালো পেয়েছি,,ধন্যবাদ দারাজ,,","এই মাত্র হতে পেলাম,, যা ভাবছিলাম তার থেকে অনেক ভালো পেয়েছি,,ধন্যবাদ দারাজ,,.",product_quality_positive
1686,52853577877231,অসাধারণ কাজ করছে অনেক ভালো প্রোডাক্ট,অসাধারণ কাজ করছে অনেক ভালো প্রোডাক্ট.,product_quality_positive
1687,46467766177231,অনেক অনেক ভালো কোয়ালিটির এবং অনেক খন ধরে চার্জ টিকে,অনেক অনেক ভালো কোয়ালিটির এবং অনেক খন ধরে চার্জ টিকে.,product_quality_positive
1688,46400978177231,আলহামদুলিল্লাহ দাম অনুযায়ী প্রোডাক্ট এর মান অনেক ভালো,আলহামদুলিল্লাহ দাম অনুযায়ী প্রোডাক্ট এর মান অনেক ভালো.,price_positive#product_quality_positive
1689,46411532577231,যেমনটা চেয়েছি   তেমনি পাইচি অনেক ভাল পন্ন ❤️❤️❤️❤️,যেমনটা চেয়েছি তেমনি পাইচি অনেক ভাল পন্ন.,product_quality_positive
1690,40854525877231,besh valo...2 years holo use korchi,besh valo..2 years holo use korchi.,product_quality_positive
1691,44628638877231,Products সব ঠিক আছে এবং ডেলিভারি ও সুন্দরভাবে আসছে কিন্তু Product টিতে যে সমস্যা আছে সেটা হচ্ছে কোন কিছু শোনার সময় ঝিরঝির শব্দ আসছে। তাছাড়া মোটামুটি দাম অনুযায়ী ভালো।,Products সব ঠিক আছে এবং ডেলিভারি ও সুন্দরভাবে আসছে কিন্তু Product টিতে যে সমস্যা আছে সেটা হচ্ছে কোন কিছু শোনার সময় ঝিরঝির শব্দ আসছে তাছাড়া মোটামুটি দাম অনুযায়ী ভালো.,delivery_positive#price_neutral#product_quality_neutral
1692,44619821377231,Alhamdulillah product onek vhalo porce kintu earbuds er box tar vhetore aektu creche pora chilo r baki sob thik e chilo,Alhamdulillah product onek vhalo porce kintu earbuds er box tar vhetore aektu creche pora chilo r baki sob thik e chilo.,product_quality_positive
1693,51092043277231,onek Valo akta products nite paren,onek Valo akta products nite paren.,product_quality_positive
1694,54324365177231,চার্জ ওঠে না। নষ্ট প্রোডাক্ট দিছে।,চার্জ ওঠে না নষ্ট প্রোডাক্ট দিছে.,product_quality_negative
1695,46072611277231,"চার্জ, সাউন্ড কোয়ালিটি ও দাম একদম ঠিক আছে৷ ব্যবহার করে মজা পাচ্ছি,","চার্জ, সাউন্ড কোয়ালিটি ও দাম একদম ঠিক আছে৷ ব্যবহার করে মজা পাচ্ছি,.",price_positive#product_quality_positive
1696,46294872477231,আলহামদুলিল্লাহ সাউন্ড কোয়ালিটি ও চার্জ যথেষ্ট ভালো,আলহামদুলিল্লাহ সাউন্ড কোয়ালিটি ও চার্জ যথেষ্ট ভালো.,product_quality_positive
1697,46005871777231,"অসাধারণ ভালো একটা জিনিস, ডেলিভারি ম্যানকে ধন্যবাদ।। ঠিক সময়ে পাইছি","অসাধারণ ভালো একটা জিনিস, ডেলিভারি ম্যানকে ধন্যবাদ ঠিক সময়ে পাইছি.",delivery_positive#product_quality_positive
1698,44378982877231,"আমি প্রথমে একটি অর্ডার করছিলাম এবং খুবই ভালো ফলাফল পেয়েছি। আমার বন্ধুরা আমারটা দেখে এই জিনিসটার প্রতি আকর্ষিত হয় এবং আমাকে টাকা দেয় অর্ডার করার জন্য এবং আমি দুইটা অর্ডার করেছি, ডেলিভারি তারিখের একদিন আগে হাতে পেয়েছি।ডেলিভারি ম্যান এর আচরণ খুবই বন্ধুত্বপূর্ণ। দারাজকে ধন্যবাদ এবং যিনি এটা সেল করেছেন তাকেও অনেক অনেক ধন্যবাদ।🥰🥰 সবশেষে একটাই কথা অসাধারণ জিনিসটা। 🫶🫶","আমি প্রথমে একটি অর্ডার করছিলাম এবং খুবই ভালো ফলাফল পেয়েছি আমার বন্ধুরা আমারটা দেখে এই জিনিসটার প্রতি আকর্ষিত হয় এবং আমাকে টাকা দেয় অর্ডার করার জন্য এবং আমি দুইটা অর্ডার করেছি, ডেলিভারি তারিখের একদিন আগে হাতে পেয়েছি ডেলিভারি ম্যান এর আচরণ খুবই বন্ধুত্বপূর্ণ দারাজকে ধন্যবাদ এবং যিনি এটা সেল করেছেন তাকেও অনেক অনেক ধন্যবাদ সবশেষে একটাই কথা অসাধারণ জিনিসটা.",delivery_positive#product_quality_positive
1699,44412125177231,product was good as it was.. sound quality best.🥰.apnara chaile ordr korte paren..r delivery o fast.plus the behaviour of the delivery man was polite🥰,product was good as it was.. sound quality best. .apnara chaile ordr korte paren..r delivery o fast.plus the behaviour of the delivery man was polite.,delivery_positive#product_quality_positive
1700,44475729477231,দারাজ এবং সেলারকে অসংখ্য ধন্যবাদ সুন্দর একটি মনের মত প্রডাক্ট পাঠিয়ে দেওয়ার জন্য আমি যেমনটি চেয়েছি তেমনটি পেয়েছি।সব কিছু ঠিক ভাবে পেয়েছি আপনাদের আবারো ধন্যবাদ।,দারাজ এবং সেলারকে অসংখ্য ধন্যবাদ সুন্দর একটি মনের মত প্রডাক্ট পাঠিয়ে দেওয়ার জন্য আমি যেমনটি চেয়েছি তেমনটি পেয়েছি সব কিছু ঠিক ভাবে পেয়েছি আপনাদের আবারো ধন্যবাদ.,product_quality_positive
1701,44364819477231,"আলহামদুলিল্লাহ। আমি এর আগে একটা নিয়েছিলাম অনেক ভালো হইছে, কিন্তু গ্রামে যাওয়ার পর আমার বোনের ছেলে সেটা নিয়ে গেছে। তাই ঢাকা এসেই আরেকটা অডার দেই। ভালো না হলে কি আরেকটা অডার দেই। তবে এবার ডেলিভারি অনেক তারাতাড়ি পাইছি। আপনারা নিশ্চিন্তে নিতে পারেন।","আলহামদুলিল্লাহ আমি এর আগে একটা নিয়েছিলাম অনেক ভালো হইছে, কিন্তু গ্রামে যাওয়ার পর আমার বোনের ছেলে সেটা নিয়ে গেছে তাই ঢাকা এসেই আরেকটা অডার দেই ভালো না হলে কি আরেকটা অডার দেই তবে এবার ডেলিভারি অনেক তারাতাড়ি পাইছি আপনারা নিশ্চিন্তে নিতে পারেন.",delivery_positive#product_quality_positive
1702,44349692277231,যতটা আশা করছি ততটা ভালো না।আশা করছি অর্জিনালটা পাবো বাট সেলার আমাকে কপি টা দিছে। এর আগে আমি এ মডেলের একটা ব্যবহার করছিলাম।আগেরটার তুলনায় এ টা অনেক হালকা ও সাউন্ড অনেক কম।বাট সে আশায় আমি ২ টা ওয়াডার করছিলাম।অবশেষ এ আমি পণ্য টা নিয়ে ঠকে গেলাম।,যতটা আশা করছি ততটা ভালো না আশা করছি অর্জিনালটা পাবো বাট সেলার আমাকে কপি টা দিছে এর আগে আমি এ মডেলের একটা ব্যবহার করছিলাম আগেরটার তুলনায় এ টা অনেক হালকা ও সাউন্ড অনেক কম বাট সে আশায় আমি ২ টা ওয়াডার করছিলাম অবশেষ এ আমি পণ্য টা নিয়ে ঠকে গেলাম.,product_quality_negative
1703,44382192977231,"Airbuds টি অনেক ভালো। ১ দিন ব্যবহার করেই রিভিউ দিচ্ছি। দেখি কতদিন যায়। ডেলিভারির সময়ের অনেক আগেই পেয়েছি। সবাই নিশ্চিন্তে এটি নিতে পারেন।
🥰🔥🔥",Airbuds টি অনেক ভালো ১ দিন ব্যবহার করেই রিভিউ দিচ্ছি দেখি কতদিন যায় ডেলিভারির সময়ের অনেক আগেই পেয়েছি সবাই নিশ্চিন্তে এটি নিতে পারেন.,delivery_positive#product_quality_positive
1704,45437691077231,"onek valo hoyice.....  thanks Daraz Bangladesh 
and delivery vaiya ke ❤️❤️",onek valo hoyice.. thanks Daraz Bangladesh and delivery vaiya ke.,product_quality_positive
1705,46406616577231,১৫ দিন ব্যবহারের পরে রিভিউ দিছি অনেক ভালো পণ্যটা,১৫ দিন ব্যবহারের পরে রিভিউ দিছি অনেক ভালো পণ্যটা.,product_quality_positive
1706,39713681777231,অনেক ভালো ছেলের সেলার ভাইয়ের ব্যবহার অনেক ভালো প্রোডাক্ট নিতে পারেন ধন্যবাদ,অনেক ভালো ছেলের সেলার ভাইয়ের ব্যবহার অনেক ভালো প্রোডাক্ট নিতে পারেন ধন্যবাদ.,seller_service_positive#product_quality_positive
1707,44215534277231,সাউন্ড খুব একটা বেশি না।ফোনে কথা বলতে পারবেন তবে একটু জোড়ে কথা বলতে হবে। প্রাইজ অনুযায়ী এটা এভারেজ।তবে কান থেকে খুলে যায় বার বার।এই সমস্যা শুধু আমার হচ্ছে মনে হয়।,সাউন্ড খুব একটা বেশি না ফোনে কথা বলতে পারবেন তবে একটু জোড়ে কথা বলতে হবে প্রাইজ অনুযায়ী এটা এভারেজ তবে কান থেকে খুলে যায় বার বার এই সমস্যা শুধু আমার হচ্ছে মনে হয়.,price_neutral#product_quality_neutral
1708,43935379277231,"পন্যটি অরিজিনাল নয়, কপি, কারন একই পন্য, যারা দুকান থেকে নিয়েছে তাদেরটার তুলনায় ১০গুন চার্জ কম টিকে, না হয় সেকেন্ড হেন্ড পন্য। দারাজের উপর থেকে বিশ্বাস উঠে গেল। খু্বই বাজে চার্জ টিকে, রিটার্ন দিতে চাইলাম,কিন্তু সার্বারে ইরর দেখায়।রিটার্ন নেয় না।","পন্যটি অরিজিনাল নয়, কপি, কারন একই পন্য, যারা দুকান থেকে নিয়েছে তাদেরটার তুলনায় ১০গুন চার্জ কম টিকে, না হয় সেকেন্ড হেন্ড পন্য দারাজের উপর থেকে বিশ্বাস উঠে গেল খু্বই বাজে চার্জ টিকে, রিটার্ন দিতে চাইলাম,কিন্তু সার্বারে ইরর দেখায় রিটার্ন নেয় না.",product_quality_negative
1709,44343260877231,আসসালামু আলাইকুম প্রথমেই ডেলিভারি বয় কে ধন্যবাদ জানাই উনার ব্যবহার ও সার্ভিস খুবই ভালো এম টেন প্রোডাক্টে আমি এর আগেও নিয়েছি খুবই ভালো হয়েছে এবারও নিরাশ করে নাই ধন্যবাদ,আসসালামু আলাইকুম প্রথমেই ডেলিভারি বয় কে ধন্যবাদ জানাই উনার ব্যবহার ও সার্ভিস খুবই ভালো এম টেন প্রোডাক্টে আমি এর আগেও নিয়েছি খুবই ভালো হয়েছে এবারও নিরাশ করে নাই ধন্যবাদ.,delivery_positive#product_quality_positive
1710,44142337077231,"আলহামদুলিল্লাহ ৩ দিন ব্যবহার করে রিভিও দিলাম, অনেক ভালো পন্য, যে রকমটা order করে ছিলাম পুরাপুরি একই দিছে,, সেলার ভাইয়ের ও ব্যবহার অনেক ভালো, দন্যবাদ","আলহামদুলিল্লাহ ৩ দিন ব্যবহার করে রিভিও দিলাম, অনেক ভালো পন্য, যে রকমটা order করে ছিলাম পুরাপুরি একই দিছে,, সেলার ভাইয়ের ও ব্যবহার অনেক ভালো, দন্যবাদ.",seller_service_positive#product_quality_positive
1711,44324446377231,"আমি একমাস যাবত এটা ব্যবহার করছি। এখনো তেমন কোনো সমস্যা পাইনি। আমার হাত থেকে কয়েকবার পড়ে গেছে, পড়ে যাওয়া সত্ত্বেও এখনো চলছে। আর সাউন্ডটা 
ভালো।","আমি একমাস যাবত এটা ব্যবহার করছি এখনো তেমন কোনো সমস্যা পাইনি আমার হাত থেকে কয়েকবার পড়ে গেছে, পড়ে যাওয়া সত্ত্বেও এখনো চলছে আর সাউন্ডটা ভালো.",product_quality_positive
1712,53977446877231,ভালোই চলে ধন্যবাদ দারাজ কে,ভালোই চলে ধন্যবাদ দারাজ কে.,product_quality_positive
1713,49009456577231,"budget a perfect,, but battery backup araktu improve uchit cilo","budget a perfect,, but battery backup araktu improve uchit cilo.",price_positive#product_quality_positive
1714,45230978977231,"অনেক ভালো একটা প্রডাক্ট, চার্জ ও অনেক সময় থাকে, ডেলিভারি ম্যান অনেক ভালো।","অনেক ভালো একটা প্রডাক্ট, চার্জ ও অনেক সময় থাকে, ডেলিভারি ম্যান অনেক ভালো.",delivery_positive#product_quality_positive
1715,52299649177231,jinis volo.dam o tik acha,jinis volo.dam o tik acha.,price_neutral#product_quality_positive
1716,47584531477231,ভাই আপনার প্রোডাক্ট এর মান একদম ভালো নয় দেখতে অরজিনাল হলেও ভিতরে মাল একদম ডুবলিকেট আমি আপনার কাছ থেকে আগে একবার একই পণ্য নিয়েছিলাম সেটা একদম অরিজিনাল ছিল কিন্তু এবারের অন্য একদম ডুব্লিকেট । দুইটি প্রোডাক্টের সাউন্ড এর মধ্যেও পার্থক্য রয়েছে ডুবলিকেট এর মধ্যেএকদম কম সাউন্ড । আশা করি ভবিষ্যতে আপনার প্রোডাক্টের মান উন্নত করবেন🙏🙏🙏,ভাই আপনার প্রোডাক্ট এর মান একদম ভালো নয় দেখতে অরজিনাল হলেও ভিতরে মাল একদম ডুবলিকেট আমি আপনার কাছ থেকে আগে একবার একই পণ্য নিয়েছিলাম সেটা একদম অরিজিনাল ছিল কিন্তু এবারের অন্য একদম ডুব্লিকেট দুইটি প্রোডাক্টের সাউন্ড এর মধ্যেও পার্থক্য রয়েছে ডুবলিকেট এর মধ্যেএকদম কম সাউন্ড আশা করি ভবিষ্যতে আপনার প্রোডাক্টের মান উন্নত করবেন.,product_quality_negative
1717,45986250877231,এই ফটোটা অনেক ভালো পাইছি যেরকম আশা করেছি সেরকমই পাইছি,এই ফটোটা অনেক ভালো পাইছি যেরকম আশা করেছি সেরকমই পাইছি.,product_quality_positive
1718,46053420477231,"Thank You So much Daraz☺️
valo lagche Product ta🥰",Thank You So much Daraz valo lagche Product ta.,product_quality_positive
1719,46266313277231,খুব ভালো পূন্য  ডেলিভারী ম্যানের ব্যবহার ভালো,খুব ভালো পূন্য ডেলিভারী ম্যানের ব্যবহার ভালো.,delivery_positive#product_quality_positive
1720,44101142277231,"earbuds valo khub e,,chrg o valo thake..tobe redmi phn a connect korle sound kom hoy. laptop e abar sound thik ache,, bit O khub valo. 8dibo ami out off 10.","earbuds valo khub e,,chrg o valo thake..tobe redmi phn a connect korle sound kom hoy. laptop e abar sound thik ache,, bit O khub valo. 8dibo ami out off 10.",product_quality_positive
1721,44105814277231,"১০০% সঠিক প্রোডাক্ট পেয়েছি, প্রাইস অনুযায়ী ইয়ার বাড গুলোর সাউন্ড কোয়ালিটি ও ব্যাটারি ব্যাকঅাপ বেশ ভালো। প্যাকেজিং ভালো ছিল এবং দ্রুত ডেলিভারী পেয়েছি। সেলারকে এবং দারাজকে অসংখ্য ধন্যবাদ।","১০০ সঠিক প্রোডাক্ট পেয়েছি, প্রাইস অনুযায়ী ইয়ার বাড গুলোর সাউন্ড কোয়ালিটি ও ব্যাটারি ব্যাকঅাপ বেশ ভালো প্যাকেজিং ভালো ছিল এবং দ্রুত ডেলিভারী পেয়েছি সেলারকে এবং দারাজকে অসংখ্য ধন্যবাদ.",delivery_positive#packaging_positive#price_positive#product_quality_positive
1722,44136104077231,12.12 তে নিয়েছি। ১৫০ টাকার ভাউচার দিয়ে আমার খরচ পড়েছে ২৭৮ টাকা। আলহামদুলিল্লাহ এই টাকায় বেস্ট একটা tws ছিল। সেলার রেসপন্স ও ভালো। দ্রুতই ডেলিভারি পেয়েছি,12.12 তে নিয়েছি ১৫০ টাকার ভাউচার দিয়ে আমার খরচ পড়েছে ২৭৮ টাকা আলহামদুলিল্লাহ এই টাকায় বেস্ট একটা tws ছিল সেলার রেসপন্স ও ভালো দ্রুতই ডেলিভারি পেয়েছি.,seller_service_positive#delivery_positive#product_quality_positive
1723,44035898777231,"২:৩০ থেকে ৩ ঘন্টা চার্য থাকে আর বক্সের ১০০% চার্য করে নিলে কয়েক বার চার্য করা যাবে আশা করা যায়,, এতো কম বাজেটে সাউন্ড কোয়ালিটি ও ভালো দেখা যাচ্ছে,,  ডেলিভারি ম্যান ও খুব আন্তরিক ছিলেন 🥰🥰","২ ৩০ থেকে ৩ ঘন্টা চার্য থাকে আর বক্সের ১০০ চার্য করে নিলে কয়েক বার চার্য করা যাবে আশা করা যায়,, এতো কম বাজেটে সাউন্ড কোয়ালিটি ও ভালো দেখা যাচ্ছে,, ডেলিভারি ম্যান ও খুব আন্তরিক ছিলেন.",delivery_positive#price_positive#product_quality_positive
1724,43964755777231,alhamdulillah..product ta onk vlo... jemon ta asa korechilam temon tai paichi...delivery date er 5din agei hate paichi...seller vai er bebohar o onk valo chilo...dhonnobad daraz k,alhamdulillah..product ta onk vlo.. jemon ta asa korechilam temon tai paichi..delivery date er 5din agei hate paichi..seller vai er bebohar o onk valo chilo..dhonnobad daraz k.,seller_service_positive#delivery_positive#product_quality_positive
1725,44763219477231,"প্রোডাক্টও অনুযায়ী দামটা অনেক কম কোয়ালিটি অনেক ভালো সবাই নিতে পারবেন,,, 👍👍👍👍","প্রোডাক্টও অনুযায়ী দামটা অনেক কম কোয়ালিটি অনেক ভালো সবাই নিতে পারবেন,,.",price_positive#product_quality_positive
1726,45059804977231,আমি নিয়েছি মোটামুটি ভালো নিতে পারেন আজকে ১০ দিন ব্যবহার করার পর রিপোর্ট দিলাম।,আমি নিয়েছি মোটামুটি ভালো নিতে পারেন আজকে ১০ দিন ব্যবহার করার পর রিপোর্ট দিলাম.,product_quality_neutral
1727,45418395777231,"যেমন চেয়ে ছিলাম ঠিক তেমনটাই পেয়েছি 
আপনার চাইলে নিতে পারেন",যেমন চেয়ে ছিলাম ঠিক তেমনটাই পেয়েছি আপনার চাইলে নিতে পারেন.,product_quality_positive
1728,47516078077231,"ভালোই চার্জের দিক থেকে।
 প্রথম প্রথম তো ভালো লাগলো.. 
কিন্তু গানের বেজ হচ্ছে  না।
অটোটিউন বেশি।
যারা অটোটিউন পছন্দ করে তাদের জন্য ভালো।
পার্সোনাল রেটিং ৮/১০",ভালোই চার্জের দিক থেকে প্রথম প্রথম তো ভালো লাগলো.. কিন্তু গানের বেজ হচ্ছে না অটোটিউন বেশি যারা অটোটিউন পছন্দ করে তাদের জন্য ভালো পার্সোনাল রেটিং ৮ ১০.,product_quality_positive
1729,45469904277231,alhamdulliah duita product ei Valo and best.. thanks seller.,alhamdulliah duita product ei Valo and best.. thanks seller.,product_quality_positive
1730,43802640277231,"আলহামদুলিল্লাহ 
খুবই ভালো একটা প্রোডাক্ট পেয়েছি এই দামের ভিতরে এত ভালো প্রোডাক্ট আশা করিনি ধন্যবাদ জানাই দারাজ কে Daraz থেকে অনেক প্রোডাক্ট কিনেছি আমি কোন সময়ে প্রতারণার ফাঁদে পড়ে নাই আপনারাও চাইলে নিতে পারেন। 
 ডেলিভারি ম্যানের ব্যবহার ভালো ছিল",আলহামদুলিল্লাহ খুবই ভালো একটা প্রোডাক্ট পেয়েছি এই দামের ভিতরে এত ভালো প্রোডাক্ট আশা করিনি ধন্যবাদ জানাই দারাজ কে Daraz থেকে অনেক প্রোডাক্ট কিনেছি আমি কোন সময়ে প্রতারণার ফাঁদে পড়ে নাই আপনারাও চাইলে নিতে পারেন ডেলিভারি ম্যানের ব্যবহার ভালো ছিল.,delivery_positive#price_positive#product_quality_positive
1731,43829462677231,দাম অনুযায়ী অনেক ভালো।। ডেলিভারি ও তাড়াতাড়ি পেয়েছি।  সাওন্ড কোয়ালিটি ও ভালো দাম অনুযায়ী। কেউ চাইলে নিতে পারেন।,দাম অনুযায়ী অনেক ভালো ডেলিভারি ও তাড়াতাড়ি পেয়েছি সাওন্ড কোয়ালিটি ও ভালো দাম অনুযায়ী কেউ চাইলে নিতে পারেন.,delivery_positive#price_positive#product_quality_positive
1732,43882079077231,"Vai emni onek balo dekha jak koto din use Korte pari...insh'allah balo babe use Korte parvo . sounds o balo e ache Nile sobai nite paren
asha Kori sob thik thak thakbe",Vai emni onek balo dekha jak koto din use Korte pari..insh'allah balo babe use Korte parvo . sounds o balo e ache Nile sobai nite paren asha Kori sob thik thak thakbe.,product_quality_positive
1733,43831800477231,আলহামদুলিল্লাহ চার্জ ভালো সাউন্ড সিস্টেম ভালো মাইক্রোফোন এর কথা বলতে গেলে সমস্যা হচ্ছে বাকি সবকিছুই ভালো,আলহামদুলিল্লাহ চার্জ ভালো সাউন্ড সিস্টেম ভালো মাইক্রোফোন এর কথা বলতে গেলে সমস্যা হচ্ছে বাকি সবকিছুই ভালো.,product_quality_positive
1734,43911651277231,"ভালো প্রোডাক্ট,,, 
সাজেস্ট করার মতো,,,
ডেলিভারি ভাইয়ার ব্যবহার অতুলনীয়,,, 
ধন্যবাদ সেলার, ডেলিভারি ভাই আর দারাজ বাংলাদেশকে,,,","ভালো প্রোডাক্ট,, সাজেস্ট করার মতো,, ডেলিভারি ভাইয়ার ব্যবহার অতুলনীয়,, ধন্যবাদ সেলার, ডেলিভারি ভাই আর দারাজ বাংলাদেশকে,,.",delivery_positive#product_quality_positive
1735,43768850277231,৩ দিন পর পেলাম। ডেলিভারি ম্যানও আন্তরিক ছিল।আমার আগের টার থেকে দ্রুত পেয়েছি। প্রডাক্টটি ভালই।দ্বিতীয় বার অর্ডারে সন্তুষ্ট। ধন্যবাদ দারাজ।,৩ দিন পর পেলাম ডেলিভারি ম্যানও আন্তরিক ছিল আমার আগের টার থেকে দ্রুত পেয়েছি প্রডাক্টটি ভালই দ্বিতীয় বার অর্ডারে সন্তুষ্ট ধন্যবাদ দারাজ.,delivery_positive#product_quality_positive
1736,43822293077231,"১ দিন ইউস এর পর রিভিউ -
Buds ar Charge 2 hours porjonto thake, powerbank ti sobcheye bhalo.
Tobe right sider buds e ektu prb ache. Sound quality ei price e valo, jodio charging cable ta baje diyeche, nahole 4.5 star ditam.","১ দিন ইউস এর পর রিভিউ - Buds ar Charge 2 hours porjonto thake, powerbank ti sobcheye bhalo. Tobe right sider buds e ektu prb ache. Sound quality ei price e valo, jodio charging cable ta baje diyeche, nahole 4.5 star ditam.",price_positive#product_quality_positive
1737,43915331277231,ভাল লেগেছে।লাইটিং গুলো সুন্দর।দাম হিসেবে ভালই লেগেছে।কম দামে ভালই পণ্য টা।বক্স টা বড় একটু।সব মিলে কিনতে পারেন সবাই।,ভাল লেগেছে লাইটিং গুলো সুন্দর দাম হিসেবে ভালই লেগেছে কম দামে ভালই পণ্য টা বক্স টা বড় একটু সব মিলে কিনতে পারেন সবাই.,price_positive#product_quality_positive
1738,43885376277231,পন্যটি যেরকম চেয়েছিলাম ঠিক তেমন ই পেয়েছি... অল্প টাকায়   ভেতর এই রকম পন্য পাব ভাবতে পারিনি... আপনারা চাইলে নিতে পারেন.. ব্যাটারি লং টাইম সারভিস দেয়... সেলার ভাই কে ধন্যবাদ এবং সেলার ভাইয়ের জন্য শুভকামনা রইল...,পন্যটি যেরকম চেয়েছিলাম ঠিক তেমন ই পেয়েছি.. অল্প টাকায় ভেতর এই রকম পন্য পাব ভাবতে পারিনি.. আপনারা চাইলে নিতে পারেন.. ব্যাটারি লং টাইম সারভিস দেয়.. সেলার ভাই কে ধন্যবাদ এবং সেলার ভাইয়ের জন্য শুভকামনা রইল..,product_quality_positive
1739,43815095277231,এই প্রাইজে এত ভালো প্রোডাক্ট পাবো আশাই করিনি। ৬ থেকে সাড়ে ৬ ঘন্টা একটানা চালাইছি। খুব‌ই ভালো একটা প্রোডাক্ট।,এই প্রাইজে এত ভালো প্রোডাক্ট পাবো আশাই করিনি ৬ থেকে সাড়ে ৬ ঘন্টা একটানা চালাইছি খুব ই ভালো একটা প্রোডাক্ট.,price_positive#product_quality_positive
1740,43789297377231,"khuvi baje 1 week por delivery dilo tao box fata mone hoy khula hoyese.. bluetooth packeting khuv kharap. sound quality motamuti valo ai dam e..
msg koreo bolesilam product ta dekhe sune deyar jonno tarporo baje jinis dilo..",khuvi baje 1 week por delivery dilo tao box fata mone hoy khula hoyese.. bluetooth packeting khuv kharap. sound quality motamuti valo ai dam e.. msg koreo bolesilam product ta dekhe sune deyar jonno tarporo baje jinis dilo..,delivery_negative#packaging_negative#price_neutral#product_quality_neutral
1741,46464644177231,হেডফোনটি ভালো আছে সবাই নিতে পারেন,হেডফোনটি ভালো আছে সবাই নিতে পারেন.,product_quality_positive
1742,46835912277231,খুব ভালো কেউ চাইলে নিতে পারেন,খুব ভালো কেউ চাইলে নিতে পারেন.,product_quality_positive
1743,43675064977231,Ata ka 7 star dawa gale ami 7 star rate kortam.Thank you seller ver very nice product. Ato kom dame dawar jonno,Ata ka 7 star dawa gale ami 7 star rate kortam.Thank you seller ver very nice product. Ato kom dame dawar jonno.,price_positive#product_quality_positive
1744,43644901477231,২ দুদিন পর রিভিউ দিচ্ছি আমি। আমি আর কথা বলবো না কারন পন্যটি অনেক ভালো। ১। Sound quality ইসপোসটো ভাবে শোনা যায়। ২।BASS quality খুব ভালো। মানে একথায় অসাধারণ পোডাক। ৩।সেলার ভাই অনেক ভালো ৪।ডেলিভারি বয় ও অনেক ভালো। ৫।কেউ নিতে চাইলে নিঃসন্দেহে ওডার করতে পারেন পোডাক টি ভালো,২ দুদিন পর রিভিউ দিচ্ছি আমি আমি আর কথা বলবো না কারন পন্যটি অনেক ভালো ১ Sound quality ইসপোসটো ভাবে শোনা যায় ২ BASS quality খুব ভালো মানে একথায় অসাধারণ পোডাক ৩ সেলার ভাই অনেক ভালো ৪ ডেলিভারি বয় ও অনেক ভালো ৫ কেউ নিতে চাইলে নিঃসন্দেহে ওডার করতে পারেন পোডাক টি ভালো.,product_quality_positive
1745,43697395977231,"আজকেই প্রোডাক্টা হাতে পেলাম 
সাউন্ড কোয়ালিটি দাম অনুযায়ী প্রোডাক্টটা ভালোই
সাউন্ড কোয়ালিটি দেয় আর ব্যাটারি ব্যাকআপ ও ২-৩ ঘণ্টার মতো আর বক্সে তিন থেকে চারবার চাষ করে চালানো যাবে
আসলেই দাম অনুযায়ী প্রোডাক্টটি খুবই ভালো",আজকেই প্রোডাক্টা হাতে পেলাম সাউন্ড কোয়ালিটি দাম অনুযায়ী প্রোডাক্টটা ভালোই সাউন্ড কোয়ালিটি দেয় আর ব্যাটারি ব্যাকআপ ও ২-৩ ঘণ্টার মতো আর বক্সে তিন থেকে চারবার চাষ করে চালানো যাবে আসলেই দাম অনুযায়ী প্রোডাক্টটি খুবই ভালো.,price_positive#product_quality_positive
1746,43735593277231,Akdom faltu akta jinish dise...charge hoy na thik kore..sound quality akdom valo na..box e magnet nai box lage na,Akdom faltu akta jinish dise..charge hoy na thik kore..sound quality akdom valo na..box e magnet nai box lage na.,product_quality_negative
1747,43727969877231,১৫ দিনের মতো ব্যবহার করে রিভিউ দিচ্ছি। কমদামের মধ্যে এই বার্ডস গুলো অনেক সুন্দর। বার্ডস এর চার্জিং ব্যাকআপ ২-২.৫ ঘন্টা।আর বক্স থেকে চার্জ করা যায় তিন থেকে চার বার। কম দামের মধ্যে এটা সত্যিই অনেক ভালো। ধন্যবাদ সেলার কে ❤️,১৫ দিনের মতো ব্যবহার করে রিভিউ দিচ্ছি কমদামের মধ্যে এই বার্ডস গুলো অনেক সুন্দর বার্ডস এর চার্জিং ব্যাকআপ ২-২.৫ ঘন্টা আর বক্স থেকে চার্জ করা যায় তিন থেকে চার বার কম দামের মধ্যে এটা সত্যিই অনেক ভালো ধন্যবাদ সেলার কে.,price_positive#product_quality_positive
1748,43590726777231,এই পণ্য টি আজ হাতে পেয়েছি  সাউন্ড  কোয়ালিটিও ভালো। চার্জ সার্ভিস ও ভালো হবে ব্যবহার করে বুঝতে পারলাম। দাম ও ওনেক কম ।  আশা অনুরুপ  পেয়েছি  আলহামদুলিল্লাহ ।  ডেলিভারি ম্যান ও ওনেক ভালো,এই পণ্য টি আজ হাতে পেয়েছি সাউন্ড কোয়ালিটিও ভালো চার্জ সার্ভিস ও ভালো হবে ব্যবহার করে বুঝতে পারলাম দাম ও ওনেক কম আশা অনুরুপ পেয়েছি আলহামদুলিল্লাহ ডেলিভারি ম্যান ও ওনেক ভালো.,delivery_positive#price_positive#product_quality_positive
1749,44133453877231,আলহামদুলিল্লাহ যেমন প্রডাক্ট চেয়েছিলাম তেমনি পাইছি এবং এর সাউন্ড কোয়ালিটি মাশাল্লাহ অনেক ভালো,আলহামদুলিল্লাহ যেমন প্রডাক্ট চেয়েছিলাম তেমনি পাইছি এবং এর সাউন্ড কোয়ালিটি মাশাল্লাহ অনেক ভালো.,product_quality_positive
1750,44112018677231,"দাম অনুযায়ী প্রোডাক্ট ভালো। Earbuds এর চার্জ ২ ঘণ্টার মতো থাকে, সাউন্ড কোয়ালিটি মোটামুটি ভালোই।","দাম অনুযায়ী প্রোডাক্ট ভালো Earbuds এর চার্জ ২ ঘণ্টার মতো থাকে, সাউন্ড কোয়ালিটি মোটামুটি ভালোই.",price_positive#product_quality_positive
1751,44773969177231,পন্যের ডেলিভারিতে একটু দেরি হয়েছে কিন্তু দাম অনুযায়ী পন্যের মান ভালো লেগেছে।,পন্যের ডেলিভারিতে একটু দেরি হয়েছে কিন্তু দাম অনুযায়ী পন্যের মান ভালো লেগেছে.,delivery_neutral#product_quality_neutral#product_quality_positive
1752,44735831577231,ভালোই পন্য।চাইলে আপনারাও নিতে পারেন।কিন্তু ডেলিভারি সিস্টেম টা উন্নত করা উচিত।,ভালোই পন্য চাইলে আপনারাও নিতে পারেন কিন্তু ডেলিভারি সিস্টেম টা উন্নত করা উচিত.,delivery_negative#product_quality_positive
1753,45476611477231,wow wow khob sondor sawnd colitio onk vlo i'm vary happy🥰,wow wow khob sondor sawnd colitio onk vlo i'm vary happy.,product_quality_positive
1754,45533824677231,alhamdullia onk vlo product 2 din use kore review dela,alhamdullia onk vlo product 2 din use kore review dela.,product_quality_positive
1755,43294847777231,প্রথমেয় বলি সেলার ভাইয়ের ব‍্যবহার অনেক ভালো এই মাত্র প্রোডাক্টটি হাতে পেলাম এক কথাই অসাধারণ আর দারাজ কে অসংখ্য ধন্যবাদ এতো ভালো একটা প্রোডাক্ট দেওয়ার জন্য,প্রথমেয় বলি সেলার ভাইয়ের ব ্যবহার অনেক ভালো এই মাত্র প্রোডাক্টটি হাতে পেলাম এক কথাই অসাধারণ আর দারাজ কে অসংখ্য ধন্যবাদ এতো ভালো একটা প্রোডাক্ট দেওয়ার জন্য.,seller_service_positive#product_quality_positive
1756,43420294177231,"এই দামের মধ্যে প্রোডাক্টটি খুবই ভালো ছিল😍 সাউন্ড কোয়ালিটি ও অনেক ভালো 😍 আর ডেলিভারি ম্যান এর ব্যবহার ও খুবই ভালো ছিল , খুবই ফ্রেন্ডলি ছিল 😇😇 সেলার ও ডেলিভারি ম্যান কে অনেক ধন্যবাদ😇😇","এই দামের মধ্যে প্রোডাক্টটি খুবই ভালো ছিল সাউন্ড কোয়ালিটি ও অনেক ভালো আর ডেলিভারি ম্যান এর ব্যবহার ও খুবই ভালো ছিল , খুবই ফ্রেন্ডলি ছিল সেলার ও ডেলিভারি ম্যান কে অনেক ধন্যবাদ.",delivery_positive#price_positive#product_quality_positive
1757,43466554477231,"প্যাকেজিং থেকে শুরু করে সবকিছুই অনেক জোস....! 

টাস সেনসর ঠিকমতো কাজ করে না, 
কিন্তু তারপরও সবকিছু মিলে ঠিকঠাক....!  
7 out of 10","প্যাকেজিং থেকে শুরু করে সবকিছুই অনেক জোস..! টাস সেনসর ঠিকমতো কাজ করে না, কিন্তু তারপরও সবকিছু মিলে ঠিকঠাক..! 7 out of 10.",packaging_positive#product_quality_neutral
1758,43363111777231,"দাম অনুযায়ী প্রোডাক্ট খুবই ভালো 🔥🔥
যেকেউ নিতে পারেন। 💞💞
সেলার ভাইকে ধন্যবাদ।
আমি আর আমার বন্ধু ২জনে নিছি বন্ধুর টা ১০০% ওকে। আমারটায় শুধু একটু সমস্যা আছে,, উপরের গ্লাসটা মোটা, তাই বক্স ঢেকে রাখলে ডিসপ্লের লাইট দেখা যায় না। এজন্য রিটার্ন করেছি।","দাম অনুযায়ী প্রোডাক্ট খুবই ভালো যেকেউ নিতে পারেন সেলার ভাইকে ধন্যবাদ আমি আর আমার বন্ধু ২জনে নিছি বন্ধুর টা ১০০ ওকে আমারটায় শুধু একটু সমস্যা আছে,, উপরের গ্লাসটা মোটা, তাই বক্স ঢেকে রাখলে ডিসপ্লের লাইট দেখা যায় না এজন্য রিটার্ন করেছি.",price_positive#product_quality_positive
1759,43546833477231,প্রোডাক্টটা অনেক ভালো। দাম হিসেবে বেশ ভালই এর সাউন্ড। কিন্তু চার্জ কম থাকে । 🥰🥰🥰🥰 আপনারা চাইলে নিতে পারেন,প্রোডাক্টটা অনেক ভালো দাম হিসেবে বেশ ভালই এর সাউন্ড কিন্তু চার্জ কম থাকে আপনারা চাইলে নিতে পারেন.,price_positive#product_quality_positive
1760,43348802277231,"এক কথায় অসাধারণ,🥰
এই দামে এত সুন্দর প্রোডাক্টস সত্যি অনেক ভালো লাগছে প্রোডাক্টস টা।

সেলার রেসপন্স ও অনেক ভালো,,,
🥰🥰🥰","এক কথায় অসাধারণ, এই দামে এত সুন্দর প্রোডাক্টস সত্যি অনেক ভালো লাগছে প্রোডাক্টস টা সেলার রেসপন্স ও অনেক ভালো,,.",seller_service_positive#price_positive#product_quality_positive
1761,43534510477231,Amer first time problem hoiche bat are are Kono problem nai abon sound to good and fore game in express,Amer first time problem hoiche bat are are Kono problem nai abon sound to good and fore game in express.,product_quality_positive
1762,43513821677231,motamoti valo akhono valo vabe use kori nai but 2 tai choltase kintu akshate 2 ta choltase na achara shob thik thak 😊,motamoti valo akhono valo vabe use kori nai but 2 tai choltase kintu akshate 2 ta choltase na achara shob thik thak.,product_quality_neutral
1763,43362177177231,"ধন্যবাদ,, দারাজ অনেক ভালো একটা প্রোডাক্টস দিবার জন্য,,, কম টাকায় ভালো প্রোডাক্টস,,,আমি আর একটি অর্ডার করছি","ধন্যবাদ,, দারাজ অনেক ভালো একটা প্রোডাক্টস দিবার জন্য,, কম টাকায় ভালো প্রোডাক্টস,,আমি আর একটি অর্ডার করছি.",price_positive#product_quality_positive
1764,43362280177231,"অনেক ভালো একটা প্রোডাক্ট
আমি অনেক হ্যাপি। অনেক মানসম্মত একটা airbads
 আপনারা চাইলে নিতে পারেন নিঃসন্দেহে অনেক ভালো একটা জিনিস",অনেক ভালো একটা প্রোডাক্ট আমি অনেক হ্যাপি অনেক মানসম্মত একটা airbads আপনারা চাইলে নিতে পারেন নিঃসন্দেহে অনেক ভালো একটা জিনিস.,product_quality_positive
1765,45606383177231,"good quality, shobai nite paren, price o onek kom ase.","good quality, shobai nite paren, price o onek kom ase.",price_positive#product_quality_positive
1766,43419443377231,"ভালো জিনিস তবে বলসে যে ২৫০০  mah এর Battery সেইটা ভুল সর্বোচ্চ ১০০০mah হবে 
তা বাদে বাকি সব সেম টু সেম ছিল ধন্যবাদ",ভালো জিনিস তবে বলসে যে ২৫০০ mah এর Battery সেইটা ভুল সর্বোচ্চ ১০০mah হবে তা বাদে বাকি সব সেম টু সেম ছিল ধন্যবাদ.,product_quality_positive
1767,43325833777231,"nice product....
সাউন্ড একটু কম মনে হচ্ছে &  চার্জ ২ - ২.৫ ঘন্টা থাকে earbuds er....power bank e ভালো back up dicche
overall good product",nice product.. সাউন্ড একটু কম মনে হচ্ছে চার্জ ২ - ২.৫ ঘন্টা থাকে earbuds er..power bank e ভালো back up dicche overall good product.,product_quality_positive
1768,43280952077231,Packaging khub valo chilo. And earbuds sound quality motamoti valo. Left earbud sound kom ase. Right earbud ok ache. Delivery service TOO GOOD 😊,Packaging khub valo chilo. And earbuds sound quality motamoti valo. Left earbud sound kom ase. Right earbud ok ache. Delivery service TOO GOOD.,delivery_positive#packaging_positive#product_quality_neutral
1769,43888960277231,যেমন চেয়েছিলাম তেমন পেয়েছি। ৩০০ টাকায় এর চেয়ে ভালো   Tws পাওয়া অসম্ভব। battery backup ভালো,যেমন চেয়েছিলাম তেমন পেয়েছি ৩০০ টাকায় এর চেয়ে ভালো Tws পাওয়া অসম্ভব battery backup ভালো.,price_positive#product_quality_positive
1770,45892105277231,প্রডাক্ট টা খুব ভালো। সাউন্ড কোয়ালিটি অনেক ভালো,প্রডাক্ট টা খুব ভালো সাউন্ড কোয়ালিটি অনেক ভালো.,product_quality_positive
1771,44228396977231,আলহামদুলিল্লাহ যথা সময়ে ওর্ডার পেয়েছি। প্রডাক্ট যেমন আশা করেছিলাম তেমনি পেয়েছি।,আলহামদুলিল্লাহ যথা সময়ে ওর্ডার পেয়েছি প্রডাক্ট যেমন আশা করেছিলাম তেমনি পেয়েছি.,delivery_positive#product_quality_positive
1772,44254580177231,আজকে হাতে পাইলাম এবং চেক করে দেখলাম খুবই ভালো। আপনারা সবাই নিশন্দেহে নিতে পারেন।,আজকে হাতে পাইলাম এবং চেক করে দেখলাম খুবই ভালো আপনারা সবাই নিশন্দেহে নিতে পারেন.,product_quality_positive
1773,46552004877231,খুবই ভালো চাইলে নিতে পারেন,খুবই ভালো চাইলে নিতে পারেন.,product_quality_positive
1774,43089641577231,"আলহামদুলিল্লাহ, হাতে পেয়েছি,ডেলিভারি ম্যান এর ব্যাবহার খুব ভালো,পন্য খবেই ভালো,সাউন্ড  ক্লিয়ার।এত কম দামে ভালো পণ্য পেয়েছি।","আলহামদুলিল্লাহ, হাতে পেয়েছি,ডেলিভারি ম্যান এর ব্যাবহার খুব ভালো,পন্য খবেই ভালো,সাউন্ড ক্লিয়ার এত কম দামে ভালো পণ্য পেয়েছি.",delivery_positive#price_positive#product_quality_positive
1775,42899928577231,এই দামে অনেক ভালো একাটা জিনিষ সবাই নিতে পরেন সাউন্ড কলেটি অনেক ভালো ডেলিবারি ভাইয়া টা অনেক ভালো 🥰🥰🥰,এই দামে অনেক ভালো একাটা জিনিষ সবাই নিতে পরেন সাউন্ড কলেটি অনেক ভালো ডেলিবারি ভাইয়া টা অনেক ভালো.,delivery_positive#price_positive#product_quality_positive
1776,43137003177231,Alhamdulillah Khub valo👍. dekta oo sundor sound quality good👍.akhon dekha jak koto din use kora jay & crg koto khon thaka😌 bajat onojaye valo.but order deyar por khub late hoisa hata paita👎,Alhamdulillah Khub valo . dekta oo sundor sound quality good .akhon dekha jak koto din use kora jay crg koto khon thaka bajat onojaye valo.but order deyar por khub late hoisa hata paita.,delivery_negative#price_positive#product_quality_positive
1777,43087530377231,আলহামদুলিল্লাহ জিনিস মোটামুটি ভালো খারাপ না এই দামে আলহামদুলিল্লাহ ভালো জিনিস পাইছি প্রায় এক মাস চলাইলাম তারপর রিভিউ দিতেছি,আলহামদুলিল্লাহ জিনিস মোটামুটি ভালো খারাপ না এই দামে আলহামদুলিল্লাহ ভালো জিনিস পাইছি প্রায় এক মাস চলাইলাম তারপর রিভিউ দিতেছি.,price_neutral#product_quality_neutral
1778,43098325477231,জাস্ট অসাধারণ একটি প্রোডাক্ট।  সেলারের রেসপন্স খুবই ভালো।  সাউন্ড কোয়ালিটি টা একটু কম। তবে এতো অল্প টাকায় এর চেয়ে বেশী আশা করা যায় না। ওভারঅল রিকমন্ডেড। ♥️,জাস্ট অসাধারণ একটি প্রোডাক্ট সেলারের রেসপন্স খুবই ভালো সাউন্ড কোয়ালিটি টা একটু কম তবে এতো অল্প টাকায় এর চেয়ে বেশী আশা করা যায় না ওভারঅল রিকমন্ডেড.,seller_service_positive#price_positive#product_quality_positive
1779,43001596677231,"এই দামে এটা একটা ভাল পণ্য,  চার্জ ভাল থাকে, ,  খুব  তাড়াতাড়ি  হাতে পেয়েছি ,  ডেলিভারিত ভাইয়ের  ব্যাবহার খুব ভাল ছিল","এই দামে এটা একটা ভাল পণ্য, চার্জ ভাল থাকে, , খুব তাড়াতাড়ি হাতে পেয়েছি , ডেলিভারিত ভাইয়ের ব্যাবহার খুব ভাল ছিল.",delivery_positive#product_quality_positive
1780,43191501077231,"যেরকমটা দেখেছিলাম তেমন টাই পেয়েছি। সাউন্ড কোয়ালিটিও ভালো আছে। আশা করি বেটারি ব্যাক আপ ও ভালো পাবো। ধন্যবাদ Mocho-E কে। মন মতো একটা প্রডাক্ট দেওয়ার জন্য। আপনারা চাইলে নিতে পারেন।
##Recommended",যেরকমটা দেখেছিলাম তেমন টাই পেয়েছি সাউন্ড কোয়ালিটিও ভালো আছে আশা করি বেটারি ব্যাক আপ ও ভালো পাবো ধন্যবাদ Mocho-E কে মন মতো একটা প্রডাক্ট দেওয়ার জন্য আপনারা চাইলে নিতে পারেন Recommended.,product_quality_positive
1781,43018556877231,"একদম খারাপ না।
সাউন্ড একটু কম মনে হচ্ছে।

তবে 339 টাকা দিয়ে নেওয়া হয়েছে এবং ডেলিভারি চার্জ ফ্রি পড়েছে এজন্য ভালোই হয়েছে।",একদম খারাপ না সাউন্ড একটু কম মনে হচ্ছে তবে 339 টাকা দিয়ে নেওয়া হয়েছে এবং ডেলিভারি চার্জ ফ্রি পড়েছে এজন্য ভালোই হয়েছে.,price_positive#product_quality_neutral
1782,43104486977231,"৩দিন ব্যবহার করে রিভিউ দিচ্ছি, আলহামদুলিল্লাহ অরিজিনাল পণ্যটি পেয়েছি, সাউন্ড কোয়ালিটি ব্যাটারি ব্যাকাপ দাম অনুযায়ী ঠিকঠাক আছে।","৩দিন ব্যবহার করে রিভিউ দিচ্ছি, আলহামদুলিল্লাহ অরিজিনাল পণ্যটি পেয়েছি, সাউন্ড কোয়ালিটি ব্যাটারি ব্যাকাপ দাম অনুযায়ী ঠিকঠাক আছে.",price_neutral#product_quality_positive
1783,42839840077231,Alhamdulillah. মোটামুটি ভালই ছিল দুই দিন ইউজ করছি চার্জ ব্যাকআপও মোটামুটি ভাল এক একটা বার্ড চার্জ হতে ১০ মিনিট লাগে আর ১০% চার্জ কমে। সবমিলিয়ে ভালোই চার্জটাও 4 থেকে 5 ঘন্টা থাকে,Alhamdulillah. মোটামুটি ভালই ছিল দুই দিন ইউজ করছি চার্জ ব্যাকআপও মোটামুটি ভাল এক একটা বার্ড চার্জ হতে ১০ মিনিট লাগে আর ১০ চার্জ কমে সবমিলিয়ে ভালোই চার্জটাও 4 থেকে 5 ঘন্টা থাকে.,product_quality_neutral
1784,42992275677231,২ দিনের মাঝেই পেয়ে গেছি। প্রোডাক্টটি দাম অনুযায়ী খুব ভালো মনে হল। ৪ দিন ব্যবহার করে রিভিউ দিলাম। আপনারা নিতে পারেন।,২ দিনের মাঝেই পেয়ে গেছি প্রোডাক্টটি দাম অনুযায়ী খুব ভালো মনে হল ৪ দিন ব্যবহার করে রিভিউ দিলাম আপনারা নিতে পারেন.,delivery_positive#price_positive#product_quality_positive
1785,42878536777231,"Alhamdulillah. Mutamuti valo, tobe ati ashol m10 tws noy. ata mone hoy master copy, ajkei paisi, deka jak kototuku valo. main m10 teke ojone onek kom, er mane battery o kom....er price e valoi bola jay. apnara er price e eti nite paren, ami 355tk diya kinsi. tobe apnader price beshi takle main product ta kinun.....","Alhamdulillah. Mutamuti valo, tobe ati ashol m10 tws noy. ata mone hoy master copy, ajkei paisi, deka jak kototuku valo. main m10 teke ojone onek kom, er mane battery o kom..er price e valoi bola jay. apnara er price e eti nite paren, ami 355tk diya kinsi. tobe apnader price beshi takle main product ta kinun..",price_positive#product_quality_neutral
1786,42924482477231,২ দিন ব্যবহার করার পর রিবিউ দিলাম। ভালোই চার্জ বেকাপ দেয়। ১ বার চার্জ দিলে ইয়ার বাট ৭-৮ বার ফুল করা যায়। ইয়ারবাটে ৩-৪ ঘন্টা টানা গান শোনা যায়। চাইলো নিতে পারেন৷ সেলার কে ধন্যবাদ।,২ দিন ব্যবহার করার পর রিবিউ দিলাম ভালোই চার্জ বেকাপ দেয় ১ বার চার্জ দিলে ইয়ার বাট ৭-৮ বার ফুল করা যায় ইয়ারবাটে ৩-৪ ঘন্টা টানা গান শোনা যায় চাইলো নিতে পারেন৷ সেলার কে ধন্যবাদ.,product_quality_positive
1787,43011686877231,১১-১১-২০২৩  অর্ডার  করেছি  আর হাতে পেয়েছি  ১৫-১১-২০২৩  এতো কম টাকায় এতো ভালো জিনিস খুব  কম পাওয়া  যায়  তবে এর চার্জ কতদিন ঠিকঠাক কাজ  করবে জানি না সেলার ভাই  বলেছেন  ৪ ঘন্টা  বক্স সহ ডারাজে এইটাই  প্রথম  অর্ডার  করেছি  যেমনটা  দেখেছি  তেমনটাই পেয়েছি  ধন্যবাদ  ডারাজকে🥰🥰,১১-১১-২০২৩ অর্ডার করেছি আর হাতে পেয়েছি ১৫-১১-২০২৩ এতো কম টাকায় এতো ভালো জিনিস খুব কম পাওয়া যায় তবে এর চার্জ কতদিন ঠিকঠাক কাজ করবে জানি না সেলার ভাই বলেছেন ৪ ঘন্টা বক্স সহ ডারাজে এইটাই প্রথম অর্ডার করেছি যেমনটা দেখেছি তেমনটাই পেয়েছি ধন্যবাদ ডারাজকে.,delivery_positive#price_positive#product_quality_positive
1788,42838377077231,"প্রোডাক্ট খুবই ভালো।
সাউন্ড কোয়ালিটি ভালো,,, মাইক্রোফোন কোয়ালিটিও ভালো,,,
ওভারঅল গুড হেডফোন,,,","প্রোডাক্ট খুবই ভালো সাউন্ড কোয়ালিটি ভালো,, মাইক্রোফোন কোয়ালিটিও ভালো,, ওভারঅল গুড হেডফোন,,.",product_quality_positive
1789,43206059577231,এখনও পর্যন্ত ভালো সার্ভিস দিচ্ছে। প্রডাক্ট কোয়ালিটি ভালো।চার্জ থাকে ভালোই। ইউজ করি কম।তবে চার্জিং প্লাগ টা একটু ভিতরে আর নরমাল। এটা একটু মজবুত হলে পুরো পারফেক্ট। দেখা যাক কত দিন টেকে,এখনও পর্যন্ত ভালো সার্ভিস দিচ্ছে প্রডাক্ট কোয়ালিটি ভালো চার্জ থাকে ভালোই ইউজ করি কম তবে চার্জিং প্লাগ টা একটু ভিতরে আর নরমাল এটা একটু মজবুত হলে পুরো পারফেক্ট দেখা যাক কত দিন টেকে.,product_quality_positive
1790,42935576577231,"৩ দিন পর রিভিও দিলাম 
যতোটুকু  আশা করেছিলাম  তার থেকেও বেশি  পেয়েছি।
কারণ  বর্তমান  এর যেই বাজার  কোন  জায়গায় এতো কম মূল্যে দিতে পারবে না।
(ধন্যবাদ সেলার কে)",৩ দিন পর রিভিও দিলাম যতোটুকু আশা করেছিলাম তার থেকেও বেশি পেয়েছি কারণ বর্তমান এর যেই বাজার কোন জায়গায় এতো কম মূল্যে দিতে পারবে না ধন্যবাদ সেলার কে.,price_positive#product_quality_positive
1791,42919760277231,আচ্ছা একটা করার রিভিউ দি প্রোডাক্টটি খুবই সুন্দর পার্সোনালি আমার খুবই ভালো লেগেছে আপনারা চাইলে ট্রাই করতে পারেন ধন্যবাদ দারাজকে এবং সেলার কে,আচ্ছা একটা করার রিভিউ দি প্রোডাক্টটি খুবই সুন্দর পার্সোনালি আমার খুবই ভালো লেগেছে আপনারা চাইলে ট্রাই করতে পারেন ধন্যবাদ দারাজকে এবং সেলার কে.,product_quality_positive
1792,43016248577231,"alhamdulillah..
onek valo review tobuo kichu kharap review dekhe voye chilam amar vagghe kemon hote pare but hate peye bujhlam ei dame emon man gun sob perfect. jak onek khusy taka osul product 😊",alhamdulillah.. onek valo review tobuo kichu kharap review dekhe voye chilam amar vagghe kemon hote pare but hate peye bujhlam ei dame emon man gun sob perfect. jak onek khusy taka osul product.,price_positive#product_quality_positive
1793,45291834577231,প্রোডাক্টটা অনেক ভালো। আপনারা নিতে চাইলে নিতে পারেন।,প্রোডাক্টটা অনেক ভালো আপনারা নিতে চাইলে নিতে পারেন.,product_quality_positive
1794,46927272177231,"product  ভালো। delivery man ভালো কিন্তু seller ভালো না।অর্ডার করার সময় ১০ তারিখ এর মধ্যে ডেলিভারি করবেন বলছেন। কিন্তু হাতে পাইছি আজকে ৬ দিন পর। আবার sms এ বলছে ঈদের ছুটি। সেটা আগে বলা উচিত ছিল।কথা আর কাজের মিল নাই।

বাকি সব ভালোই ছিল।",product ভালো delivery man ভালো কিন্তু seller ভালো না অর্ডার করার সময় ১০ তারিখ এর মধ্যে ডেলিভারি করবেন বলছেন কিন্তু হাতে পাইছি আজকে ৬ দিন পর আবার sms এ বলছে ঈদের ছুটি সেটা আগে বলা উচিত ছিল কথা আর কাজের মিল নাই বাকি সব ভালোই ছিল.,seller_service_negative#product_quality_positive
1795,43749760677231,"wow,thanks seller vai k akdom thik thak product diyese.Sound.,charging khub vlo.thanks daraz","wow,thanks seller vai k akdom thik thak product diyese.Sound.,charging khub vlo.thanks daraz.",product_quality_positive
1796,45735605677231,"খুব সুন্দর একটি প্রোডাক্ট 🥰
ধন্যবাদ দারাজ 💥",খুব সুন্দর একটি প্রোডাক্ট ধন্যবাদ দারাজ.,product_quality_positive
1797,45741118877231,Motamuti valo quality.. 1.5 months use korchi...,Motamuti valo quality.. 1.5 months use korchi..,product_quality_neutral
1798,47648313177231,Bhi loss kaisi . Laft ar tay sound asay nah 🙁😭be careful guys its really fake 😞,Bhi loss kaisi . Laft ar tay sound asay nah be careful guys its really fake.,product_quality_negative
1799,47561217277231,একদম বাজে quality খুবই নিম্নমানের আরেকটু দাম বাড়িয়ে সবাই ভালো জিনিস কিনবেন। টাকা নষ্ট,একদম বাজে quality খুবই নিম্নমানের আরেকটু দাম বাড়িয়ে সবাই ভালো জিনিস কিনবেন টাকা নষ্ট.,product_quality_negative
1800,44059228977231,মোটামুটি খারাপ না দাম হিসেবে চলে ভাউচার দিয়ে অনেক কম পড়ছে ধন্যবাদ সেলাকে। 💚🥀,মোটামুটি খারাপ না দাম হিসেবে চলে ভাউচার দিয়ে অনেক কম পড়ছে ধন্যবাদ সেলাকে.,price_neutral#product_quality_neutral
1801,45868139777231,২০ দিন হল use করলাম খুবই ভালো,২০ দিন হল use করলাম খুবই ভালো.,product_quality_positive
1802,44704131477231,খুবই ভালো একটি প্রোডাক্ট ❤️🌹দামে কম মানে ভালো m10 Air buds 😁❤️,খুবই ভালো একটি প্রোডাক্ট দামে কম মানে ভালো m10 Air buds.,price_positive#product_quality_positive
1803,42590639077231,"sb kisui motamti vlo ar charj kom thke aktu bt ja thke vloi ar aktay prblm phone diyaa kotha bola jai na r kono somadhan thkle janaben plz,,, 5 din por review  dischi","sb kisui motamti vlo ar charj kom thke aktu bt ja thke vloi ar aktay prblm phone diyaa kotha bola jai na r kono somadhan thkle janaben plz,, 5 din por review dischi.",product_quality_neutral
1804,42822280377231,No problem..all ok .. seller n delivery vair behobar o valo celo.. Recommend item price onusare 😊👍,No problem..all ok .. seller n delivery vair behobar o valo celo.. Recommend item price onusare.,seller_service_positive#delivery_positive#price_positive#product_quality_positive
1805,42580820377231,packaging valo chilo. quality o onek valo. delivery man er behaviour o onek valo chilo. thanks daraz ❤️,packaging valo chilo. quality o onek valo. delivery man er behaviour o onek valo chilo. thanks daraz.,delivery_positive#packaging_positive#product_quality_positive
1806,42605871477231,খুব ভালো লেগেছে। সাউন্ড কোয়ালিটি ভালো। আর কথা বলতেও সুবিধা। ব্যাবহার করেই রিভিউ দিলাম। প্রাইস অনুযায়ী এটা বেস্ট। ভ্যালু ফর মানি। ধন্যবাদ দারাজ এবং সেলারকে। প্যাকেজিং ৯/১০।,খুব ভালো লেগেছে সাউন্ড কোয়ালিটি ভালো আর কথা বলতেও সুবিধা ব্যাবহার করেই রিভিউ দিলাম প্রাইস অনুযায়ী এটা বেস্ট ভ্যালু ফর মানি ধন্যবাদ দারাজ এবং সেলারকে প্যাকেজিং ৯ ১০.,packaging_positive#price_positive#product_quality_positive
1807,42634677577231,"এই দামে এর থেকে ভালো প্রডাক্ট আর হয় না। 
২টাই বাজে। ভালো সাউন্ড পাওয়া যায়।
সেলার রাজু ভাইয়ের ব্যবহার ও ভালো",এই দামে এর থেকে ভালো প্রডাক্ট আর হয় না ২টাই বাজে ভালো সাউন্ড পাওয়া যায় সেলার রাজু ভাইয়ের ব্যবহার ও ভালো.,seller_service_positive#price_positive#product_quality_positive
1808,42695735377231,"same as picture 

akdin ar moddhai delivery payasi akn use koire dekha jak kmn hoi
amni tay sob vlo",same as picture akdin ar moddhai delivery payasi akn use koire dekha jak kmn hoi amni tay sob vlo.,product_quality_positive
1809,42696399877231,"⭐⭐⭐⭐⭐
একেবারে অসাধারণ বিল্ট কোয়ালিটি,
সাউন্ড কোয়ালিটি ভালো,
বডি ডিজাইন এক্সট্রিম কোয়ালিটি(একটু ভিন্ন মানে আরো ভালো),
প্যাকেজিং সুন্দর,
আলহামদুলিল্লাহ খুব ভালো জিনিস
নিতে পারেন 💯💯","একেবারে অসাধারণ বিল্ট কোয়ালিটি, সাউন্ড কোয়ালিটি ভালো, বডি ডিজাইন এক্সট্রিম কোয়ালিটি একটু ভিন্ন মানে আরো ভালো , প্যাকেজিং সুন্দর, আলহামদুলিল্লাহ খুব ভালো জিনিস নিতে পারেন.",packaging_positive#product_quality_positive
1810,42546110277231,"এক কথাই অসাধারণ ভাই, এমন ভালো জিনিস যদি দেয় আমার মতে সবাই নিতে পারেন ঠকবেন না ১০০% আমি আজকে হাতে পেলাম টানা তিনঘণ্টা চালানোর পর চার্জ শেষ হয়,  সব ঠিক ঠাক ছিলো, ধন্যবাদ দারাজকে","এক কথাই অসাধারণ ভাই, এমন ভালো জিনিস যদি দেয় আমার মতে সবাই নিতে পারেন ঠকবেন না ১০০ আমি আজকে হাতে পেলাম টানা তিনঘণ্টা চালানোর পর চার্জ শেষ হয়, সব ঠিক ঠাক ছিলো, ধন্যবাদ দারাজকে.",product_quality_positive
1811,42698534377231,"এই ব্লুটুথ একেবারে বাজে প্রচুর শব্দ হয় কথা বলা অবস্থায় আমার কথা অন্যজন একেবারেই বোঝেনা প্রচুর শব্দ হয়
এরা ধুকা বাজ",এই ব্লুটুথ একেবারে বাজে প্রচুর শব্দ হয় কথা বলা অবস্থায় আমার কথা অন্যজন একেবারেই বোঝেনা প্রচুর শব্দ হয় এরা ধুকা বাজ.,product_quality_negative
1812,45171107177231,thank you. খুব সুন্দর একটা পণ্য। ঠিক যেরকম  চেয়েছিলাম।,thank you. খুব সুন্দর একটা পণ্য ঠিক যেরকম চেয়েছিলাম.,product_quality_positive
1813,43299753077231,এ বাজেটের মধ্যে আমি যেমন চেয়েছি ঠিক তেমনি পেয়েছি খুব ভালো এটা কেউ নিতে চায়লে নিতে পারেন।,এ বাজেটের মধ্যে আমি যেমন চেয়েছি ঠিক তেমনি পেয়েছি খুব ভালো এটা কেউ নিতে চায়লে নিতে পারেন.,price_positive#product_quality_positive
1814,43907515777231,"আলহামদুলিল্লাহ, সাউন্ড কোয়ালিটি, চার্জার, কথাবলা সবকিছুই ভালো,  ধন্যবাদ দারাজকে।","আলহামদুলিল্লাহ, সাউন্ড কোয়ালিটি, চার্জার, কথাবলা সবকিছুই ভালো, ধন্যবাদ দারাজকে.",product_quality_positive
1815,43662363377231,"একদমই বাজে দুইদিনেই নষ্ট হয়ে গেছে, চার্জ নিচ্ছেনা ডিজিটাল ডিসপ্লেও নষ্ট হয়ে গেছে।","একদমই বাজে দুইদিনেই নষ্ট হয়ে গেছে, চার্জ নিচ্ছেনা ডিজিটাল ডিসপ্লেও নষ্ট হয়ে গেছে.",product_quality_negative
1816,44239713677231,"woww,just wow  অনেক ভালো প্রোডাক্ট।প্যাকিংটা অনেক দারুন ধন্যবাদ সেলারকে","woww,just wow অনেক ভালো প্রোডাক্ট প্যাকিংটা অনেক দারুন ধন্যবাদ সেলারকে.",packaging_positive#product_quality_positive
1817,44573714877231,jamon ta dakchelam tamon tai paiche tnx daraz k and salar kau,jamon ta dakchelam tamon tai paiche tnx daraz k and salar kau.,product_quality_positive
1818,42480750677231,ak kothay oshadharon seller er satbe jeibhabe kotha hoyeche thik temon apatoto buds 2 ta amr kane 🐸,ak kothay oshadharon seller er satbe jeibhabe kotha hoyeche thik temon apatoto buds 2 ta amr kane.,product_quality_positive
1819,42406514777231,"ফাইনাল প্রোডাক্ট হাতে পেয়েছি। ছবিতে যেমনটা দেখেছি তেমনটাই। ভালো লেগেছে, হাই কোয়ালিটি সাউন্ড। তবে বেজটা একটু কম লেগেছে, কিন্তু ব্যালান্সড। 
Estimated সময়ের ২ দিন আগেই পেয়ে গিয়েছি। ডেলিভারি ভাইয়ের ব্যবহারও অনেক আন্তরিক। এই গরমে রোদের মধ্যেও অনেক কষ্ট করে গলির ভিতরে ঢুকে পৌঁছে দিয়ে গেছেন পণ্যটা। অসংখ্য ধন্যবাদ।","ফাইনাল প্রোডাক্ট হাতে পেয়েছি ছবিতে যেমনটা দেখেছি তেমনটাই ভালো লেগেছে, হাই কোয়ালিটি সাউন্ড তবে বেজটা একটু কম লেগেছে, কিন্তু ব্যালান্সড Estimated সময়ের ২ দিন আগেই পেয়ে গিয়েছি ডেলিভারি ভাইয়ের ব্যবহারও অনেক আন্তরিক এই গরমে রোদের মধ্যেও অনেক কষ্ট করে গলির ভিতরে ঢুকে পৌঁছে দিয়ে গেছেন পণ্যটা অসংখ্য ধন্যবাদ.",delivery_positive#product_quality_positive
1820,42392663877231,আমার কাছে খুব ভালো লেগেছে। অনেক সুন্দর। যরা ব্লুটুথ হেডফোন নিবেন ভাবছেন তারা চোখ বুজে এটা নিতে পারেন।,আমার কাছে খুব ভালো লেগেছে অনেক সুন্দর যরা ব্লুটুথ হেডফোন নিবেন ভাবছেন তারা চোখ বুজে এটা নিতে পারেন.,product_quality_positive
1821,42425394377231,"দাম অনুযায়ী ভালো। বিট একটু কম লাগলো।
বক্স ফুল চার্জ এ ২-৩ বার বার্ডস চার্জ দেয়া যায়।
১ বার চার্জ এ ফুল সাউন্ড এ ১ঘন্টা ৪৫মিন. থেকে ২  ঘন্টা চলে।সাউন্ড ভালো।
৩ দিন এ ডেলিভারি পাইছি।
ডেলিভারি ম্যান এর ব্যবহার ও অনেক ভালো ছিলো।",দাম অনুযায়ী ভালো বিট একটু কম লাগলো বক্স ফুল চার্জ এ ২-৩ বার বার্ডস চার্জ দেয়া যায় ১ বার চার্জ এ ফুল সাউন্ড এ ১ঘন্টা ৪৫মিন. থেকে ২ ঘন্টা চলে সাউন্ড ভালো ৩ দিন এ ডেলিভারি পাইছি ডেলিভারি ম্যান এর ব্যবহার ও অনেক ভালো ছিলো.,delivery_positive#price_positive#product_quality_positive
1822,42466602777231,Original ta dewa hoy nai...original case magnetic hoy..but eta magnetic silo nah..touch sensor valo moto kaj kore nah overall tk waste👎,Original ta dewa hoy nai..original case magnetic hoy..but eta magnetic silo nah..touch sensor valo moto kaj kore nah overall tk waste.,product_quality_negative
1823,42267798977231,সব মিলিয়ে সুন্দর একটা প্রোডাক্ট..... সাউন্ড কোয়ালিটি অনেক ভালো। সবাই নিতে পারেন। ধন্যবাদ দারাজ সেলার কে।,সব মিলিয়ে সুন্দর একটা প্রোডাক্ট.. সাউন্ড কোয়ালিটি অনেক ভালো সবাই নিতে পারেন ধন্যবাদ দারাজ সেলার কে.,product_quality_positive
1824,42314853177231,"আলহামদুলিল্লাহ। কেনার আগে যেমন দেখেছি, তেমন ই হাতে পেয়েছি। অর্ডার করার ২ দিনের মধ্যেই ডেলিভারি পেয়েছি। সাউন্ড কোয়ালিটিও অনেক ভালো। দেখা যাক কতদিন চালাতে পারি।","আলহামদুলিল্লাহ কেনার আগে যেমন দেখেছি, তেমন ই হাতে পেয়েছি অর্ডার করার ২ দিনের মধ্যেই ডেলিভারি পেয়েছি সাউন্ড কোয়ালিটিও অনেক ভালো দেখা যাক কতদিন চালাতে পারি.",delivery_positive#product_quality_positive
1825,43044440677231,দাম অনুসারে ভাল পণ্য।  চার্জ একটু তাড়াতাড়ি চলে যায়। কিন্তু এই প্রাইসে এটা মানা যায়। সেটিসফাইড।,দাম অনুসারে ভাল পণ্য চার্জ একটু তাড়াতাড়ি চলে যায় কিন্তু এই প্রাইসে এটা মানা যায় সেটিসফাইড.,price_positive#product_quality_positive
1826,42837498677231,Alhamdulillah.. Product ta Valo vabe peyechi...Delivery man khuboi valo vabe delivery diye geche...,Alhamdulillah.. Product ta Valo vabe peyechi..Delivery man khuboi valo vabe delivery diye geche..,delivery_positive#product_quality_positive
1827,42835700077231,কম বাজেটের মধ্যে একটি ভালো প্রোডাক্ট পেয়েছি। আলহামদুলিল্লাহ। যা ভেবেছিলাম তার থেকে অনেক ভালো।,কম বাজেটের মধ্যে একটি ভালো প্রোডাক্ট পেয়েছি আলহামদুলিল্লাহ যা ভেবেছিলাম তার থেকে অনেক ভালো.,price_positive#product_quality_positive
1828,42981663977231,"সাউন্ড কোয়ালিটি খুব ভলো দেখতে অরিজিনাল মনে হয় আমার কাছে
তবে একটা ইয়ার বাড ডিলা বাট চলে",সাউন্ড কোয়ালিটি খুব ভলো দেখতে অরিজিনাল মনে হয় আমার কাছে তবে একটা ইয়ার বাড ডিলা বাট চলে.,product_quality_positive
1829,44133330177231,"আমি বলবো ভালোই। চারজীং বেকাপ ভালোই। ডিসপ্লে একটু আগে পরে আসে, বেপার না।👍","আমি বলবো ভালোই চারজীং বেকাপ ভালোই ডিসপ্লে একটু আগে পরে আসে, বেপার না.",product_quality_positive
1830,42265827777231,আলহামদুলিল্লাহ হাতে পেলাম। যেমনটি  চেয়েছিলাম তেমনটি পেয়েছি। এখন দেখার বিষয় চার্জ কেমন ব্যাকআপ দেয়।,আলহামদুলিল্লাহ হাতে পেলাম যেমনটি চেয়েছিলাম তেমনটি পেয়েছি এখন দেখার বিষয় চার্জ কেমন ব্যাকআপ দেয়.,product_quality_positive
1831,42141289377231,দাম অনুযায়ী প্রোডাক্ট টা ভালো। আপনারা চাইলে নিতে পারেন। সেলার এর ব্যাবহার খুব ভালো ছিলো। Recommended.,দাম অনুযায়ী প্রোডাক্ট টা ভালো আপনারা চাইলে নিতে পারেন সেলার এর ব্যাবহার খুব ভালো ছিলো Recommended.,seller_service_positive#price_positive#product_quality_positive
1832,42531530577231,"আলহামদুলিল্লাহ্, ৩৪৫ টাকায় যথেষ্ট ভালো হয়েছে এবং সঠিক সময়ের মধ্যেই ডেলিভারী পেয়েছি।ধন্যবাদ দারাজ!","আলহামদুলিল্লাহ্, ৩৪৫ টাকায় যথেষ্ট ভালো হয়েছে এবং সঠিক সময়ের মধ্যেই ডেলিভারী পেয়েছি ধন্যবাদ দারাজ!",delivery_positive#price_positive#product_quality_positive
1833,46706923977231,"পন্যটি অনেক ভালো ভাবতেই পারিনাই দারাজ এতো ভালো একটি পন্য দিতে পারে এই প্রথম অনলাইনে কিছু অডার করছি অনেক টেনশনে ছিলাম কিন্তু দারাজ কে হামেসাই বিশ্বাস করা জাই,,ধন্যবাদ সেলার ভাই কে,, ধন্যবাদ দারাজ কে","পন্যটি অনেক ভালো ভাবতেই পারিনাই দারাজ এতো ভালো একটি পন্য দিতে পারে এই প্রথম অনলাইনে কিছু অডার করছি অনেক টেনশনে ছিলাম কিন্তু দারাজ কে হামেসাই বিশ্বাস করা জাই,,ধন্যবাদ সেলার ভাই কে,, ধন্যবাদ দারাজ কে.",product_quality_positive
1834,43305071277231,"আলহামদুলিল্লাহ খুব ভালো হয়েছে।
দারাজে আমি রেগুলার কাস্টমার
আপনারা নিতে পারেন",আলহামদুলিল্লাহ খুব ভালো হয়েছে দারাজে আমি রেগুলার কাস্টমার আপনারা নিতে পারেন.,product_quality_positive
1835,43283621177231,kub sundor Hoyacha ....Valo jinis paiche Nita paran ja kow .... thanks 👍👍👍👍,kub sundor Hoyacha ..Valo jinis paiche Nita paran ja kow .. thanks.,product_quality_positive
1836,43458104777231,"good....!
but touch sensor bajee...! 
thik moto kajj kore nhh..

baki sob thik",good..! but touch sensor bajee..! thik moto kajj kore nhh.. baki sob thik.,product_quality_positive
1837,43802668577231,বাজে প্রডাক্ট আওয়াজ এক দম ডাউন এর থেকে ১০০ টাকার হেড ফোন এ বেশি আওয়াজ আসবে,বাজে প্রডাক্ট আওয়াজ এক দম ডাউন এর থেকে ১০০ টাকার হেড ফোন এ বেশি আওয়াজ আসবে.,product_quality_negative
1838,43839972377231,"প্রডাক্ট ভালোই ছিলো, তবে একটা সমস্য কথা বলার সময় একটু জোরে কথা বলতে হয়।","প্রডাক্ট ভালোই ছিলো, তবে একটা সমস্য কথা বলার সময় একটু জোরে কথা বলতে হয়.",product_quality_positive
1839,44313677077231,Alhamdulillah 2 Week Use Kore review dilam Excellent Product !❤️✅,Alhamdulillah 2 Week Use Kore review dilam Excellent Product !,product_quality_positive
1840,44895136877231,Alhamdulillah valo products sobai nite paren,Alhamdulillah valo products sobai nite paren.,product_quality_positive
1841,43021953077231,onek valo ekta product diche.....thank you daraz and thank you seller vai ke....,onek valo ekta product diche..thank you daraz and thank you seller vai ke..,product_quality_positive
1842,42989438277231,"আলহামদুলিল্লাহ, কোয়ালিটি সম্পূর্ণ এয়ারবাড।
চার্জি ও  ভালো ঠিকে।
 Recommended ♥️","আলহামদুলিল্লাহ, কোয়ালিটি সম্পূর্ণ এয়ারবাড চার্জি ও ভালো ঠিকে Recommended.",product_quality_positive
1843,43224265177231,Onek valo ami koiek din use kore review dicchi. apnara nite paren. thanks seller ke. 🥰,Onek valo ami koiek din use kore review dicchi. apnara nite paren. thanks seller ke.,product_quality_positive
1844,42981759277231,"দাম অনুযায়ী পন্যটি অনেক ভালো, সবকিছু পারফেক্ট আছে
ধন্যবাদ সেলার এবং ডেলিভারি ভাইকে ।","দাম অনুযায়ী পন্যটি অনেক ভালো, সবকিছু পারফেক্ট আছে ধন্যবাদ সেলার এবং ডেলিভারি ভাইকে.",price_positive#product_quality_positive
1845,43689811977231,যেমন চাইছি তেমন পাইছি। আর ডেলিভারি ভাইয়ার ব্যবহারো ভালো ধন্যবাদ  দারাজ,যেমন চাইছি তেমন পাইছি আর ডেলিভারি ভাইয়ার ব্যবহারো ভালো ধন্যবাদ দারাজ.,delivery_positive#product_quality_positive
1846,43589802577231,"Alhumdulillah onek sundor hoyece,,.  Thik jemon caicelam temon paice..","Alhumdulillah onek sundor hoyece,,. Thik jemon caicelam temon paice..",product_quality_positive
1847,43732839977231,আপনারা নিঃসন্দে নিতে পারেন অরিজিনাল একটা ভালো প্রোডাক্ট ১০০ চার্জ ব্যাকাপ ১০০,আপনারা নিঃসন্দে নিতে পারেন অরিজিনাল একটা ভালো প্রোডাক্ট ১০০ চার্জ ব্যাকাপ ১০০.,product_quality_positive
1848,41925505077231,"অসাধারণ একটা পন্য 🥰 sound কোয়ালিটি ও দারুন😊এক কথায় অসাধারণ 🥰 সবাই নিতে পারেন,,সেলার ভাই তার কথা রেখেছেন,,, ধন্যবাদ 🥰","অসাধারণ একটা পন্য sound কোয়ালিটি ও দারুন এক কথায় অসাধারণ সবাই নিতে পারেন,,সেলার ভাই তার কথা রেখেছেন,, ধন্যবাদ.",product_quality_positive
1849,41734273977231,এই দামে আমার কাছে বেস্ট একটি পণ্য মনে হচ্ছে। সত্যিই সব দিক দিয়ে ভালো লাগছে । ব্যাটারি ব্যাকআপও যথেষ্ট ভালো।🥰🥰,এই দামে আমার কাছে বেস্ট একটি পণ্য মনে হচ্ছে সত্যিই সব দিক দিয়ে ভালো লাগছে ব্যাটারি ব্যাকআপও যথেষ্ট ভালো.,price_positive#product_quality_positive
1850,41775579177231,আলহামদুলিল্লাহ্ অনেক বালোই পাইছি  আমি ১ সপ্তাহ পর রিবিউ দিলাম.অনেকটা বালোই পাইছি.সাউন্ড খুব সুন্দর.একটা সমস‍্যা মাঝে মাঝে একটু একটু কেটে যায়.কিন্তু তাতে সমস‍্যা হয়না অতোটা.সেলস ম‍্যানটাও বালো ছিলো সবাই নিতে পারেন.এই দামে অস্থির জিনিস,আলহামদুলিল্লাহ্ অনেক বালোই পাইছি আমি ১ সপ্তাহ পর রিবিউ দিলাম.অনেকটা বালোই পাইছি.সাউন্ড খুব সুন্দর.একটা সমস ্যা মাঝে মাঝে একটু একটু কেটে যায়.কিন্তু তাতে সমস ্যা হয়না অতোটা.সেলস ম ্যানটাও বালো ছিলো সবাই নিতে পারেন.এই দামে অস্থির জিনিস.,seller_service_positive#price_positive#product_quality_positive
1851,47925533077231,"অনেক ভালো একটা হেডফোন আমি আজকে প্রায় দুই তিন মাস পরে রিপ্লাই দিতেছি অনেক ভালো,, কেউ নিতে চাইলে  নিতে পারেন টকবেন না আশা করি","অনেক ভালো একটা হেডফোন আমি আজকে প্রায় দুই তিন মাস পরে রিপ্লাই দিতেছি অনেক ভালো,, কেউ নিতে চাইলে নিতে পারেন টকবেন না আশা করি.",product_quality_positive
1852,42191488177231,দারাজ কে ধন্যবাদ  আমি যেমন চেয়েছিলাম তেমন পেয়েছি। আমার প্রোডাক্টটি অনেক ভালো।চার্জও ভালো থাকে,দারাজ কে ধন্যবাদ আমি যেমন চেয়েছিলাম তেমন পেয়েছি আমার প্রোডাক্টটি অনেক ভালো চার্জও ভালো থাকে.,product_quality_positive
1853,42174057977231,প্রোডাক্টটা অনেক ভালো।এই প্রাইসের মধ্যে অনেক  অনেক ভালো একটা প্রোডাক্ট I am satisfied 🥰🥰,প্রোডাক্টটা অনেক ভালো এই প্রাইসের মধ্যে অনেক অনেক ভালো একটা প্রোডাক্ট I am satisfied.,price_positive#product_quality_positive
1854,44381237977231,অনেক সুন্দর এবং ভালো প্রোডাক্ট চাইলে সবাই নিতে পারেন,অনেক সুন্দর এবং ভালো প্রোডাক্ট চাইলে সবাই নিতে পারেন.,product_quality_positive
1855,42750282077231,"খুব ভালা লাগছে প্রোডাক্টটা, সাথে আবার আরো ২ টা অর্ডার দিচি ধন্যবাদা দারাজ ও সেলারকে","খুব ভালা লাগছে প্রোডাক্টটা, সাথে আবার আরো ২ টা অর্ডার দিচি ধন্যবাদা দারাজ ও সেলারকে.",product_quality_positive
1856,42772018077231,Product ti onek valo and jemon ta chaisi temon tai hate paise donnobad seller vai ke👍,Product ti onek valo and jemon ta chaisi temon tai hate paise donnobad seller vai ke.,product_quality_positive
1857,45096699777231,একমাস ব্যাবহার করলাম।ভালোই নিতে পারেন😍,একমাস ব্যাবহার করলাম ভালোই নিতে পারেন.,product_quality_positive
1858,43851871077231,এমনি ভালো কিন্তু ওপরে কিসের যানি দাগ পরছে আপনার নিতে পারেন 🥺,এমনি ভালো কিন্তু ওপরে কিসের যানি দাগ পরছে আপনার নিতে পারেন.,product_quality_positive
1859,45586453577231,অনেক ধন্যবাদ দারাজকে এই টুকুই,অনেক ধন্যবাদ দারাজকে এই টুকুই.,product_quality_positive
1860,43839548577231,বেশি কিছু বললাম না খুবি ভালো একটা প্রোডাক আপনারা চাইলে নিতে পারেন,বেশি কিছু বললাম না খুবি ভালো একটা প্রোডাক আপনারা চাইলে নিতে পারেন.,product_quality_positive
1861,44327448677231,প্রোডাক্ট টা ভালো । চার্জ ভালো থাকে। চাইলে নিতে পারেন।,প্রোডাক্ট টা ভালো চার্জ ভালো থাকে চাইলে নিতে পারেন.,product_quality_positive
1862,44555721177231,"খুবই সুন্দর প্রডাক্ট। 

নিশ্চিন্তে নিতে পারেন",খুবই সুন্দর প্রডাক্ট নিশ্চিন্তে নিতে পারেন.,product_quality_positive
1863,46148083677231,"m10 এই পণ্যটি আমার কাছে সাউন্ড কোয়ালিটি বেস্ট লাগছে but charging problem বক্সে charg টিকে ২-৩ ঘন্টা Yaar Bat গুলো তে এক ঘণ্টার মতন মোটামুটি টিকে
।এত কম টাকায় পারফেক্ট আছে।  চাই লে আপনারা নিতে পারেন ।  অসংখ্য অসংখ্য ধন্যবাদ daraz কে। 🥰",m10 এই পণ্যটি আমার কাছে সাউন্ড কোয়ালিটি বেস্ট লাগছে but charging problem বক্সে charg টিকে ২-৩ ঘন্টা Yaar Bat গুলো তে এক ঘণ্টার মতন মোটামুটি টিকে এত কম টাকায় পারফেক্ট আছে চাই লে আপনারা নিতে পারেন অসংখ্য অসংখ্য ধন্যবাদ daraz কে.,price_positive#product_quality_positive
1864,42896866477231,quality motamoti valoi ato Kom takai ar theke Valo kiso asa kora jai na,quality motamoti valoi ato Kom takai ar theke Valo kiso asa kora jai na.,price_positive#product_quality_neutral
1865,43045753477231,"আলহামদুলিল্লাহ যেমন আশা করেছিলাম তেমনি পেয়েছি,,, এবং সেলার  অনেক ভালো ছিলো","আলহামদুলিল্লাহ যেমন আশা করেছিলাম তেমনি পেয়েছি,, এবং সেলার অনেক ভালো ছিলো.",seller_service_positive#product_quality_positive
1866,43164754177231,"সেলার ভালো না।
কেউ একজন রিটার্ন করেছে সেইটা আমাকে দিয়েছেন। এটা ছিলো নন মেগনেট।",সেলার ভালো না কেউ একজন রিটার্ন করেছে সেইটা আমাকে দিয়েছেন এটা ছিলো নন মেগনেট.,seller_service_positive
1867,42978859877231,alhamdulillah product ta asholei onek valo seller ke onek Dhonno bad 🥰🥰🥰,alhamdulillah product ta asholei onek valo seller ke onek Dhonno bad.,product_quality_positive
1868,45023393277231,জিনিসটা খুব ভালো কিন্তু চার্জ কম থাকে,জিনিসটা খুব ভালো কিন্তু চার্জ কম থাকে.,product_quality_positive
1869,41473082077231,460 takai ai airpods da darun... charge o thake onnekkhon ami use korlam 10 din moto tar por review ta dilam apnara chaile nite paren.,460 takai ai airpods da darun.. charge o thake onnekkhon ami use korlam 10 din moto tar por review ta dilam apnara chaile nite paren.,price_positive#product_quality_positive
1870,41520194977231,"onik valoআলহামদুলিল্লাহ আমারটা অনেক ভালো পড়ছে আশা করি দারাজ কখনো কারো সাথে প্রতারণা করবে না 
ড় ধন্যবাদ",onik valoআলহামদুলিল্লাহ আমারটা অনেক ভালো পড়ছে আশা করি দারাজ কখনো কারো সাথে প্রতারণা করবে না ড় ধন্যবাদ.,product_quality_positive
1871,41463313977231,"Alhamdulillah satisfied 🥰 2 weeks pore review dicci charge onk thake more than 4/5 hours on medium volume ar case er charge to ses e hoi na 1 week age 90 disilam akhno 77 remaining
 
full unboxing video :
Channel name : RoTheNex https://youtu.be/StgAV5FpZO0?si=C58ZSMerX8J6LSNp",Alhamdulillah satisfied 2 weeks pore review dicci charge onk thake more than 4 5 hours on medium volume ar case er charge to ses e hoi na 1 week age 90 disilam akhno 77 remaining full unboxing video Channel name RoTheNex.,product_quality_positive
1872,41403285477231,"সবাই নিতে পারেন, অনেক ভালো পোডাক্ট, কম দামে পেলাম, দোকানে ৬০০ টাকা দাম, যেতা আমি ৩৭০ টাকা দিয়ে পেয়েছি। আমি খুব দ্রুত হাতে পেয়েছি।  ধন্যবাদ সেলার ও দারাজ কে।","সবাই নিতে পারেন, অনেক ভালো পোডাক্ট, কম দামে পেলাম, দোকানে ৬০০ টাকা দাম, যেতা আমি ৩৭০ টাকা দিয়ে পেয়েছি আমি খুব দ্রুত হাতে পেয়েছি ধন্যবাদ সেলার ও দারাজ কে.",delivery_positive#price_positive#product_quality_positive
1873,40999559577231,"this product is really too good,,,,,packaging,service all over sob kichui onk valo Thank you Daraz❤️🥰","this product is really too good,,packaging,service all over sob kichui onk valo Thank you Daraz.",seller_service_positive#packaging_positive#product_quality_positive
1874,41479261277231,"৩ দিন ব্যাবহারের পর রিভিউ দিচ্ছি এই দামে এর চেয়ে ভালো জিনিস কোথাও পাওয়া যাবে না, এক মাএ দারাজেই  সম্ভব ,,,লাইভ ভাওচার ব্যাবহার করে ২১৯ টাকায় কিনেছি পর পর দুইটা অর্ডার দিলাম ,best of luck daraz,and seller mocho-e","৩ দিন ব্যাবহারের পর রিভিউ দিচ্ছি এই দামে এর চেয়ে ভালো জিনিস কোথাও পাওয়া যাবে না, এক মাএ দারাজেই সম্ভব ,,লাইভ ভাওচার ব্যাবহার করে ২১৯ টাকায় কিনেছি পর পর দুইটা অর্ডার দিলাম ,best of luck daraz,and seller mocho-e.",price_positive#product_quality_positive
1875,41373333777231,"প্রডাক্টটা যখন প্রথমে হাতে পেলাম বক্সটা খুলে মন খারাপ হয়েছিলো তার কারণ একটা এয়ারবাড খারাপ ছিলো।সেলারকে নোটিফিকেশন পাঠালাম প্রডাক্টের বিবরণ দিয়ে তারা আমার সাথে একদিন পর যোগাযোগ করে জানায় তারা আমাকে আর একটি প্রডাক্ট রিপ্লেস পাঠাচ্ছে।
প্রথমে বিশ্বাস করতে চাইছিলামনা তার ঠিক একদিন পরে কুরিয়ার থেকে ফোন দিয়ে জানালো আমার নামে একটা পার্সেল আছে প্রডাক্টটা হাতে পেয়ে খুলে দেখি সত্যিই তারা রিপ্লেস পাঠিয়েছে।
এখন যেটা পেয়েছি সেটা সবকিছু খুবই ভালো আছে।
সেলারকে অসংখ্য ধন্যবাদ সেই সাথে দারাজকে ধন্যবাদ।",প্রডাক্টটা যখন প্রথমে হাতে পেলাম বক্সটা খুলে মন খারাপ হয়েছিলো তার কারণ একটা এয়ারবাড খারাপ ছিলো সেলারকে নোটিফিকেশন পাঠালাম প্রডাক্টের বিবরণ দিয়ে তারা আমার সাথে একদিন পর যোগাযোগ করে জানায় তারা আমাকে আর একটি প্রডাক্ট রিপ্লেস পাঠাচ্ছে প্রথমে বিশ্বাস করতে চাইছিলামনা তার ঠিক একদিন পরে কুরিয়ার থেকে ফোন দিয়ে জানালো আমার নামে একটা পার্সেল আছে প্রডাক্টটা হাতে পেয়ে খুলে দেখি সত্যিই তারা রিপ্লেস পাঠিয়েছে এখন যেটা পেয়েছি সেটা সবকিছু খুবই ভালো আছে সেলারকে অসংখ্য ধন্যবাদ সেই সাথে দারাজকে ধন্যবাদ.,product_quality_positive
1876,41490524577231,"Good Product. but আমার মনে হয় চার্জের ব্যবস্থা আরো improve করা যেত। Sound quality, Design, Bass সব দিক দিয়েই ভালো। Nice Product.","Good Product. but আমার মনে হয় চার্জের ব্যবস্থা আরো improve করা যেত Sound quality, Design, Bass সব দিক দিয়েই ভালো Nice Product.",product_quality_positive
1877,41516754577231,"ভালোই।দাম অনুযায়ী পন্য ঠিক আছে।চায়লে নিতে পারেন।
বলছিলেন প্রডাক্ট দেখে নেওয়া যাবে।কিন্তু তা দেয়নি।তাই সেলার সাবিস এ ৩ টাই থাক।বাকি গুলায় বাড়াইয়া দিছি।",ভালোই দাম অনুযায়ী পন্য ঠিক আছে চায়লে নিতে পারেন বলছিলেন প্রডাক্ট দেখে নেওয়া যাবে কিন্তু তা দেয়নি তাই সেলার সাবিস এ ৩ টাই থাক বাকি গুলায় বাড়াইয়া দিছি.,seller_service_neutral#price_positive#product_quality_positive
1878,54038058177231,মোটামুটি ভালো শুধু গান শোনার জন্য ভালো এটা গেমিং এর জন্য ভালো নয় সাউন্ড দেরিতে আসে,মোটামুটি ভালো শুধু গান শোনার জন্য ভালো এটা গেমিং এর জন্য ভালো নয় সাউন্ড দেরিতে আসে.,product_quality_neutral
1879,44139058677231,ভালো আছে আপনারা সবাই নিতে পারেন!দারাজ কে ধন্যবাদ,ভালো আছে আপনারা সবাই নিতে পারেন!দারাজ কে ধন্যবাদ.,product_quality_positive
1880,43992098277231,"মাঝে মাঝে কারন ছাড়াই অফ হয়ে যায়।
মোটামুটি ভালো। আহামরি না।",মাঝে মাঝে কারন ছাড়াই অফ হয়ে যায় মোটামুটি ভালো আহামরি না.,product_quality_neutral
1881,42813358677231,"মোটামুটি ঠিকঠাক, 
কিন্তু চার্জ একটু কম থাকে,
তবে ৩৪০ টাকায় ঠিকঠাকই❤️","মোটামুটি ঠিকঠাক, কিন্তু চার্জ একটু কম থাকে, তবে ৩৪০ টাকায় ঠিকঠাকই.",price_neutral#product_quality_neutral
1882,42613697377231,"Alhamdulillah fast delivery paisi, r product ta o valo chilo,  sobai nita paren","Alhamdulillah fast delivery paisi, r product ta o valo chilo, sobai nita paren.",delivery_positive#product_quality_positive
1883,41262143677231,খারাপ বলা চলে না।মোটামুটি অনেক ভালো।এক হাতে ব্যবহার করার মত।আল্লাহ ভরসা দেখি কত দিন চলে।চার্জ মোটামুটি💔💔,খারাপ বলা চলে না মোটামুটি অনেক ভালো এক হাতে ব্যবহার করার মত আল্লাহ ভরসা দেখি কত দিন চলে চার্জ মোটামুটি.,product_quality_positive
1884,41208841277231,"Masha allah! Khub sundor ekti product.
Quality onk valoi paisi.
sound o onk valo and clear ashe. 
Thanks to seller for giving good product.🙂",Masha allah! Khub sundor ekti product. Quality onk valoi paisi. sound o onk valo and clear ashe. Thanks to seller for giving good product.,product_quality_positive
1885,41264367277231,"আলহামদুলিল্লাহ, অনেক ভালো প্রোডাক্ট পেয়েছি। ধন্যবাদ দারাজকে যে কেউ নিতে পারেন। আসা করি দারাজ সবসময় এরকম পারফরম্যান্স করে যাবে।","আলহামদুলিল্লাহ, অনেক ভালো প্রোডাক্ট পেয়েছি ধন্যবাদ দারাজকে যে কেউ নিতে পারেন আসা করি দারাজ সবসময় এরকম পারফরম্যান্স করে যাবে.",product_quality_positive
1886,41285539177231,দামের তুলনায় যথেষ্ট ভালো। কোয়ালিটি ও ডিজাইন মনে ধরার মতো। কিন্তু চার্জ কম থাকে মনে হয়। চার্জ আরেকটু ভালো থাকলে ভালো হতো। তবে সহজেই কানেক্ট হয়।,দামের তুলনায় যথেষ্ট ভালো কোয়ালিটি ও ডিজাইন মনে ধরার মতো কিন্তু চার্জ কম থাকে মনে হয় চার্জ আরেকটু ভালো থাকলে ভালো হতো তবে সহজেই কানেক্ট হয়.,price_positive#product_quality_positive
1887,41354608877231,ধন্যবাদ সেলারকে এত ভালো একটা প্রোডাক্ট দেওয়ার জন্য।এই দামে এর থেকে ভালো প্রোডাক্ট আশা করা যায় না। অনেক ভালো প্রোডাক্ট টা। সাউন্ড কোয়ালিটিও অনেক ভালো। ডেলিভারি ম্যানের ব্যাবহারও ভালো ছিল। আমি অনেক স্যাটিসফাইড,ধন্যবাদ সেলারকে এত ভালো একটা প্রোডাক্ট দেওয়ার জন্য এই দামে এর থেকে ভালো প্রোডাক্ট আশা করা যায় না অনেক ভালো প্রোডাক্ট টা সাউন্ড কোয়ালিটিও অনেক ভালো ডেলিভারি ম্যানের ব্যাবহারও ভালো ছিল আমি অনেক স্যাটিসফাইড.,delivery_positive#price_positive#product_quality_positive
1888,41274086577231,আলহামদুলিল্লাহ। সেলার এবং ডেলিভারি ম্যান দু জনকেই ধন্যবাদ খুব সুন্দর প্যাকেজিং  ও সুন্দর ভাবে পৌঁছাতে  দেওয়ার জন্য। ❤️,আলহামদুলিল্লাহ সেলার এবং ডেলিভারি ম্যান দু জনকেই ধন্যবাদ খুব সুন্দর প্যাকেজিং ও সুন্দর ভাবে পৌঁছাতে দেওয়ার জন্য.,seller_service_positive#delivery_positive#packaging_positive
1889,41236664577231,"thanks

প্যাকেজিং অনেক ভালো ছিল।
সব ঠিকঠাক আছে।
সাউন্ড কোয়ালিটি অনেক ভালো।
ধন্যবাদ সেলার এবং দার আজকে।",thanks প্যাকেজিং অনেক ভালো ছিল সব ঠিকঠাক আছে সাউন্ড কোয়ালিটি অনেক ভালো ধন্যবাদ সেলার এবং দার আজকে.,packaging_positive#product_quality_positive
1890,43407937077231,আলহামদুলিল্লাহ পোডাক টি ভালো পাইসি। চলেও ভালো। ধন্যবাদ সেলার ভাই।,আলহামদুলিল্লাহ পোডাক টি ভালো পাইসি চলেও ভালো ধন্যবাদ সেলার ভাই.,product_quality_positive
1891,48651383277231,vloi ..bebohar korar por review dilam ..koyek mash cholche .. asha kori koyek bochor jabe,vloi ..bebohar korar por review dilam ..koyek mash cholche .. asha kori koyek bochor jabe.,product_quality_positive
1892,41687501177231,এখন পর্যন্ত তো ভালোই কাজ করছে মনে হয় ভালো আছে। আপনারা চাইলে নিতে পারেন দাম অনুযায়ী ঠিক আছে।,এখন পর্যন্ত তো ভালোই কাজ করছে মনে হয় ভালো আছে আপনারা চাইলে নিতে পারেন দাম অনুযায়ী ঠিক আছে.,price_neutral#product_quality_positive
1893,43526549977231,"ভালো জিনিস।।এর আগেও একটা ব্যবহার করছি❤️
ব্যাটারী ব্যাকআপও ভালো",ভালো জিনিস এর আগেও একটা ব্যবহার করছি ব্যাটারী ব্যাকআপও ভালো.,product_quality_positive
1894,43763668577231,"দ্রুত হাতে পেয়েছি, প্রোডাক্টটি ব্যাবহার করে ভাল লাগছে।","দ্রুত হাতে পেয়েছি, প্রোডাক্টটি ব্যাবহার করে ভাল লাগছে.",delivery_positive#product_quality_positive
1895,43857714777231,ডিলেভারি অনেক দূরত্ব পাইছি।  এবং প্রোডাক্ট টাও ভালো।,ডিলেভারি অনেক দূরত্ব পাইছি এবং প্রোডাক্ট টাও ভালো.,delivery_positive#product_quality_positive
1896,42071771677231,alhamdulillah doitai osadharon r daraz k dhonnobad eto kom takai vlo kico deoyar jonno,alhamdulillah doitai osadharon r daraz k dhonnobad eto kom takai vlo kico deoyar jonno.,price_positive#product_quality_positive
1897,41017036777231,Ektu late kore review dilam. Kicu bisoy jacai korar chilo product er bepar a. Price hishebe onk vloi service diche. Vlo akta product. Delivery man o khub vlo. I am satisfied with Daraz.,Ektu late kore review dilam. Kicu bisoy jacai korar chilo product er bepar a. Price hishebe onk vloi service diche. Vlo akta product. Delivery man o khub vlo. I am satisfied with Daraz.,delivery_positive#price_positive#product_quality_positive
1898,42882163977231,cable nossto but delivery onnek fast cillo ar sound quality o vhalo!,cable nossto but delivery onnek fast cillo ar sound quality o vhalo!,delivery_positive#product_quality_positive
1899,43227449477231,"product quality good 
dhamer sathe man thik ace.
thank you daraz",product quality good dhamer sathe man thik ace. thank you daraz.,price_positive#product_quality_positive
1900,43002413177231,"বেস্ট কোয়ালিটি,,, অসম্ভব সুন্দর,,, অসংখ্য ধন্যবাদ সেলার ভাই কে,,,","বেস্ট কোয়ালিটি,, অসম্ভব সুন্দর,, অসংখ্য ধন্যবাদ সেলার ভাই কে,,.",product_quality_positive
1901,41445129477231,সাত দিন ব্যাবহারের পর রিভিও দিচ্ছি এই দামে ঠিক আছে লাইভ ভাওচার ব্যাবহার করে ২২৯ টাকায় কিনেছি,সাত দিন ব্যাবহারের পর রিভিও দিচ্ছি এই দামে ঠিক আছে লাইভ ভাওচার ব্যাবহার করে ২২৯ টাকায় কিনেছি.,price_neutral#product_quality_neutral
1902,49138156377231,প্রথমে তো ডেলিভারি দিতে দেরি হয়েছে তারপরে সমস্যা ব্লুটুথ এর সাউন্ড মোটামুটি তবে একটা সাউন্ড বেশি একটা সাউন্ড কম আর ব্লুটুথ ব্যবহার কইরা কথা বলা যায় না ডান কানে ব্লুটুথ দ্বারা কথা বলা যায় না সাউন্ড একেবারেই নাই,প্রথমে তো ডেলিভারি দিতে দেরি হয়েছে তারপরে সমস্যা ব্লুটুথ এর সাউন্ড মোটামুটি তবে একটা সাউন্ড বেশি একটা সাউন্ড কম আর ব্লুটুথ ব্যবহার কইরা কথা বলা যায় না ডান কানে ব্লুটুথ দ্বারা কথা বলা যায় না সাউন্ড একেবারেই নাই.,delivery_negative#product_quality_negative
1903,41381151177231,ধন্যবাদ সেলারকে। যে এত কম দামে এত সুন্দর একটি প্রোডাক্ট দেওয়ার জন্য। হেডফোনটি খুব সুন্দর হয়েছে।,ধন্যবাদ সেলারকে যে এত কম দামে এত সুন্দর একটি প্রোডাক্ট দেওয়ার জন্য হেডফোনটি খুব সুন্দর হয়েছে.,price_positive#product_quality_positive
1904,41426025277231,sound Quality khub akta valo na holeo products Valo..... Copy pro.... Dam hisebe overall Valo....,sound Quality khub akta valo na holeo products Valo.. Copy pro.. Dam hisebe overall Valo..,price_positive#product_quality_positive
1905,43578177177231,আপাতত সব ঠিক আছে কিছুদিন ব্যবহার করে আবার রিভিউ আপডেট দিব।,আপাতত সব ঠিক আছে কিছুদিন ব্যবহার করে আবার রিভিউ আপডেট দিব.,product_quality_positive
1906,43580394477231,products ta vloi sound quality good I'm satisfied,products ta vloi sound quality good I'm satisfied.,product_quality_positive
1907,41814801977231,"khubi valo lagle nite paren, sound quality, charge, valo.ek kotay sob kisu khub i valo","khubi valo lagle nite paren, sound quality, charge, valo.ek kotay sob kisu khub i valo.",product_quality_positive
1908,43701826677231,"Alhamdulliah product vlo 🔥
chaile apnarao nite paren",Alhamdulliah product vlo chaile apnarao nite paren.,product_quality_positive
1909,40618796177231,"প্রোডাক্ট খুবই ভালো। সেলার এর রেসপনসেবলিটি খুবই ভালো। আমার M10  টা একটু চার্জ কম থাকতো, আমি ভেবেছিলাম ওমনি চালাবো, কিন্তু তা আর হলো না সেলার এর একের পর এক ফোন, আমাকে ফ্রীতেই নাকি পরিবর্তন করে দিবে, আমি অনেক বলেছিলাম থাক ভাই এটাই চালাই কিন্তু কে শোনে কার কথা, শেষ পর্যন্ত উনারা আমাকে পরিবর্তন করেই দিলেন। 
আমার লাইফে অনেক কেনাকাটা করেছি সেলার এর ব্যবহার  এতটাই ভালো তা বলে বোঝাতে পারবো না❤️
সো সবাইকে সাজেস্ট করি যারা ব্লুটুথ নিতে চাইতেছন তারা এই সেলার থেকে নিতে পারেন 
ধন্যবাদ সেলার কে ধন্যবাদ দারাজ কে💖","প্রোডাক্ট খুবই ভালো সেলার এর রেসপনসেবলিটি খুবই ভালো আমার M10 টা একটু চার্জ কম থাকতো, আমি ভেবেছিলাম ওমনি চালাবো, কিন্তু তা আর হলো না সেলার এর একের পর এক ফোন, আমাকে ফ্রীতেই নাকি পরিবর্তন করে দিবে, আমি অনেক বলেছিলাম থাক ভাই এটাই চালাই কিন্তু কে শোনে কার কথা, শেষ পর্যন্ত উনারা আমাকে পরিবর্তন করেই দিলেন আমার লাইফে অনেক কেনাকাটা করেছি সেলার এর ব্যবহার এতটাই ভালো তা বলে বোঝাতে পারবো না সো সবাইকে সাজেস্ট করি যারা ব্লুটুথ নিতে চাইতেছন তারা এই সেলার থেকে নিতে পারেন ধন্যবাদ সেলার কে ধন্যবাদ দারাজ কে.",seller_service_positive#product_quality_positive
1910,39691226277231,"ধন্যবাদ সেলার কে।  পোডাক্ট টা অনেক ভালো হয়েছে।  যদিও প্রথমত একটু সমস্যা ছিলো পরে কিছুদিনের মধ্যেই চেন্জ করে দিয়েছে🥰
আপনারা চাইলে পোডাক্ট টা নিতে পারেন 😊",ধন্যবাদ সেলার কে পোডাক্ট টা অনেক ভালো হয়েছে যদিও প্রথমত একটু সমস্যা ছিলো পরে কিছুদিনের মধ্যেই চেন্জ করে দিয়েছে আপনারা চাইলে পোডাক্ট টা নিতে পারেন.,product_quality_positive
1911,40179239577231,Ai dame valoi upnara chaile nite paren kintu jara bass ar jonno nite chassen tara onno ta dhakte paren ai dame bass + sound ( amar kase aktu kom mone hoise)  valoi,Ai dame valoi upnara chaile nite paren kintu jara bass ar jonno nite chassen tara onno ta dhakte paren ai dame bass sound amar kase aktu kom mone hoise valoi.,price_positive#product_quality_positive
1912,40450240877231,"দামের তুলনায় প্রডাক্ট যথেষ্টই ভাল।খুচরা বাজারে ১৫০-২০০ টাকা বেশি দিয়ে কিনতে হবে।
চার্জও মোটামুটি ভালই টিকে। নিতে পারেন এই রং চায়ের দামে মালাই চা পাইবেন",দামের তুলনায় প্রডাক্ট যথেষ্টই ভাল খুচরা বাজারে ১৫০-২০০ টাকা বেশি দিয়ে কিনতে হবে চার্জও মোটামুটি ভালই টিকে নিতে পারেন এই রং চায়ের দামে মালাই চা পাইবেন.,price_positive#product_quality_positive
1913,40891244877231,অনেক ভালো একটা জিনিস এক ভাবে ৬ ঘন্টা গান শুনেও চার্জ শেষ করতে পারি নাই আর বক্স কিনা ৫ দিন এখনও চার্জ দেওয়া লাগেনি সবাই চাইলে নিতে পারেন,অনেক ভালো একটা জিনিস এক ভাবে ৬ ঘন্টা গান শুনেও চার্জ শেষ করতে পারি নাই আর বক্স কিনা ৫ দিন এখনও চার্জ দেওয়া লাগেনি সবাই চাইলে নিতে পারেন.,product_quality_positive
1914,40098318677231,ধন্যবাদ দারাজকে।ধন্যবাদ সেলার ভাইকে এত সুন্দর একটা পন্য দেওয়ার জন্য।।এত কম দামে এত সুন্দর একটা প্রোডাক্ট পাবো তা ভাবতেই পারিনি।❤️❤️,ধন্যবাদ দারাজকে ধন্যবাদ সেলার ভাইকে এত সুন্দর একটা পন্য দেওয়ার জন্য এত কম দামে এত সুন্দর একটা প্রোডাক্ট পাবো তা ভাবতেই পারিনি.,price_positive#product_quality_positive
1915,40247607377231,"সময় মত ডেলিভারি দেওয়ার জন্য ধন্যবাদ।
মতামত: ডেলিভারি দেওয়ার পূর্বে রাইডাররা অন্ততপক্ষে দুই ঘণ্টা পূর্বে ফোন দিয়ে কনফার্ম করলে আরো ভালো হয়।",সময় মত ডেলিভারি দেওয়ার জন্য ধন্যবাদ মতামত ডেলিভারি দেওয়ার পূর্বে রাইডাররা অন্ততপক্ষে দুই ঘণ্টা পূর্বে ফোন দিয়ে কনফার্ম করলে আরো ভালো হয়.,delivery_positive
1916,40069114077231,আলহামদুলিল্লাহ প্রোডাক্ট টি ভালো।আমি দুই সপ্তাহ ব্যবহার করে রিভিউ দিচ্ছি।এই দামে বেস্ট প্রোডাক্ট।আপনারাও চাইলে নিতে পারেন।ধন্যবাদ দারাজ ও সেলার ভাইকে।,আলহামদুলিল্লাহ প্রোডাক্ট টি ভালো আমি দুই সপ্তাহ ব্যবহার করে রিভিউ দিচ্ছি এই দামে বেস্ট প্রোডাক্ট আপনারাও চাইলে নিতে পারেন ধন্যবাদ দারাজ ও সেলার ভাইকে.,price_positive#product_quality_positive
1917,46845814877231,হেডফোন টা খুবই তাড়াতাড়ি হাতে পেয়েছি সব কিছুই ভালো কিন্তু চার্জ  কম টেকে,হেডফোন টা খুবই তাড়াতাড়ি হাতে পেয়েছি সব কিছুই ভালো কিন্তু চার্জ কম টেকে.,delivery_positive#product_quality_positive
1918,41280443177231,"ধন্যবাদ সেলার এবং দারাজ কে এতো সুন্দর প্রোডাক্ট দেবার জন্য,  এত কমে m10 এয়ার ডট দেবার জন্য","ধন্যবাদ সেলার এবং দারাজ কে এতো সুন্দর প্রোডাক্ট দেবার জন্য, এত কমে m10 এয়ার ডট দেবার জন্য.",price_positive#product_quality_positive
1919,44757173477231,অনেক অনেক সুন্দর ভালো পন্য,অনেক অনেক সুন্দর ভালো পন্য.,product_quality_positive
1920,43311795477231,"এই বাজেটে এর থেকে বেশি আশা করা যায় না, তবে ভালো লেগেছে","এই বাজেটে এর থেকে বেশি আশা করা যায় না, তবে ভালো লেগেছে.",price_positive#product_quality_positive
1921,43409868477231,onnek valo ekta products olpo dam a only 273 takei 😙🥰🥰,onnek valo ekta products olpo dam a only 273 takei.,price_positive#product_quality_positive
1922,43478197177231,dam hichabe anock valo.  tar shathe cable o dey nite paren,dam hichabe anock valo. tar shathe cable o dey nite paren.,product_quality_positive
1923,43377726077231,product valo nite paren sobai. Change Valoi thake,product valo nite paren sobai. Change Valoi thake.,product_quality_positive
1924,43284766377231,হেডফোনটা অনেক ভালো।। কেউ চাইলে অবশ্যই নিতে পারেন🥰🥰,হেডফোনটা অনেক ভালো কেউ চাইলে অবশ্যই নিতে পারেন.,product_quality_positive
1925,43869907977231,ata valo paici but Jani na charge kmon thakbe,ata valo paici but Jani na charge kmon thakbe.,product_quality_positive
1926,42066066077231,বেশ কয়েকদিন  চালানোর পরে বুঝতে পারলাম আসলে জিনিসটা ভালো সবাই নিতে পারেন,বেশ কয়েকদিন চালানোর পরে বুঝতে পারলাম আসলে জিনিসটা ভালো সবাই নিতে পারেন.,product_quality_positive
1927,47354275377231,"একে বারে ফালতু/
একদম ভালো না আমি নিয়ে আবার ফেরদ দিছি/
১ দিন ও চালাইতে পারি নাই/",একে বারে ফালতু একদম ভালো না আমি নিয়ে আবার ফেরদ দিছি ১ দিন ও চালাইতে পারি নাই.,product_quality_negative
1928,40987251277231,"ধন্যবাদ দারাজ কে,ভালো মানের ব্লুটুথ হেডফোন দেওয়ার জন্য, অনেক ভালো কম দামে, ভালো মানের প্রোডাক্ট","ধন্যবাদ দারাজ কে,ভালো মানের ব্লুটুথ হেডফোন দেওয়ার জন্য, অনেক ভালো কম দামে, ভালো মানের প্রোডাক্ট.",price_positive#product_quality_positive
1929,44233588377231,প্রডাক্ট টা ভালো ছিলো ধন্যবাদ আপনাদের,প্রডাক্ট টা ভালো ছিলো ধন্যবাদ আপনাদের.,product_quality_positive
1930,42484776777231,Alhamdulillah product onk valo Bass joss tnx daraz and delivery boy,Alhamdulillah product onk valo Bass joss tnx daraz and delivery boy.,product_quality_positive
1931,42356962977231,খুব ভালো আমি আছি দুই সপ্তাহ পরে দিলাম দুই ঘণ্টার মতো ব্যাকআপ দেয়,খুব ভালো আমি আছি দুই সপ্তাহ পরে দিলাম দুই ঘণ্টার মতো ব্যাকআপ দেয়.,product_quality_positive
1932,40966476677231,bhai joss jemon cheyesilam temon paisi kono second hand na ekdom intek apnara chaile nite paren,bhai joss jemon cheyesilam temon paisi kono second hand na ekdom intek apnara chaile nite paren.,product_quality_positive
1933,42922097577231,So far it’s good. 3 ghonta backup dicche budsgulo.,So far it s good. 3 ghonta backup dicche budsgulo.,product_quality_positive
1934,42947422877231,Product was good.sound clear and smooth. recommended.,Product was good.sound clear and smooth. recommended.,product_quality_positive
1935,43221959477231,"পন্য ভাল, কিন্তু ডেলিভারি ম্যানের দায়িত্ব পালনে ব্যার্থ।","পন্য ভাল, কিন্তু ডেলিভারি ম্যানের দায়িত্ব পালনে ব্যার্থ.",delivery_negative#product_quality_positive
1936,43705432377231,পণ্যটি অত্যন্ত ভালো আপনারা চাইলেও নিতে পারেন.. ❤️,পণ্যটি অত্যন্ত ভালো আপনারা চাইলেও নিতে পারেন..,product_quality_positive
1937,40044199577231,অনেক ভালো। যেমন টা চেয়েছিলাম। পণ্য হাতে পেতে দেরি হলেও দারাজ চেষ্টা করেছে তারাতাড়ি দেওয়ার জন্য,অনেক ভালো যেমন টা চেয়েছিলাম পণ্য হাতে পেতে দেরি হলেও দারাজ চেষ্টা করেছে তারাতাড়ি দেওয়ার জন্য.,delivery_negative#product_quality_positive
1938,42230508777231,আলহামদুলিল্লাহ যেমনটা দেখানো হয়েছে তেমন ই পাইছি।  সাউন্ড টাউ ভাল।,আলহামদুলিল্লাহ যেমনটা দেখানো হয়েছে তেমন ই পাইছি সাউন্ড টাউ ভাল.,product_quality_positive
1939,44057431377231,প্রোডাক্ট এর কোয়ালিটি মোটামুটি ভালো।,প্রোডাক্ট এর কোয়ালিটি মোটামুটি ভালো.,product_quality_neutral
1940,44070917377231,অনেক ভালো কাজে দেয়। চাইলে নিতে পারেন,অনেক ভালো কাজে দেয় চাইলে নিতে পারেন.,product_quality_positive
1941,41215894877231,আলহামদুলিল্লাহ যেমন চেয়েছি তেমনটা পেয়েছি ধন্যবাদ Daraz কে। সাউন্ড কোয়ালিটি ও ভালো,আলহামদুলিল্লাহ যেমন চেয়েছি তেমনটা পেয়েছি ধন্যবাদ Daraz কে সাউন্ড কোয়ালিটি ও ভালো.,product_quality_positive
1942,42539291377231,ধন্যবাদ সেলার কে।ভালো ছিল পন্যটি প্যাকেজিং ও ভালো ছিল।,ধন্যবাদ সেলার কে ভালো ছিল পন্যটি প্যাকেজিং ও ভালো ছিল.,packaging_positive#product_quality_positive
1943,48917109777231,onk valo lagse product ta.  matro 3 din r moddhe peyechi hate. sound quality onk valo. besi dami airpods nh kine aita kinlei enough 👍🤍,onk valo lagse product ta. matro 3 din r moddhe peyechi hate. sound quality onk valo. besi dami airpods nh kine aita kinlei enough.,delivery_positive#product_quality_positive
1944,48893261477231,"Alhamdulillah!  overall valoi ache!. tobe amk jeta dwa hoise setar left er tai volume ektu km! 
Rating : 8/10",Alhamdulillah! overall valoi ache!. tobe amk jeta dwa hoise setar left er tai volume ektu km! Rating 8 10.,product_quality_positive
1945,41679407877231,"আলহামদুলিল্লাহকম দামে ভালো নিতে পারেন,,,, ডেলিভারি দিছে ভায়াটা খুব ভালো","আলহামদুলিল্লাহকম দামে ভালো নিতে পারেন,, ডেলিভারি দিছে ভায়াটা খুব ভালো.",delivery_positive#price_positive#product_quality_positive
1946,41727360477231,দাম অনুযায়ী ভালো।একদিন ব্যবহার করলাম।কেমন হবে ব্যবহার করে দেখি।ধন্যবাদ।,দাম অনুযায়ী ভালো একদিন ব্যবহার করলাম কেমন হবে ব্যবহার করে দেখি ধন্যবাদ.,product_quality_positive
1947,43527688277231,দাম হিসেবে ভালো 👍কিন্তু বাক্সটা নরমাল।,দাম হিসেবে ভালো কিন্তু বাক্সটা নরমাল.,price_positive#product_quality_positive
1948,43297948577231,যেমনটা চেয়েছি তেমনই পেয়েছি। চার্জও ভালো থাকে।,যেমনটা চেয়েছি তেমনই পেয়েছি চার্জও ভালো থাকে.,product_quality_positive
1949,43332500577231,"Awesome 1ta product ai price a, sobai nite paren","Awesome 1ta product ai price a, sobai nite paren.",price_positive#product_quality_positive
1950,43527069077231,খুবই ভালো প্রোডাক্ট চাইলে আপনারও নিতে পারেন,খুবই ভালো প্রোডাক্ট চাইলে আপনারও নিতে পারেন.,product_quality_positive
1951,41970144577231,"আলহামদুলিল্লাহ  দামের হারে আনেক ভালো পেয়েছি  এবং 
সাউন্ড  আনেক ভালো",আলহামদুলিল্লাহ দামের হারে আনেক ভালো পেয়েছি এবং সাউন্ড আনেক ভালো.,price_positive#product_quality_positive
1952,42040229277231,"Nine এটা খুব ভালো একটা প্রোডাক্ট 🥰🥰👍👍
চার্জ এ লং টাইম চলে",Nine এটা খুব ভালো একটা প্রোডাক্ট চার্জ এ লং টাইম চলে.,product_quality_positive
1953,42461705377231,"আলহামদুলিল্লাহ আসার চেয়ে ভালো কিছুই পেয়েছি, ধন্যবাদ Daraz🖤","আলহামদুলিল্লাহ আসার চেয়ে ভালো কিছুই পেয়েছি, ধন্যবাদ Daraz.",product_quality_positive
1954,41395520777231,"প্রোডাক্ট টা এই দাম এ অনেক ভালো ,পিকচার এ দেখানো মতোই সেম প্রোডাক্ট পাইছি।","প্রোডাক্ট টা এই দাম এ অনেক ভালো ,পিকচার এ দেখানো মতোই সেম প্রোডাক্ট পাইছি.",price_positive#product_quality_positive
1955,41459170277231,"এখন পর্যন্ত ঠিকঠাক ই আছে, কিছুদিন ব্যবহার করি, 
পরে আবার রিভিউ দিবো।❤️🌸","এখন পর্যন্ত ঠিকঠাক ই আছে, কিছুদিন ব্যবহার করি, পরে আবার রিভিউ দিবো.",product_quality_positive
1956,43053573277231,product ta onek valo chillo. thank seller ke,product ta onek valo chillo. thank seller ke.,product_quality_positive
1957,43030141877231,"আলহামদুলিল্লাহ।
দাম অনুযায়ী ভালো প্রোডাক্ট।",আলহামদুলিল্লাহ দাম অনুযায়ী ভালো প্রোডাক্ট.,price_positive#product_quality_positive
1958,43053149777231,অনেক ভালো একটি পন্য🖤 ধন্যবাদ সেলার ভাইকে🤍,অনেক ভালো একটি পন্য ধন্যবাদ সেলার ভাইকে.,product_quality_positive
1959,42881446477231,"Good product 🙂
ধন্যবাদ সেলার এন্ড দারাজ কে 🙂👍",Good product ধন্যবাদ সেলার এন্ড দারাজ কে.,product_quality_positive
1960,41736498977231,"অনেক সুন্দর, দুটা নিয়েছি,  চার্জ ও ভালো থাকে, অনেক সময় ব্যাকাপ দেই","অনেক সুন্দর, দুটা নিয়েছি, চার্জ ও ভালো থাকে, অনেক সময় ব্যাকাপ দেই.",product_quality_positive
1961,48688934277231,"worth your money!
gaming er jnno khub e bhalo....!
chrg o thke onkkhn...definitely recommended it!💗",worth your money! gaming er jnno khub e bhalo..! chrg o thke onkkhn..definitely recommended it!,product_quality_positive
1962,43639871177231,"পন্যটি অনেক ভালো হইছে আলহামদুলিল্লাহ,,","পন্যটি অনেক ভালো হইছে আলহামদুলিল্লাহ,,.",product_quality_positive
1963,43668691577231,আলহামদুলিল্লাহ ভাল আপনারা নিতে পারেন,আলহামদুলিল্লাহ ভাল আপনারা নিতে পারেন.,product_quality_positive
1964,40843788877231,onk valo product.. charge backup o valo.. sob kichu thik thak.. kew chile nite paren🙂,onk valo product.. charge backup o valo.. sob kichu thik thak.. kew chile nite paren.,product_quality_positive
1965,42198435677231,alhamdulillah  onek valo product nite paren,alhamdulillah onek valo product nite paren.,product_quality_positive
1966,40394024577231,"প্রোডাক্ট টি পাঁচ দিন ব্যাবহার করার পর রিভিউ দিলাম। ভালো আছে, কেউ চাইলে নিতে পারেন।","প্রোডাক্ট টি পাঁচ দিন ব্যাবহার করার পর রিভিউ দিলাম ভালো আছে, কেউ চাইলে নিতে পারেন.",product_quality_positive
1967,44100952577231,good but battery backup kom,good but battery backup kom.,product_quality_positive
1968,41368545477231,"alhamdulillah khubi valo ekti prodart,apnara caile nite paren no problem","alhamdulillah khubi valo ekti prodart,apnara caile nite paren no problem.",product_quality_positive
1969,41201768377231,dam sihabe valoooo sudu Charge kom ache ai tai somossa.....ta o valo e ache,dam sihabe valoo sudu Charge kom ache ai tai somossa..ta o valo e ache.,price_positive#product_quality_positive
1970,42775976877231,প্রোডাক্টটা খুব ভালো আপনারা সবাই নিতে পারেন।।।,প্রোডাক্টটা খুব ভালো আপনারা সবাই নিতে পারেন.,product_quality_positive
1971,42659120977231,jamon ta chaici tamon tai paici thank you DRZ,jamon ta chaici tamon tai paici thank you DRZ.,product_quality_positive
1972,42782317377231,dam onujayi product xosss. nite paren sobai .,dam onujayi product xoss. nite paren sobai .,price_positive#product_quality_positive
1973,42538579077231,product ta jotesto valo❤️ seller vai tao onk vlo,product ta jotesto valo seller vai tao onk vlo.,seller_service_positive#product_quality_positive
1974,48593482777231,এক কথায় সেলার এর ব্যবহার খুবই সুন্দর ৫ টা অর্ডার করছি চার্জ ও টিকে সুন্দর সাউন্ড কোয়ালিটিও ভালো দাম অনুযায়ী পোডাক্ট ভালো আছে প্যাকেটিং ভালো ছিলো কিন্তু দেওয়া আছে ব্লুটুথ থেকে চার্জ উঠে চার্জ কিন্তু উঠে না আর ডেলিভারিটা অনেক দেড়ি হয়ছে আসতে,এক কথায় সেলার এর ব্যবহার খুবই সুন্দর ৫ টা অর্ডার করছি চার্জ ও টিকে সুন্দর সাউন্ড কোয়ালিটিও ভালো দাম অনুযায়ী পোডাক্ট ভালো আছে প্যাকেটিং ভালো ছিলো কিন্তু দেওয়া আছে ব্লুটুথ থেকে চার্জ উঠে চার্জ কিন্তু উঠে না আর ডেলিভারিটা অনেক দেড়ি হয়ছে আসতে.,seller_service_positive#delivery_negative#packaging_positive#price_positive
1975,48644718877231,"আপনাদের সার্ভিসটা অনেক ভালো  আপনাদের প্রোডাক্ট আমি হাতে পাওয়ার পরেও আপনারা আমাকে ফোন দিয়ে জিজ্ঞাসা করছেন 
প্রোডাক্টটি কেমন সার্ভিস দিচ্ছে ইত্যাদি বিস্তারিত
ভালো লাগলো

আমার কাছে কেউ জিজ্ঞাসা করলে আমি এই ডিভাইসটা কিনতে চাই কোথা থেকে কিনব 

তাহলে আমি নিশ্চয়ই বলবো এই পেজ থেকে কিনো তাহলে ভালো হবে 

আপনাদের সার্ভিস আমি খুব আনন্দিত",আপনাদের সার্ভিসটা অনেক ভালো আপনাদের প্রোডাক্ট আমি হাতে পাওয়ার পরেও আপনারা আমাকে ফোন দিয়ে জিজ্ঞাসা করছেন প্রোডাক্টটি কেমন সার্ভিস দিচ্ছে ইত্যাদি বিস্তারিত ভালো লাগলো আমার কাছে কেউ জিজ্ঞাসা করলে আমি এই ডিভাইসটা কিনতে চাই কোথা থেকে কিনব তাহলে আমি নিশ্চয়ই বলবো এই পেজ থেকে কিনো তাহলে ভালো হবে আপনাদের সার্ভিস আমি খুব আনন্দিত.,seller_service_positive#product_quality_positive
1976,48631054877231,সাউন্ড কোয়ালিটি ভালো কিন্তু চার্জ টেনেটুনে এক ঘণ্টার বেশি থাকছে না এটা কষ্টদায়ক 💔 সাউন্ড আস্তে দিয়ে শুনলেও এক ঘণ্টার বেশি চার্জ থাকছে না তাছাড়া  বাকি সব ঠিকঠাক,সাউন্ড কোয়ালিটি ভালো কিন্তু চার্জ টেনেটুনে এক ঘণ্টার বেশি থাকছে না এটা কষ্টদায়ক সাউন্ড আস্তে দিয়ে শুনলেও এক ঘণ্টার বেশি চার্জ থাকছে না তাছাড়া বাকি সব ঠিকঠাক.,product_quality_positive
1977,43293627077231,Alhamdulillah sob kicu thik ace.,Alhamdulillah sob kicu thik ace.,product_quality_positive
1978,43521980677231,মোটামুটি ভালোই।চাইলে কিনতে পারেন😊,মোটামুটি ভালোই চাইলে কিনতে পারেন.,product_quality_neutral
1979,43537981677231,খুব ভালো চাইলে আপনারাও নিতে পারেন,খুব ভালো চাইলে আপনারাও নিতে পারেন.,product_quality_positive
1980,43327023277231,সব কিছু ঠিক আছে সমস্যা নাই 🙂🥀🥰,সব কিছু ঠিক আছে সমস্যা নাই.,product_quality_neutral
1981,42002824077231,আলহাদুলিল্লাহ যেমনটা আশা করছি তার চেয়ে অনেক ভালো,আলহাদুলিল্লাহ যেমনটা আশা করছি তার চেয়ে অনেক ভালো.,product_quality_positive
1982,41977504477231,ভাই  ভাল জিনিস দেওয়ার জন  দনবাদ    সবাই  নিতে পারেন,ভাই ভাল জিনিস দেওয়ার জন দনবাদ সবাই নিতে পারেন.,product_quality_positive
1983,43819906877231,খুব বাজে একটা পডাক নষ্ট ছিল,খুব বাজে একটা পডাক নষ্ট ছিল.,product_quality_negative
1984,41115480977231,আমার কাছে ভালো লেগেছে দাম হিসেবে ভালো।                         আমি আরো একটি কিব,আমার কাছে ভালো লেগেছে দাম হিসেবে ভালো আমি আরো একটি কিব.,price_positive#product_quality_positive
1985,41399744877231,যেমনটি চেয়েছি তেমনটি পেয়েছি। দাম অনুযায়ী প্রোডাক্টটি অনেক ভালো।,যেমনটি চেয়েছি তেমনটি পেয়েছি দাম অনুযায়ী প্রোডাক্টটি অনেক ভালো.,price_positive#product_quality_positive
1986,40303738277231,আলহামদুলিল্লাহ যেমন চেয়েছিলাম তেমনি পেয়েছি ডারাজ কে অনেক অনেক ধন্যবাদ,আলহামদুলিল্লাহ যেমন চেয়েছিলাম তেমনি পেয়েছি ডারাজ কে অনেক অনেক ধন্যবাদ.,product_quality_positive
1987,42198873077231,Onek sondur 1ta product.  Nite paru sobai❤️.,Onek sondur 1ta product. Nite paru sobai .,product_quality_positive
1988,42191729277231,ভাই ভালো একটি প্রোডাক্ট আপনারা চাইলে নিতে পারেন,ভাই ভালো একটি প্রোডাক্ট আপনারা চাইলে নিতে পারেন.,product_quality_positive
1989,42266434577231,onek valo Product cailen nite paren sobari🤘,onek valo Product cailen nite paren sobari.,product_quality_positive
1990,42805447977231,"আলহামদুলিল্লাহ,যেমন চেয়েছি তেমন পাইছি দাম অনুযায়ী মোটামুটি ভালো","আলহামদুলিল্লাহ,যেমন চেয়েছি তেমন পাইছি দাম অনুযায়ী মোটামুটি ভালো.",price_neutral#product_quality_positive
1991,41203429577231,"ধন্যবাদ সেলারকে,ভালো পন্য দেওয়ার জন্য,প্যাকেজিং খুব ভালো ছিল।","ধন্যবাদ সেলারকে,ভালো পন্য দেওয়ার জন্য,প্যাকেজিং খুব ভালো ছিল.",packaging_positive#product_quality_positive
1992,48243857377231,"product received korchi kuub baje condition a..! 
box vija chilo. vitore product a poli chilo tai vije nai.
amnite product vlo., kintu delivery experience to bad.!","product received korchi kuub baje condition a..! box vija chilo. vitore product a poli chilo tai vije nai. amnite product vlo., kintu delivery experience to bad.!",delivery_negative#product_quality_positive
1993,43327698677231,order ta kub taratari paici,order ta kub taratari paici.,delivery_positive
1994,42117152477231,"onek valo products, onek din bebohar korlam","onek valo products, onek din bebohar korlam.",product_quality_positive
1995,49099144977231,"Overall good. dam onuzaye quality thik ache, tobe charge mutamuti thake.","Overall good. dam onuzaye quality thik ache, tobe charge mutamuti thake.",price_positive#product_quality_positive
1996,41144507177231,ছবিতে যা আছে তাই দিয়েছে অসাধারণ একটি প্রোডাক্ট ধন্যবাদ দারাজ কে,ছবিতে যা আছে তাই দিয়েছে অসাধারণ একটি প্রোডাক্ট ধন্যবাদ দারাজ কে.,product_quality_positive
1997,49458239477231,আলহামদুলিল্লাহ খুবই ভালো একটি প্রোডাক্ট নিতে চাইলে নিতে পারেন,আলহামদুলিল্লাহ খুবই ভালো একটি প্রোডাক্ট নিতে চাইলে নিতে পারেন.,product_quality_positive
1998,44215050977231,"প্রথমত ডেলিভারি ডেট এর আগেই পাইছি। কিন্তু এবার সন্তুষ্ট হইতে পারলাম না দারাজ থেকে কিছু কিনে।
#ভিতরের প্যাকেট টা খোলা ছিল,ঠিক ভাবে আটকানো হয় নাই।
#বাবল র‍্যাপার দিয়ে র‍্যাপ করে দেওয়া হয় নাই,সেফটি চেক করেন নাই মেয়বি।
#স্ক্রেচ এর দাগ ছিল 
#একটা বাডস এর লাইট শো করে+লিখা, আরেক্টায় একটু পর শো করে দাগ
#চার্জিং ক্যাবল নস্ট।ফোন এর চার্জার দিয়ে চার্জ দিতে হচ্ছে।
সাউন্ড ঠিক ঠাক আছে,কিন্তু বাম পাশের টা একটু কম লাগছে সাউন্ড।
দেখা যাক কয়দিন যায়☹️","প্রথমত ডেলিভারি ডেট এর আগেই পাইছি কিন্তু এবার সন্তুষ্ট হইতে পারলাম না দারাজ থেকে কিছু কিনে ভিতরের প্যাকেট টা খোলা ছিল,ঠিক ভাবে আটকানো হয় নাই বাবল র ্যাপার দিয়ে র ্যাপ করে দেওয়া হয় নাই,সেফটি চেক করেন নাই মেয়বি স্ক্রেচ এর দাগ ছিল একটা বাডস এর লাইট শো করে লিখা, আরেক্টায় একটু পর শো করে দাগ চার্জিং ক্যাবল নস্ট ফোন এর চার্জার দিয়ে চার্জ দিতে হচ্ছে সাউন্ড ঠিক ঠাক আছে,কিন্তু বাম পাশের টা একটু কম লাগছে সাউন্ড দেখা যাক কয়দিন যায়.",delivery_positive#packaging_negative#product_quality_negative
1999,44347978177231,এটা খুব বাজে লাম কেউ এটা কিনবেন না আমি দারাজের কাছ থেকে অনেক জিনিস নিয়েছি কিন্তু দারাজ আমাকে ঠকিয়েছে,এটা খুব বাজে লাম কেউ এটা কিনবেন না আমি দারাজের কাছ থেকে অনেক জিনিস নিয়েছি কিন্তু দারাজ আমাকে ঠকিয়েছে.,product_quality_negative
2000,44318652677231,"নষ্ট পণ্য। ইয়ারবাডস চার্জিং কেস থেকে চার্জ হয় না। বিক্রেতা চেক করে পাঠালে এমন হতো না।

রিটার্ন করে দিয়েছি। দারাজও রিফান্ড করে দিয়েছে। দারাজকে দ্রুত রিফান্ড করার জন্য ধন্যবাদ।",নষ্ট পণ্য ইয়ারবাডস চার্জিং কেস থেকে চার্জ হয় না বিক্রেতা চেক করে পাঠালে এমন হতো না রিটার্ন করে দিয়েছি দারাজও রিফান্ড করে দিয়েছে দারাজকে দ্রুত রিফান্ড করার জন্য ধন্যবাদ.,product_quality_negative
2001,44206808377231,"তেমন ভালো পাইনি,, চেয়েছি Mocho M10 Power bank.দিয়েছে Damix M10. আজকেই হাতে পেলাম।। আমি ভাবলাম আরো কিছু অর্ডার দিব কিন্তু ওনাদের এই দুর্নীতি কারণে আর অর্ডার দিতে ইচ্ছা করেনা,,। Mocho অর্ডার দিয়েছি অথচ কোন জায়গায় Mochoলেখাই নাই.তবে সেলার ভাইকে খুবই ধন্যবাদ ওনার ব্যবহার খুব ভাল ছিল।। পরবর্তীতে ওনাকে কল দিয়েছি উনি রিসিভ করেছে এবং বলেছে যদি সমস্যা হয় উনাকে কল দিতে রিটার্ন দিতে।","তেমন ভালো পাইনি,, চেয়েছি Mocho M10 Power bank.দিয়েছে Damix M10. আজকেই হাতে পেলাম আমি ভাবলাম আরো কিছু অর্ডার দিব কিন্তু ওনাদের এই দুর্নীতি কারণে আর অর্ডার দিতে ইচ্ছা করেনা,, Mocho অর্ডার দিয়েছি অথচ কোন জায়গায় Mochoলেখাই নাই.তবে সেলার ভাইকে খুবই ধন্যবাদ ওনার ব্যবহার খুব ভাল ছিল পরবর্তীতে ওনাকে কল দিয়েছি উনি রিসিভ করেছে এবং বলেছে যদি সমস্যা হয় উনাকে কল দিতে রিটার্ন দিতে.",seller_service_positive#product_quality_negative
2002,48916747477231,akhon porjonto valo toba normal phn a use korta parban nah ata sudhu Android ar jonno,akhon porjonto valo toba normal phn a use korta parban nah ata sudhu Android ar jonno.,product_quality_positive
2003,41429836577231,আলহামদুলিল্লাহ অনেক ভালো সাত দিন পর অনেক ভালো চলতেছে,আলহামদুলিল্লাহ অনেক ভালো সাত দিন পর অনেক ভালো চলতেছে.,product_quality_positive
2004,43269154577231,এই দামের ভিতর M10 বেস্ট।,এই দামের ভিতর M10 বেস্ট.,price_positive#product_quality_positive
2005,42886734577231,ভাই দাম অনুযায়ী অনেক ভালো,ভাই দাম অনুযায়ী অনেক ভালো.,price_positive#product_quality_positive
2006,48197141977231,"চাইলাম M10 দিলো Tw কেনো এই রকম করলেন বাইয়া 
মন টা ই বাইঙ্গা দিলেন কইয়া দেইন আমি এখন এই Bluetooth কি করবো
Ami Eita exchange korte chai akn Ki vabe korbo 
Eita exchange korar 2 /3 ta Karon ache. bolen Ki vabe korbo",চাইলাম M10 দিলো Tw কেনো এই রকম করলেন বাইয়া মন টা ই বাইঙ্গা দিলেন কইয়া দেইন আমি এখন এই Bluetooth কি করবো Ami Eita exchange korte chai akn Ki vabe korbo Eita exchange korar 2 3 ta Karon ache. bolen Ki vabe korbo.,product_quality_negative
2007,40625955177231,আলহামদুলিল্লাহ মোটামুটি ভালোই আছে আপনারা নিতে পারেন কোন সমস্যা নাই,আলহামদুলিল্লাহ মোটামুটি ভালোই আছে আপনারা নিতে পারেন কোন সমস্যা নাই.,product_quality_neutral
2008,41227711077231,"অনেক সুন্দর এবং সেলার ভাইয়াটা অনেক ভালো
ধন্যবাদ ভাই",অনেক সুন্দর এবং সেলার ভাইয়াটা অনেক ভালো ধন্যবাদ ভাই.,seller_service_positive#product_quality_positive
2009,41311238377231,Good product. jmn ta vebechilam tmn tai peyechi.,Good product. jmn ta vebechilam tmn tai peyechi.,product_quality_positive
2010,44031040277231,"একটাতে চাজ থাকে,,,,
,,আর,একটাতে চাজ থাকে,না,,
,,,১টাটে,২ঘণ্টা
,,,,,আরকটা,১০,,মিনিট,,,,
,,,,,,,,,,,ফালতু,,জিনিস,,,,
,,,,,,,,,,,,,,,,,,,,,,,,,,","একটাতে চাজ থাকে,, ,,আর,একটাতে চাজ থাকে,না,, ,,১টাটে,২ঘণ্টা ,,আরকটা,১০,,মিনিট,, ,,ফালতু,,জিনিস,, ,,.",product_quality_negative
2011,44038618777231,"প্রোডাক্ট কোয়ালিটি মোটামুটি ভালো কিন্তু  সমস্যা একসাথে দুইটা  বাজে না সিঙ্গেল একটা করে বাজে খুবেই স্লো চার্জিং,","প্রোডাক্ট কোয়ালিটি মোটামুটি ভালো কিন্তু সমস্যা একসাথে দুইটা বাজে না সিঙ্গেল একটা করে বাজে খুবেই স্লো চার্জিং,.",product_quality_neutral
2012,47289134577231,"মোটেও ভালো না😡 চার্জ থাকে না, আধা ঘন্টাও কথা বলতে পারিনা 😡😡","মোটেও ভালো না চার্জ থাকে না, আধা ঘন্টাও কথা বলতে পারিনা.",product_quality_negative
2013,48707768377231,"খুবই সুন্দর। 
সব কিছুই ঠিকঠাক আছে।প্যাকেজিংও ভালো ছিলো।ডেলিভারিও ডেটের আগে পাইছি।",খুবই সুন্দর সব কিছুই ঠিকঠাক আছে প্যাকেজিংও ভালো ছিলো ডেলিভারিও ডেটের আগে পাইছি.,delivery_positive#packaging_positive#product_quality_positive
2014,47994154277231,প্রোডাক্ট কোয়ালিটি এভারেজ কিন্তু কেবল টা কাজ করে না কেবল টা নষ্ট। পরে আমার মোবাইলের চার্জার দিয়ে চার্জ দেওয়া লেগেছে।,প্রোডাক্ট কোয়ালিটি এভারেজ কিন্তু কেবল টা কাজ করে না কেবল টা নষ্ট পরে আমার মোবাইলের চার্জার দিয়ে চার্জ দেওয়া লেগেছে.,product_quality_neutral
2015,47935309777231,পাওয়ার ব্যাংকে তেমন একটা চার্জ থাকেনা। সাউন্ড কোয়ালিটি খুবই খুবই হতাশাজনক। একই স্টোরের আগের মালের সাউন্ড কোয়ালিটি আর এবারেরটার সাউন্ড কোয়ালিটি আকাশ পাতাল তফাৎ। আগেও একটা নিয়েছি। সেটার ব্যাটারি নষ্ট হয়ে গেছে ৪ মাসের মাথায়। তবে সেটায় মালের দোষ আছে কিনা বলতে পারি না। ২ দিন চার্জ দিতে পারি নি পরে পুরো পাওয়ার ব্যাংকই ডেড। Bye at your own risk.,পাওয়ার ব্যাংকে তেমন একটা চার্জ থাকেনা সাউন্ড কোয়ালিটি খুবই খুবই হতাশাজনক একই স্টোরের আগের মালের সাউন্ড কোয়ালিটি আর এবারেরটার সাউন্ড কোয়ালিটি আকাশ পাতাল তফাৎ আগেও একটা নিয়েছি সেটার ব্যাটারি নষ্ট হয়ে গেছে ৪ মাসের মাথায় তবে সেটায় মালের দোষ আছে কিনা বলতে পারি না ২ দিন চার্জ দিতে পারি নি পরে পুরো পাওয়ার ব্যাংকই ডেড Bye at your own risk.,product_quality_negative
2016,43855345277231,খুব'ই বাজে M10 মাএ কয়দিন ব্যবহার করেছি। চার্জ বেশি থাকছে না। এবং একটা অটো হয়ে গেছে চার্জে বসালে চার্জ না নিয়ে এতো অন হয়ে যাচ্ছে। সবাই ভিডিও দেখেন কি একটা অবস্থা। 1*,খুব'ই বাজে M10 মাএ কয়দিন ব্যবহার করেছি চার্জ বেশি থাকছে না এবং একটা অটো হয়ে গেছে চার্জে বসালে চার্জ না নিয়ে এতো অন হয়ে যাচ্ছে সবাই ভিডিও দেখেন কি একটা অবস্থা 1.,product_quality_negative
2017,43854033877231,১৫.২০ দিন আগে আপনাদের এখান থেকে প্রোডাক্ট নিছিলাম অরজিনাল প্রোডাক্টটা দিয়েছিলেন আবার আরেকটা অর্ডার দিছি কিন্তু এইবার ডুবলিকেট ধরাই দিছেন  । একই জায়গা থেকে অর্ডার দিয়েছি কিন্তু আকাশ-পাতাল পার্থক্য,১৫.২০ দিন আগে আপনাদের এখান থেকে প্রোডাক্ট নিছিলাম অরজিনাল প্রোডাক্টটা দিয়েছিলেন আবার আরেকটা অর্ডার দিছি কিন্তু এইবার ডুবলিকেট ধরাই দিছেন একই জায়গা থেকে অর্ডার দিয়েছি কিন্তু আকাশ-পাতাল পার্থক্য.,product_quality_negative
2018,43938509777231,"কেউ এই প্রোডাক্টটি নেবেন না এটা একদম বাজে। 😡😡😡😡 এটা ডান কানে শুনতে পারি কিন্তু বাম কানে শোনা যায় না। বাম কানে টা ফুল নষ্ট। এটা চার্য বেশিক্ষণ থাকে না। 😡😡😡এটা একদম বাজে প্রোডাক্ট। হাউ ফাউ টার্গুলো আমি পানিতে ফেললাম। তার থেকে আমি দোকান থেকে কিনলে লাভ করতাম😡😡😡😡 আমি প্রোডাক্টটা ব্যাক দিতে চাই। তারা বাড়ি এসে
 দিয়ে যাবে, কিন্তু বাড়ি থেকে নিয়ে যাবে না। 😡😡😡 আর আমাকে দারাজ কোম্পানি থেকে ফোন দিয়ে বলছে যে আমার এটা চেজ করে দেবে কিন্তু তারা তো আমাকে চেজ দিয় নাই আর কোনো ফোন দেয় না। 😡😡😡","কেউ এই প্রোডাক্টটি নেবেন না এটা একদম বাজে এটা ডান কানে শুনতে পারি কিন্তু বাম কানে শোনা যায় না বাম কানে টা ফুল নষ্ট এটা চার্য বেশিক্ষণ থাকে না এটা একদম বাজে প্রোডাক্ট হাউ ফাউ টার্গুলো আমি পানিতে ফেললাম তার থেকে আমি দোকান থেকে কিনলে লাভ করতাম আমি প্রোডাক্টটা ব্যাক দিতে চাই তারা বাড়ি এসে দিয়ে যাবে, কিন্তু বাড়ি থেকে নিয়ে যাবে না আর আমাকে দারাজ কোম্পানি থেকে ফোন দিয়ে বলছে যে আমার এটা চেজ করে দেবে কিন্তু তারা তো আমাকে চেজ দিয় নাই আর কোনো ফোন দেয় না.",product_quality_negative
2019,43838186377231,"ভালো রিভিউ দেখে অর্ডার দিয়েছি। কিন্তু পণ্যটি পাওয়ার পর দেখি,ভালো সাউন্ড পাইছি । কিন্তু সবকিছু ঠিক থাকার পর চার্জ শেষ হয়ে গেছে চার্জ দিতে গিয়ে দেখি চার্জ কানেক্ট হচ্ছে না। এখন আমি কি করতে পারি?? খুব কষ্ট পেলাম 😭","ভালো রিভিউ দেখে অর্ডার দিয়েছি কিন্তু পণ্যটি পাওয়ার পর দেখি,ভালো সাউন্ড পাইছি কিন্তু সবকিছু ঠিক থাকার পর চার্জ শেষ হয়ে গেছে চার্জ দিতে গিয়ে দেখি চার্জ কানেক্ট হচ্ছে না এখন আমি কি করতে পারি?? খুব কষ্ট পেলাম.",product_quality_positive
2020,42031286577231,"Not bad, Kaj cholar moton.","Not bad, Kaj cholar moton.",product_quality_neutral
2021,41538152177231,আলহামদুলিল্লাহ মাল পাইছি দেখতে মোটামুটি ভালই।,আলহামদুলিল্লাহ মাল পাইছি দেখতে মোটামুটি ভালই.,product_quality_neutral
2022,48543685077231,"outstanding,,,,,  ata 100/100
sounds Quality akdn Perfect,,,,,  Fast  Delivery,,,,","outstanding,, ata 100 100 sounds Quality akdn Perfect,, Fast Delivery,,.",delivery_positive#product_quality_positive
2023,48551120077231,"dam hisabe onek valo . 3/4 mas use kore review dilam . 

Rating : 09 out of 10",dam hisabe onek valo . 3 4 mas use kore review dilam . Rating 09 out of 10.,price_positive#product_quality_positive
2024,48620567177231,balo ase produckt shudho j dhame order korci tar thake delivery charge bashi nise,balo ase produckt shudho j dhame order korci tar thake delivery charge bashi nise.,product_quality_positive
2025,47901938677231,"5 month use korar por review dicchi onk onk vlo akta product 5.6 bar backup paoya jay abr ghonta khanik r bitor full crg hoy box ta crg hoyar bisoy ta fast charging r upor depend kore jai hok khub vlo jinis dise selle vaiya 🥰🥰

tnx seller and daraz ke🥰",5 month use korar por review dicchi onk onk vlo akta product 5.6 bar backup paoya jay abr ghonta khanik r bitor full crg hoy box ta crg hoyar bisoy ta fast charging r upor depend kore jai hok khub vlo jinis dise selle vaiya tnx seller and daraz ke.,product_quality_positive
2026,40075111077231,"টাকা অনুযায়ী মোটামোটি ভালো,
চাইলে আপনারা নিতে পারেন","টাকা অনুযায়ী মোটামোটি ভালো, চাইলে আপনারা নিতে পারেন.",price_neutral#product_quality_neutral
2027,40114453077231,M10  মডেল টা অনেক ভালো ব্যবহার করে দেখলাম ভালোই সার্ভিস,M10 মডেল টা অনেক ভালো ব্যবহার করে দেখলাম ভালোই সার্ভিস.,product_quality_positive
2028,40279373377231,মালটা অনেক ভালো সাউন্ড কোয়ালিটিও ভালো২ ঘন্টা শোনা যায়,মালটা অনেক ভালো সাউন্ড কোয়ালিটিও ভালো২ ঘন্টা শোনা যায়.,product_quality_positive
2029,40424565877231,খুবই ভালো জিনিস সবাই নিতে পারেন। সেলার ও খুব ভালো লোক।,খুবই ভালো জিনিস সবাই নিতে পারেন সেলার ও খুব ভালো লোক.,seller_service_positive#product_quality_positive
2030,40367854677231,মোটামুটি ভালো কিন্তু বাডস গুলোতে ২ ঘন্টার বেশি চার্জ থাকেনা,মোটামুটি ভালো কিন্তু বাডস গুলোতে ২ ঘন্টার বেশি চার্জ থাকেনা.,product_quality_neutral
2031,43589408777231,"ভালো রিভিউ দেখে অর্ডার দিয়েছি। কিন্তু পণ্যটি পাওয়ার পর দেখি, একটা সাইড কানেক্ট হলে, অন্য আরেকটা সাইট কানেক্ট হয় না। আবার অন্য আরেকটি কানেক্ট হলে, আরেকটি সাইট কানেক্ট হয় না। মোটকথা দুইটা সাইট একসাথে কানেক্ট করতে পারিনা। খুব কষ্ট পেলাম 😭","ভালো রিভিউ দেখে অর্ডার দিয়েছি কিন্তু পণ্যটি পাওয়ার পর দেখি, একটা সাইড কানেক্ট হলে, অন্য আরেকটা সাইট কানেক্ট হয় না আবার অন্য আরেকটি কানেক্ট হলে, আরেকটি সাইট কানেক্ট হয় না মোটকথা দুইটা সাইট একসাথে কানেক্ট করতে পারিনা খুব কষ্ট পেলাম.",product_quality_negative
2032,43590846477231,"Dham er tulonai product ta valoi ,,Tobe sound quality ta aroo ekto Valo hole best hoto ,,,

but delivery ta amk kob hotas korlo ,,eke to delivery last date ceye ekdin late Kore delivery dise ,,okane o Raider delivery dite onk onk deri korse ,,,,
delivery te ayrokom problem takle next e kiso nite issa korbe na ,,

Thanks you so much Daraz 
and MOCHO 🖤🌼","Dham er tulonai product ta valoi ,,Tobe sound quality ta aroo ekto Valo hole best hoto ,, but delivery ta amk kob hotas korlo ,,eke to delivery last date ceye ekdin late Kore delivery dise ,,okane o Raider delivery dite onk onk deri korse ,, delivery te ayrokom problem takle next e kiso nite issa korbe na ,, Thanks you so much Daraz and MOCHO.",delivery_negative#price_positive#product_quality_positive
2033,41345000977231,Thanks Seller ke Onek Valo Product paici❤️❤️,Thanks Seller ke Onek Valo Product paici.,product_quality_positive
2034,41254033177231,product is very good 😊and very fast  delivery 🥰,product is very good and very fast delivery.,delivery_positive#product_quality_positive
2035,41333828277231,আলহমদুলিল্লাহ পেয়ে গেছি। দাম হিসেবে ভালই,আলহমদুলিল্লাহ পেয়ে গেছি দাম হিসেবে ভালই.,price_positive#product_quality_positive
2036,41275707577231,khub sundor akti products sobai nite paro❤️❤️,khub sundor akti products sobai nite paro.,product_quality_positive
2037,46845582949018,Product average onk scratch ache headphones e idk why why!! Check kore dewa uchid chilo apnader. Ir eta used !! New to ektu o lagche na!! Sound quality not bad average valoi,Product average onk scratch ache headphones e idk why why!! Check kore dewa uchid chilo apnader. Ir eta used !! New to ektu o lagche na!! Sound quality not bad average valoi.,product_quality_neutral
2038,53537046749018,Best prize e best product.golossy and premium look. onk valo jmn asha korsilam kintu tf card e sound ta ektu komm..r sob better 10/8.5,Best prize e best product.golossy and premium look. onk valo jmn asha korsilam kintu tf card e sound ta ektu komm..r sob better 10 8.5.,price_positive#product_quality_positive
2039,53498837049018,Alhamdulillah. amr bhai ar Jonno nilam. se deke onek khusi oice🥰🥰🥰 everyone can buy this product,Alhamdulillah. amr bhai ar Jonno nilam. se deke onek khusi oice everyone can buy this product.,product_quality_positive
2040,53565702849018,"সেলারকে মেসেজ দিয়ে কোন রিপ্লাই পাইনি,
এছাড়া বাদবাকি সব কিছু ভালই,
চাইলে নিতে পারেন, এই বাজেটে এ হেডফোনটাই সেরা,
আমি ৫৩৫ টাকায় জিনিস অফারে ডেলিভারি সহ ৪৫২ টাকায় পেয়েছি, 
পোস্ট অফিসে ডেলিভারি নিছি,
 শুধু গাড়ি ভাড়ার ২০ টাকা খরচ গেছে,
এখন দেখা যাক হেডফোনটা কতদিন ঠিকে যেহেতু চাইনিজ প্রোডাক্ট।","সেলারকে মেসেজ দিয়ে কোন রিপ্লাই পাইনি, এছাড়া বাদবাকি সব কিছু ভালই, চাইলে নিতে পারেন, এই বাজেটে এ হেডফোনটাই সেরা, আমি ৫৩৫ টাকায় জিনিস অফারে ডেলিভারি সহ ৪৫২ টাকায় পেয়েছি, পোস্ট অফিসে ডেলিভারি নিছি, শুধু গাড়ি ভাড়ার ২০ টাকা খরচ গেছে, এখন দেখা যাক হেডফোনটা কতদিন ঠিকে যেহেতু চাইনিজ প্রোডাক্ট.",seller_service_negative#price_positive#product_quality_positive
2041,52451044349018,"build quality 10/8 
sounds 10/6
change10/7
comfortable 10/5
সব মিলিয়ে ৫০০ টাকার ভিতরে ভালো একটি প্রোডাক্ট তবে দেখে শুনে নিবেন কারণ অতটা ভালো বলা যায় না। আর যাদের মাথায় একটু বড় (মাথামোটা) ،তাদের মাথায় অনেক ছোট হবে কান পর্যন্ত পৌঁছাবে না পিছন দিয়ে ঘুরিয়ে ব্যবহার করতে হবে।
আমি যেটা অর্ডার করছি সেটাই পাইছি এই পিকগুলো জাস্ট আমার ক্যামেরা স্কিল এর জন্য দেখালাম।
I'm rich🪙",build quality 10 8 sounds 10 6 change10 7 comfortable 10 5 সব মিলিয়ে ৫০০ টাকার ভিতরে ভালো একটি প্রোডাক্ট তবে দেখে শুনে নিবেন কারণ অতটা ভালো বলা যায় না আর যাদের মাথায় একটু বড় মাথামোটা তাদের মাথায় অনেক ছোট হবে কান পর্যন্ত পৌঁছাবে না পিছন দিয়ে ঘুরিয়ে ব্যবহার করতে হবে আমি যেটা অর্ডার করছি সেটাই পাইছি এই পিকগুলো জাস্ট আমার ক্যামেরা স্কিল এর জন্য দেখালাম I'm rich.,price_positive#product_quality_positive
2042,50070451549018,"onek fast delivery, sound quality motamoti, cheap build, microphone beshi valo na, but overall chole. 10 e 8 dewa jay.
500 takay valoi, nite paren","onek fast delivery, sound quality motamoti, cheap build, microphone beshi valo na, but overall chole. 10 e 8 dewa jay. 500 takay valoi, nite paren.",delivery_positive#price_positive#product_quality_positive
2043,54224251849018,"প্রোডাক্টটির কোয়ালিটি ভালো,। কালারের কোয়ালিটি অনেক ভালো,। প্রথম প্রথম যারা পড়বেন তাদের কানে টাইট হতে পারে,। তবে অভ্যস্ত হয়ে গেলে,। টাইট ঠিক হয়ে যাবে,। সাউন্ড কোয়ালিটি ও ভালো,। মেমোরি কার্ড সাপোর্ট করে। চার্জিং পোর্ট হিসাবে টাইপ সি পেলে ভালো হতো। চার্জিং ব্যাকআপ ভালো।","প্রোডাক্টটির কোয়ালিটি ভালো, কালারের কোয়ালিটি অনেক ভালো, প্রথম প্রথম যারা পড়বেন তাদের কানে টাইট হতে পারে, তবে অভ্যস্ত হয়ে গেলে, টাইট ঠিক হয়ে যাবে, সাউন্ড কোয়ালিটি ও ভালো, মেমোরি কার্ড সাপোর্ট করে চার্জিং পোর্ট হিসাবে টাইপ সি পেলে ভালো হতো চার্জিং ব্যাকআপ ভালো.",product_quality_positive
2044,54670900549018,দোকানে দাম বেশি চাই কিন্তু এখানে অনেক কম। এত কম টাকার মধ্যে এতো ভালো জিনিস চিন্তাই করা যায় না আমি পাঁচ মাস ব্যবহার করে দিচ্ছি এই পর্যন্ত একটা সমস্যাও ফিল করিনি সর্বোচ্চ পাঁচ থেকে ছয় মিটার পর্যন্ত এর রেঞ্জ। অনেক ভালো এটা। কোন প্রমোট করার জন্য বলছি না আসলেই অনেক ভালো ব্যবহার করে বলছি নিজের অভিজ্ঞতা থেকে। চাইলে কিনতে পারেন অনেক ভালো ‌,দোকানে দাম বেশি চাই কিন্তু এখানে অনেক কম এত কম টাকার মধ্যে এতো ভালো জিনিস চিন্তাই করা যায় না আমি পাঁচ মাস ব্যবহার করে দিচ্ছি এই পর্যন্ত একটা সমস্যাও ফিল করিনি সর্বোচ্চ পাঁচ থেকে ছয় মিটার পর্যন্ত এর রেঞ্জ অনেক ভালো এটা কোন প্রমোট করার জন্য বলছি না আসলেই অনেক ভালো ব্যবহার করে বলছি নিজের অভিজ্ঞতা থেকে চাইলে কিনতে পারেন অনেক ভালো.,price_positive#product_quality_positive
2045,50270491049018,"অনেক ভালো,,, সাউণ্ড আমার জন্য আরো একটু বেস্ট প্রয়োজন,, কিন্তু এ বাজেটের মধ্যে খুব ভালো,,, প্যাকিংটা ও অনেক সুন্দর করে দিয়েছে,,, আপনারা চাইলে কিনতে পারেন,,,","অনেক ভালো,, সাউণ্ড আমার জন্য আরো একটু বেস্ট প্রয়োজন,, কিন্তু এ বাজেটের মধ্যে খুব ভালো,, প্যাকিংটা ও অনেক সুন্দর করে দিয়েছে,, আপনারা চাইলে কিনতে পারেন,,.",packaging_positive#product_quality_positive
2046,51748565249018,Vai Joss hoito sounds oto loud na bt joto tuku asey alhamdullillah enough for everyone I think..sobai nity paren. battery back up o Valo jachy alhamdullillah,Vai Joss hoito sounds oto loud na bt joto tuku asey alhamdullillah enough for everyone I think..sobai nity paren. battery back up o Valo jachy alhamdullillah.,product_quality_positive
2047,54353116349018,এমনটা পাইছি বাসা করে অর্ডার করছিলাম কিন্তু যা পাইলাম এটার জন্য প্রস্তুত ছিলাম না একতো পাইছি আট দিন পরে তাও আবার এইটা ভাবা যায়,এমনটা পাইছি বাসা করে অর্ডার করছিলাম কিন্তু যা পাইলাম এটার জন্য প্রস্তুত ছিলাম না একতো পাইছি আট দিন পরে তাও আবার এইটা ভাবা যায়.,delivery_negative#product_quality_negative
2048,52144117549018,"দাম হিসেবে গড়ে তো অনেক ভালো আপনারা চোখ বন্ধ করে নিতে পারেন হেডফোনটি অনেক ভালো। 
 থ্যাংক ইউ ফর ইয়োর সার্ভিস ডেলিভারি ম্যান ভালো ছিল।
 এর থেকে ভালো কোন বেস্ট প্রোডাক্ট ছিল না আমার কাছে",দাম হিসেবে গড়ে তো অনেক ভালো আপনারা চোখ বন্ধ করে নিতে পারেন হেডফোনটি অনেক ভালো থ্যাংক ইউ ফর ইয়োর সার্ভিস ডেলিভারি ম্যান ভালো ছিল এর থেকে ভালো কোন বেস্ট প্রোডাক্ট ছিল না আমার কাছে.,delivery_positive#price_positive#product_quality_positive
2049,54617369449018,sound quality khubi average joto ta baki review te bola ache tmn na beat nai e ekdomi normal baki shob ok,sound quality khubi average joto ta baki review te bola ache tmn na beat nai e ekdomi normal baki shob ok.,product_quality_neutral
2050,54968821349018,"product ta jmn daksilam thik temon e r delivery khub taratarii paici delivery men k onk thanks
dam hesab a mutamutiii thik e asa kintuu sound quality normal taw dam hesab a thik e asa over all 9/10 ☺️",product ta jmn daksilam thik temon e r delivery khub taratarii paici delivery men k onk thanks dam hesab a mutamutii thik e asa kintuu sound quality normal taw dam hesab a thik e asa over all 9 10.,delivery_positive#price_neutral#product_quality_positive
2051,53468457549018,"আমার মনে হচ্ছে দাম হিসেবে ভালোই নিতে পারেন 
ধন্যবাদ আর ডেলিভারিতে কোনো সমস্যা না-ই ঠিক আছে নিতে পারেন 😀🥰",আমার মনে হচ্ছে দাম হিসেবে ভালোই নিতে পারেন ধন্যবাদ আর ডেলিভারিতে কোনো সমস্যা না-ই ঠিক আছে নিতে পারেন.,delivery_positive#price_positive#product_quality_positive
2052,53615374649018,"build quality etota valona.tobe dam unoja thik ache,enough. r sound quality average, not bad.
overall ei price range e thik ache..
7.5 out of 10","build quality etota valona.tobe dam unoja thik ache,enough. r sound quality average, not bad. overall ei price range e thik ache.. 7.5 out of 10.",price_neutral#product_quality_neutral
2053,54321069649018,অনেক ভালো কলেটির প্রোডাক্ট এটি। আমি অল্পদিনেই প্রডাক্টি পেয়ে গেছি সেলার কে অনেক ধন্যবাদ এত কম দামে এত সুন্দর একটি হেডফোন সেল করার জন্য।,অনেক ভালো কলেটির প্রোডাক্ট এটি আমি অল্পদিনেই প্রডাক্টি পেয়ে গেছি সেলার কে অনেক ধন্যবাদ এত কম দামে এত সুন্দর একটি হেডফোন সেল করার জন্য.,delivery_positive#price_positive#product_quality_positive
2054,54587686149018,very good. nite paren sobai onek fast paisi. bass valo. onno jaegae kom price e diche to review e deklam j porduct p9 plus max. but ei seller p9 pro max original tai dise. onek happy pae,very good. nite paren sobai onek fast paisi. bass valo. onno jaegae kom price e diche to review e deklam j porduct p9 plus max. but ei seller p9 pro max original tai dise. onek happy pae.,delivery_positive#price_positive#product_quality_positive
2055,55103624849018,"সাউন্ড কোয়ালিটি খুবই বাজে, আমার দেড়শ টাকার ইয়ারফোনের সাউন্ড এর থেকে ভালো ব্যাজ একদমই নেই বললে চলে ফালতু টাকা নষ্ট করলাম 😭😭😭","সাউন্ড কোয়ালিটি খুবই বাজে, আমার দেড়শ টাকার ইয়ারফোনের সাউন্ড এর থেকে ভালো ব্যাজ একদমই নেই বললে চলে ফালতু টাকা নষ্ট করলাম.",product_quality_negative
2056,53395807049018,Onek bhalo product build quality ar aktu bhalo hole bhalo photo but price onujai great a. Amayzing,Onek bhalo product build quality ar aktu bhalo hole bhalo photo but price onujai great a. Amayzing.,price_positive#product_quality_positive
2057,53450955849018,looks like awsome..jemon deya ekdom temon e. prize onujayi built qualiy onk premium look..10/10,looks like awsome..jemon deya ekdom temon e. prize onujayi built qualiy onk premium look..10 10.,price_positive#product_quality_positive
2058,54204967249018,"use kortachi onek Deen Hoyegiacha 
excellent akta product 
noise cancellation ta o Valo",use kortachi onek Deen Hoyegiacha excellent akta product noise cancellation ta o Valo.,product_quality_positive
2059,51804037549018,"Onk din use korlam, vloi kaaj kore. Charge O thake onkkhn and sound quality O vloi. 👍","Onk din use korlam, vloi kaaj kore. Charge O thake onkkhn and sound quality O vloi.",product_quality_positive
2060,49104888149018,5 star... amr pochondo hoise sob kisu ok.. but jokhn order disi red color bade ar kono color available chilo na 🥺 taw onek cute hoise,5 star.. amr pochondo hoise sob kisu ok.. but jokhn order disi red color bade ar kono color available chilo na taw onek cute hoise.,product_quality_positive
2061,54664261349018,"Alhamdulillah order er 3 din er modde peye gesi.khob balo product, Thanks Daraz❤️❤️","Alhamdulillah order er 3 din er modde peye gesi.khob balo product, Thanks Daraz.",delivery_positive#product_quality_positive
2062,54624700149018,bhi bissas koren product ta khub e valo 7 hour back up dey.  marattok gan sona jay,bhi bissas koren product ta khub e valo 7 hour back up dey. marattok gan sona jay.,product_quality_positive
2063,53459688549018,দাম অনুযায়ী অনেক সুন্দর প্রোডাক্ট । প্রিমিয়াম এবং কোয়ালিটি সম্পন্ন প্রোডাক্ট,দাম অনুযায়ী অনেক সুন্দর প্রোডাক্ট প্রিমিয়াম এবং কোয়ালিটি সম্পন্ন প্রোডাক্ট.,price_positive#product_quality_positive
2064,54633642349018,প্রোডাক্টটি আমি হাতে পেয়েছি । ব্যবহার করে অনেক আনন্দিত। ধন্যবাদ দারাজ কোম্পানি।,প্রোডাক্টটি আমি হাতে পেয়েছি ব্যবহার করে অনেক আনন্দিত ধন্যবাদ দারাজ কোম্পানি.,product_quality_positive
2065,53324038849018,"সবকিছু ঠিকঠাক ছিলো এবং কোয়ালিটি ভালো..আলহামদুলিল্লাহ।
ধন্যবাদ সেলার ভাইয়াকে।",সবকিছু ঠিকঠাক ছিলো এবং কোয়ালিটি ভালো..আলহামদুলিল্লাহ ধন্যবাদ সেলার ভাইয়াকে.,product_quality_positive
2066,49073337049018,জিনিসটা অনেক ভালো স্পিকার অনেক ভালো ৫০০ টাকাই হিসেবে অনেক ভালো জিনিস সেলসম্যানের ব্যবহার অনেক ভালো,জিনিসটা অনেক ভালো স্পিকার অনেক ভালো ৫০০ টাকাই হিসেবে অনেক ভালো জিনিস সেলসম্যানের ব্যবহার অনেক ভালো.,price_positive#product_quality_positive
2067,53356338749018,price onojai thik ase.... jader tk beshi tara aro vlo ta dhekte paren...💗,price onojai thik ase.. jader tk beshi tara aro vlo ta dhekte paren..,price_neutral#product_quality_neutral
2068,50316142249018,khouv balo akta product  ato kon dam a aita pamu kokhon o babi nai😇,khouv balo akta product ato kon dam a aita pamu kokhon o babi nai.,price_positive#product_quality_positive
2069,54493787049018,প্রাইজ অনুযায়ী ঠিক আছে!  সাউন্ড কোয়ালিটি আরেকটু ভালো করা যেতে পারতো,প্রাইজ অনুযায়ী ঠিক আছে! সাউন্ড কোয়ালিটি আরেকটু ভালো করা যেতে পারতো.,price_neutral#product_quality_neutral
2070,55074730149018,খুব ভালো যেটা চাইছিলাম ওইটাই পাইছি এবং সাউন্ড কোয়ালিটিও খুব ভালো☺️,খুব ভালো যেটা চাইছিলাম ওইটাই পাইছি এবং সাউন্ড কোয়ালিটিও খুব ভালো.,product_quality_positive
2071,54059776149018,"its nice... 
ভালোভাবে ফিট হয়,  আর নয়েস এর মধ্যে পড়তে ও সুবিধা হয়।","its nice.. ভালোভাবে ফিট হয়, আর নয়েস এর মধ্যে পড়তে ও সুবিধা হয়.",product_quality_positive
2072,49143212849018,"product quality ei price hishabe jothesto vhalo.
delivery Onek late korse but product vhalo",product quality ei price hishabe jothesto vhalo. delivery Onek late korse but product vhalo.,delivery_negative#price_positive#product_quality_positive
2073,52588230749018,খুবই ভালো একটা প্রোডাক্ট যেমনটা চেয়েছিলাম ঠিক তেমনটাই পেয়েছি,খুবই ভালো একটা প্রোডাক্ট যেমনটা চেয়েছিলাম ঠিক তেমনটাই পেয়েছি.,product_quality_positive
2074,50000421549018,"প্রোডাক্টটি ভালো কিন্তু,অর্ডার দেওয়ার বিশ দিন পরে হাতে 
পেয়েছি।","প্রোডাক্টটি ভালো কিন্তু,অর্ডার দেওয়ার বিশ দিন পরে হাতে পেয়েছি.",delivery_negative#product_quality_positive
2075,53864496349018,packaging ta arektu vlo korle vlo hoi products tik ace just wow,packaging ta arektu vlo korle vlo hoi products tik ace just wow.,packaging_negative#product_quality_positive
2076,48880708749018,Onek bhalo ekta product.Sound quality motamoti bhaloi.Price onujayi thik ache.Size tao adjust koray jay.I highly recommend it.,Onek bhalo ekta product.Sound quality motamoti bhaloi.Price onujayi thik ache.Size tao adjust koray jay.I highly recommend it.,price_neutral#product_quality_positive
2077,54858387349018,"হ্যাডফোনটি যেমনটা চেয়েছি তেমন পেয়েছি... 
দারাজকে ধন্যবাদ",হ্যাডফোনটি যেমনটা চেয়েছি তেমন পেয়েছি.. দারাজকে ধন্যবাদ.,product_quality_positive
2078,51950356749018,sound quality vhaloi motamoti. Amar pochondoh hoise 💗,sound quality vhaloi motamoti. Amar pochondoh hoise.,product_quality_positive
2079,53119926649018,product thik ase. sound quality o valoi. recommended,product thik ase. sound quality o valoi. recommended.,product_quality_positive
2080,52102749549018,"Koyekdin use kore dekhlam valoi, sound quality valo","Koyekdin use kore dekhlam valoi, sound quality valo.",product_quality_positive
2081,50222372349018,Alhamdulillah kom praise a good look and quality 😵,Alhamdulillah kom praise a good look and quality.,price_positive#product_quality_positive
2082,50370356049018,"আলহামদুলিল্লাহ 🎉🥰🥰ভালোই ছিলো,,,,, নিতে পারেন🎧🎧","আলহামদুলিল্লাহ ভালোই ছিলো,, নিতে পারেন.",product_quality_positive
2083,50187229249018,"headphone ta valoiy 
apnara chaile nite paren",headphone ta valoiy apnara chaile nite paren.,product_quality_positive
2084,53304086649018,মোটামুটি তবে  এইটা পরলে প্রচুর কান বেথা করে।,মোটামুটি তবে এইটা পরলে প্রচুর কান বেথা করে.,product_quality_neutral
2085,54009348449018,"Ata onek Valo product, Kew chaile nite paren","Ata onek Valo product, Kew chaile nite paren.",product_quality_positive
2086,53349542249018,"Average, Kane beshikhon porle betha kore","Average, Kane beshikhon porle betha kore.",product_quality_neutral
2087,52541504249018,"মোটামোটি ভালোই, চাইলে আপনারাও নিতে পারেন৷","মোটামোটি ভালোই, চাইলে আপনারাও নিতে পারেন৷.",product_quality_neutral
2088,54590999649018,আলহামদুলিহ অনেক ভালো আপনারা নিতে পারেন,আলহামদুলিহ অনেক ভালো আপনারা নিতে পারেন.,product_quality_positive
2089,54795004649018,আলহামদুলিল্লাহ অনেক ভালো সবাই নিতে পারেন,আলহামদুলিল্লাহ অনেক ভালো সবাই নিতে পারেন.,product_quality_positive
2090,54319444949018,অনেক সুন্দর যেটা দেখছিলাম ওইটাই পাইছি,অনেক সুন্দর যেটা দেখছিলাম ওইটাই পাইছি.,product_quality_positive
2091,52696750549018,আলহামদুলিল্লাহ ভালো সবে ওয়াটার করবেন,আলহামদুলিল্লাহ ভালো সবে ওয়াটার করবেন.,product_quality_positive
2092,53237072649018,mutamuti chole. not for premium users.,mutamuti chole. not for premium users.,product_quality_neutral
2093,51587723849018,সাউন্ড কোয়ালিটি ভালো না।সাউন্ড কম আসে,সাউন্ড কোয়ালিটি ভালো না সাউন্ড কম আসে.,product_quality_negative
2094,52189667049018,আর কিছু বলবো না ১০০ যে ১০০❤️‍🩹🥀🥀📌,আর কিছু বলবো না ১০০ যে ১০০.,product_quality_positive
2095,53608339549018,কম দামে খারাপ না। মেয়ে বেজায় খুশি।,কম দামে খারাপ না মেয়ে বেজায় খুশি.,price_neutral#product_quality_neutral
2096,54035138749018,"Dam hishabe thik ache, sound o balaa","Dam hishabe thik ache, sound o balaa.",price_neutral#product_quality_neutral
2097,54685960249018,আশা অনরুপ হয়নায় চাজ থাকে ২-৩ ঘন্টা।,আশা অনরুপ হয়নায় চাজ থাকে ২-৩ ঘন্টা.,product_quality_negative
2098,52364082449018,এই মাএ হাতে পাইলাম দারুণ একটা জিনিস,এই মাএ হাতে পাইলাম দারুণ একটা জিনিস.,product_quality_positive
2099,53387661049018,product ta tk hisabe valoi ase....,product ta tk hisabe valoi ase..,price_positive#product_quality_positive
2100,53183413749018,valo na.... jemon dekhay temon na,valo na.. jemon dekhay temon na.,product_quality_negative
2101,54483215549018,2din use kore review dilam 10/7,2din use kore review dilam 10 7.,product_quality_neutral
2102,52699534949018,ডেলিভারি সহ ৬৬২ টাকায় খারাপ না।,ডেলিভারি সহ ৬৬২ টাকায় খারাপ না.,price_neutral#product_quality_neutral
2103,45530591149018,ভাই ছাইলে আপনা রা নি তে পারেন আমি বিগত তিন দিন  দরে ব্যবহার করছি  ভালো ওই,ভাই ছাইলে আপনা রা নি তে পারেন আমি বিগত তিন দিন দরে ব্যবহার করছি ভালো ওই.,product_quality_positive
2104,53584248249018,আনেক ভালো নিতে পারেন সবাই,আনেক ভালো নিতে পারেন সবাই.,product_quality_positive
2105,54636815749018,এটি অনেক ভালো একটি পন্য,এটি অনেক ভালো একটি পন্য.,product_quality_positive
2106,49003113549018,অনেক অনেক ভালো মানের একটা প্রোডাক্ট🥰🥰🥰,অনেক অনেক ভালো মানের একটা প্রোডাক্ট.,product_quality_positive
2107,54365253949018,"price onujayi kharap na. sound quality 7 out of 10 dibo. Etar shathe alada case dey nai but ei price e etokichu asha kora bokami. 
ekhane je picture ta ache etar moto e paben but uporer headband ta plastic er chilo ei jinishta faltu lagse.

shob miliye amar average mone hoyeche chaile nite paren but aro better quality/version chaile budget ektu bariye 1000 er moddhe nite paren ba airpods purchase korte paren
Ami bolbo price onujayi alright. Ekhon kotodin tike sheta dekhar bishoy...",price onujayi kharap na. sound quality 7 out of 10 dibo. Etar shathe alada case dey nai but ei price e etokichu asha kora bokami. ekhane je picture ta ache etar moto e paben but uporer headband ta plastic er chilo ei jinishta faltu lagse. shob miliye amar average mone hoyeche chaile nite paren but aro better quality version chaile budget ektu bariye 100 er moddhe nite paren ba airpods purchase korte paren Ami bolbo price onujayi alright. Ekhon kotodin tike sheta dekhar bishoy..,price_neutral#product_quality_neutral
2108,54987803349018,মোটামুটি সব ঠিকই ছিল বাট কানের ওখানে যে ফর্ম  ওটা কাপড়ের দিয়েছে ওখানে ফর্ম এর ছবি দেওয়া ছিল আর ওপরের নেটের মতন ফোঁটা ফোঁটা একটা দেওয়া ছিল বাট এখানে প্লাস্টিক দেওয়া আছে।  ১০ এর মধ্যে ৬ দেওয়া যায়।,মোটামুটি সব ঠিকই ছিল বাট কানের ওখানে যে ফর্ম ওটা কাপড়ের দিয়েছে ওখানে ফর্ম এর ছবি দেওয়া ছিল আর ওপরের নেটের মতন ফোঁটা ফোঁটা একটা দেওয়া ছিল বাট এখানে প্লাস্টিক দেওয়া আছে ১০ এর মধ্যে ৬ দেওয়া যায়.,product_quality_neutral
2109,54657950549018,quality etotaw valo na.... kaan onek taratari gorom hoye jay... sound clear na..ar ami green colour ta order disilam ora amake nil colour ta dise jak eita manlam somossha nai kintu headphone er shate headphone Jack daowar kotha eitaw dei nai....ami daraz theke ageo jinish nisi valo chilo na but eita te ami unsatisfied 🙂,quality etotaw valo na.. kaan onek taratari gorom hoye jay.. sound clear na..ar ami green colour ta order disilam ora amake nil colour ta dise jak eita manlam somossha nai kintu headphone er shate headphone Jack daowar kotha eitaw dei nai..ami daraz theke ageo jinish nisi valo chilo na but eita te ami unsatisfied.,product_quality_negative
2110,54656419749018,Order korechilam green diyeche blue. Average sound quality. Discount price onujai quality ok.,Order korechilam green diyeche blue. Average sound quality. Discount price onujai quality ok.,price_neutral#product_quality_neutral
2111,48726011549018,"nice product 
5 satr for me",nice product 5 satr for me.,product_quality_positive
2112,55041112549018,Ak e bare khub valo amontaoo nah. Kan a betha lage.build quality average. 7 out of 10.,Ak e bare khub valo amontaoo nah. Kan a betha lage.build quality average. 7 out of 10.,product_quality_neutral
2113,47064148349018,"onek bhalo akta product.sobai nita parde
rating :10/10 💕",onek bhalo akta product.sobai nita parde rating 10 10.,product_quality_positive
2114,48930262749018,কোয়ালিটি খুব বাজে সাউন্ড খুব আস্তে আসে আর কি রকম জানে জিন জিন আওয়াজ হচ্ছে 😠😠,কোয়ালিটি খুব বাজে সাউন্ড খুব আস্তে আসে আর কি রকম জানে জিন জিন আওয়াজ হচ্ছে.,product_quality_negative
2115,54604672449018,Amar mote product ti dam onujay khub valo. Chaile nite paren. Jara budget er moddhe Valo headphones khujchen tader jonno it will be a great deal,Amar mote product ti dam onujay khub valo. Chaile nite paren. Jara budget er moddhe Valo headphones khujchen tader jonno it will be a great deal.,price_positive#product_quality_positive
2116,54387856749018,আপনারা নিঃসন্দে নিতে পারেন প্রোডাক্টটি আসলে অনেক ভালো। মোটামুটি দুই তিন সপ্তাহ ইউজ করার পরও বুঝতে পারছি এটা অনেক ভালোই যারা নিতে পারেন চার্জার সার্ভিস ভালো দেয়,আপনারা নিঃসন্দে নিতে পারেন প্রোডাক্টটি আসলে অনেক ভালো মোটামুটি দুই তিন সপ্তাহ ইউজ করার পরও বুঝতে পারছি এটা অনেক ভালোই যারা নিতে পারেন চার্জার সার্ভিস ভালো দেয়.,product_quality_positive
2117,51426926949018,"Headphone টা ভালো ছিল।🤩
Build quality এত ভালো না, body টা plastic কিন্তু দেখতে সুন্দর এবং solid. এমনেতে headphone টা ভাঙ্গবেনা।👍
আমার কাছে headphone টার দাম পড়েছে ৫৩০টাকা।দাম হিসেবে headphone এর sound quality ভালো। গান শুনতে গেলে ভালই লাগে, গানের beat শোনা যায়। beat টা next level দাম হিসেবে।

My opinion --
1. Build Quality                                  - 3.8 out of 5
2. Headphone wearing comfort - 4.5 out of 5
3. Sound Quality                              - 4.7 out of 5
4. design                                             - 4.7 out of 5 
Overall rating:- 4.5/5 (Good 👍😊)

আমি পেয়েছি pink colour। অন্য colour পেলে খুশি হতাম।😊","Headphone টা ভালো ছিল Build quality এত ভালো না, body টা plastic কিন্তু দেখতে সুন্দর এবং solid. এমনেতে headphone টা ভাঙ্গবেনা আমার কাছে headphone টার দাম পড়েছে ৫৩০টাকা দাম হিসেবে headphone এর sound quality ভালো গান শুনতে গেলে ভালই লাগে, গানের beat শোনা যায় beat টা next level দাম হিসেবে My opinion -- 1. Build Quality - 3.8 out of 5 2. Headphone wearing comfort - 4.5 out of 5 3. Sound Quality - 4.7 out of 5 4. design - 4.7 out of 5 Overall rating - 4.5 5 Good আমি পেয়েছি pink colour অন্য colour পেলে খুশি হতাম.",price_positive#product_quality_positive
2118,53470090749018,এই দামে এত সুন্দর একটি হেডফোন দেবার জন্য  দারাজকে ধন্যবাদ ডেলিভারি ম্যান এর ব্যবহার ও অনেক ভালো ছিল,এই দামে এত সুন্দর একটি হেডফোন দেবার জন্য দারাজকে ধন্যবাদ ডেলিভারি ম্যান এর ব্যবহার ও অনেক ভালো ছিল.,delivery_positive#price_positive#product_quality_positive
2119,52289743449018,onk Bhalo jara jara nite chan obossoi nite paren Kom price ar modde onk Bhalo product peyechi.onk Bhalo akta headphone .,onk Bhalo jara jara nite chan obossoi nite paren Kom price ar modde onk Bhalo product peyechi.onk Bhalo akta headphone .,price_positive#product_quality_positive
2120,52456600149018,"this is very good headphone 🎧 price onujai 
khub valo jinish everyone can purchase that 
am satisfied",this is very good headphone price onujai khub valo jinish everyone can purchase that am satisfied.,price_positive#product_quality_positive
2121,52695740249018,যদিও চার্জ একটু লাস্টিং কম করে সব মিলিয়ে অনেক ভালো। কোয়ালিটি অনেক ভালো। নিতে পারেন যাদের প্রয়োজন।,যদিও চার্জ একটু লাস্টিং কম করে সব মিলিয়ে অনেক ভালো কোয়ালিটি অনেক ভালো নিতে পারেন যাদের প্রয়োজন.,product_quality_positive
2122,54763727049018,Khub ekta bhalo na.. Packing ta dekhe bhalo lagleo headset ta ektuo bhalo naa.. Er build quality dekhtey pacchen.. full plastic tao beshi mojbut na.. Er height ek barei kom 100+ gm er moto hobe ek barei halka... haate theke ek bar pore gelei bhenge jabe sure.. joint gulate faka hoye ase built quality onek baje.. sound oo khub ektaa beshi na.. full sound diye shuleo ashe pasher awaz khub beshi ei shona jay.. kono bass kichu nei.. sound qualityo khub kharap.. ei takay gulisthane er thekeo bhalo kichu pawa possible.. daraz thekeo onno kichu dekhleo eta na neway buddhi maner kaaz hobe.. tar theke bhalo ei takay earbuds nen bhalo paben.. shiddhanto apnar..,Khub ekta bhalo na.. Packing ta dekhe bhalo lagleo headset ta ektuo bhalo naa.. Er build quality dekhtey pacchen.. full plastic tao beshi mojbut na.. Er height ek barei kom 100 gm er moto hobe ek barei halka.. haate theke ek bar pore gelei bhenge jabe sure.. joint gulate faka hoye ase built quality onek baje.. sound oo khub ektaa beshi na.. full sound diye shuleo ashe pasher awaz khub beshi ei shona jay.. kono bass kichu nei.. sound qualityo khub kharap.. ei takay gulisthane er thekeo bhalo kichu pawa possible.. daraz thekeo onno kichu dekhleo eta na neway buddhi maner kaaz hobe.. tar theke bhalo ei takay earbuds nen bhalo paben.. shiddhanto apnar..,product_quality_negative
2123,53975126049018,"আলহামদুলিল্লাহ, জিনিসটা অনেক ভালো, যদিও ফম টা অনেক শক্ত তারপরে দাম হিসেবে ঠিক আছে। যদি আপনারা কিনতে চান কিনতে পারেন। সাউন্ড কোয়ালিটি নরমাল, অতটাও ভালো না, কিন্তু দাম হিসেবে ঠিক আছে।","আলহামদুলিল্লাহ, জিনিসটা অনেক ভালো, যদিও ফম টা অনেক শক্ত তারপরে দাম হিসেবে ঠিক আছে যদি আপনারা কিনতে চান কিনতে পারেন সাউন্ড কোয়ালিটি নরমাল, অতটাও ভালো না, কিন্তু দাম হিসেবে ঠিক আছে.",price_neutral#product_quality_positive
2124,52138847749018,"অত্যন্ত মানসম্মত প্রোডাক্ট 
দাম অনুযায়ী যে রকম ভেবেছিলাম তারচেয়ে অনেক ভালো। 
ডেলিভারি ম্যানের ব্যাবহারও অত্যন্ত ভালো ছিল, ব্যাক্তিগত কাজে একটু ব্যাস্ত ছিলাম বলে রিসিভ করতে দেরি হলেও তিনি ধৈর্য ধরে অপেক্ষা করেছিলেন।
চাইলে নিতে পারেন ঠকবেন না।","অত্যন্ত মানসম্মত প্রোডাক্ট দাম অনুযায়ী যে রকম ভেবেছিলাম তারচেয়ে অনেক ভালো ডেলিভারি ম্যানের ব্যাবহারও অত্যন্ত ভালো ছিল, ব্যাক্তিগত কাজে একটু ব্যাস্ত ছিলাম বলে রিসিভ করতে দেরি হলেও তিনি ধৈর্য ধরে অপেক্ষা করেছিলেন চাইলে নিতে পারেন ঠকবেন না.",delivery_positive#price_positive#product_quality_positive
2125,50397190949018,কেও এনার কাছ থেকে কিনেন না। এত বাজে product আজ পর্যন্ত পাই নাই। daraz এর উচিত এই ধরনের seller দের ban করা উচিত,কেও এনার কাছ থেকে কিনেন না এত বাজে product আজ পর্যন্ত পাই নাই daraz এর উচিত এই ধরনের seller দের ban করা উচিত.,product_quality_negative
2126,53189164849018,"তেমন ভালো না।  sound onek kom. ami ektake 5/10 rate korbo🙁 er che amar 300 taka diye kina Air pods, er theke bhalo.","তেমন ভালো না sound onek kom. ami ektake 5 10 rate korbo er che amar 300 taka diye kina Air pods, er theke bhalo.",product_quality_negative
2127,51249252949018,ছবি দেখে ভাবছিলাম অনেক ভাল হবে (স্টিল বডি মনে করসিলাম) ......কিন্তু খুব নিম্নমানের একটা পণ্য।  বডি + সাউন্ড.. সব নিম্নমানের।  হেডফোন একবার হাত থেকে পোরলেই ভেঙ্গে যাবে।খুব নিম্নমানের প্লাস্টিক।,ছবি দেখে ভাবছিলাম অনেক ভাল হবে স্টিল বডি মনে করসিলাম ..কিন্তু খুব নিম্নমানের একটা পণ্য বডি সাউন্ড.. সব নিম্নমানের হেডফোন একবার হাত থেকে পোরলেই ভেঙ্গে যাবে খুব নিম্নমানের প্লাস্টিক.,product_quality_negative
2128,51810528449018,prouct onek valo.apnara chaile kinte paren.sound quality very good.ami ar age joto gula daraz theke electronic product kinecilam sob gula baje diechilo.protom bar valo electionic project dieche.ar apnara delivery charge besi rakhen.delivery charge komaben,prouct onek valo.apnara chaile kinte paren.sound quality very good.ami ar age joto gula daraz theke electronic product kinecilam sob gula baje diechilo.protom bar valo electionic project dieche.ar apnara delivery charge besi rakhen.delivery charge komaben.,product_quality_positive
2129,50465917449018,এটা ভালোনা বাটান কাজ করেনা  ছাউন কলিটি একটুও ভালোনা তার উপর প্রথমে তো এটা কানেক্ট হছিলোনা এট আমার দারাজ থেকে কেনা সবচে খারাপ পোডাক। দারাজ থেকে আমি আনেক কিছু কিনেছি কিন্তু এরকম হইনি আমার সাথে। একদম ফালতু 😡😡😡,এটা ভালোনা বাটান কাজ করেনা ছাউন কলিটি একটুও ভালোনা তার উপর প্রথমে তো এটা কানেক্ট হছিলোনা এট আমার দারাজ থেকে কেনা সবচে খারাপ পোডাক দারাজ থেকে আমি আনেক কিছু কিনেছি কিন্তু এরকম হইনি আমার সাথে একদম ফালতু.,product_quality_negative
2130,54616665549018,"মাশাল্লাহ রেট হিসেবে খুব ভালো পাইচি চেলারের ব্যাবহার ও অনেক ভালো চিলো।প্রোডাক টা সবাই নিতে পারেন আমি নিশ্চিত 
ভালো প্রোডাক পাবেন সাউন্ড কোয়ালিটি অনেক সুন্দর",মাশাল্লাহ রেট হিসেবে খুব ভালো পাইচি চেলারের ব্যাবহার ও অনেক ভালো চিলো প্রোডাক টা সবাই নিতে পারেন আমি নিশ্চিত ভালো প্রোডাক পাবেন সাউন্ড কোয়ালিটি অনেক সুন্দর.,seller_service_positive#price_positive#product_quality_positive
2131,51095174849018,product is really nice...ei price e khubei valo chaile nite paren apnara ..tobe colour ami green ta Cheyechilam paichi pink ta...ar msg er feedback nai bollei chole seller der ei bisoye gurutto deoya uchit,product is really nice..ei price e khubei valo chaile nite paren apnara ..tobe colour ami green ta Cheyechilam paichi pink ta..ar msg er feedback nai bollei chole seller der ei bisoye gurutto deoya uchit.,seller_service_negative#price_positive#product_quality_positive
2132,55125828449018,"ফালতু একটা হেডফোন।
চার্জিং ক্যাবল নেই। চার্জিং ইন্ডিকেটর নেই। সাইজে ছোট।
যেগুলো ভালো রিভিউ সেগুলো সব ওনাদের সাজানো রিভিউ।
কেউ কিনবেন না।
৫* দিলাম যাতে রিভিউ উপরে থাকে সবাই সাবধান হতে পারেন।",ফালতু একটা হেডফোন চার্জিং ক্যাবল নেই চার্জিং ইন্ডিকেটর নেই সাইজে ছোট যেগুলো ভালো রিভিউ সেগুলো সব ওনাদের সাজানো রিভিউ কেউ কিনবেন না ৫ দিলাম যাতে রিভিউ উপরে থাকে সবাই সাবধান হতে পারেন.,product_quality_negative
2133,50402347649018,"onek baje sound quality 

Akbar baje arekbar bajena  er theke 100 tk damer headphones onek vhalo",onek baje sound quality Akbar baje arekbar bajena er theke 100 tk damer headphones onek vhalo.,product_quality_negative
2134,50374415549018,যেই কালার চেয়েছি সেটাই পেয়েছি...ভাল একটা জিনিস...sound quality ok....দেখা যাক কতদিন টিকে...,যেই কালার চেয়েছি সেটাই পেয়েছি..ভাল একটা জিনিস..sound quality ok..দেখা যাক কতদিন টিকে..,product_quality_positive
2135,54799869649018,"মোটা মোটামুটি ভালো আচে  চাইলে নিতে পারেন 
 সাউন্ড ঠিক আচে বাট কলে কথা বললে শুনা জায়না।",মোটা মোটামুটি ভালো আচে চাইলে নিতে পারেন সাউন্ড ঠিক আচে বাট কলে কথা বললে শুনা জায়না.,product_quality_neutral
2136,54969961349018,purai scammer full charge deowr poro kono power kaj krtese na....kono vbei on hoy na,purai scammer full charge deowr poro kono power kaj krtese na..kono vbei on hoy na.,product_quality_negative
2137,54687562549018,Ata aktuo  valo na low cuality sound kharab game khala jay na sound valo ashe na 🙂,Ata aktuo valo na low cuality sound kharab game khala jay na sound valo ashe na.,product_quality_negative
2138,52369761849018,ওনেক ভালো প্রোডাক্ট আপনারা নিতে পারেন ট্রাই করে দেখেছি এত সাউন্ড এত ভালো কোয়ালিটি,ওনেক ভালো প্রোডাক্ট আপনারা নিতে পারেন ট্রাই করে দেখেছি এত সাউন্ড এত ভালো কোয়ালিটি.,product_quality_positive
2139,55087544249018,আলহামদুলিল্লাহ খুব ভালো হইছে জেমন টা চাইছি তেমনি পাইছি সব কিছু মিলে আলহামদুলিল্লাহ,আলহামদুলিল্লাহ খুব ভালো হইছে জেমন টা চাইছি তেমনি পাইছি সব কিছু মিলে আলহামদুলিল্লাহ.,product_quality_positive
2140,54452013449018,Saller ta bukasuda but product is good I think under 500 it will be great choice,Saller ta bukasuda but product is good I think under 500 it will be great choice.,seller_service_negative#price_positive#product_quality_positive
2141,52689528649018,একদম বাজে কোয়ালিটি বাজে এবং সাউন্ড বাজে আমিতো ঐদিন ব্যবহার করার পর ভেঙে গেছে,একদম বাজে কোয়ালিটি বাজে এবং সাউন্ড বাজে আমিতো ঐদিন ব্যবহার করার পর ভেঙে গেছে.,product_quality_negative
2142,50413553349018,একদম ফালতু একটা জিনিস। বাটন নষ্ট। কেউ কিনিয়েন না ঠকে জাবেন পরে আমাকে বলিয়েন না,একদম ফালতু একটা জিনিস বাটন নষ্ট কেউ কিনিয়েন না ঠকে জাবেন পরে আমাকে বলিয়েন না.,product_quality_negative
2143,53105980049018,"ফালতু, সাউন্ড একেবারে কম ঠিক মতো গানও শুনা যায় না। দাম হিসেবে একেবারে ফালতু ।","ফালতু, সাউন্ড একেবারে কম ঠিক মতো গানও শুনা যায় না দাম হিসেবে একেবারে ফালতু.",product_quality_negative
2144,54080716049018,Alhamdulillah dekhte valo e mone hocche. crg nei tai crg e diyechi. thanks 💞,Alhamdulillah dekhte valo e mone hocche. crg nei tai crg e diyechi. thanks.,product_quality_positive
2145,54131324949018,ফালতু একটা প্রোডাক্ট ভিতরে ভাঙা ছিলো। কিন্তু সাউন্ড সিস্টেমে মোটামুটি ভালো,ফালতু একটা প্রোডাক্ট ভিতরে ভাঙা ছিলো কিন্তু সাউন্ড সিস্টেমে মোটামুটি ভালো.,product_quality_negative
2146,52487473749018,"জিনিস টা ঠিক আছে দাম টা বেশি....
ডেলিভারি খরচ টা অনেক বেশি 😡😡😡😡😡😡",জিনিস টা ঠিক আছে দাম টা বেশি.. ডেলিভারি খরচ টা অনেক বেশি.,price_negative#product_quality_positive
2147,52314304149018,"ওভারঅল দাম অনুযায়ী সব কিছু ঠিকাছে,, চাইলে সবাই নিতে পারেন ১০/৯ 👍👍💝","ওভারঅল দাম অনুযায়ী সব কিছু ঠিকাছে,, চাইলে সবাই নিতে পারেন ১০ ৯.",price_positive#product_quality_positive
2148,51174645349018,Black bolesilam 😑 r ektu choto bole ear a pain hoi.. otherwise vlo,Black bolesilam r ektu choto bole ear a pain hoi.. otherwise vlo.,product_quality_positive
2149,54574674249018,"after using 
it's just a week 
and it's broken!!!
বাজে প্রোডাক্ট",after using it's just a week and it's broken!! বাজে প্রোডাক্ট.,product_quality_negative
2150,53994848049018,"একদম নরমাল
left right এর কোনো পার্থক্য নেই।
দুইটা তেই একসাথে বাজে",একদম নরমাল left right এর কোনো পার্থক্য নেই দুইটা তেই একসাথে বাজে.,product_quality_negative
2151,52423297649018,কানে দেওয়ার সময় ভেঙে যাবে এমন অবস্থা। আমার কাছে ছোট লাগে এটা। 😅,কানে দেওয়ার সময় ভেঙে যাবে এমন অবস্থা আমার কাছে ছোট লাগে এটা.,product_quality_negative
2152,52681996849018,khub valo akti prodakt 100 % apnara chyle nity paren,khub valo akti prodakt 100 apnara chyle nity paren.,product_quality_positive
2153,53529443149018,umm price er dik diye dekhle thik ei ache perfect.,umm price er dik diye dekhle thik ei ache perfect.,price_positive#product_quality_positive
2154,53079765449018,দেরিতে পেয়েছি কিন্তু ভালো চাইলে আপনার নিতে পারেন,দেরিতে পেয়েছি কিন্তু ভালো চাইলে আপনার নিতে পারেন.,delivery_negative#product_quality_positive
2155,54522528849018,অতটাও ভালো না হালকা কিন্তু বাজেটের মধ্যে বেস্ট,অতটাও ভালো না হালকা কিন্তু বাজেটের মধ্যে বেস্ট.,price_positive#product_quality_neutral
2156,52039007049018,Good best bhai kinte paro daam hisabe thik ache,Good best bhai kinte paro daam hisabe thik ache.,price_positive#product_quality_positive
2157,54165378549018,ata bhalo apanara use korte paren 👍🏻👍🏻👍🏻,ata bhalo apanara use korte paren.,product_quality_positive
2158,54701378349018,Ache Vhaloi.500 tk er moddhe vloi.chole r ki,Ache Vhaloi.500 tk er moddhe vloi.chole r ki.,price_positive#product_quality_positive
2159,51641853849018,sb thik ache bt changer cable ta de nai🤧,sb thik ache bt changer cable ta de nai.,product_quality_positive
2160,47434032949018,sound quality osthir kintu ami blue colour caiselam amare black diye dise kintu onek vhalo,sound quality osthir kintu ami blue colour caiselam amare black diye dise kintu onek vhalo.,product_quality_positive
2161,54346168149018,এই হেডফোনটা ভালো না এক কানে শোনা যায় না,এই হেডফোনটা ভালো না এক কানে শোনা যায় না.,product_quality_negative
2162,51845475449018,"পণ্যটি সত্যিই অসাধারণ, সেলারকে ধন্যবাদ","পণ্যটি সত্যিই অসাধারণ, সেলারকে ধন্যবাদ.",product_quality_positive
2163,52021200749018,"আলহামদুলিল্লাহ protect is so good,🫶","আলহামদুলিল্লাহ protect is so good,.",product_quality_positive
2164,49295486049018,"অসাধারণ, সাউন্ড কোয়ালিটি অনেক ভালো, দশে দশ দিলাম????","অসাধারণ, সাউন্ড কোয়ালিটি অনেক ভালো, দশে দশ দিলাম??",product_quality_positive
2165,54236993949018,Valo kinto sound bahira cola asha,Valo kinto sound bahira cola asha.,product_quality_positive
2166,52067621649018,মোটামুটি দাম আরো কম হওয়া দরকার,মোটামুটি দাম আরো কম হওয়া দরকার.,price_negative#product_quality_neutral
2167,52291953549018,"product ta Valo 
Good quality",product ta Valo Good quality.,product_quality_positive
2168,53163423249018,"onk valo 🥰
sobai nite paren",onk valo sobai nite paren.,product_quality_positive
2169,49032990449018,সুন্দর প্রোডাক্ট নিতে পারেন। চার্জ ভালোই থাকে।,সুন্দর প্রোডাক্ট নিতে পারেন চার্জ ভালোই থাকে.,product_quality_positive
2170,49022930949018,জিনিসটা ভালো আমার কাছে ভালই লাগছে কিন্তু এর সাউন্ড কোয়ালিটি টা একটু খারাপ আর একটু বেশি সাউন্ড থাকলে ভালো হতো বাট পুরোপুরি জিনিসটা আমার কাছে অনেক ভালো লাগছে,জিনিসটা ভালো আমার কাছে ভালই লাগছে কিন্তু এর সাউন্ড কোয়ালিটি টা একটু খারাপ আর একটু বেশি সাউন্ড থাকলে ভালো হতো বাট পুরোপুরি জিনিসটা আমার কাছে অনেক ভালো লাগছে.,product_quality_positive
2171,52029821949018,"quality ato besi vlo na 
r na nele e vlo hobe amr personal review",quality ato besi vlo na r na nele e vlo hobe amr personal review.,product_quality_negative
2172,54690607149018,motamoti..newa jay ei price er er cheye besi asha kora jay na,motamoti..newa jay ei price er er cheye besi asha kora jay na.,price_positive#product_quality_neutral
2173,51421675949018,"full fal2.

chal uta akta product send krca...amn hoila order e krtam na..quality akdm bajeee....kaw neban naa",full fal2. chal uta akta product send krca..amn hoila order e krtam na..quality akdm bajee..kaw neban naa.,product_quality_negative
2174,52568501249018,"Akdon Faltu
Full charge uthe na
Ak side mike ar Noise hy
seler protarok 
pakage age thaka kholacilo
used jinis  daua hoyece",Akdon Faltu Full charge uthe na Ak side mike ar Noise hy seler protarok pakage age thaka kholacilo used jinis daua hoyece.,packaging_negative#product_quality_negative
2175,54017628249018,চার্জ কম থাকে। আর সম্পূর্ণ কান ঢাকা যায় না। ফলে কানে চাপ লাগে। পরে একটু ব্যাথা করে। গ্রীষ্মের সময় ব্যবহার করা কষ্টকর। খুব তাড়াতাড়ি কান গরম হয়ে যায়। আমার এই হল্য অভিজ্ঞতা ।,চার্জ কম থাকে আর সম্পূর্ণ কান ঢাকা যায় না ফলে কানে চাপ লাগে পরে একটু ব্যাথা করে গ্রীষ্মের সময় ব্যবহার করা কষ্টকর খুব তাড়াতাড়ি কান গরম হয়ে যায় আমার এই হল্য অভিজ্ঞতা.,product_quality_negative
2176,51823468049018,"built quality valo na...sound o valo hoi na...
aita speaker hesabe use korte parben ato jore outside sound suna jae..",built quality valo na..sound o valo hoi na.. aita speaker hesabe use korte parben ato jore outside sound suna jae..,product_quality_negative
2177,51756572749018,Karo use kora tah dise amk . Box ager thky khula selo . Quality ekdom valo nah,Karo use kora tah dise amk . Box ager thky khula selo . Quality ekdom valo nah.,packaging_negative#product_quality_negative
2178,54265699149018,"Beshi din use kora jay na , olpo kichu din ei nosto hoye geche amar tah🙂","Beshi din use kora jay na , olpo kichu din ei nosto hoye geche amar tah.",product_quality_negative
2179,50861496749018,সেলার একটি নষ্ট প্রোডাক্ট কিভাবে দিতে পারলো? এমনটা আশা করিনি।,সেলার একটি নষ্ট প্রোডাক্ট কিভাবে দিতে পারলো? এমনটা আশা করিনি.,product_quality_negative
2180,50717929349018,lo quality use kora product dise Leo niben na,lo quality use kora product dise Leo niben na.,product_quality_negative
2181,54561808649018,অনেক সুন্দর একটি প্রোডাক্ট নিতে পারেন,অনেক সুন্দর একটি প্রোডাক্ট নিতে পারেন.,product_quality_positive
2182,46182884825820,"আমি প্রথমে ভাবছিলাম যে ওয়াডার টা ক্যানসেল করে দেই ,মনে হয় ভালো হবে না প্রোডাক্টটা ,কিন্তু ডেলিভারি পাওয়ার পরে ৪ ঘন্টা চালানোর পর রিভিউ দিচ্ছি আমি সত্যিই বিশ্বাস করতে পারতেছি না এত সুন্দর একটা জিনিস আমি পেয়েছি এই বাজেটে এর থেকে ভালো আর কোন কিছুই হয় না !
 ধন্যবাদ দারাজ আপনাকে অনেক তাড়াতাড়ি পেয়েছি জিনিসটা আর ডেলিভারি বয়,
 ভাই ভাইয়ার ব্যবহার অনেক ভালো ধন্যবাদ ভাইয়া ইনশাআল্লাহ আবার দেখা হবে","আমি প্রথমে ভাবছিলাম যে ওয়াডার টা ক্যানসেল করে দেই ,মনে হয় ভালো হবে না প্রোডাক্টটা ,কিন্তু ডেলিভারি পাওয়ার পরে ৪ ঘন্টা চালানোর পর রিভিউ দিচ্ছি আমি সত্যিই বিশ্বাস করতে পারতেছি না এত সুন্দর একটা জিনিস আমি পেয়েছি এই বাজেটে এর থেকে ভালো আর কোন কিছুই হয় না ! ধন্যবাদ দারাজ আপনাকে অনেক তাড়াতাড়ি পেয়েছি জিনিসটা আর ডেলিভারি বয়, ভাই ভাইয়ার ব্যবহার অনেক ভালো ধন্যবাদ ভাইয়া ইনশাআল্লাহ আবার দেখা হবে.",delivery_positive#price_positive#product_quality_positive
2183,45883155125820,"আলহামদুলিল্লাহ, 
অনলাইন কেনাকাটায় সবসময়ই অবিশ্বাস ও সন্দেহ কাজ করত, এরপর ঝুকি নিয়ে পণ্যটি কিনলাম, 
মাশাআল্লাহ পণ্যটি যেমন চেয়েছিলাম তেমনই পেয়েছি, যথেষ্ট সন্তোষজনক, 
ডেলিভারি ম্যানের ব্যাবহার মাশাআল্লাহ অনেক সুন্দর ছিলো, 
ধন্যবাদ দারাজ টিম কে","আলহামদুলিল্লাহ, অনলাইন কেনাকাটায় সবসময়ই অবিশ্বাস ও সন্দেহ কাজ করত, এরপর ঝুকি নিয়ে পণ্যটি কিনলাম, মাশাআল্লাহ পণ্যটি যেমন চেয়েছিলাম তেমনই পেয়েছি, যথেষ্ট সন্তোষজনক, ডেলিভারি ম্যানের ব্যাবহার মাশাআল্লাহ অনেক সুন্দর ছিলো, ধন্যবাদ দারাজ টিম কে.",delivery_positive#product_quality_positive
2184,45058832425820,"eita kno kaj krlen vai 
jinis Bikri korle etu valo maner Product Use koren 
amne kawke Bass deya valo na",eita kno kaj krlen vai jinis Bikri korle etu valo maner Product Use koren amne kawke Bass deya valo na.,product_quality_negative
2185,48012107725820,প্রোডাক্টটা অনেক ভালো। কিন্তু একটা নষ্ট। এর সাথে ইউএসবি ক্যাবল দেয় নাই। যেটা দিয়ে চার্জ দিতে হয়। আপনারা চাইলে নিতে পারেন। সবগুলো প্রোডাক্ট তো আর একরকম হয় না তাই আমি এটা রিটার্ন করতে চাচ্ছি,প্রোডাক্টটা অনেক ভালো কিন্তু একটা নষ্ট এর সাথে ইউএসবি ক্যাবল দেয় নাই যেটা দিয়ে চার্জ দিতে হয় আপনারা চাইলে নিতে পারেন সবগুলো প্রোডাক্ট তো আর একরকম হয় না তাই আমি এটা রিটার্ন করতে চাচ্ছি.,product_quality_positive
2186,46287525825820,Dam hisabe valoi product ta.charge o onek khon thake.,Dam hisabe valoi product ta.charge o onek khon thake.,price_positive#product_quality_positive
2187,47498288525820,Black colour oder decelam paylam Blue.!🙄🙄 Mutamuti Service vloi doy ekhon use korley pore bhuja jabey.,Black colour oder decelam paylam Blue.! Mutamuti Service vloi doy ekhon use korley pore bhuja jabey.,product_quality_neutral
2188,45606972825820,আমার কাছে ভালোই লাগছে।দাম অনুযায়ী ঠিক আছে।মোটামুটি এক চার্জে ৩ ঘণ্টা চালানো যাবে।আপনারা চাইলে নিতে পারেন।,আমার কাছে ভালোই লাগছে দাম অনুযায়ী ঠিক আছে মোটামুটি এক চার্জে ৩ ঘণ্টা চালানো যাবে আপনারা চাইলে নিতে পারেন.,price_neutral#product_quality_positive
2189,45975296025820,প্রোডাক্টটা ভালো ছিল কিন্তু প্যাকেজিং ভালো ছিল না,প্রোডাক্টটা ভালো ছিল কিন্তু প্যাকেজিং ভালো ছিল না.,packaging_negative#product_quality_positive
2190,51772408425820,good luck 🍀🍀 আমার ইয়ারফোনটা খুব ভালো হয়েছে আপনারা সবাই কিনতে পারেন কোন সমস্যা নেই এটা একবার চার্জ দিলে অনেক সময় অন্তত চার থেকে পাঁচ ঘন্টা চলছে তারও বেশি এবং ইয়ারফোনটা কালার টা খুব স্টাইলিশ লাগছে,good luck আমার ইয়ারফোনটা খুব ভালো হয়েছে আপনারা সবাই কিনতে পারেন কোন সমস্যা নেই এটা একবার চার্জ দিলে অনেক সময় অন্তত চার থেকে পাঁচ ঘন্টা চলছে তারও বেশি এবং ইয়ারফোনটা কালার টা খুব স্টাইলিশ লাগছে.,product_quality_positive
2191,50743883225820,"১০ দিন ব্যবহার করে রিভিউ দিচ্ছি, অসাধারণ সাউন্ড কোয়ালিটি, Base আছে। একটা buds 2h এর মত চার্জ থাকে।","১০ দিন ব্যবহার করে রিভিউ দিচ্ছি, অসাধারণ সাউন্ড কোয়ালিটি, Base আছে একটা buds 2h এর মত চার্জ থাকে.",product_quality_positive
2192,51925335725820,"দাম অনুযায়ী জিনিসটা ভালোই। চার্জ ব্যাকআপ  ভালোই দিচ্ছে খারাপ না, দাম অনুযায়ী জিনিসটা স্যাটিসফাইড আছে, আমি সন্তুষ্ট","দাম অনুযায়ী জিনিসটা ভালোই চার্জ ব্যাকআপ ভালোই দিচ্ছে খারাপ না, দাম অনুযায়ী জিনিসটা স্যাটিসফাইড আছে, আমি সন্তুষ্ট.",price_positive#product_quality_positive
2193,49844040225820,"প্রোডাক্ট কি হাতে পেলাম ,
আলহামদুলিল্লাহ অনেক ভালো 
১ চার্জ এ ২ ঘন্টা ব্যবহার করছি 
সাউন্ড কোয়ালিটি অনেক ভালো","প্রোডাক্ট কি হাতে পেলাম , আলহামদুলিল্লাহ অনেক ভালো ১ চার্জ এ ২ ঘন্টা ব্যবহার করছি সাউন্ড কোয়ালিটি অনেক ভালো.",product_quality_positive
2194,49919780025820,"দাম অনুযায়ী ভালো বলা যায়,
আমি ৩ সপ্তাহ ব্যবহার করে যা বুঝলাম।

- সমস্যা হলো"" চার্জ ব্যাকআপ অল্প এবং কানে রেখে হাত লাগলে সমস্যা হয়!","দাম অনুযায়ী ভালো বলা যায়, আমি ৩ সপ্তাহ ব্যবহার করে যা বুঝলাম - সমস্যা হলো"" চার্জ ব্যাকআপ অল্প এবং কানে রেখে হাত লাগলে সমস্যা হয়!",price_positive#product_quality_positive
2195,52692836425820,প্রডাক্ট ভালো কিন্ত কালোটা অর্ডার করে সাদা পেয়েছি। যে কালার অর্ডার করেছি সেই কালার দেয়া উচিত ছিল।,প্রডাক্ট ভালো কিন্ত কালোটা অর্ডার করে সাদা পেয়েছি যে কালার অর্ডার করেছি সেই কালার দেয়া উচিত ছিল.,product_quality_positive
2196,45878231025820,Jinis ta vloi 300tk te 😒 aro kom hoile vlo hoito,Jinis ta vloi 300tk te aro kom hoile vlo hoito.,price_negative#product_quality_positive
2197,49668477725820,প্যাকেজিং টা ভালো ছিলো না কারন প্যাকেট টির অবস্থা ভালো না কিন্তু এয়ারপডটা ভালো কোনো সমস্যা নেই 👌,প্যাকেজিং টা ভালো ছিলো না কারন প্যাকেট টির অবস্থা ভালো না কিন্তু এয়ারপডটা ভালো কোনো সমস্যা নেই.,packaging_negative#product_quality_positive
2198,49399791825820,ajk hat a peyechi ei first nichi onk expectation Chilo dekhte ma sha Allah onk sundor but sound quality vlo noi onk kom,ajk hat a peyechi ei first nichi onk expectation Chilo dekhte ma sha Allah onk sundor but sound quality vlo noi onk kom.,product_quality_positive
2199,50211762325820,tnx for sellar onk vlo akta prodackt dam onujai onk ta vlo,tnx for sellar onk vlo akta prodackt dam onujai onk ta vlo.,price_positive#product_quality_positive
2200,48729888925820,"সবকিছু ঠিক আছে, প্রোডাক্ট অনেক ভালো। কিন্তু চার্জ তাড়াতাড়ি কমে যায়! চার্জের বিষয়টা বাদ দিলে জিনিসটা খুবই ভালো। এরপরও এ প্রাইস পয়েন্ট এ এটা ভালো।","সবকিছু ঠিক আছে, প্রোডাক্ট অনেক ভালো কিন্তু চার্জ তাড়াতাড়ি কমে যায়! চার্জের বিষয়টা বাদ দিলে জিনিসটা খুবই ভালো এরপরও এ প্রাইস পয়েন্ট এ এটা ভালো.",price_positive#product_quality_positive
2201,51227725725820,এমনিতে ভালো কিন্তু মাজে মাজে সাউন্ড এ সমস্যা করে,এমনিতে ভালো কিন্তু মাজে মাজে সাউন্ড এ সমস্যা করে.,product_quality_positive
2202,47474589325820,ai phone use kori vlo e chole.... nite paren 😐,ai phone use kori vlo e chole.. nite paren.,product_quality_positive
2203,49297836125820,দেখতে খুব ভালোই লাগছে এখন ব্যবহার করে দেখতে হবে সাউন্ড কোয়ালিটি কেমন,দেখতে খুব ভালোই লাগছে এখন ব্যবহার করে দেখতে হবে সাউন্ড কোয়ালিটি কেমন.,product_quality_positive
2204,48774963825820,Quality khub e valo.. amar kache khub valo lagche sob thik thak ekdom,Quality khub e valo.. amar kache khub valo lagche sob thik thak ekdom.,product_quality_positive
2205,47329463725820,"tws এর সাউন্ড কোয়ালিটি অনেক বাজে, আবার ভিতরের এয়ারবার্ডস দুটা অনেকটা স্ক্যাচ রয়েছে, পুরাতন পুরাতন ফিল দেয়, তাছাড়া আবার ফিনিশিং ভালো না","tws এর সাউন্ড কোয়ালিটি অনেক বাজে, আবার ভিতরের এয়ারবার্ডস দুটা অনেকটা স্ক্যাচ রয়েছে, পুরাতন পুরাতন ফিল দেয়, তাছাড়া আবার ফিনিশিং ভালো না.",product_quality_negative
2206,47332902425820,ছবিতে যেমন দেখেছি তেমন পাইনি। দেখলাম ওয়ানপ্লাসের এখন দেখি শুধুই জিরো। আবার চেক করে দেখি একটা বাজে একটা বাজে না।। প্রোডাক্ট খুব বাজে কেউ নেবেন না।,ছবিতে যেমন দেখেছি তেমন পাইনি দেখলাম ওয়ানপ্লাসের এখন দেখি শুধুই জিরো আবার চেক করে দেখি একটা বাজে একটা বাজে না প্রোডাক্ট খুব বাজে কেউ নেবেন না.,product_quality_negative
2207,54260056125820,"সত্যি বলতে একটু হতাশ হয়েছি। বাইরে যে প্লাস্টিক ব্যবহার করা হয়েছে, সেটা খুবই সস্তা আর নরম মনে হয়—লম্বা সময় টিকবে বলে মনে হয় না। চার্জের জন্য যে বাটনটা আছে, সেটাও ভালো নয়, যেকোনো সময় নষ্ট হয়ে যেতে পারে বলে মনে হয়। সবচেয়ে বড় সমস্যা হলো চার্জিংটা ঠিকমতো হয় না। কখনো চার্জ নেয়, আবার হঠাৎ বন্ধ হয়ে যায়। এই দামে এর থেকে ভালো মান আশা করেছিলাম। তবে সাউন্ড কোয়ালিটি ঠিক আছে, এটুকু ভালো দিক।

Honestly, I’m a bit disappointed. The plastic on the outside feels really cheap and fragile—it doesn’t seem like it would last long. The charging button isn’t great either, kind of feels like it might stop working any time. And the biggest issue is the charging—it doesn’t stay consistent. Sometimes it starts charging, then just randomly stops. I expected better quality, especially at this price. The sound quality is fine though, so that’s one good thing.","সত্যি বলতে একটু হতাশ হয়েছি বাইরে যে প্লাস্টিক ব্যবহার করা হয়েছে, সেটা খুবই সস্তা আর নরম মনে হয় লম্বা সময় টিকবে বলে মনে হয় না চার্জের জন্য যে বাটনটা আছে, সেটাও ভালো নয়, যেকোনো সময় নষ্ট হয়ে যেতে পারে বলে মনে হয় সবচেয়ে বড় সমস্যা হলো চার্জিংটা ঠিকমতো হয় না কখনো চার্জ নেয়, আবার হঠাৎ বন্ধ হয়ে যায় এই দামে এর থেকে ভালো মান আশা করেছিলাম তবে সাউন্ড কোয়ালিটি ঠিক আছে, এটুকু ভালো দিক Honestly, I m a bit disappointed. The plastic on the outside feels really cheap and fragile it doesn t seem like it would last long. The charging button isn t great either, kind of feels like it might stop working any time. And the biggest issue is the charging it doesn t stay consistent. Sometimes it starts charging, then just randomly stops. I expected better quality, especially at this price. The sound quality is fine though, so that s one good thing.",price_negative#product_quality_negative
2208,48993580125820,খারাপ না ভালই আছে অনেকক্ষণ চলছে,খারাপ না ভালই আছে অনেকক্ষণ চলছে.,product_quality_positive
2209,46672755025820,"BMS multi store thaky kao order korben na,Ami Ekta head phone order Kore silam dise onno Ekta,aponora dek Amai dise one plus,r Ami order Kore silam 6 pro,salara khuf kharaf .","BMS multi store thaky kao order korben na,Ami Ekta head phone order Kore silam dise onno Ekta,aponora dek Amai dise one plus,r Ami order Kore silam 6 pro,salara khuf kharaf .",product_quality_negative
2210,46433403025820,onek onek donnobad daraz ke. eto sundor akta product sell korar jnne. eta khub valo maner hetpohne. charging backup. sound quality.osomvom valo.tai asa Kori Kew thokben na. nir diday nite paren.... I'm enjoy my shopping.....,onek onek donnobad daraz ke. eto sundor akta product sell korar jnne. eta khub valo maner hetpohne. charging backup. sound quality.osomvom valo.tai asa Kori Kew thokben na. nir diday nite paren.. I'm enjoy my shopping..,product_quality_positive
2211,46279607125820,"আমি গতকাল এটি ক্রয় করি। দাম অনুযায়ী একদম বাজে প্রডাক্ট, সাউন্ড কোয়ালিটি একদম বাজে আর ঝিন ঝিন করে একটা শব্দ আসছে,, আশা করি নি এরকম নষ্ট একটা প্রডাক্ট দিবে 😢","আমি গতকাল এটি ক্রয় করি দাম অনুযায়ী একদম বাজে প্রডাক্ট, সাউন্ড কোয়ালিটি একদম বাজে আর ঝিন ঝিন করে একটা শব্দ আসছে,, আশা করি নি এরকম নষ্ট একটা প্রডাক্ট দিবে.",price_negative#product_quality_negative
2212,46145075525820,"cailam ki r didlen ki.. 
1+ aiboo kn..
taoo akty onk kom sunay. 
ataa asha krii naii.. 
tar cay ager taa vlo ciloo pro4",cailam ki r didlen ki.. 1 aiboo kn.. taoo akty onk kom sunay. ataa asha krii naii.. tar cay ager taa vlo ciloo pro4.,product_quality_negative
2213,45956587825820,একদম বাজে মাল দিছে এটা কখনো আশা করিনি দারাজের কাছ থেকে আমার মন থেকে দারাজ অনেকটাই উঠে গেল প্রোডাক্টি রিটার্ন দিয়ে দিব,একদম বাজে মাল দিছে এটা কখনো আশা করিনি দারাজের কাছ থেকে আমার মন থেকে দারাজ অনেকটাই উঠে গেল প্রোডাক্টি রিটার্ন দিয়ে দিব.,product_quality_negative
2214,46077616225820,"আমি কালার চাইছি একটা আর পাইছি আরেকটা 😔😔 কিন্তু ব্লুটুথটা আলহামদুলিল্লাহ অনেক ভালো 🖤 আপনারা চাইলে নিতে পারেন,ঠকবেন না ইনশাআল্লাহ 🥰","আমি কালার চাইছি একটা আর পাইছি আরেকটা কিন্তু ব্লুটুথটা আলহামদুলিল্লাহ অনেক ভালো আপনারা চাইলে নিতে পারেন,ঠকবেন না ইনশাআল্লাহ.",product_quality_positive
2215,45993033825820,আমার কাছে ভালো লাগছে। আপনারা চাইলে নিতে পারেন। ডেলিভারির সময় ৪ দিন লাগছে। ডেলিভারি ম্যান অনেক ভালো আমাকে চা খাওয়াতে চাইছিলো😌,আমার কাছে ভালো লাগছে আপনারা চাইলে নিতে পারেন ডেলিভারির সময় ৪ দিন লাগছে ডেলিভারি ম্যান অনেক ভালো আমাকে চা খাওয়াতে চাইছিলো.,delivery_positive#product_quality_positive
2216,46326000625820,অর্ডার দিয়ে ছিলাম কালো টা আর দিলেন নেভি ব্লু। দেখতে ভালোই লাগছে। সাউন্ড কোয়ালিটি অনেক ভালো,অর্ডার দিয়ে ছিলাম কালো টা আর দিলেন নেভি ব্লু দেখতে ভালোই লাগছে সাউন্ড কোয়ালিটি অনেক ভালো.,product_quality_positive
2217,45905877525820,অনেক ভালো একটি প্রোডাক্ট ইউজ করে অনেক ভালো লাগতেছে । চার্জও মোটামুটি অনেক ভালো যায়।ধন্যবাদ ডেলিভারি ম্যান ভাইকে তার ব্যবহার অনেক সুন্দর।😍😍🤟👍✅,অনেক ভালো একটি প্রোডাক্ট ইউজ করে অনেক ভালো লাগতেছে চার্জও মোটামুটি অনেক ভালো যায় ধন্যবাদ ডেলিভারি ম্যান ভাইকে তার ব্যবহার অনেক সুন্দর.,delivery_positive#product_quality_positive
2218,46229764225820,প্রোডাক্ট এর কোয়ালিটি একদম খারাপ।সাউন্ড কোয়ালিটি ও খারাপ । আপনারা কেউ প্রোডাক্টটি নিবেন না ।,প্রোডাক্ট এর কোয়ালিটি একদম খারাপ সাউন্ড কোয়ালিটি ও খারাপ আপনারা কেউ প্রোডাক্টটি নিবেন না.,product_quality_negative
2219,46397680625820,জিনিসটা কিন্তু ভালো দেই না কিন্তুু নষ্ট জিনিস দিছেন দারাজ খালি পাবলিকের টাকা চিনে,জিনিসটা কিন্তু ভালো দেই না কিন্তুু নষ্ট জিনিস দিছেন দারাজ খালি পাবলিকের টাকা চিনে.,product_quality_negative
2220,46776535425820,অর্ডার করলাম একটা দিলো আরেকটা।  তাও আবার কালার ও ভিন্ন। এইটা তো প্রো ৬ না।,অর্ডার করলাম একটা দিলো আরেকটা তাও আবার কালার ও ভিন্ন এইটা তো প্রো ৬ না.,product_quality_negative
2221,45764776525820,দারাজের দেওয়া সব মাল খারাপ আগেও দিয়েছি একটি আরফোট ভিতরে ব্যাটারি চার্জ থাকে না লুয়া দিয়ে ওয়েট বাড়ানো আর এখন যেটা অর্ডার দিছি ইয়ারফুট ১ ঘন্টা ২০ মিনিট বাজি আর বক্স থেকে একবার চার্জ দেওয়া যায় দেখে দিতে পারেন,দারাজের দেওয়া সব মাল খারাপ আগেও দিয়েছি একটি আরফোট ভিতরে ব্যাটারি চার্জ থাকে না লুয়া দিয়ে ওয়েট বাড়ানো আর এখন যেটা অর্ডার দিছি ইয়ারফুট ১ ঘন্টা ২০ মিনিট বাজি আর বক্স থেকে একবার চার্জ দেওয়া যায় দেখে দিতে পারেন.,product_quality_negative
2222,45718033725820,"চাইছি একটা দিছে আরেকটা, এই হল বাংলাদেশের অনলাইন সর্বোচ্চ সফল বিজনেস দ্বারাজের অবস্থা, আমি খুবই হতাশ","চাইছি একটা দিছে আরেকটা, এই হল বাংলাদেশের অনলাইন সর্বোচ্চ সফল বিজনেস দ্বারাজের অবস্থা, আমি খুবই হতাশ.",product_quality_negative
2223,47882284325820,o shadaron akti product komdamer modde,o shadaron akti product komdamer modde.,price_positive#product_quality_positive
2224,46176888625820,"অনেক ভালো,,, শুধু চার্জ একটু কম থাকে,,,আর সব দিক দিয়ে পারফেক্ট 🫠🫠","অনেক ভালো,, শুধু চার্জ একটু কম থাকে,,আর সব দিক দিয়ে পারফেক্ট.",product_quality_positive
2225,46283462425820,দাম অনুযায়ী পণ্য ঠিক আসে কেউ নিতে চাইলে নিতে পারেন।,দাম অনুযায়ী পণ্য ঠিক আসে কেউ নিতে চাইলে নিতে পারেন.,price_neutral#product_quality_neutral
2226,47171683125820,jmn chaici tmn e paici 🫶☺️,jmn chaici tmn e paici.,product_quality_positive
2227,45996074125820,পন্য টা বেশি ভালো মানের না চার্জ ৩০ মিনিট এর বেশি জায় না,পন্য টা বেশি ভালো মানের না চার্জ ৩০ মিনিট এর বেশি জায় না.,product_quality_negative
2228,45039419825820,খুব বাজে পোডাক্ট। চাজ হয় না। পারলে ০ স্টার দিতাাম,খুব বাজে পোডাক্ট চাজ হয় না পারলে ০ স্টার দিতাাম.,product_quality_negative
2229,48533444825820,Left side er earbuds thik moto bajche na. Faltu quality.,Left side er earbuds thik moto bajche na. Faltu quality.,product_quality_negative
2230,46186191525820,এই এয়ারপোর্টটা যতটুক ভাবছিলাম ততটুক না এয়ারপোর্ট সর্বোচ্চ গেলে ১ ঘন্টা যায় ১ ঘন্টা ভালোভাবে যায় না ৪৫ মিনিট যায় এর বেশি যায় না আমি মনে করেছিলাম এই এয়ারপোর্টটা অনেক ভালো কিন্তু না এরপর এয়ারপোর্টটা এত ভালো না আমি রিভিউ দেখে ভাবছিলাম যে এই এয়ারপোর্টটা অনেক ভালো কিন্তু ততটা ভালো না।,এই এয়ারপোর্টটা যতটুক ভাবছিলাম ততটুক না এয়ারপোর্ট সর্বোচ্চ গেলে ১ ঘন্টা যায় ১ ঘন্টা ভালোভাবে যায় না ৪৫ মিনিট যায় এর বেশি যায় না আমি মনে করেছিলাম এই এয়ারপোর্টটা অনেক ভালো কিন্তু না এরপর এয়ারপোর্টটা এত ভালো না আমি রিভিউ দেখে ভাবছিলাম যে এই এয়ারপোর্টটা অনেক ভালো কিন্তু ততটা ভালো না.,product_quality_negative
2231,53621924125820,"ফালতু।
iphone এর চার্জার দিসে এখন ক্যাবল নষ্ট নাকি প্রোডাক্ট নষ্ট কে জানে।
ছবির সথে প্রোডাক্ট এর কোনো মিল নেই।",ফালতু iphone এর চার্জার দিসে এখন ক্যাবল নষ্ট নাকি প্রোডাক্ট নষ্ট কে জানে ছবির সথে প্রোডাক্ট এর কোনো মিল নেই.,product_quality_negative
2232,51166546925820,"অর্ডার দিয়েছি কালো আর ডেলিভারি দিয়েছে সাদা😡
সাউন্ড কোয়ালিটি এতো বাজে, যে কিনার পরে মনে হচ্ছে নিজেই নিজেকে গালি দেই😡😡","অর্ডার দিয়েছি কালো আর ডেলিভারি দিয়েছে সাদা সাউন্ড কোয়ালিটি এতো বাজে, যে কিনার পরে মনে হচ্ছে নিজেই নিজেকে গালি দেই.",product_quality_negative
2233,52549968825820,"বাজে একটা পোডাক্ট ভালো না, অডার দিছি একটা দিছে অন্যটা। 
সাউন্ড কোয়ালিটি একদমই বাজে। একটা নস্টো ছিল।😭😭","বাজে একটা পোডাক্ট ভালো না, অডার দিছি একটা দিছে অন্যটা সাউন্ড কোয়ালিটি একদমই বাজে একটা নস্টো ছিল.",product_quality_negative
2234,50103672625820,ভাই প্রোডাক্টটা নষ্ট এইসব আলতু ফালতু প্রোডাক্ট কেউ নিবেন না রিফান্ড করার চেষ্টা করছি তাও নাই না শুধু একদিন ইউজ করছি তাতেই নষ্ট হয়ে গেছে,ভাই প্রোডাক্টটা নষ্ট এইসব আলতু ফালতু প্রোডাক্ট কেউ নিবেন না রিফান্ড করার চেষ্টা করছি তাও নাই না শুধু একদিন ইউজ করছি তাতেই নষ্ট হয়ে গেছে.,product_quality_negative
2235,49788035925820,vai ki earphone dilen dekhen r8 side er ta on hoy na left er ta light ase kintu r8 side er tai ase na.duitar moddhe akta jodi nosto agula batpari service off koren vai..ar sound quality 60 taka damer earphone thekeu baje..,vai ki earphone dilen dekhen r8 side er ta on hoy na left er ta light ase kintu r8 side er tai ase na.duitar moddhe akta jodi nosto agula batpari service off koren vai..ar sound quality 60 taka damer earphone thekeu baje..,product_quality_negative
2236,52755696925820,"দারাজে অর্ডার করা সবচাইতে বাজে অভিজ্ঞতা আমার এই পণ্যটি ক্রয় করে হলো,,, আমি অর্ডার করেছিলাম কালো কালার আমাকে সাদা কালার দিছে, সাউন্ড কোয়ালিটি তেমন লাউড না,,,  কালো কালারের টা পেলে হয়তোবা একটু সন্তুষ্ট লাগতো,,,","দারাজে অর্ডার করা সবচাইতে বাজে অভিজ্ঞতা আমার এই পণ্যটি ক্রয় করে হলো,, আমি অর্ডার করেছিলাম কালো কালার আমাকে সাদা কালার দিছে, সাউন্ড কোয়ালিটি তেমন লাউড না,, কালো কালারের টা পেলে হয়তোবা একটু সন্তুষ্ট লাগতো,,.",product_quality_negative
2237,46208287425820,"কোয়ালিটি খারাপ না তবে বক্সের ঢাকনা টা ঢিল ছুটে যাবার সম্ভবনা আছে। সাথে চার্জ ব্যাকআপটা খুব বেশি নয় 🖤।
এভারেজ প্রোডাক্ট",কোয়ালিটি খারাপ না তবে বক্সের ঢাকনা টা ঢিল ছুটে যাবার সম্ভবনা আছে সাথে চার্জ ব্যাকআপটা খুব বেশি নয় এভারেজ প্রোডাক্ট.,product_quality_neutral
2238,48807799825820,"এই প্রোডাক্টটা মোটামুটি ভালো, তবে আমি জেইটা নিছি ওইটাতে একটাতে সাউন্ড কম হয় আর একটা ঠিক আছে","এই প্রোডাক্টটা মোটামুটি ভালো, তবে আমি জেইটা নিছি ওইটাতে একটাতে সাউন্ড কম হয় আর একটা ঠিক আছে.",product_quality_neutral
2239,52074146325820,ভাই নষ্ট একটা জিনিস দিয়ে দিলেন প্যাকেটটা ছিঁড়ে ফেলেছি রিটার্ন টাও দিতে পারলাম না,ভাই নষ্ট একটা জিনিস দিয়ে দিলেন প্যাকেটটা ছিঁড়ে ফেলেছি রিটার্ন টাও দিতে পারলাম না.,product_quality_negative
2240,47568986925820,Quality valo. but call e kotha bola jay na. ami 3 month er moto use korechi,Quality valo. but call e kotha bola jay na. ami 3 month er moto use korechi.,product_quality_positive
2241,49059995325820,bhai genuine review dimu product ta vlo kintu aitar akta shomosha ase je aita kan a loose hoiya thake so jdi rastai use koren poira jaoyar shombhabona ase airbuds gula apni nh,bhai genuine review dimu product ta vlo kintu aitar akta shomosha ase je aita kan a loose hoiya thake so jdi rastai use koren poira jaoyar shombhabona ase airbuds gula apni nh.,product_quality_positive
2242,49430768825820,ফালতু জঘন্য একটা প্রডাক্ট 😡 বার বার নিজে নিজে ডিসকানেক্ট হয়ে যায়!  খুবই বিরক্তিকর,ফালতু জঘন্য একটা প্রডাক্ট বার বার নিজে নিজে ডিসকানেক্ট হয়ে যায়! খুবই বিরক্তিকর.,product_quality_negative
2243,48718370725820,"খুবই বাজে পোডাক্ট চার্জ ১ ঘন্টাও থাকে না 
আমার সাউন্ড কোয়ালিটি খুবই খারাপ 
আবার ডান পাশের টা সাউন্ড নাই বললেই চলে",খুবই বাজে পোডাক্ট চার্জ ১ ঘন্টাও থাকে না আমার সাউন্ড কোয়ালিটি খুবই খারাপ আবার ডান পাশের টা সাউন্ড নাই বললেই চলে.,product_quality_negative
2244,48730044225820,একবারে ফালতু।সাউন্ড কোওয়ালিটি খুবি জঘন্য।বাজার থেকে দেখে কিনুন নিরাপদ থাকুন।প্রতারনার শিকার হওয়ার দরকার কি।একটু অলসতা করে ১০০০টাকা বাশ খাইলাম।,একবারে ফালতু সাউন্ড কোওয়ালিটি খুবি জঘন্য বাজার থেকে দেখে কিনুন নিরাপদ থাকুন প্রতারনার শিকার হওয়ার দরকার কি একটু অলসতা করে ১০০টাকা বাশ খাইলাম.,product_quality_negative
2245,50992157925820,tws টি নষ্ট কাজ করে না চার্জ হয় না আমি এটা রিটান করতে চাচ্ছি,tws টি নষ্ট কাজ করে না চার্জ হয় না আমি এটা রিটান করতে চাচ্ছি.,product_quality_negative
2246,49360848925820,হেডফোনটা অনেক ভালো কিন্তু আসতে অনেক দেরি হয়েছে প্রায় ১৫ দিন লেগে গেছে।,হেডফোনটা অনেক ভালো কিন্তু আসতে অনেক দেরি হয়েছে প্রায় ১৫ দিন লেগে গেছে.,delivery_negative#product_quality_positive
2247,53475065825820,অনেক ধন্যবাদ। অনেক ভালো প্রডাক্ট। আপনার ও নিতে পারেন,অনেক ধন্যবাদ অনেক ভালো প্রডাক্ট আপনার ও নিতে পারেন.,product_quality_positive
2248,51106900225820,valoe jinis ta ai dam a amon jinis paile valo e hoy,valoe jinis ta ai dam a amon jinis paile valo e hoy.,price_positive#product_quality_positive
2249,49374018325820,"khubi vlo ekta product🥰🥰,,apnra chaile nite parn","khubi vlo ekta product ,,apnra chaile nite parn.",product_quality_positive
2250,52143022325820,product motamuti valo. dakha jak koto din thake,product motamuti valo. dakha jak koto din thake.,product_quality_neutral
2251,47836137925820,"দাম অনুযায়ী সাউন্ড কোয়ালিটি খুব ভালো।🥰
 ডেলিভারিও খুব দ্রুতই পেয়ে গিয়েছিলাম। 
সমস্যা হলো অর্ডার দিয়েছি কালো রঙের দিয়েছে সাদা।😡",দাম অনুযায়ী সাউন্ড কোয়ালিটি খুব ভালো ডেলিভারিও খুব দ্রুতই পেয়ে গিয়েছিলাম সমস্যা হলো অর্ডার দিয়েছি কালো রঙের দিয়েছে সাদা.,delivery_positive#price_positive#product_quality_positive
2252,46411010625820,"৫দিন নরমাল ইউজ করেছি, এই দামে ভালোই","৫দিন নরমাল ইউজ করেছি, এই দামে ভালোই.",price_positive#product_quality_positive
2253,48549266525820,তেমন ভালো না। সাউন্ড কম অনেক কল এ কথা কম বুঝা যায়। চার্জ কম থাকে। I didn't suggest it.,তেমন ভালো না সাউন্ড কম অনেক কল এ কথা কম বুঝা যায় চার্জ কম থাকে I didn't suggest it.,product_quality_negative
2254,48816400225820,বেশি ভালো পড়ে নাই কথা বললে আওয়াজ শব্দ হয়,বেশি ভালো পড়ে নাই কথা বললে আওয়াজ শব্দ হয়.,product_quality_negative
2255,46105068425820,good valo din jai 6 mas jabod bbeboha korchi,good valo din jai 6 mas jabod bbeboha korchi.,product_quality_positive
2256,47728295725820,সেই ভাই সেই অস্থির ভাই জেনেবেন সে খুবই লাভবান হবেন এত কম টাকায় এত ভাল প্রোডাক্ট কেউ দিবে না দারাজ কে অসংখ্য ধন্যবাদ অসংখ্য ধন্যবাদ ছেলের ভাইকে,সেই ভাই সেই অস্থির ভাই জেনেবেন সে খুবই লাভবান হবেন এত কম টাকায় এত ভাল প্রোডাক্ট কেউ দিবে না দারাজ কে অসংখ্য ধন্যবাদ অসংখ্য ধন্যবাদ ছেলের ভাইকে.,price_positive#product_quality_positive
2257,48402600025820,"যেমনটা ভাবছিলাম তেমন ভালো না
একদম বাজে হেডফোন 
চাজ থাকেনা মাঝে মাঝে বন্ধ হয়ে যায়",যেমনটা ভাবছিলাম তেমন ভালো না একদম বাজে হেডফোন চাজ থাকেনা মাঝে মাঝে বন্ধ হয়ে যায়.,product_quality_negative
2258,48961428425820,Valo khub good ami e porjonto 2 ta nise,Valo khub good ami e porjonto 2 ta nise.,product_quality_positive
2259,50013774925820,মোটামুটি সাউন্ড কোয়ালিটি খুবই খারাপ,মোটামুটি সাউন্ড কোয়ালিটি খুবই খারাপ.,product_quality_negative
2260,49951826125820,মোটামুটি ভালো। কম দামে নিতে পারেন।,মোটামুটি ভালো কম দামে নিতে পারেন.,price_positive#product_quality_positive
2261,49056502125820,"Ak bare baje products kew nien nh 
akbare faultu",Ak bare baje products kew nien nh akbare faultu.,product_quality_negative
2262,48993007625820,যেমন টা দেখানো হয়েছে তেমন টা পেয়েছি ।  ৩ ঘন্টা মত ব্যবহার করা যায় 💝,যেমন টা দেখানো হয়েছে তেমন টা পেয়েছি ৩ ঘন্টা মত ব্যবহার করা যায়.,product_quality_positive
2263,49423183425820,"নষ্ট product দিসেন,  কোনোমতে চলতেসে নাহ","নষ্ট product দিসেন, কোনোমতে চলতেসে নাহ.",product_quality_negative
2264,50234481125820,খুবি বাজে।  ১০০ টাকর পণ্য,খুবি বাজে ১০০ টাকর পণ্য.,product_quality_negative
2265,47698639925820,"যেরকম অর্ডার দিয়েছি সেরকম আসেনি। 
বাজে সেলার। 
খুব বাজে জিনিস। 
sound not good.",যেরকম অর্ডার দিয়েছি সেরকম আসেনি বাজে সেলার খুব বাজে জিনিস sound not good.,product_quality_negative
2266,49463409025820,মোটামুটি ভালো অপনারা নিতে পারেন,মোটামুটি ভালো অপনারা নিতে পারেন.,product_quality_neutral
2267,48927157725820,"onnek valo product.
thanks seller and  delivery man",onnek valo product. thanks seller and delivery man.,product_quality_positive
2268,49369188925820,এটায়ো খুব ভালো ছিলো সাউন্ড ভালো হয়,এটায়ো খুব ভালো ছিলো সাউন্ড ভালো হয়.,product_quality_positive
2269,49423592225820,ভালো নাহ বিট কম হয়,ভালো নাহ বিট কম হয়.,product_quality_negative
2270,46258100325820,"সাউন্ড কোয়ালিটি মোটামুটি বলা যায়, কিন্তু কল কোয়ালিটি একদম বাজে। গান শোনার জন্য কেউ নিতে পারেন বাট যদি চান এটা দিয়ে কথা বলবেন তাহলে নিয়েন না। ডেলিভারি অনেক লেট ৬ দিন পরে দিল। Overall mark 10/ 4","সাউন্ড কোয়ালিটি মোটামুটি বলা যায়, কিন্তু কল কোয়ালিটি একদম বাজে গান শোনার জন্য কেউ নিতে পারেন বাট যদি চান এটা দিয়ে কথা বলবেন তাহলে নিয়েন না ডেলিভারি অনেক লেট ৬ দিন পরে দিল Overall mark 10 4.",delivery_negative#product_quality_neutral
2271,46265051925820,"Dam hisabe product ta temon valo na, 365 ৳ dame a ar cheye ro valo tws paoya jay jemon f9 tws charge bekup and sound quality o onek valo,ata avareg atar dam aro kom hole valo hoto..","Dam hisabe product ta temon valo na, 365 ৳ dame a ar cheye ro valo tws paoya jay jemon f9 tws charge bekup and sound quality o onek valo,ata avareg atar dam aro kom hole valo hoto..",price_negative#product_quality_negative
2272,46183899325820,প্রোডাক্ট ঠিক ঠাক ছিলো তবে সাথে কোন কিছুই দেয় নি প্লাস সাউন্ড কোয়ালিটি তেমন না দাম অনুযায়ী প্রোডাক্ট আরো ভালো হওয়ার কথা ছিল। ডেলিভারি মেন আন্তরিক ছিল। না কেনার জন্য পরামর্শ দিবো।,প্রোডাক্ট ঠিক ঠাক ছিলো তবে সাথে কোন কিছুই দেয় নি প্লাস সাউন্ড কোয়ালিটি তেমন না দাম অনুযায়ী প্রোডাক্ট আরো ভালো হওয়ার কথা ছিল ডেলিভারি মেন আন্তরিক ছিল না কেনার জন্য পরামর্শ দিবো.,delivery_positive#price_neutral#product_quality_neutral
2273,46181746425820,products ta kuv vala ekta product... dam o kom Sound o vala.. quality sompurno ekta products... tnx Daraz,products ta kuv vala ekta product.. dam o kom Sound o vala.. quality sompurno ekta products.. tnx Daraz.,product_quality_positive
2274,46064717025820,"আলহামদুলিল্লাহ, অনেক ভালো একটা প্রোডাক্ট,  সাউন্ড কোয়ালিটি ও ভালো, বক্স সহ পাঠানো উচিত ছিল, পেকেজিং টা ভালো হয়নি????","আলহামদুলিল্লাহ, অনেক ভালো একটা প্রোডাক্ট, সাউন্ড কোয়ালিটি ও ভালো, বক্স সহ পাঠানো উচিত ছিল, পেকেজিং টা ভালো হয়নি??",packaging_negative#product_quality_positive
2275,45981775125820,"এমনিতে কুয়ালিটি খুব ভালো ,কিন্তু আমি চাইছিলাম নেভি ব্লু কালার ,আমাকে পাঠাইছে কমলা কালার। সেলার এর এমন ব্যাবহার খুবই দুঃখজনক।🥲😢","এমনিতে কুয়ালিটি খুব ভালো ,কিন্তু আমি চাইছিলাম নেভি ব্লু কালার ,আমাকে পাঠাইছে কমলা কালার সেলার এর এমন ব্যাবহার খুবই দুঃখজনক.",product_quality_positive
2276,48305454425820,দাম অনুযায়ী প্রোডাক্ট এর কোয়ালিটি ও সাউন্ড ভালো,দাম অনুযায়ী প্রোডাক্ট এর কোয়ালিটি ও সাউন্ড ভালো.,product_quality_positive
2277,47553448325820,একটা কোয়ালিটি তেমন একটা ভালো না। সাউন্ড কোয়ালিটি খুব বাজে।,একটা কোয়ালিটি তেমন একটা ভালো না সাউন্ড কোয়ালিটি খুব বাজে.,product_quality_negative
2278,48362048025820,khub valo eita ajk 2 mash por review dilam,khub valo eita ajk 2 mash por review dilam.,product_quality_positive
2279,49103193325820,দাম অনু যাই অনেক ভালো,দাম অনু যাই অনেক ভালো.,price_positive#product_quality_positive
2280,46479895125820,ভালোই খারাপ না নিতে পারেন,ভালোই খারাপ না নিতে পারেন.,product_quality_positive
2281,45441275225820,বলে বোঝাতে পারবো না এতো কম দামে এতো ভালো pro 6 wireless Bluetooth products অসাধারণ আপনারা নিতে পারেন,বলে বোঝাতে পারবো না এতো কম দামে এতো ভালো pro 6 wireless Bluetooth products অসাধারণ আপনারা নিতে পারেন.,price_positive#product_quality_positive
2282,46078188425820,"একে বারে ফালতু 🤬 পকেটে ফোন রাখলে কিছুই শোনা জায় না 😣🤬
বাহিরে একট টুকুও চালানো জায় না",একে বারে ফালতু পকেটে ফোন রাখলে কিছুই শোনা জায় না বাহিরে একট টুকুও চালানো জায় না.,product_quality_negative
2283,46899967225820,সব চেয়ে বাজে একটা জিনিস এরকম জানলে কিনতাম না একটু পর পর লাইন চলে যায় কেনো?????,সব চেয়ে বাজে একটা জিনিস এরকম জানলে কিনতাম না একটু পর পর লাইন চলে যায় কেনো??,product_quality_negative
2284,46609262825820,"খুব খারাপ এইটা স্পর্শ করার আগেই খুলে যায়, দেখায় একরকম দিয়েছে আরেক রকম😡😡😡😡😡","খুব খারাপ এইটা স্পর্শ করার আগেই খুলে যায়, দেখায় একরকম দিয়েছে আরেক রকম.",product_quality_negative
2285,44942181225820,"bhai honestly speaking, ei eto valo review dekhe nisilam budget chiloi na bole.. ehon emon postaisi bhai...chaisi blcak dise white.. also, gan er kisui shona jay na instruments chara.. bhai ekta wired headphone nin eida na niya,also terrible delivery service","bhai honestly speaking, ei eto valo review dekhe nisilam budget chiloi na bole.. ehon emon postaisi bhai..chaisi blcak dise white.. also, gan er kisui shona jay na instruments chara.. bhai ekta wired headphone nin eida na niya,also terrible delivery service.",delivery_negative#product_quality_negative
2286,46073715825820,"Moskara  
Sound quality akdom faltu 
full sound dileo suna jai na
keo niyen na",Moskara Sound quality akdom faltu full sound dileo suna jai na keo niyen na.,product_quality_negative
2287,46060928825820,"অনেক ভালো মানের পোডাক্ট,,,,,,এক কথায় অসাধারন🥰
সাউন্ড ও সেই😍 tnks daraz🥰","অনেক ভালো মানের পোডাক্ট,,এক কথায় অসাধারন সাউন্ড ও সেই tnks daraz.",product_quality_positive
2288,48241266325820,mota mot vlo e chole...,mota mot vlo e chole..,product_quality_neutral
2289,47442593725820,sobai nite paren Valo product,sobai nite paren Valo product.,product_quality_positive
2290,46242538325820,"Falto airport, sound quality onek baje. kew niyen na","Falto airport, sound quality onek baje. kew niyen na.",product_quality_negative
2291,46657463325820,"khub e baje , charge thakena, sound vlona","khub e baje , charge thakena, sound vlona.",product_quality_negative
2292,46589948525820,তেমন একটা খারাপ না দাম অনুযায়ী ভালোই।,তেমন একটা খারাপ না দাম অনুযায়ী ভালোই.,price_positive#product_quality_neutral
2293,46047761625820,"ডেলিভাবি ম্যান ফালতু।
কথা বার্তা সুন্দর না।",ডেলিভাবি ম্যান ফালতু কথা বার্তা সুন্দর না.,delivery_negative
2294,46406341425820,"১টা বাজে আর একটা বাজেনা, ফালতু জিনিস","১টা বাজে আর একটা বাজেনা, ফালতু জিনিস.",product_quality_negative
2295,46366205525820,bal er ear buds.charge thake 1 hour,bal er ear buds.charge thake 1 hour.,product_quality_negative
2296,51002643525820,মোটামুটি ভালো খুব ভালো তা নয়। সাউন্ড কম বললেই চলে,মোটামুটি ভালো খুব ভালো তা নয় সাউন্ড কম বললেই চলে.,product_quality_neutral#product_quality_positive
2297,46080554325820,দাম হিসাবে পণ্য মোটামুটি ঠিক আছে।,দাম হিসাবে পণ্য মোটামুটি ঠিক আছে.,price_neutral#product_quality_neutral
2298,48690789925820,মাঝেমধ্যে ডিসকানেকটেড হয়ে যায়। এটা হতাশ করলো। মোটামুটি ভালোই,মাঝেমধ্যে ডিসকানেকটেড হয়ে যায় এটা হতাশ করলো মোটামুটি ভালোই.,product_quality_neutral
2299,46025004225820,দাম হিসাবে ভালোই। খারাপ না,দাম হিসাবে ভালোই খারাপ না.,price_positive#product_quality_positive
2300,47348144525820,"Ekta te com Ekta te basi suna jayyy.....
Overall Products is Best",Ekta te com Ekta te basi suna jayy.. Overall Products is Best.,product_quality_positive
2301,46367890425820,খুব বেশি মন মত হলো না।,খুব বেশি মন মত হলো না.,product_quality_neutral
2302,50092033325820,"not that good.
order dewar 18 din por delivery paisi. packet r obostha silo khub  ee kharap silo.
r sound quality silo khub ee low.
keo kinnen naaa. ei tk diye M series gula kina aro vlo",not that good. order dewar 18 din por delivery paisi. packet r obostha silo khub ee kharap silo. r sound quality silo khub ee low. keo kinnen naa. ei tk diye M series gula kina aro vlo.,delivery_negative#packaging_negative#product_quality_negative
2303,50940566925820,"কোয়ালিটি একদমই ভালো না,খুবই বাজে আবার চার্জ ও থাকে না ঠিকমতো,,, এটা কেনা মানে টাকা নষ্ট","কোয়ালিটি একদমই ভালো না,খুবই বাজে আবার চার্জ ও থাকে না ঠিকমতো,, এটা কেনা মানে টাকা নষ্ট.",product_quality_negative
2304,46656058625820,product valo & 3 hour charge thaka,product valo 3 hour charge thaka.,product_quality_positive
2305,48786262125820,একটু ও ভালো না। দুই টা অর্ডার করেছিলাম। একটা ও ভালো দেয় নাই। দুই টা ই নষ্ট ছিল ।,একটু ও ভালো না দুই টা অর্ডার করেছিলাম একটা ও ভালো দেয় নাই দুই টা ই নষ্ট ছিল.,product_quality_negative
2306,48237517625820,একদম ভালো না। আপনারা কেউ নিবেন না। বাঝে প্রোডাক্ট। পুরো টাকাটাই পানিতে ভেসে গেলো। এরোকম ফালতু প্রোডাক্ট কেউ নিবেন না। 😡😡,একদম ভালো না আপনারা কেউ নিবেন না বাঝে প্রোডাক্ট পুরো টাকাটাই পানিতে ভেসে গেলো এরোকম ফালতু প্রোডাক্ট কেউ নিবেন না.,product_quality_negative
2307,46209302825820,"মোটামুটি ভালো ছিলো পন্য 
টি",মোটামুটি ভালো ছিলো পন্য টি.,product_quality_neutral
2308,47178251725820,"মানলাম টাকা কম এই জন্য এইটা কি দিসস
না আছে আওয়াজ আর না আছে বডি 
হাত দিতেই ভয় হয় ভেঙ্গে যাবে এমন অবস্থা 
আর প্যাকেজিং এর কথা আর নাই বললাম 
২ টাকার পলিথিনে 
কেউ নিবেন না ভুলে ও",মানলাম টাকা কম এই জন্য এইটা কি দিসস না আছে আওয়াজ আর না আছে বডি হাত দিতেই ভয় হয় ভেঙ্গে যাবে এমন অবস্থা আর প্যাকেজিং এর কথা আর নাই বললাম ২ টাকার পলিথিনে কেউ নিবেন না ভুলে ও.,packaging_negative#product_quality_negative
2309,50142092225820,দুইটা এয়ারবারের কোয়ালিটি ভালো না চার  পিকআপ থাকে না,দুইটা এয়ারবারের কোয়ালিটি ভালো না চার পিকআপ থাকে না.,product_quality_negative
2310,50171879725820,এই প্রোডাক্টটা  ভালো  না  এটা তে  চার্জ থাকে না,এই প্রোডাক্টটা ভালো না এটা তে চার্জ থাকে না.,product_quality_negative
2311,46430299225820,"একপাশের নষ্ট হেডফোন দিয়েছে, রিটার্ন না দিয়ে আবার সেটাই পাঠিয়েছে, এই প্রথম দারাজ থেকে কিনে প্রতারিত হলাম","একপাশের নষ্ট হেডফোন দিয়েছে, রিটার্ন না দিয়ে আবার সেটাই পাঠিয়েছে, এই প্রথম দারাজ থেকে কিনে প্রতারিত হলাম.",product_quality_negative
2312,46406988125820,Sound Quality temon valo Na.. 400tkr moddhe Aro valo airpords Pawa jai jemon Ki m28/m29 Eigular sound quality aro valo.,Sound Quality temon valo Na.. 400tkr moddhe Aro valo airpords Pawa jai jemon Ki m28 m29 Eigular sound quality aro valo.,product_quality_negative
2313,52020684525820,মোটামুটি চলছে। প্রোডাক্ট এর মান অতটা ভালো না।,মোটামুটি চলছে প্রোডাক্ট এর মান অতটা ভালো না.,product_quality_neutral
2314,49582648125820,দেখে যতোটা ভালো মনে করে ছিলাম ততোটা ভালো না।,দেখে যতোটা ভালো মনে করে ছিলাম ততোটা ভালো না.,product_quality_negative
2315,46228188625820,একদম ফালতু একটি প্রোডাক্ট। অর্ডার করেছিলাম একটা পাইছি অন্য আরেকটা। এই প্রোডাক্টের কোয়ালিটি অনেক খারাপ। দারাজ থেকে আমি এটা আশা করি নাই।,একদম ফালতু একটি প্রোডাক্ট অর্ডার করেছিলাম একটা পাইছি অন্য আরেকটা এই প্রোডাক্টের কোয়ালিটি অনেক খারাপ দারাজ থেকে আমি এটা আশা করি নাই.,product_quality_negative
2316,48093995325820,এই এয়ার বাট টি খুবই খারাপ ৩ দিন চলার পর এখন আর চলে নাহ চার্জ হয় বাট কাজ করে নাহ,এই এয়ার বাট টি খুবই খারাপ ৩ দিন চলার পর এখন আর চলে নাহ চার্জ হয় বাট কাজ করে নাহ.,product_quality_negative
2317,47944180525820,2 ta nisilm akta nosto hoiye gase 2 din por e,2 ta nisilm akta nosto hoiye gase 2 din por e.,product_quality_negative
2318,46324620125820,আমি এ-র আগেও নিয়েছি ওগুলো দামোদর কমে ছিলো কিন্তু জিনিস ভালো ছিলো এখন দামো বেশি জিনিস ও ভালো না,আমি এ-র আগেও নিয়েছি ওগুলো দামোদর কমে ছিলো কিন্তু জিনিস ভালো ছিলো এখন দামো বেশি জিনিস ও ভালো না.,price_negative#product_quality_negative
2319,46237110425820,একটা ঠিক আছে।অন্যটা অন হয়না।দারাজ থেকে আগেও অনেক কিছু কিনেছি।ঠকি নি।আজকে নষ্ট জিনিস দিল আমাকে।,একটা ঠিক আছে অন্যটা অন হয়না দারাজ থেকে আগেও অনেক কিছু কিনেছি ঠকি নি আজকে নষ্ট জিনিস দিল আমাকে.,product_quality_negative
2320,48231469425820,এমনিতে মোটামুটি ভালো ছিল কিন্তু চার্জ খুবই কম থাকে,এমনিতে মোটামুটি ভালো ছিল কিন্তু চার্জ খুবই কম থাকে.,product_quality_neutral
2321,48069804925820,"order disi black ar paisi white 
quality besi valo na",order disi black ar paisi white quality besi valo na.,product_quality_negative
2322,47717241525820,"একদম বাজে,,,, দুইটার একটাও On হয়না, পুরা টাকাটাই জলে গেল,,,","একদম বাজে,, দুইটার একটাও On হয়না, পুরা টাকাটাই জলে গেল,,.",product_quality_negative
2323,47478788225820,তেমন ভালো না মাজে মধ্যে ডিস কানেক্ট হয়ে যায় চাজ থাকে না,তেমন ভালো না মাজে মধ্যে ডিস কানেক্ট হয়ে যায় চাজ থাকে না.,product_quality_negative
2324,46919269325820,build quality khub weak akbar pore. Jaye airbuds khule gse,build quality khub weak akbar pore. Jaye airbuds khule gse.,product_quality_negative
2325,46306717325820,পন্যের লোক টা ভালোই লাগছে কিন্তু চার্জ থাকে কম …...,পন্যের লোক টা ভালোই লাগছে কিন্তু চার্জ থাকে কম ..,product_quality_positive
2326,47010466525820,বাটপার order দিছি একটা দিছে  আরেকটা😵‍💫🖕,বাটপার order দিছি একটা দিছে আরেকটা.,product_quality_negative
2327,46375731225820,মোটামটি ভালো। তবে সাউন্ড কলেটি তেমন ভালো না ❌,মোটামটি ভালো তবে সাউন্ড কলেটি তেমন ভালো না.,product_quality_neutral
2328,47581075525820,চেয়েছি গ্রীন কালার দিছে সাদা।,চেয়েছি গ্রীন কালার দিছে সাদা.,product_quality_negative
2329,46275684025820,sound quality valo na moteo 😐,sound quality valo na moteo.,product_quality_negative
2330,46083194725820,মুটামুটি ভালো আহামরি কিছু নাহ,মুটামুটি ভালো আহামরি কিছু নাহ.,product_quality_neutral
2331,46609335125820,So sad 😢😢 taka tai loss,So sad taka tai loss.,product_quality_negative
2332,46551667725820,আমার ১টা ear bud নষ্ট ছিল,আমার ১টা ear bud নষ্ট ছিল.,product_quality_negative
2333,46256662025820,vhai amr ekta on e hoyna🥺,vhai amr ekta on e hoyna.,product_quality_negative
2334,46238005925820,sound quality eto valo na,sound quality eto valo na.,product_quality_negative
2335,54405649270849,এগুলো জিনিস কখনো দ্বারাজ থেকে কেউ নিবেন না কেননা যদি কেউ প্রথম নিয়ে থাকেন দেখবেন সেও কোনো না কোনো ধোঁকা খাইছেন পরবর্তীতে নিলে তো বুঝিনি যেমন ধরেন জুয়া খেললে যেমন প্রথম প্রথম দান বেশি পাওয়া যায় সেম এরাও একই কাজ করে আমি আর জীবনে দারাজ থেকে জিনিস নিচ্ছি না একেবারে মন উঠে গেছে যদি নিতেও হয় বাজার থেকে কিনে নেব অনেক ভালো দুই টাকা বেশি লাগুক,এগুলো জিনিস কখনো দ্বারাজ থেকে কেউ নিবেন না কেননা যদি কেউ প্রথম নিয়ে থাকেন দেখবেন সেও কোনো না কোনো ধোঁকা খাইছেন পরবর্তীতে নিলে তো বুঝিনি যেমন ধরেন জুয়া খেললে যেমন প্রথম প্রথম দান বেশি পাওয়া যায় সেম এরাও একই কাজ করে আমি আর জীবনে দারাজ থেকে জিনিস নিচ্ছি না একেবারে মন উঠে গেছে যদি নিতেও হয় বাজার থেকে কিনে নেব অনেক ভালো দুই টাকা বেশি লাগুক.,product_quality_negative
2336,53115801970849,"প্রডাক্টটি সব দিক হতে ঠিক ঠাক আছে! তবে বাম দিকে ইয়ার পডটির চার্জার লাইন পায় না গেটিজ দিয়ে লাইন পাওয়াতে হয়,যা খুব দুঃখজনক! আবার চার্জার কেবলটাও নষ্ট! তাছাড়া প্রডাক্টটি ভালো চলছে চার্জিং ব্যাকাপ প্রায় ৩ঘন্টা ৩৩ মিনিট ফুল সাউন্ডে শুনেছি আরো বেশি যেতে পারে চার্জ! সাউন্ড খুবই ক্রিপি তবে ১২০০/= টাকা প্রডাক্টের সাথে তুলনা করা যেতে পারে। ওভারঅল মার্ক আমি ১০-এ ৬ দিবো! তবে ক্রয় কারী রা অবশ্যই বেজ সিংটিং করে শুনবেন চিকন সাউন্ড অনেক বেশি!","প্রডাক্টটি সব দিক হতে ঠিক ঠাক আছে! তবে বাম দিকে ইয়ার পডটির চার্জার লাইন পায় না গেটিজ দিয়ে লাইন পাওয়াতে হয়,যা খুব দুঃখজনক! আবার চার্জার কেবলটাও নষ্ট! তাছাড়া প্রডাক্টটি ভালো চলছে চার্জিং ব্যাকাপ প্রায় ৩ঘন্টা ৩৩ মিনিট ফুল সাউন্ডে শুনেছি আরো বেশি যেতে পারে চার্জ! সাউন্ড খুবই ক্রিপি তবে ১২০০ টাকা প্রডাক্টের সাথে তুলনা করা যেতে পারে ওভারঅল মার্ক আমি ১০-এ ৬ দিবো! তবে ক্রয় কারী রা অবশ্যই বেজ সিংটিং করে শুনবেন চিকন সাউন্ড অনেক বেশি!",product_quality_neutral
2337,51395128570849,"হেডফোনটা হাতে পেয়েছি প্যাকেট নতুনের মত প্যাকেট করা চার্জ নাই যার কারণে চালিয়ে দেখতে পারি নাই তবে প্রোডাক্ট কি কোয়ালিটি খুব সুন্দর 
আপনার চাইলে নিতে পারেন এবং দারাজ কে অসংখ্য অসংখ্য অসংখ্য ধন্যবাদ",হেডফোনটা হাতে পেয়েছি প্যাকেট নতুনের মত প্যাকেট করা চার্জ নাই যার কারণে চালিয়ে দেখতে পারি নাই তবে প্রোডাক্ট কি কোয়ালিটি খুব সুন্দর আপনার চাইলে নিতে পারেন এবং দারাজ কে অসংখ্য অসংখ্য অসংখ্য ধন্যবাদ.,packaging_positive#product_quality_positive
2338,52662536470849,ভালো ছিলো কিন্তু ডেলিভারি চার্জ বেশি ফ্রী ডেলিভারি কথা বলে ছবি দেওয়া ছিল কিন্তু চার্জ অনেক বেশি নিয়েছে,ভালো ছিলো কিন্তু ডেলিভারি চার্জ বেশি ফ্রী ডেলিভারি কথা বলে ছবি দেওয়া ছিল কিন্তু চার্জ অনেক বেশি নিয়েছে.,product_quality_positive
2339,52431765070849,দাম অনুযায়ী ভিতরের বিল্ড কোয়ালিটি খারাপ না। বাইরের লুকিং বেশ ভালো। সুন্দরভাবে কাজ করছে। সেলার ভাই ও ডেলিভারি ম্যান ভাই অনেক ভালো ছিল। দ্রুত সময়ে হাতে পেয়েছি।,দাম অনুযায়ী ভিতরের বিল্ড কোয়ালিটি খারাপ না বাইরের লুকিং বেশ ভালো সুন্দরভাবে কাজ করছে সেলার ভাই ও ডেলিভারি ম্যান ভাই অনেক ভালো ছিল দ্রুত সময়ে হাতে পেয়েছি.,seller_service_positive#delivery_positive#price_positive#product_quality_positive
2340,49785893970849,"অসংখ্য অসংখ্য ধন্যবাদ দারজ কখনো আসা করিনি এত সুন্দর জিনিস পাবো সাউন্ড কোয়ালিটি অনেক ক্লিয়ার 
খুব খুশি ধন্যবাদ সেলার ভাই সেলার ভাইয়ের ব্যাবহার খুব ভালো",অসংখ্য অসংখ্য ধন্যবাদ দারজ কখনো আসা করিনি এত সুন্দর জিনিস পাবো সাউন্ড কোয়ালিটি অনেক ক্লিয়ার খুব খুশি ধন্যবাদ সেলার ভাই সেলার ভাইয়ের ব্যাবহার খুব ভালো.,seller_service_positive#product_quality_positive
2341,50912624070849,"সব কিছু ঠিক আছে কিন্তু পাওয়ার ব্যাংক এ চার্জ টা অনেক তাড়াতাড়ি শেষ হয়ে যায় 🙂
তার পর জিনিস টা ভাল",সব কিছু ঠিক আছে কিন্তু পাওয়ার ব্যাংক এ চার্জ টা অনেক তাড়াতাড়ি শেষ হয়ে যায় তার পর জিনিস টা ভাল.,product_quality_positive
2342,54749399770849,যা দেখেছিলাম তাই পেয়েছি। ধন্যবাদ সেলার ভাইকে। এত সুন্দর জিনিস দেওয়ার জন্য।💖💖💖💖💖💖🌹🌹🌹🌹🌹,যা দেখেছিলাম তাই পেয়েছি ধন্যবাদ সেলার ভাইকে এত সুন্দর জিনিস দেওয়ার জন্য.,product_quality_positive
2343,53205329670849,আলহামদুলিল্লাহ এমনিতে সব দিক দিয়ে ভালো বাট যেকোণ একটা শুনতে হয় দুইটা এক সাথে শুনা যায় না,আলহামদুলিল্লাহ এমনিতে সব দিক দিয়ে ভালো বাট যেকোণ একটা শুনতে হয় দুইটা এক সাথে শুনা যায় না.,product_quality_positive
2344,51250185670849,"খুবই বাজে বাম সাইডের পুস কখনো সাউন্ড আবার হয় না, বাম সাইডে পুস নস্ট।আর দারাজ থেকে কিনব না","খুবই বাজে বাম সাইডের পুস কখনো সাউন্ড আবার হয় না, বাম সাইডে পুস নস্ট আর দারাজ থেকে কিনব না.",product_quality_negative
2345,49784647670849,"আলহামদুলিল্লাহ এয়ার বার্ডটা অনেক ভালো, 
সাউন্ড কোয়ালিটি অনেক সুন্দর, এখন দেখা যাক কতদিন টিকে","আলহামদুলিল্লাহ এয়ার বার্ডটা অনেক ভালো, সাউন্ড কোয়ালিটি অনেক সুন্দর, এখন দেখা যাক কতদিন টিকে.",product_quality_positive
2346,54277003570849,"আলহামদুলিল্লাহ।  ভালো পাইছি, এত কম বাজেটে যা দিছে ভালোই খারাপ না। সব কিছুই ঠিক ঠাক আছে।","আলহামদুলিল্লাহ ভালো পাইছি, এত কম বাজেটে যা দিছে ভালোই খারাপ না সব কিছুই ঠিক ঠাক আছে.",price_positive#product_quality_positive
2347,54402973570849,"জিনিস টা অস্থির 
কিন্তু সমস্যা একটাই ফোনে কথা বলা যায় না 
আর সব কিছু ঠিক ঠাক আছে",জিনিস টা অস্থির কিন্তু সমস্যা একটাই ফোনে কথা বলা যায় না আর সব কিছু ঠিক ঠাক আছে.,product_quality_positive
2348,49329953770849,"দারাজে অর্ডার করেছিলাম,এয়ারফোনটি৷একটি নষ্ট ছিলো৷কাজেই পেপারফ্লাই এর মাধ্যমে রিটার্ন এ্যাপ্লাই করার পর পেপারফ্লাই বোয়ালমারি তে যোগাযোগ করি৷তারা পন্যটি নেয়নি৷বলেছে যে,পরিদপুর দিয়ে আসতে৷আমি বেচারা ফরিদপুর থেকে ৫৭ কিঃ মিঃ দূরে ৷কিভাবে যাবো এতদূর!\nআইয়্যাম রিয়েললী হতাশ!","দারাজে অর্ডার করেছিলাম,এয়ারফোনটি৷একটি নষ্ট ছিলো৷কাজেই পেপারফ্লাই এর মাধ্যমে রিটার্ন এ্যাপ্লাই করার পর পেপারফ্লাই বোয়ালমারি তে যোগাযোগ করি৷তারা পন্যটি নেয়নি৷বলেছে যে,পরিদপুর দিয়ে আসতে৷আমি বেচারা ফরিদপুর থেকে ৫৭ কিঃ মিঃ দূরে ৷কিভাবে যাবো এতদূর! nআইয়্যাম রিয়েললী হতাশ!",product_quality_negative
2349,49394726570849,অন্যটা খুবই সুন্দর হয়েছে ডেলিভারি ম্যান ধন্যবাদ বাড়িতে সবাই কিনতে পারেন সাউন্ড কোয়ালিটি খুব ভালো,অন্যটা খুবই সুন্দর হয়েছে ডেলিভারি ম্যান ধন্যবাদ বাড়িতে সবাই কিনতে পারেন সাউন্ড কোয়ালিটি খুব ভালো.,delivery_positive#product_quality_positive
2350,52215029570849,খুব বাজে কলিটি একটা  জিনিস নিছি চার্জিং কাবল নস্ট দিছে মনটাই খারাপ হয়ে  গেছে 😭,খুব বাজে কলিটি একটা জিনিস নিছি চার্জিং কাবল নস্ট দিছে মনটাই খারাপ হয়ে গেছে.,product_quality_negative
2351,52812847170849,অনেক ভালো একটি  tws। প্যাকেজিং ও অনেক ভলো। দেখে অনেক ভালো লাগলো। ধন্যবাদ দারাজ।,অনেক ভালো একটি tws প্যাকেজিং ও অনেক ভলো দেখে অনেক ভালো লাগলো ধন্যবাদ দারাজ.,packaging_positive#product_quality_positive
2352,51442724970849,"Alhamdulilah সাউন্ড কোয়ালিটি অনেক ভালো চাইলে আপনারা ও নিতে পারেন 
tnx Daraz",Alhamdulilah সাউন্ড কোয়ালিটি অনেক ভালো চাইলে আপনারা ও নিতে পারেন tnx Daraz.,product_quality_positive
2353,49312541570849,দাম হিসাবে যেমনটা আশা করেছিলাম তার থেকে 100 গুন ভালো আপনারা নির্দ্বিধায় নিতে পারেন খুব সুন্দর একটা প্রোডাক্ট,দাম হিসাবে যেমনটা আশা করেছিলাম তার থেকে 100 গুন ভালো আপনারা নির্দ্বিধায় নিতে পারেন খুব সুন্দর একটা প্রোডাক্ট.,price_positive#product_quality_positive
2354,49313301170849,ধন্যবাদ  Daraz কে এতো সুন্দর আর কম দামে পণ্য টা দেওয়ার জন্য অনেক খুশি হয়ছি ভাবছিলাম কেমন হবে বাট অনেক অনেক ভালো এটা আপনারা চোখ বন্ধ করে এটা অর্ডার করতে পারেন😊,ধন্যবাদ Daraz কে এতো সুন্দর আর কম দামে পণ্য টা দেওয়ার জন্য অনেক খুশি হয়ছি ভাবছিলাম কেমন হবে বাট অনেক অনেক ভালো এটা আপনারা চোখ বন্ধ করে এটা অর্ডার করতে পারেন.,price_positive#product_quality_positive
2355,49312601170849,valo kharap na  ami to boli ar kono jaigai na dheke ai page thekei kinben jara nite chan\nami review dichhi pray 15 othoba tar o beshi din por\nvalo nite paren,valo kharap na ami to boli ar kono jaigai na dheke ai page thekei kinben jara nite chan nami review dichhi pray 15 othoba tar o beshi din por nvalo nite paren.,product_quality_positive
2356,50730450570849,ফালতু ডান কানের টা চলে না চার্জ হয় সব কিছুই ওকে দেখায় কিন্তূ সাউন্ড নাই 😡,ফালতু ডান কানের টা চলে না চার্জ হয় সব কিছুই ওকে দেখায় কিন্তূ সাউন্ড নাই.,product_quality_negative
2357,49715617170849,অনেক দিন চালানোর পর রিভিউ দিলাম ভালো এখোনো চলতেছে কোনো সমস্যা নাই সবাই নিতে পারেন।,অনেক দিন চালানোর পর রিভিউ দিলাম ভালো এখোনো চলতেছে কোনো সমস্যা নাই সবাই নিতে পারেন.,product_quality_positive
2358,50754357770849,earbud ta valo ase. but right bud ta ektu loose. tobuo 287 takay valo deal,earbud ta valo ase. but right bud ta ektu loose. tobuo 287 takay valo deal.,price_positive#product_quality_positive
2359,52113552870849,আলহামদুলিল্লাহ ৭৫০ টাকায় এই তিনটা জিনিস ভালই একটা জিনিসও খারাপ আসে নাই,আলহামদুলিল্লাহ ৭৫০ টাকায় এই তিনটা জিনিস ভালই একটা জিনিসও খারাপ আসে নাই.,product_quality_positive
2360,49311793270849,"আলহামদুলিল্লাহ প্রডাক্টি ভালোই ধন্যবাদ সেলার কে,,কিন্ত হঠাৎ করে আপনারা আগের দাম চেইঞ্জ করলেন কেনো ভাই,,,আমি কিছু প্রডাক্ট কার্ট এ রেখেছিলাম সেগুলো উধাও হয়ে গেলো কেনো??","আলহামদুলিল্লাহ প্রডাক্টি ভালোই ধন্যবাদ সেলার কে,,কিন্ত হঠাৎ করে আপনারা আগের দাম চেইঞ্জ করলেন কেনো ভাই,,আমি কিছু প্রডাক্ট কার্ট এ রেখেছিলাম সেগুলো উধাও হয়ে গেলো কেনো??",product_quality_positive
2361,49312246070849,কেনার ১০-১২ দিন পর রিভিউ দিচ্ছি।এই দামে আমার কাছে খুবই ভালো লেগেছে।চার্জে যথেষ্ট পরিমান যায়।খু্বই ভালো।,কেনার ১০-১২ দিন পর রিভিউ দিচ্ছি এই দামে আমার কাছে খুবই ভালো লেগেছে চার্জে যথেষ্ট পরিমান যায় খু্বই ভালো.,price_positive#product_quality_positive
2362,49577126070849,এইটা খুব ভালো ৩ মাস ব্যাবহার করে রিভিউ দিলাম খুব ভালো সাউন্ড কোয়ালিটি সবাই নিতে পারেন,এইটা খুব ভালো ৩ মাস ব্যাবহার করে রিভিউ দিলাম খুব ভালো সাউন্ড কোয়ালিটি সবাই নিতে পারেন.,product_quality_positive
2363,49524761070849,"১০ দিন পর রিভিও দিচ্ছি। মাশাআল্লাহ প্রোডাক্টি অনেক ভালো\nচার্জ কুয়ালিটি, সাউণ্ড কুয়ালিটি, অনেক অনেক ভালো।আমার কাছে প্রোডাক্টি খুব ভালো লেগেছে। সেলার ভাইয়াতো ভাইয়ে মতো ❤️🥰😍","১০ দিন পর রিভিও দিচ্ছি মাশাআল্লাহ প্রোডাক্টি অনেক ভালো nচার্জ কুয়ালিটি, সাউণ্ড কুয়ালিটি, অনেক অনেক ভালো আমার কাছে প্রোডাক্টি খুব ভালো লেগেছে সেলার ভাইয়াতো ভাইয়ে মতো.",seller_service_positive#product_quality_positive
2364,49311687770849,আলহামদুলিল্লাহ যেমন চেয়েছিলাম তার থেকেও ভালো সব যেমন সাউন্ড তেমন চার্জ থাকে দুইটা একসঙ্গে চালাইলে আড়াই ঘন্টা যায়,আলহামদুলিল্লাহ যেমন চেয়েছিলাম তার থেকেও ভালো সব যেমন সাউন্ড তেমন চার্জ থাকে দুইটা একসঙ্গে চালাইলে আড়াই ঘন্টা যায়.,product_quality_positive
2365,49311781670849,খুবই ভালো যতবার কিনেছি অনেক ভালই পেয়েছি কিন্তু এইবার পাওয়ার ব্যাংকের যে ব্যাটারিটা এইটা একটু দুর্বল আলহামদুলিল্লাহ যদি কেউ নিতে চান  নিতে পারেন চার্জ 2 ঘন্টা বেশি থাকে না সাউন্ট কোয়ালিটি অনেক ভালো,খুবই ভালো যতবার কিনেছি অনেক ভালই পেয়েছি কিন্তু এইবার পাওয়ার ব্যাংকের যে ব্যাটারিটা এইটা একটু দুর্বল আলহামদুলিল্লাহ যদি কেউ নিতে চান নিতে পারেন চার্জ 2 ঘন্টা বেশি থাকে না সাউন্ট কোয়ালিটি অনেক ভালো.,product_quality_positive
2366,49429057070849,দাম হিসাবে খারাপ না। তবে চার্জ ৩+ ঘন্টা থাকে। লেখা ছিল ৫ ঘন্টা। ৩ দিন পর রিভিউ দিলাম।,দাম হিসাবে খারাপ না তবে চার্জ ৩ ঘন্টা থাকে লেখা ছিল ৫ ঘন্টা ৩ দিন পর রিভিউ দিলাম.,price_positive#product_quality_positive
2367,49508878770849,ek kothay khubi valo ekta products Ami khub happy and satisfied with delivery service,ek kothay khubi valo ekta products Ami khub happy and satisfied with delivery service.,delivery_positive#product_quality_positive
2368,49412388870849,একমাস ইউস করার পর রিভিউ দিচ্ছি আলহামদুলিল্লাহ ভালই চার্জ দুই থেকে তিন দিন থাকে,একমাস ইউস করার পর রিভিউ দিচ্ছি আলহামদুলিল্লাহ ভালই চার্জ দুই থেকে তিন দিন থাকে.,product_quality_positive
2369,54294105370849,nosto product...  na charge hoi..  na chalu hoi.. kew niben na,nosto product.. na charge hoi.. na chalu hoi.. kew niben na.,product_quality_negative
2370,52703518570849,দারাজ কে অনেক ধন্যবাদ  কম দামে ভালো একটা ব্লুটুথ কিনতে পারছি,দারাজ কে অনেক ধন্যবাদ কম দামে ভালো একটা ব্লুটুথ কিনতে পারছি.,price_positive#product_quality_positive
2371,49311846570849,এটার সাউন্ড কোয়ালিটি অনেক সুন্দর। পার্সোনালি আমার অনেক পছন্দ হইছে কিন্তু এর সঙ্গে যে ক‍্যাবলটা দেওয়া হয় চার্জে দেওয়ার জন্য সেই ক‍্যাবলটা আমার নষ্ট দিয়েছে। আমি অন‍্য একটা ক‍্যাবল দিয়ে চার্জে দিচ্ছি। এছাড়া সবকিছু পারফেক্ট।,এটার সাউন্ড কোয়ালিটি অনেক সুন্দর পার্সোনালি আমার অনেক পছন্দ হইছে কিন্তু এর সঙ্গে যে ক ্যাবলটা দেওয়া হয় চার্জে দেওয়ার জন্য সেই ক ্যাবলটা আমার নষ্ট দিয়েছে আমি অন ্য একটা ক ্যাবল দিয়ে চার্জে দিচ্ছি এছাড়া সবকিছু পারফেক্ট.,product_quality_positive
2372,49311831270849,onek valo product quality tao onek Valo Jan phatanor moto awaj and battery life too one 45 minute moto laganor pore 100 theke Khali 98 a namate perechi,onek valo product quality tao onek Valo Jan phatanor moto awaj and battery life too one 45 minute moto laganor pore 100 theke Khali 98 a namate perechi.,product_quality_positive
2373,49312332670849,"alhumdulliah, আজকেই হাত এ পেয়েছি, সাউন্ড কোয়ালিটি is good, satisfied.but I think charging কেস এর ব্যাটারি ব্যাকআপ  কম,,expected, দাম অনুযায়ী প্রোডাক্ট কোয়ালিটি টিক আছে👍\n","alhumdulliah, আজকেই হাত এ পেয়েছি, সাউন্ড কোয়ালিটি is good, satisfied.but I think charging কেস এর ব্যাটারি ব্যাকআপ কম,,expected, দাম অনুযায়ী প্রোডাক্ট কোয়ালিটি টিক আছে n.",price_neutral#product_quality_positive
2374,49311730470849,মার্কেটে বা দোকানে দেখা যায় ৫০০ টাকার নিচে পাওয়াই যায় না এমনকি অনলাইন শপে ও।\nসেখানে ৩৩০ টাকায় এমন একটা প্রোডাক্ট সত্যিই সেলার ভাইয়ের সাহসিকতা আর নিষ্ঠার প্রতীক।🩵\nশুরুতে ভাবছি আর দশজনের মতো ঠকতে যাচ্ছি কিন্তু সন্তুষ্ট।\nধন্যবাদ 🩵\nHardly Recommend To purchase. You won't regret 🫵🏻,মার্কেটে বা দোকানে দেখা যায় ৫০০ টাকার নিচে পাওয়াই যায় না এমনকি অনলাইন শপে ও nসেখানে ৩৩০ টাকায় এমন একটা প্রোডাক্ট সত্যিই সেলার ভাইয়ের সাহসিকতা আর নিষ্ঠার প্রতীক nশুরুতে ভাবছি আর দশজনের মতো ঠকতে যাচ্ছি কিন্তু সন্তুষ্ট nধন্যবাদ nHardly Recommend To purchase. You won't regret.,price_positive#product_quality_positive
2375,51623718170849,"অনেক ভালো এয়ার পডস পেয়েছি এতো কম দামে
  ধন্যবাদ Daraz,,,,,","অনেক ভালো এয়ার পডস পেয়েছি এতো কম দামে ধন্যবাদ Daraz,,.",price_positive#product_quality_positive
2376,49310747170849,"এটি আমার কাছে খুবই ভালো লেগেছে।অসাধারন একটি পন্য\n,,সাউন্ড কোয়ালিটি খুব ভালো।চার্জ ও ভলো থাকে। ঘুরতে যাওয়ার জন্য বেস্ট।","এটি আমার কাছে খুবই ভালো লেগেছে অসাধারন একটি পন্য n,,সাউন্ড কোয়ালিটি খুব ভালো চার্জ ও ভলো থাকে ঘুরতে যাওয়ার জন্য বেস্ট.",product_quality_positive
2377,49311219070849,আলহামদুলিল্লাহ  ৩ দিন ব্যাবহার করে রিভিউ  দিলাম অনেক সুন্দর   একটু দেরিতে প্রোডাক্ট পাইছি  কিন্তু  ভালো প্রোডাক্ট  আপনার সবাই নিতে পারেন,আলহামদুলিল্লাহ ৩ দিন ব্যাবহার করে রিভিউ দিলাম অনেক সুন্দর একটু দেরিতে প্রোডাক্ট পাইছি কিন্তু ভালো প্রোডাক্ট আপনার সবাই নিতে পারেন.,delivery_negative#product_quality_positive
2378,49310785970849,এই দামে ওভারঅল বেস্ট। কিন্তু একটা সমস্যা পাইলাম সেটা হলো পাওয়ার ব্যাংকটার চার্জ খুবই তাড়াতাড়ি শেষ হয়ে যাচ্ছে। ২বার ও ফুল চার্জ করা যাচ্ছে না এয়ারপড গুলো। তো আমি সেলার এর কাছে জানতে চাচ্ছি। আমার কাছে ২৫০০mah এর ব্যাটারি আছে সেটা যদি আমি পাওয়ার ব্যাংকে সেট করি তাহলে কি কোন সমস্যা হবে??,এই দামে ওভারঅল বেস্ট কিন্তু একটা সমস্যা পাইলাম সেটা হলো পাওয়ার ব্যাংকটার চার্জ খুবই তাড়াতাড়ি শেষ হয়ে যাচ্ছে ২বার ও ফুল চার্জ করা যাচ্ছে না এয়ারপড গুলো তো আমি সেলার এর কাছে জানতে চাচ্ছি আমার কাছে ২৫০০mah এর ব্যাটারি আছে সেটা যদি আমি পাওয়ার ব্যাংকে সেট করি তাহলে কি কোন সমস্যা হবে??,price_positive#product_quality_positive
2379,49310996770849,sound quality valo crg o thake valoi bt 1tai somossa call e kotha bolar smy valo connection pay na r laptop er satge connection problem hoy khub,sound quality valo crg o thake valoi bt 1tai somossa call e kotha bolar smy valo connection pay na r laptop er satge connection problem hoy khub.,product_quality_positive
2380,49311242670849,যেমনটা আশা করেছিলাম তেমনটাই পেয়েছি। অর্ডার করার আগে একটু সন্দেহ ছিল কিন্তু হাতে পাওয়ার পর দেখলাম সব ঠিকই আছে। নির্দিষ্ট সময়ের মধ্যে ডেলিভারি পেয়েছি। প্যাকেজিং ও ভালো ছিল। আপনারা নিতেই পারেন নিঃসন্দেহে।,যেমনটা আশা করেছিলাম তেমনটাই পেয়েছি অর্ডার করার আগে একটু সন্দেহ ছিল কিন্তু হাতে পাওয়ার পর দেখলাম সব ঠিকই আছে নির্দিষ্ট সময়ের মধ্যে ডেলিভারি পেয়েছি প্যাকেজিং ও ভালো ছিল আপনারা নিতেই পারেন নিঃসন্দেহে.,delivery_positive#packaging_positive#product_quality_positive
2381,49311522270849,প্রোডাক্ট আলহামদুলিল্লাহ ভালো চাইলে নিতে পারেন এই দামের মধ্যে ঠিক আছে কিন্তু ব্যাটারি ব্যাকআপ আর একটু বেশি হলে ভালো হতো,প্রোডাক্ট আলহামদুলিল্লাহ ভালো চাইলে নিতে পারেন এই দামের মধ্যে ঠিক আছে কিন্তু ব্যাটারি ব্যাকআপ আর একটু বেশি হলে ভালো হতো.,price_positive#product_quality_positive
2382,49312453670849,ধন্যবাদ দারাজ কে খুব দুর্দান্ত গতিতে ডেলিভারির জন্য। \nস্বল্প দামের মধ্যে অসাধারণ পোডাক এটা। \n,ধন্যবাদ দারাজ কে খুব দুর্দান্ত গতিতে ডেলিভারির জন্য nস্বল্প দামের মধ্যে অসাধারণ পোডাক এটা n.,delivery_positive#price_positive#product_quality_positive
2383,49313300270849,প্রোডাক্ট ভালো চার্জিং  ব্যকআপ দাম অনুযায়ী ভালো   কিন্তু প্যাকেজিং এর অবস্থা খুব খারাপ   ডেলিভারি ম্যান প্রোডাক্ট দিতে লেট করছে অনেক,প্রোডাক্ট ভালো চার্জিং ব্যকআপ দাম অনুযায়ী ভালো কিন্তু প্যাকেজিং এর অবস্থা খুব খারাপ ডেলিভারি ম্যান প্রোডাক্ট দিতে লেট করছে অনেক.,delivery_negative#packaging_negative#price_positive#product_quality_positive
2384,49311574070849,ডেলিভারি ম্যান কে ধন্যবাদ যেমন চেয়েছিলাম তেমনি পেয়েছি কিন্তু একটাই সমস্যা এয়ার ফোনের সাথে কোনো চার্জারের কেবল দেইনি \nএবং আপনারা চাইলে সবাই নিতে পারেন ধন্যবাদ,ডেলিভারি ম্যান কে ধন্যবাদ যেমন চেয়েছিলাম তেমনি পেয়েছি কিন্তু একটাই সমস্যা এয়ার ফোনের সাথে কোনো চার্জারের কেবল দেইনি nএবং আপনারা চাইলে সবাই নিতে পারেন ধন্যবাদ.,product_quality_positive
2385,49311768870849,"আলহামদুলিল্লাহ, ফাইনালি প্রোডাক্টসটা হাতে পেলাম  \nআনবক্সিং করে ভালো মনে হলো। প্রোডাক্টস টি পেতে দেরি হয়েছিল আমি অডার দিচ্ছি ১৮/০৬/২৪ কিন্তু হাতে ফেলাম ২৭/০৬/০২৪।\nযাইহোক প্রোডাক্টস ভালো মনে হল আমার কাছে \nএবং দারাজের ডেলিভারি ম্যান ভালো ব্যবহার ছিলো \nM10\nসাউন্ড কোয়ালিটি অসাধারণ \n দারাজ কে ধন্যবাদ তার আজকে এরকম একটি পন্য আমাদেরকে দেওয়ার জন্য কম প্রাইসে \n","আলহামদুলিল্লাহ, ফাইনালি প্রোডাক্টসটা হাতে পেলাম nআনবক্সিং করে ভালো মনে হলো প্রোডাক্টস টি পেতে দেরি হয়েছিল আমি অডার দিচ্ছি ১৮ ০৬ ২৪ কিন্তু হাতে ফেলাম ২৭ ০৬ ০২৪ nযাইহোক প্রোডাক্টস ভালো মনে হল আমার কাছে nএবং দারাজের ডেলিভারি ম্যান ভালো ব্যবহার ছিলো nM10 nসাউন্ড কোয়ালিটি অসাধারণ n দারাজ কে ধন্যবাদ তার আজকে এরকম একটি পন্য আমাদেরকে দেওয়ার জন্য কম প্রাইসে n.",delivery_negative#price_positive#product_quality_positive
2386,49312322970849,সাউন্ড কোয়ালিটি খুবই সুন্দর চাইলে আপনারা সবাই নিতে পারেন অনেক সুন্দর অনেক সুন্দর অনেক ভালো ভেরি গুড সবাইকে অসংখ্য ধন্যবাদ l আপনারা চাইলে অর্ডার করতে পারেন কম দামে অনেক ভালো জিনিস পেয়ে যাবেন l,সাউন্ড কোয়ালিটি খুবই সুন্দর চাইলে আপনারা সবাই নিতে পারেন অনেক সুন্দর অনেক সুন্দর অনেক ভালো ভেরি গুড সবাইকে অসংখ্য ধন্যবাদ l আপনারা চাইলে অর্ডার করতে পারেন কম দামে অনেক ভালো জিনিস পেয়ে যাবেন l.,price_positive#product_quality_positive
2387,49312054270849,এক কথায় অসাধারণ। \nএটা দামের হারে জিনিস টা খুব ভালো❤️\nএটা নরমালি কিনতে গেলে দোকান থেকে ৪০০-৫০০ টাকা লাগনে বাট এখানে কম প্রাইস ভালো জিনিস❤️❤️\nধন্যবাদ দারাজ কে❤️,এক কথায় অসাধারণ nএটা দামের হারে জিনিস টা খুব ভালো nএটা নরমালি কিনতে গেলে দোকান থেকে ৪০০-৫০০ টাকা লাগনে বাট এখানে কম প্রাইস ভালো জিনিস nধন্যবাদ দারাজ কে.,price_positive#product_quality_positive
2388,49311636770849,আলহামদুলিল্লাহ এবার ভালো আছে।\n\nএবার ভালো জিনিস পেলাম।\nদু'দিন ব্যবহার করে রিভিউ দিলাম।\nযাদের লাগবে নিঃসন্দেহে নিতে পারেন,আলহামদুলিল্লাহ এবার ভালো আছে n nএবার ভালো জিনিস পেলাম nদু'দিন ব্যবহার করে রিভিউ দিলাম nযাদের লাগবে নিঃসন্দেহে নিতে পারেন.,product_quality_positive
2389,49312367270849,"so beautiful,So aligned, Just looking like of a wow ❤️❤️।সত্যিই জিনাসটা খুব ভালো।","so beautiful,So aligned, Just looking like of a wow সত্যিই জিনাসটা খুব ভালো.",product_quality_positive
2390,49394927370849,আলহামদুলিল্লাহ অনেক ভালো মনের পণ্য আপনারা জেনে নিতে পারেন। চার্জ ভালো যায় ❤️,আলহামদুলিল্লাহ অনেক ভালো মনের পণ্য আপনারা জেনে নিতে পারেন চার্জ ভালো যায়.,product_quality_positive
2391,49311283270849,"product Good,receive in well conditions. sound Quality more better.voye chilam onek free delivery offer a product valo hobe kina ta niye.Motamoti valoi ache.bt charge backup ta ektu kom.charge beshikhon thake na.jara 1st time ei dhoroner wireless earbud use korar jonno niben tader onek valo lagbe I hope.","product Good,receive in well conditions. sound Quality more better.voye chilam onek free delivery offer a product valo hobe kina ta niye.Motamoti valoi ache.bt charge backup ta ektu kom.charge beshikhon thake na.jara 1st time ei dhoroner wireless earbud use korar jonno niben tader onek valo lagbe I hope.",product_quality_positive
2392,49311709870849,আমি আজকেই নিছি অডার দেওয়ার ২ দিন পড়ে product টি পাই কম দামের মদ্ধে ভালোই কিন্তু মাগনেটিক তেমন একটা ভালো না আর চায্ ২:৩০ চলে যাবে..!🙂😊😇,আমি আজকেই নিছি অডার দেওয়ার ২ দিন পড়ে product টি পাই কম দামের মদ্ধে ভালোই কিন্তু মাগনেটিক তেমন একটা ভালো না আর চায্ ২ ৩০ চলে যাবে..!,delivery_positive#price_positive
2393,49311435770849,প্রোডাক্ট খুবই ভাল ছিল আপনারা নিতে পারেন। দশ দিন পর রিভিউ দিচ্ছি। চার্জ ব্যাকআপ ভালো আছে।,প্রোডাক্ট খুবই ভাল ছিল আপনারা নিতে পারেন দশ দিন পর রিভিউ দিচ্ছি চার্জ ব্যাকআপ ভালো আছে.,product_quality_positive
2394,53017154370849,এই প্রোডাক্ট অনেক ভালো আপনার চাইলে নিতে পারেন,এই প্রোডাক্ট অনেক ভালো আপনার চাইলে নিতে পারেন.,product_quality_positive
2395,53429371470849,খুব বেশি টা ভালো না দুই ঘন্টা চার্জ টিকে না,খুব বেশি টা ভালো না দুই ঘন্টা চার্জ টিকে না.,product_quality_negative
2396,54299510470849,"মুটামুটি ভালো আছে চাইলে নিতে পারেন 
আপনারা",মুটামুটি ভালো আছে চাইলে নিতে পারেন আপনারা.,product_quality_neutral
2397,49311234070849,প্রায় একমাস হয়ে গেল প্রোডাক্ট নিয়েছি। \nআলহামদুলিল্লাহ এখনো ভালোভাবে চলতেছে নেওয়ার সময় চার্জ ছিল না আমি মনে করছিলাম এটা ব্যবহৃত,প্রায় একমাস হয়ে গেল প্রোডাক্ট নিয়েছি nআলহামদুলিল্লাহ এখনো ভালোভাবে চলতেছে নেওয়ার সময় চার্জ ছিল না আমি মনে করছিলাম এটা ব্যবহৃত.,product_quality_positive
2398,50785048870849,প্রোডাক্টটি খুবই ভালো কিন্তু চার্জ কম টিকে,প্রোডাক্টটি খুবই ভালো কিন্তু চার্জ কম টিকে.,product_quality_positive
2399,49311134670849,"আলহামদুলিল্লাহ, যথেষ্ট ভালো আছে তবে ফুল চার্জ এয়ারবাড সর্বোচ্চ 2 বার চার্জ করা যায় যা অনেক কম । চাইলে নিতে পড়েন  ।","আলহামদুলিল্লাহ, যথেষ্ট ভালো আছে তবে ফুল চার্জ এয়ারবাড সর্বোচ্চ 2 বার চার্জ করা যায় যা অনেক কম চাইলে নিতে পড়েন.",product_quality_positive
2400,49311044170849,১০দিন ইউজ করার পর রিভিউ দিলাম ভাই অনেক ভালো চার্জিং এর রাজা সাউন্ড কোয়ালিটি অনেক ভালো ৩২০ টাকা হিসেবে অনেক ভালো  লাভ ইউ সেলার ভাইকে,১০দিন ইউজ করার পর রিভিউ দিলাম ভাই অনেক ভালো চার্জিং এর রাজা সাউন্ড কোয়ালিটি অনেক ভালো ৩২০ টাকা হিসেবে অনেক ভালো লাভ ইউ সেলার ভাইকে.,price_positive#product_quality_positive
2401,49311244170849,এটা অনেক ভালো একটা প্রডাক্ট এবং চার্জও থাকে অনেকক্ষণ প্রায় দুই থেকে তিন ঘন্টা চালানো যায় একবার চার্জ ধন্যবাদ জানাই দারাজ কে এবং ডেলিভারি বাইকে খুব তাড়াতাড়ি অর্ডারটা আমি পাইছি আশা করি আপনারাও নিবেন দামে কম মানে ভালো \nডেলিভারি ভাইয়ের ব্যবহার আচরণ কথাবার্তা সব দিক দিয়ে ভালো এবং আমি তাকে ধন্যবাদ জানাই ভাই,এটা অনেক ভালো একটা প্রডাক্ট এবং চার্জও থাকে অনেকক্ষণ প্রায় দুই থেকে তিন ঘন্টা চালানো যায় একবার চার্জ ধন্যবাদ জানাই দারাজ কে এবং ডেলিভারি বাইকে খুব তাড়াতাড়ি অর্ডারটা আমি পাইছি আশা করি আপনারাও নিবেন দামে কম মানে ভালো nডেলিভারি ভাইয়ের ব্যবহার আচরণ কথাবার্তা সব দিক দিয়ে ভালো এবং আমি তাকে ধন্যবাদ জানাই ভাই.,delivery_positive#price_positive#product_quality_positive
2402,49311572570849,দাম হিসাবে ঠিকই আছে। এই টাকার মধ্যে এটাই বেষ্ট।কপি প্রোডাক্ট হিসাবে মোটামুটি ভালোই আছে।,দাম হিসাবে ঠিকই আছে এই টাকার মধ্যে এটাই বেষ্ট কপি প্রোডাক্ট হিসাবে মোটামুটি ভালোই আছে.,price_neutral#product_quality_neutral
2403,49312266670849,আলহামদুলিল্লাহ খুবই ভালো একটি প্রোডাক্টস পেয়েছি ধন্যবাদ দাস এবং সেলার ভাইকে,আলহামদুলিল্লাহ খুবই ভালো একটি প্রোডাক্টস পেয়েছি ধন্যবাদ দাস এবং সেলার ভাইকে.,product_quality_positive
2404,49342873670849,আলহামদুলিল্লাহ অনেক অনেক ভালো এত কম দামে এত ভালো হবে ভাবতেও পারি নাই,আলহামদুলিল্লাহ অনেক অনেক ভালো এত কম দামে এত ভালো হবে ভাবতেও পারি নাই.,price_positive#product_quality_positive
2405,49313304370849,প্রোডাক্ট হাতে পেয়েছি। দামেও এটা কম। ওভার অল প্রোডাক্টটি ভালো।,প্রোডাক্ট হাতে পেয়েছি দামেও এটা কম ওভার অল প্রোডাক্টটি ভালো.,price_positive#product_quality_positive
2406,53502503470849,বাজার থেকে কম দামে পেয়েছি মান ও ভালো আছে,বাজার থেকে কম দামে পেয়েছি মান ও ভালো আছে.,price_positive#product_quality_positive
2407,52694620470849,ভালো লেগেছে যে রকম দেখেছি তেমন পেয়েছি,ভালো লেগেছে যে রকম দেখেছি তেমন পেয়েছি.,product_quality_positive
2408,53780820170849,valoiii... sound use kore bujha jabe...,valoii.. sound use kore bujha jabe..,product_quality_positive
2409,50251363270849,ভালো সবাই নিতে পরেন। এই দামে ভালো পন্য,ভালো সবাই নিতে পরেন এই দামে ভালো পন্য.,price_positive#product_quality_positive
2410,49310182170849,"পার্সেল টি গতকাল হাতে পেলাম,কাল থেকে ব্যবহার করতেছি,দাম অনুযায়ী প্রডাক্ট টা অনেক ভাল,চার্জ ও মোটামুটি ভাল থাকে,আপনারা প্রডাক্ট টি নিতে পারেন।","পার্সেল টি গতকাল হাতে পেলাম,কাল থেকে ব্যবহার করতেছি,দাম অনুযায়ী প্রডাক্ট টা অনেক ভাল,চার্জ ও মোটামুটি ভাল থাকে,আপনারা প্রডাক্ট টি নিতে পারেন.",price_positive#product_quality_positive
2411,49312213770849,"আলহামদুলিল্লাহ অনেক ভালো একটি প্রোডাক্ট যেমনটা আশা করেছিলাম ঠিক তেমনটাই পেয়েছি আপনারা চাইলে সবাই নিশ্চিন্তে নিতে পারেন। \nআর ডেলিভারি ম্যান এর ব্যবহার অনেক ভালো ছিল।।\nদারাজকে \""ধন্যবাদ\""\n","আলহামদুলিল্লাহ অনেক ভালো একটি প্রোডাক্ট যেমনটা আশা করেছিলাম ঠিক তেমনটাই পেয়েছি আপনারা চাইলে সবাই নিশ্চিন্তে নিতে পারেন nআর ডেলিভারি ম্যান এর ব্যবহার অনেক ভালো ছিল nদারাজকে ""ধন্যবাদ "" n.",delivery_positive#product_quality_positive
2412,49311393570849,"পন্যটি একেবারে ছবি এর মত,, সেলার ও ডেলিভারি ম্যান দুইজন ই ভালো। আমি দুইটা ইয়ারবাডস ফুল চার্জ দিয়ে ২ঘন্টা ৩০ মিনিট চালিয়েছি, আর বক্স থেকে দুইবার চার্জ করতে পেরেছি,, তারমানে বক্স+ইয়ারবাডস এর চার্জ ব্যাকাপ ২:৩০+২:৩০=৫ ঘন্টা চলেছে,, হিসাব করলে ৩২০ টাকাতে ঠিক আছে সবকিছু।। \n\nকিন্তু অরিজিনাল M10 এর তুলনায় অনেক পিছিয়ে,,  অরিজিনাল M10 এ চার্জ ব্যাকাপ দেয় ৫ ঘন্টা, + বক্স ব্যাকাপ ১০ ঘন্টা,,  \n\nযাইহোক আমি খুশি, \nধন্যবাদ","পন্যটি একেবারে ছবি এর মত,, সেলার ও ডেলিভারি ম্যান দুইজন ই ভালো আমি দুইটা ইয়ারবাডস ফুল চার্জ দিয়ে ২ঘন্টা ৩০ মিনিট চালিয়েছি, আর বক্স থেকে দুইবার চার্জ করতে পেরেছি,, তারমানে বক্স ইয়ারবাডস এর চার্জ ব্যাকাপ ২ ৩০ ২ ৩০ ৫ ঘন্টা চলেছে,, হিসাব করলে ৩২০ টাকাতে ঠিক আছে সবকিছু n nকিন্তু অরিজিনাল M10 এর তুলনায় অনেক পিছিয়ে,, অরিজিনাল M10 এ চার্জ ব্যাকাপ দেয় ৫ ঘন্টা, বক্স ব্যাকাপ ১০ ঘন্টা,, n nযাইহোক আমি খুশি, nধন্যবাদ.",seller_service_positive#delivery_positive#price_neutral#product_quality_positive
2413,49311966870849,"khub valo jinis. nite paren apnara sobai.sound quality onek valo🔥🔥.kan fete jauar moto sound.eto kom dam e ei jinis pabo sopneu vabte pari ni,Thanks Daraz and thanks delivery man ke. matro 2 din e delivery pea gechi😎😎.","khub valo jinis. nite paren apnara sobai.sound quality onek valo .kan fete jauar moto sound.eto kom dam e ei jinis pabo sopneu vabte pari ni,Thanks Daraz and thanks delivery man ke. matro 2 din e delivery pea gechi .",delivery_positive#price_positive#product_quality_positive
2414,49311372770849,প্রোডাক্টটি ভালো কিন্তু গেমের জন্য না গেম খেলতে গেলে নেট সাউন্ড আসে ১সেকেন্ড লেট আসে গান বা ভিডিও মুভি দেখার জন্য একটি ভালো একটা প্রোডাক্ট।,প্রোডাক্টটি ভালো কিন্তু গেমের জন্য না গেম খেলতে গেলে নেট সাউন্ড আসে ১সেকেন্ড লেট আসে গান বা ভিডিও মুভি দেখার জন্য একটি ভালো একটা প্রোডাক্ট.,product_quality_positive
2415,49311481870849,M10_Dam Hisabe Onek Better-Charj backup Onek Valo-product -T-Nebar Age Ami Vabshilam Vlo Hobe Na Mondo Hobe-But_product T- Hate Pabr pore Deklam Onek better _Apnara Caile Nite Paren_And-Fast delivery_And-Helpful Seller,M10 Dam Hisabe Onek Better-Charj backup Onek Valo-product -T-Nebar Age Ami Vabshilam Vlo Hobe Na Mondo Hobe-But product T- Hate Pabr pore Deklam Onek better Apnara Caile Nite Paren And-Fast delivery And-Helpful Seller.,seller_service_positive#delivery_positive#price_positive#product_quality_positive
2416,49312701670849,delivery 3 din ar modde peye gesi. \nproducts quality o ank valo chilo. \nthanks seller and daraz,delivery 3 din ar modde peye gesi. nproducts quality o ank valo chilo. nthanks seller and daraz.,delivery_positive#product_quality_positive
2417,49311750070849,খুবই ভালো ভাবে প্যাকেজিং হয়ে এসেছে। কোয়ালিটি সম্পন্ন প্রোডাক্ট। কিন্তু চার্জ একটু বেশি থাকলে ভালো হতো। কিন্তু দাম অনুযায়ী খুবই ভালো। সবাই নিতে পারেন।,খুবই ভালো ভাবে প্যাকেজিং হয়ে এসেছে কোয়ালিটি সম্পন্ন প্রোডাক্ট কিন্তু চার্জ একটু বেশি থাকলে ভালো হতো কিন্তু দাম অনুযায়ী খুবই ভালো সবাই নিতে পারেন.,packaging_positive#price_positive#product_quality_positive
2418,49310459870849,alhamdulillah. ekhon pornjonto daraz theke kena sera product. ekdom intake silo. ThX seller.💝💝,alhamdulillah. ekhon pornjonto daraz theke kena sera product. ekdom intake silo. ThX seller.,product_quality_positive
2419,49311841670849,আলহামদুলিল্লাহ অনেক ভালো একটা প্রডাক্ট। সাউণ্ড কোয়ালিটি ভালো সবাই নিতে পারেন।,আলহামদুলিল্লাহ অনেক ভালো একটা প্রডাক্ট সাউণ্ড কোয়ালিটি ভালো সবাই নিতে পারেন.,product_quality_positive
2420,49311822170849,সব দিক দিয়ে ঠিক আছে কিন্তু চাজিংক দেখা জায় না। কাভার ডাকলে\nতা সারা সব ঠিক আছে,সব দিক দিয়ে ঠিক আছে কিন্তু চাজিংক দেখা জায় না কাভার ডাকলে nতা সারা সব ঠিক আছে.,product_quality_positive
2421,49312329870849,Ai prothom daraz dia dhora khailam nosto \nreturn korta chai,Ai prothom daraz dia dhora khailam nosto nreturn korta chai.,product_quality_negative
2422,49310875870849,প্রোডাক্ট ঠিকঠাক ছিলো। তবে ২টা বাডের সাউন্ড সমান নয়। একটু কম বেশি আছে।। প্রোডাক্ট ইন্টেক্ট ছিলো।। টাচ রেসপন্স ভালো।। \nপারফর্মেন্সের রিভিও ৪/৫ দিন পরে দিবো।।,প্রোডাক্ট ঠিকঠাক ছিলো তবে ২টা বাডের সাউন্ড সমান নয় একটু কম বেশি আছে প্রোডাক্ট ইন্টেক্ট ছিলো টাচ রেসপন্স ভালো nপারফর্মেন্সের রিভিও ৪ ৫ দিন পরে দিবো.,product_quality_neutral
2423,49311507870849,কাজ টা কি ঠিক করলেন দারাজ! আমি হচ্ছি আপনাদের পুরাতন কাস্টমার! ডান পাশের টা ভালো আর বাম পাশের টা নষ্ট!  😡 এইটা কেমনে কি করলেন আমার সাথে!  এইটা কি রিটার্ন দেওয়ার option আছে বা ঘুরিয়ে অন্য টা দেওয়ার? থাকলে জানাবেন প্লিজ ধন্যবাদ,কাজ টা কি ঠিক করলেন দারাজ! আমি হচ্ছি আপনাদের পুরাতন কাস্টমার! ডান পাশের টা ভালো আর বাম পাশের টা নষ্ট! এইটা কেমনে কি করলেন আমার সাথে! এইটা কি রিটার্ন দেওয়ার option আছে বা ঘুরিয়ে অন্য টা দেওয়ার? থাকলে জানাবেন প্লিজ ধন্যবাদ.,product_quality_negative
2424,49311285070849,সবকিছুই ঠিক আছে সময়ের আগেই ডেলিভারি পেয়েছি। প্রথমবার একটা কিনেছিলাম কিন্তু বেশিদিন যায়নি। দ্বিতীয়বার আবার কিনলাম এটা  দেখি কতদিন যায় 🙂,সবকিছুই ঠিক আছে সময়ের আগেই ডেলিভারি পেয়েছি প্রথমবার একটা কিনেছিলাম কিন্তু বেশিদিন যায়নি দ্বিতীয়বার আবার কিনলাম এটা দেখি কতদিন যায়.,delivery_positive#product_quality_positive
2425,49311917070849,"আলহামদুল্লিহ অনেক সুন্দর ক্লিয়ার সাউন্ড কোয়ালিটি,চার্জ ব্যাকআপ ও দারুন। ৩ দিনে ডেলিভারি পেলাম।প্রথম বার দারাজ থেকে অর্ডার এত সুন্দর প্রডাক্ট পাবো ভাবিনি।","আলহামদুল্লিহ অনেক সুন্দর ক্লিয়ার সাউন্ড কোয়ালিটি,চার্জ ব্যাকআপ ও দারুন ৩ দিনে ডেলিভারি পেলাম প্রথম বার দারাজ থেকে অর্ডার এত সুন্দর প্রডাক্ট পাবো ভাবিনি.",delivery_positive#product_quality_positive
2426,49310397470849,"delivery man er bebohar khub e baje.. se amar sathe miss behaviour korese.. faltu akta lok amake bole Daraz theke product kano nan aigula valona.. se ai sob shudhu shudhu e bolse ami take kichu jigasha o korini kichu batpar akta.. ami always daraz thake product nai Alhamdulillah valo e peyase. ai bepar ta plz dakban delivery man er. \notherwise product is very good quality, and sound quality is also very good..","delivery man er bebohar khub e baje.. se amar sathe miss behaviour korese.. faltu akta lok amake bole Daraz theke product kano nan aigula valona.. se ai sob shudhu shudhu e bolse ami take kichu jigasha o korini kichu batpar akta.. ami always daraz thake product nai Alhamdulillah valo e peyase. ai bepar ta plz dakban delivery man er. notherwise product is very good quality, and sound quality is also very good..",delivery_negative#product_quality_positive
2427,49310683070849,"দাম অনুযায়ী প্রডাক্টটি খুবই ভালো, চার্জ ও ভালোই থাকে...নিতে পারেন, । বাট ডেলিভারি সার্বিস টা ভালো লাগেনাই, প্রডাক্টটি যখন হাতে পাই তখন পুরো প্যাকেট টা চাপ খেয়ে বাকা হয়েছিলো, এতে প্রডাক্টটি নষ্ট হয়েও যেতে পারতো, তাই আপনাদের উচিত আরো সাবধানতার  সাথে ডেলিভারি দেওয়া...","দাম অনুযায়ী প্রডাক্টটি খুবই ভালো, চার্জ ও ভালোই থাকে..নিতে পারেন, বাট ডেলিভারি সার্বিস টা ভালো লাগেনাই, প্রডাক্টটি যখন হাতে পাই তখন পুরো প্যাকেট টা চাপ খেয়ে বাকা হয়েছিলো, এতে প্রডাক্টটি নষ্ট হয়েও যেতে পারতো, তাই আপনাদের উচিত আরো সাবধানতার সাথে ডেলিভারি দেওয়া..",delivery_negative#price_positive#product_quality_positive
2428,49311066070849,অনেকে বলে যে দারাজের পণ্য ভালো না তবে দেখলাম খারাপ না আমি একটি ব্লুটুথ দারাজ থেকে নিয়েছি সাউন্ড কোয়ালিটি প্রাইজ অনুযায়ী  আলহামদুলিল্লাহ ভালই আপনারা চাইলেও দারাজ এর মত বিশ্বস্ত অ্যাপ থেকে পণ্য নিতে পারেন,অনেকে বলে যে দারাজের পণ্য ভালো না তবে দেখলাম খারাপ না আমি একটি ব্লুটুথ দারাজ থেকে নিয়েছি সাউন্ড কোয়ালিটি প্রাইজ অনুযায়ী আলহামদুলিল্লাহ ভালই আপনারা চাইলেও দারাজ এর মত বিশ্বস্ত অ্যাপ থেকে পণ্য নিতে পারেন.,price_positive#product_quality_positive
2429,49312354970849,একটু সমস্যা আছে। তবে ভালোই।সেলার ভাইটার ব্যবহার ও অনেক ভালো।ধন্যবাদ দারাজকে।\nআপনারা নিতে পারেন।,একটু সমস্যা আছে তবে ভালোই সেলার ভাইটার ব্যবহার ও অনেক ভালো ধন্যবাদ দারাজকে nআপনারা নিতে পারেন.,seller_service_positive#product_quality_positive
2430,49312476970849,"আলহামদুলিল্লাহ আজ 4 দিন পর প্রডাক্ট হাতে পেলাম যেমন চেয়েছি ঠিক তেমনি পেয়েছি, অনেক ধন্যবাদ darazk","আলহামদুলিল্লাহ আজ 4 দিন পর প্রডাক্ট হাতে পেলাম যেমন চেয়েছি ঠিক তেমনি পেয়েছি, অনেক ধন্যবাদ darazk.",delivery_positive#product_quality_positive
2431,49312809370849,কম দামে প্রোডাক্টটা অনেক ভালো\nএই নিয়ে আমি তিনটি নিলাম\nসব গুলো ভালো পেয়েছি\nআলহামদুলিল্লাহ,কম দামে প্রোডাক্টটা অনেক ভালো nএই নিয়ে আমি তিনটি নিলাম nসব গুলো ভালো পেয়েছি nআলহামদুলিল্লাহ.,price_positive#product_quality_positive
2432,49311256270849,"আলহামদুলিল্লাহ, ধন্যবাদ দারাজকে ধন্যবাদ ডেলিভারি ম্যানকে, তিন দিনের মধ্যে হাতে পাইছি🥰🥰","আলহামদুলিল্লাহ, ধন্যবাদ দারাজকে ধন্যবাদ ডেলিভারি ম্যানকে, তিন দিনের মধ্যে হাতে পাইছি.",delivery_positive
2433,49310889070849,ভাই ও বোনেরা এই TWS টা যারা নিতে চাচ্ছেন দাম অনুযায়ী জিনিসটা মারাত্মক ভালো,ভাই ও বোনেরা এই TWS টা যারা নিতে চাচ্ছেন দাম অনুযায়ী জিনিসটা মারাত্মক ভালো.,price_positive#product_quality_positive
2434,49311546770849,মাশাআল্লাহ পণ্যের কোয়ালিটি যথেষ্ট ভালো।ইচ্ছে হলে নিতে পারেন।আশা করি এদামে ঠকবেন না।,মাশাআল্লাহ পণ্যের কোয়ালিটি যথেষ্ট ভালো ইচ্ছে হলে নিতে পারেন আশা করি এদামে ঠকবেন না.,price_positive#product_quality_positive
2435,49312523470849,দাম অনুযায়ী ভালো আছে তবে একটু চার্জ কম যায় নিতে পারেন সবাই।,দাম অনুযায়ী ভালো আছে তবে একটু চার্জ কম যায় নিতে পারেন সবাই.,price_positive#product_quality_positive
2436,49429237670849,সুন্দর প্রোডাক্ট দেওয়ার জন্য আন্তরিক ধন্যবাদ \n,সুন্দর প্রোডাক্ট দেওয়ার জন্য আন্তরিক ধন্যবাদ n.,product_quality_positive
2437,53301541770849,dam hisabe mota moti balo,dam hisabe mota moti balo.,price_neutral#product_quality_neutral
2438,49310295970849,"আলহামদুলিল্লাহ ২ টা অর্ডার করে ছিলাম দুই টাই অনেক ভালো দাম হিসাবে পণ্যটা অনেক ভালো, আমি একদিন পরেই হাতে পেয়েছি ধন্যবাদ","আলহামদুলিল্লাহ ২ টা অর্ডার করে ছিলাম দুই টাই অনেক ভালো দাম হিসাবে পণ্যটা অনেক ভালো, আমি একদিন পরেই হাতে পেয়েছি ধন্যবাদ.",delivery_positive#price_positive#product_quality_positive
2439,49310373470849,"সব ঠিকঠাক আছে কিন্তু চার্জ কম থাকে, তবে ভালো চলে, আপনারা নিতে পারেন, আমার কাছে এর সাউন্ড কোয়ালিটি খুব ভালো লেগেছে, ধন্যবাদ","সব ঠিকঠাক আছে কিন্তু চার্জ কম থাকে, তবে ভালো চলে, আপনারা নিতে পারেন, আমার কাছে এর সাউন্ড কোয়ালিটি খুব ভালো লেগেছে, ধন্যবাদ.",product_quality_positive
2440,49311216570849,দারুন একটা পন্য।\nধারণা যা করছি তার তুলনায় অনেক ভালো 🙂\n4 দিন পর রিভিউ দিলাম।\nসেলার ভাই ভালো লোক। \nসব মিলে অসাধারণ।,দারুন একটা পন্য nধারণা যা করছি তার তুলনায় অনেক ভালো n4 দিন পর রিভিউ দিলাম nসেলার ভাই ভালো লোক nসব মিলে অসাধারণ.,seller_service_positive#product_quality_positive
2441,49310180570849,আলহামদুলিল্লাহ। দাম অনুযায়ী অনেক ভালো।এত কম টাকায় এত ভালো প্রডাক্ট পাবো ভাবতেও পারি নি।কিন্তু ডেলিভারি করতে সময়টা একটু বেশি লাগছে।৫ -৬ দিন সময় লাগছে।আর ডেলিভারি ম্যান অনেক ভালো তাহার ব্যবহার ও অনেক ভালো। ডেলিভারি ম্যান কে অনেক অনেক ধন্যবাদ।,আলহামদুলিল্লাহ দাম অনুযায়ী অনেক ভালো এত কম টাকায় এত ভালো প্রডাক্ট পাবো ভাবতেও পারি নি কিন্তু ডেলিভারি করতে সময়টা একটু বেশি লাগছে ৫ -৬ দিন সময় লাগছে আর ডেলিভারি ম্যান অনেক ভালো তাহার ব্যবহার ও অনেক ভালো ডেলিভারি ম্যান কে অনেক অনেক ধন্যবাদ.,delivery_negative#price_positive#product_quality_positive
2442,49310733470849,"পুরাই আগুন😊, বেস ওওও সেই সাউন্ড ওওও সেই আপনারা সবাই নিতে পারেন অনেক ভালো আমি ৩দিন এর মধ্যে পেয়ে গেছি, আর সেলার ভাই কে বলতে চাই যে ভাই পেকেজিং টা ভালো করবেন একটু ভাই।","পুরাই আগুন , বেস ওও সেই সাউন্ড ওও সেই আপনারা সবাই নিতে পারেন অনেক ভালো আমি ৩দিন এর মধ্যে পেয়ে গেছি, আর সেলার ভাই কে বলতে চাই যে ভাই পেকেজিং টা ভালো করবেন একটু ভাই.",delivery_positive#packaging_negative#product_quality_positive
2443,49311850170849,Alhamdulillah valo product.\nkinto delivery boy er bebohar kharap chilo.\n,Alhamdulillah valo product. nkinto delivery boy er bebohar kharap chilo. n.,delivery_negative#product_quality_positive
2444,49312048070849,বেষ্ট সাউন্ড কোয়ালিটি;  অনেক ভালো একটি প্রডাক্ট ;দারাজকে অনেক ধন্যবাদ,বেষ্ট সাউন্ড কোয়ালিটি অনেক ভালো একটি প্রডাক্ট দারাজকে অনেক ধন্যবাদ.,product_quality_positive
2445,49312078670849,এক কথায় অসাধারণ। হাতে পেতে এক মাসের মত লেগেছে। যাইহোক  জিনিসটা অনেক ভালো।,এক কথায় অসাধারণ হাতে পেতে এক মাসের মত লেগেছে যাইহোক জিনিসটা অনেক ভালো.,delivery_negative#product_quality_positive
2446,49312214670849,যেমন চেয়েছিলাম তেমনি পাইছি আলহামদুলিল্লাহ অনেক ভালো সবাই নিতে পারেন,যেমন চেয়েছিলাম তেমনি পাইছি আলহামদুলিল্লাহ অনেক ভালো সবাই নিতে পারেন.,product_quality_positive
2447,51676179070849,লেফট TWS কাজ করে না।।,লেফট TWS কাজ করে না.,product_quality_negative
2448,49312234170849,প্রোডাক্ট ভালো এই প্রাইজের মধ্যে। তবে চার্জিং টাইম টা কম মনে হইছে। ওভারল প্রোডাক্ট ওকে। তবে দারাজ এর ডেলিভারী সার্ভিসটা ভালো করা প্রয়োজন। ধন্যবাদ।\n,প্রোডাক্ট ভালো এই প্রাইজের মধ্যে তবে চার্জিং টাইম টা কম মনে হইছে ওভারল প্রোডাক্ট ওকে তবে দারাজ এর ডেলিভারী সার্ভিসটা ভালো করা প্রয়োজন ধন্যবাদ n.,delivery_negative#price_positive#product_quality_positive
2449,49312610770849,আলহামদুলিল্লাহ অনেক ভালো প্রোডাক্ট আপনারা চাইলে নিতে পারেন যেমন চেয়েছি তেমন আছে প্রত্যেকটা তিন ঘন্টা করে ব্যাকআপ দেয় আর ব্যাংক থেকে ছয় বার চার্জ করা যায় সব মিলিয়ে এক  দুই দিন যায় 👍👍,আলহামদুলিল্লাহ অনেক ভালো প্রোডাক্ট আপনারা চাইলে নিতে পারেন যেমন চেয়েছি তেমন আছে প্রত্যেকটা তিন ঘন্টা করে ব্যাকআপ দেয় আর ব্যাংক থেকে ছয় বার চার্জ করা যায় সব মিলিয়ে এক দুই দিন যায়.,product_quality_positive
2450,49311776270849,৩১০ টাকায় দারুন প্রোডাক্ট | সাউন্ড কোয়ালিটি বেশ ভালো | ভালো বেস আসে |লোকাল মার্কেটের গুলার থেকে অনেক ভালো | সব থেকে বেশি ভালো লেগেছে এতে type c রিপোর্ট আছে | সব মিলিয়ে দারুন,৩১০ টাকায় দারুন প্রোডাক্ট সাউন্ড কোয়ালিটি বেশ ভালো ভালো বেস আসে লোকাল মার্কেটের গুলার থেকে অনেক ভালো সব থেকে বেশি ভালো লেগেছে এতে type c রিপোর্ট আছে সব মিলিয়ে দারুন.,price_positive#product_quality_positive
2451,49312080970849,"__° আলহামদুলিল্লাহ ভালো কোয়ালিটির প্রোডাক্ট \nছিলো আপনারা চাইলে নিতে পারেন..\""!👌🔥\n\n__° অনেক ফাস্ট ডেলিভারি পাইছি ডেলিভারি সার্ভিসটা অনেক ভালো ছিলো..\""!🤍☺️","আলহামদুলিল্লাহ ভালো কোয়ালিটির প্রোডাক্ট nছিলো আপনারা চাইলে নিতে পারেন.. ""! n n অনেক ফাস্ট ডেলিভারি পাইছি ডেলিভারি সার্ভিসটা অনেক ভালো ছিলো.. ""!",delivery_positive#product_quality_positive
2452,49311754570849,"Khub taratari delivery peye gechi, packaging o khub valo chilo. Product same as picture, price onujayi quality o onk valo.\nThank you daraz & seller","Khub taratari delivery peye gechi, packaging o khub valo chilo. Product same as picture, price onujayi quality o onk valo. nThank you daraz seller.",delivery_positive#packaging_positive#price_positive#product_quality_positive
2453,49311680970849,Great sound quality. Packet was intact. Box full charge hoite 2/3 hours laage. Earbuds ekbar full charge kore 4 hours+ chole and box theke 4/5 bar full charge kora jay. Easily connect hoy with phone and touch system e on off kora jay! Great product in this price. Highly recommended.,Great sound quality. Packet was intact. Box full charge hoite 2 3 hours laage. Earbuds ekbar full charge kore 4 hours chole and box theke 4 5 bar full charge kora jay. Easily connect hoy with phone and touch system e on off kora jay! Great product in this price. Highly recommended.,packaging_positive#price_positive#product_quality_positive
2454,49343632070849,daraz theke kena sobceye baje ekta product...,daraz theke kena sobceye baje ekta product..,product_quality_negative
2455,49312164070849,mota muti valo ase dem anusare valo sobai nite paren ami 1 month baboher kore review dilam \nkintu akta ginish daraz ar valo korte hobe ta holo \ndelivery aro tara tari korte hobe ar delivery man ar baboher onek kharap silo🤬🤬 ta sara sob valoi ase,mota muti valo ase dem anusare valo sobai nite paren ami 1 month baboher kore review dilam nkintu akta ginish daraz ar valo korte hobe ta holo ndelivery aro tara tari korte hobe ar delivery man ar baboher onek kharap silo ta sara sob valoi ase.,delivery_negative#price_neutral#product_quality_neutral
2456,49311347670849,khub shundor akta product and sound quality  taw valo nite paren chaile... 🖤☺️,khub shundor akta product and sound quality taw valo nite paren chaile..,product_quality_positive
2457,49312163370849,alhamdulillah onk vlo airports ta highly recommended ❤️,alhamdulillah onk vlo airports ta highly recommended.,product_quality_positive
2458,49311610470849,onk valo... product payachi... and.. ata khub fast delevery dewa hoyeche.... everything is perfect 🙂\nThanks Daraz.❤️‍🩹,onk valo.. product payachi.. and.. ata khub fast delevery dewa hoyeche.. everything is perfect nThanks Daraz.,delivery_positive#product_quality_positive
2459,49312431170849,এক সপ্তাহ পর রিভিউ দিলাম অনেক সুন্দর একটা প্রোডাক্ট। আপনারা চাইলে নিতে পারেন অনেক ভালো,এক সপ্তাহ পর রিভিউ দিলাম অনেক সুন্দর একটা প্রোডাক্ট আপনারা চাইলে নিতে পারেন অনেক ভালো.,product_quality_positive
2460,49310373970849,"ধন্যবাদ সেলারকে সব কিছু টিকটাক পেয়েছি,,দেখি কয় দিন চলে কেমন চার্জ টিকে","ধন্যবাদ সেলারকে সব কিছু টিকটাক পেয়েছি,,দেখি কয় দিন চলে কেমন চার্জ টিকে.",product_quality_positive
2461,49312342670849,Darun... nite paren. ami delivery charge free te paichi.🤩🤩,Darun.. nite paren. ami delivery charge free te paichi.,product_quality_positive
2462,49311574570849,the product is very good.🥰\n\nDelivery Man Bhai Khub Valo.😊,the product is very good. n nDelivery Man Bhai Khub Valo.,delivery_positive#product_quality_positive
2463,49311760170849,onek valo ekti product eita... caile apnarau nite paren....,onek valo ekti product eita.. caile apnarau nite paren..,product_quality_positive
2464,49312203970849,আলহামদুলিল্লাহ প্রোডাক্ট ভালো তবে চার্জ থাকে একটু কম।,আলহামদুলিল্লাহ প্রোডাক্ট ভালো তবে চার্জ থাকে একটু কম.,product_quality_positive
2465,49310392370849,"এই দামে সেরা,অনেকেই বাজে মন্তব্য করেছেন আসলে তারা এর কি খারাপ দিকটা দেখছে আমার মাথায় আসেনা,জিনিস ভালো মোটামুটি ১০/৮ পাবার মতো,আপনারা চাইলে নিতে পারেন 👍","এই দামে সেরা,অনেকেই বাজে মন্তব্য করেছেন আসলে তারা এর কি খারাপ দিকটা দেখছে আমার মাথায় আসেনা,জিনিস ভালো মোটামুটি ১০ ৮ পাবার মতো,আপনারা চাইলে নিতে পারেন.",price_positive#product_quality_positive
2466,49312326370849,এই বাজেটে এর থেকে ভালো ইয়ারপড পাওয়া সম্ভব না। সাউন্ড কোয়ালিটি যথেষ্ট ভালো চার্জ মোটামুটি।,এই বাজেটে এর থেকে ভালো ইয়ারপড পাওয়া সম্ভব না সাউন্ড কোয়ালিটি যথেষ্ট ভালো চার্জ মোটামুটি.,product_quality_positive
2467,49394388870849,"খুব ভালো,,, আপনারা নিতে পারেন।","খুব ভালো,, আপনারা নিতে পারেন.",product_quality_positive
2468,49358291070849,Allahmdullah জিনিস টা অনেক ভালো,Allahmdullah জিনিস টা অনেক ভালো.,product_quality_positive
2469,49312283170849,খুবই ভালো একটি টি M10 TWS দাম অনুযায়ী ঠিকই আছে💯। এবং টাইপ্সিও পেয়েছিলাম❤️। আপনার চাইলে নিতে পারেন প্রোডাক্টটি মোটামুটি ভালোই আছে💯 । খেলারও খুব ভালো প্যাকেটিং ভালো ছিল।❤️ ডেলিভারি ম্যান খুবই ভালো লোক 💯💯❤️।,খুবই ভালো একটি টি M10 TWS দাম অনুযায়ী ঠিকই আছে এবং টাইপ্সিও পেয়েছিলাম আপনার চাইলে নিতে পারেন প্রোডাক্টটি মোটামুটি ভালোই আছে খেলারও খুব ভালো প্যাকেটিং ভালো ছিল ডেলিভারি ম্যান খুবই ভালো লোক.,seller_service_positive#packaging_positive#price_neutral#product_quality_positive
2470,49312807870849,products ta allahamdulilah motamuti valoi ASE Ami duita nisi . ashole Amr order korar karon sudui call e Kotha bolar Jonno to sound quality jemon ta ashaa korsi temon oi paisi kintu charge ta jototuk asha korsi toto taa thakena budget onujaye products ta Valo ASE  . ki tu delivery system ta Valo pai nai on demand delivery dise jeita niya amr aktu ovijog ASE,products ta allahamdulilah motamuti valoi ASE Ami duita nisi . ashole Amr order korar karon sudui call e Kotha bolar Jonno to sound quality jemon ta ashaa korsi temon oi paisi kintu charge ta jototuk asha korsi toto taa thakena budget onujaye products ta Valo ASE . ki tu delivery system ta Valo pai nai on demand delivery dise jeita niya amr aktu ovijog ASE.,delivery_negative#price_positive#product_quality_neutral
2471,49311907270849,310 takay onek valo 1ta product.1bar charge dile onek smy use kora jay🥰Thank you daraz k❤️,310 takay onek valo 1ta product.1bar charge dile onek smy use kora jay Thank you daraz k.,price_positive#product_quality_positive
2472,49310650270849,খুব ভালো একটা প্রডাক্ট দামে ও কম দ্রুত পেয়ে গেলাম। আপনার ও নিশ্চিন্তে নিতে পারেন,খুব ভালো একটা প্রডাক্ট দামে ও কম দ্রুত পেয়ে গেলাম আপনার ও নিশ্চিন্তে নিতে পারেন.,delivery_positive#price_positive#product_quality_positive
2473,49312194970849,Onk Valo product 1 gonta music sunlam charge e onekkon jay but perfect everything .,Onk Valo product 1 gonta music sunlam charge e onekkon jay but perfect everything .,product_quality_positive
2474,49312305070849,"আলহামদুলিল্লাহ প্রডাক্ট টা অনেক ভালো, চার্জ ভালো থাকে,৪দিন পর রিবিউ দুলাম,","আলহামদুলিল্লাহ প্রডাক্ট টা অনেক ভালো, চার্জ ভালো থাকে,৪দিন পর রিবিউ দুলাম,.",product_quality_positive
2475,49312333370849,Alhamdulillah. parsel ta paisi dam onu jai jinista valo.caile nite paren,Alhamdulillah. parsel ta paisi dam onu jai jinista valo.caile nite paren.,price_positive#product_quality_positive
2476,49312156070849,jemon dekhechi thik temon pelam.\nprice onujai product vlo. chaile nite paren.,jemon dekhechi thik temon pelam. nprice onujai product vlo. chaile nite paren.,price_positive#product_quality_positive
2477,49311954870849,দাম অনুসারে সুপার সাউন্ড কোয়ালিটি সেই \nচাইলে নিতে পারেন,দাম অনুসারে সুপার সাউন্ড কোয়ালিটি সেই nচাইলে নিতে পারেন.,price_positive#product_quality_positive
2478,49524860470849,কম দামের ভিতরে খুব সুন্দর একটি প্রোডাক্ট সবাই নিতে পারেন।,কম দামের ভিতরে খুব সুন্দর একটি প্রোডাক্ট সবাই নিতে পারেন.,price_positive#product_quality_positive
2479,49312157870849,product balo ase apnara chaile nitey paren \n,product balo ase apnara chaile nitey paren n.,product_quality_positive
2480,49311812870849,জাস্ট অসাধারণ। ❤️ আরো ৩ টা অর্ডার দিয়েছি।,জাস্ট অসাধারণ আরো ৩ টা অর্ডার দিয়েছি.,product_quality_positive
2481,49310582870849,khuvi vlo prodct ai prc khuv vlo poreche delivery khuv early paise thank you,khuvi vlo prodct ai prc khuv vlo poreche delivery khuv early paise thank you.,delivery_positive#product_quality_positive
2482,49312090370849,এক কথায় অসাধারণ একটা জিনিস এবং খুব তারা তারি ডেলিভারি পাইছি।,এক কথায় অসাধারণ একটা জিনিস এবং খুব তারা তারি ডেলিভারি পাইছি.,delivery_positive#product_quality_positive
2483,49310858870849,Shob kichui thik thak chilo❣️ Thanks for Seller,Shob kichui thik thak chilo Thanks for Seller.,product_quality_positive
2484,49311420970849,অনেক ভালো প্রোডাক্ট \nসবাই নিতে পারেন।\n,অনেক ভালো প্রোডাক্ট nসবাই নিতে পারেন n.,product_quality_positive
2485,49310696870849,আপনাদের ছার্বিস ও প্রোডাক্ট ২ টোই ভালো ধন্যবাদ 🤍,আপনাদের ছার্বিস ও প্রোডাক্ট ২ টোই ভালো ধন্যবাদ.,seller_service_positive#product_quality_positive
2486,49310945470849,আলহামদুলিল্লাহ যেমনটা চেয়েছিলাম তেমনটা পেয়েছি। \nভালোই হয়েছে প্রোডাক্টা।,আলহামদুলিল্লাহ যেমনটা চেয়েছিলাম তেমনটা পেয়েছি nভালোই হয়েছে প্রোডাক্টা.,product_quality_positive
2487,49312040170849,"সবাই নিতে পারেন খুব সুন্দর, ফোনটা দেওয়া ছিল ঠিক তেমনটাই পেয়েছি","সবাই নিতে পারেন খুব সুন্দর, ফোনটা দেওয়া ছিল ঠিক তেমনটাই পেয়েছি.",product_quality_positive
2488,49311574370849,এই দামে এই জিনিস টা ওনেক ভালো কিন্তূ চার্জে টা একটু কম থাকে,এই দামে এই জিনিস টা ওনেক ভালো কিন্তূ চার্জে টা একটু কম থাকে.,price_positive#product_quality_positive
2489,49311647370849,দাম অপেক্ষা অনেক অনেক ভালো। আর ডেলিভারি সার্ভিস ও অনেক ভালো ছিলো🥰,দাম অপেক্ষা অনেক অনেক ভালো আর ডেলিভারি সার্ভিস ও অনেক ভালো ছিলো.,delivery_positive#price_positive#product_quality_positive
2490,49311888170849,আসতে একটু লেইট হইছে দাম অনুযায়ী  পন্য খোব ভাল,আসতে একটু লেইট হইছে দাম অনুযায়ী পন্য খোব ভাল.,delivery_negative#price_positive#product_quality_positive
2491,49310874770849,Alhamdulillah valo chilo.. delivery er behibiyar khub valo mane onk valo chilo..,Alhamdulillah valo chilo.. delivery er behibiyar khub valo mane onk valo chilo..,delivery_positive#product_quality_positive
2492,49312203470849,good product. charge valoi thake,good product. charge valoi thake.,product_quality_positive
2493,49312002270849,"মাশাআল্লাহ খুব ভালো পরেছে, আপনারা চাইলে নিঃসন্দেহে নিতে পারেন👌","মাশাআল্লাহ খুব ভালো পরেছে, আপনারা চাইলে নিঃসন্দেহে নিতে পারেন.",product_quality_positive
2494,49311525970849,"এই দামে এক কথায় অসাধারণ, ভাবতেও পারিনি এইরকম এত সুন্দর হবে।","এই দামে এক কথায় অসাধারণ, ভাবতেও পারিনি এইরকম এত সুন্দর হবে.",price_positive#product_quality_positive
2495,49312072670849,ata onik valo. apnara nite paren. ami mone korcho je valo hobe na. kintu valo hoiche. good😎😎😎😎,ata onik valo. apnara nite paren. ami mone korcho je valo hobe na. kintu valo hoiche. good.,product_quality_positive
2496,49311985770849,তিন পিছ নিয়েছিলাম।দাম হিসেবে ঠিক আছে। \n\nনিতে পারেন।,তিন পিছ নিয়েছিলাম দাম হিসেবে ঠিক আছে n nনিতে পারেন.,price_neutral#product_quality_neutral
2497,49311545370849,অনেক ভালো একটা এয়ার বাডস।।।সবাই নিতে পারেন।,অনেক ভালো একটা এয়ার বাডস সবাই নিতে পারেন.,product_quality_positive
2498,49310490370849,sobi thik chilo 😊😁 amr besh vlo lagse tnx,sobi thik chilo amr besh vlo lagse tnx.,product_quality_positive
2499,49311801970849,"এই প্রাইজ  এর মধ্যে বেস্ট হবে এটা নিতে পারেন,,","এই প্রাইজ এর মধ্যে বেস্ট হবে এটা নিতে পারেন,,.",price_positive#product_quality_positive
2500,49310545770849,onk valo ei dame . recommend 👍,onk valo ei dame . recommend.,price_positive#product_quality_positive
2501,49310831570849,"দ্বিতীয় বার নিলাম,এই দামে সেরা,চোঁখ বন্ধ করে নিতে পারেন😎👍","দ্বিতীয় বার নিলাম,এই দামে সেরা,চোঁখ বন্ধ করে নিতে পারেন.",price_positive#product_quality_positive
2502,49310471270849,Alhamdulillah Product ta valo and delivery o khub fast peyechi 😊,Alhamdulillah Product ta valo and delivery o khub fast peyechi.,delivery_positive#product_quality_positive
2503,49312230170849,পন্যোটি খারাপ বাম কানের টা বাজে আর ডান কানের টা বাজে না,পন্যোটি খারাপ বাম কানের টা বাজে আর ডান কানের টা বাজে না.,product_quality_negative
2504,49312023970849,Onek Joss . Ei budget e best . Sound quality pretty good.,Onek Joss . Ei budget e best . Sound quality pretty good.,price_positive#product_quality_positive
2505,49310975070849,দাম হিসেবে অনেক ভালো এটা \nসবাই নিতে পারেন,দাম হিসেবে অনেক ভালো এটা nসবাই নিতে পারেন.,price_positive#product_quality_positive
2506,49310546270849,ভালোই আছে বেশ খুবই সুন্দর আপনারা সবাই কিনতে পারেন,ভালোই আছে বেশ খুবই সুন্দর আপনারা সবাই কিনতে পারেন.,product_quality_positive
2507,49311780970849,এক কথায় ১০ এ ১০👍,এক কথায় ১০ এ ১০.,product_quality_positive
2508,49311653770849,খারাপ না কম টাকার মধ্য অনেক ভালোই চলছে।।\n,খারাপ না কম টাকার মধ্য অনেক ভালোই চলছে n.,price_positive#product_quality_positive
2509,49311264470849,dam hisabe thik thak ase \ndaraz ke thaks fast delivery deyar jonno,dam hisabe thik thak ase ndaraz ke thaks fast delivery deyar jonno.,delivery_positive#price_neutral#product_quality_neutral
2510,49311636970849,খুব ভালো প্রোডাক্ট অল্প দামে,খুব ভালো প্রোডাক্ট অল্প দামে.,price_positive#product_quality_positive
2511,49312335270849,হেট ফোন টা আনে ভালো দেখতে যেমন তেমনি সাউন্ড  হেব্বি,হেট ফোন টা আনে ভালো দেখতে যেমন তেমনি সাউন্ড হেব্বি.,product_quality_positive
2512,49311081070849,দাম হিসেবে অনেক ভালো পণ্য। 320টাকায় নেওয়া,দাম হিসেবে অনেক ভালো পণ্য 320টাকায় নেওয়া.,price_positive#product_quality_positive
2513,49311802470849,sounds quality onek balo sobai nite paren😍,sounds quality onek balo sobai nite paren.,product_quality_positive
2514,49311794270849,মোটামুটি। তবে চার্জে সন্তুষ্ট না আমি,মোটামুটি তবে চার্জে সন্তুষ্ট না আমি.,product_quality_neutral
2515,49312547470849,thank you so much... Vhabi ni ato valo Quality pabo tnq seller,thank you so much.. Vhabi ni ato valo Quality pabo tnq seller.,product_quality_positive
2516,49312015170849,"hum dam hisebe onk vlo matro 310 tk a paisi, thanks","hum dam hisebe onk vlo matro 310 tk a paisi, thanks.",price_positive#product_quality_positive
2517,49311365770849,ভালো মানের একটা প্রোডাক্ট একদিন চাজ দিলে তিন-চার দিন যায়,ভালো মানের একটা প্রোডাক্ট একদিন চাজ দিলে তিন-চার দিন যায়.,product_quality_positive
2518,49311811070849,alhamdulillah onak valo product☺️ sobai neta paran 🌺,alhamdulillah onak valo product sobai neta paran.,product_quality_positive
2519,49310639470849,onek vlo product... ar sller ta onek vlo,onek vlo product.. ar sller ta onek vlo.,product_quality_positive
2520,49312366470849,"মোটামুটি ভালো,, বাজারে প্রায় একই দামে পাওয়া যায়।।","মোটামুটি ভালো,, বাজারে প্রায় একই দামে পাওয়া যায়.",price_neutral#product_quality_neutral
2521,49311482570849,ভালো হয়েছে। ধন্যবাদ বাংলাদেশ  সরকার \n,ভালো হয়েছে ধন্যবাদ বাংলাদেশ সরকার n.,product_quality_positive
2522,49311556070849,ভালোই চলছে...যা চাইছি তাই পাইছি❤️❤️,ভালোই চলছে..যা চাইছি তাই পাইছি.,product_quality_positive
2523,49311754870849,সবকিছু মিলাই অনেক ভালো আলহামদুলিল্লাহ,সবকিছু মিলাই অনেক ভালো আলহামদুলিল্লাহ.,product_quality_positive
2524,49310991270849,জিনের দাম অনুযাই খুব ভালো কেউ নিতে চাইলে নিতে  পারেন 🥰🥰,জিনের দাম অনুযাই খুব ভালো কেউ নিতে চাইলে নিতে পারেন.,price_positive#product_quality_positive
2525,49310692170849,সবাই নিতে পারেন প্রোডাক্টটি ভালো,সবাই নিতে পারেন প্রোডাক্টটি ভালো.,product_quality_positive
2526,49310682670849,"ভালোই আছে,চাইলে আপনারা নিতে পারেন।","ভালোই আছে,চাইলে আপনারা নিতে পারেন.",product_quality_positive
2527,49311707870849,"যেমন দেখেছি তেমনই পাইছি, খুব ভালো প্রোডাক্ট টি","যেমন দেখেছি তেমনই পাইছি, খুব ভালো প্রোডাক্ট টি.",product_quality_positive
2528,49312010570849,অনেক ভালো প্রোডাক্ট। চাইলে সবাই নিতে পারেন,অনেক ভালো প্রোডাক্ট চাইলে সবাই নিতে পারেন.,product_quality_positive
2529,49311417470849,good product..\nsound quality taw motamoti,good product.. nsound quality taw motamoti.,product_quality_positive
2530,49311778070849,জিনিস টা ভালো ছিলো দুইটা নিছি মোটামুটি ভালো ই সবাই নিতে পারেন\n,জিনিস টা ভালো ছিলো দুইটা নিছি মোটামুটি ভালো ই সবাই নিতে পারেন n.,product_quality_positive
2531,49311250370849,ভাই এই দামে সেরা প্রোডাক্ট\n,ভাই এই দামে সেরা প্রোডাক্ট n.,price_positive#product_quality_positive
2532,49310796970849,এই দামে খুবই ভালো পন্য।,এই দামে খুবই ভালো পন্য.,product_quality_positive
2533,49311443570849,ভালো আছে সবাই নিতে পারেন,ভালো আছে সবাই নিতে পারেন.,product_quality_positive
2534,49311395170849,মাশাল্লাহ্ অনেক সুন্দর একটি পোডাক,মাশাল্লাহ্ অনেক সুন্দর একটি পোডাক.,product_quality_positive
2535,49311732470849,product Valo acy...nite paren shobai..,product Valo acy..nite paren shobai..,product_quality_positive
2536,49311228170849,এই বাজেটে এক কথায় ভালো।\n,এই বাজেটে এক কথায় ভালো n.,price_positive#product_quality_positive
2537,49311221570849,দাম হিসাবে অনেক সুন্দর জিনিস,দাম হিসাবে অনেক সুন্দর জিনিস.,price_positive#product_quality_positive
2538,49311817470849,khup valo prodakt.... thanks bhai \n,khup valo prodakt.. thanks bhai n.,product_quality_positive
2539,50752936170849,"এতো বাজে একটা প্রোডাক্ট দিছে আমারে সেলার, ডান কানেরটায় আওয়াজ একদম কম। অপরদিকে বাম কানেরটা একদম পারফেক্ট। তবে সাউন্ড কোয়ালিটিও আগের চেয়ে নষ্ট হয়ে গেছে। 
এতো ধোঁকাবাজি করার কী দরকার ছিলো। আপনাদের বানানো প্রোডাক্ট made in China বলে বিক্রি করার কী দরকার?? 
সামনে আরো সাবধানে থাকবেন। এই কারণে এসব প্রতারক স্টোরগুলো থেকে কেনাকাটা না করাই উত্তম। 
😡😡","এতো বাজে একটা প্রোডাক্ট দিছে আমারে সেলার, ডান কানেরটায় আওয়াজ একদম কম অপরদিকে বাম কানেরটা একদম পারফেক্ট তবে সাউন্ড কোয়ালিটিও আগের চেয়ে নষ্ট হয়ে গেছে এতো ধোঁকাবাজি করার কী দরকার ছিলো আপনাদের বানানো প্রোডাক্ট made in China বলে বিক্রি করার কী দরকার?? সামনে আরো সাবধানে থাকবেন এই কারণে এসব প্রতারক স্টোরগুলো থেকে কেনাকাটা না করাই উত্তম.",product_quality_negative
2540,53284251570849,অনেক ভালো ছিল প্রডাক্ট কিন্তু এখন আমার কাছে নেই ছবিটি দিতে পারলাম না কারণ ওটা আমার ফ্রেন্ড এর কাছে আছে,অনেক ভালো ছিল প্রডাক্ট কিন্তু এখন আমার কাছে নেই ছবিটি দিতে পারলাম না কারণ ওটা আমার ফ্রেন্ড এর কাছে আছে.,product_quality_positive
2541,51983960570849,"সাউন্ড কোয়ালিটি একদম বাজে । চার্জ থাকেনা 
টাচ ঠিক মতো কাজ করে না। চার্জে দিয়ে রাখলে সারাদিনই চার্জ ওঠে। তাও চলে না",সাউন্ড কোয়ালিটি একদম বাজে চার্জ থাকেনা টাচ ঠিক মতো কাজ করে না চার্জে দিয়ে রাখলে সারাদিনই চার্জ ওঠে তাও চলে না.,product_quality_negative
2542,54427619970849,ভাল প্রোডাক্ট আপনারা চাইলে সবাই নিতে পারেন চার্জ খুব ভালো টেকতেছি বাট ভালই আছে নিতে পারেন সবাই আপনারা প্রোডাক্ট দেখতে  যেরকম ওর থেকে হাজারগুন বেশি ভালো আর দেরি না করে সবাই নিয়ে ফেলুন জলদি আর ডেলিভারি বয় কে ধন্যবাদ প্রোডাক্টটা তাড়াতাড়ি দেওয়ার জন্য,ভাল প্রোডাক্ট আপনারা চাইলে সবাই নিতে পারেন চার্জ খুব ভালো টেকতেছি বাট ভালই আছে নিতে পারেন সবাই আপনারা প্রোডাক্ট দেখতে যেরকম ওর থেকে হাজারগুন বেশি ভালো আর দেরি না করে সবাই নিয়ে ফেলুন জলদি আর ডেলিভারি বয় কে ধন্যবাদ প্রোডাক্টটা তাড়াতাড়ি দেওয়ার জন্য.,delivery_positive#product_quality_positive
2543,51140689770849,পুরো ফালতু একটি প্রোডাক্ট। ভিতরে একটা ছিল আর একটা ছিল না। বক্সের ছবির সাথে প্রোডাক্ট এর কোন মিল নেই । প্যাকেজিং এর অবস্থাও একদম বাজে। এসব তো ১০০ টাকা করে ফুটপাতে পাওয়া যায়। দারাজের থেকে এটা আশা করিনি। এই সেলার এর কাছ থেকে কেউ নিবেন না।,পুরো ফালতু একটি প্রোডাক্ট ভিতরে একটা ছিল আর একটা ছিল না বক্সের ছবির সাথে প্রোডাক্ট এর কোন মিল নেই প্যাকেজিং এর অবস্থাও একদম বাজে এসব তো ১০০ টাকা করে ফুটপাতে পাওয়া যায় দারাজের থেকে এটা আশা করিনি এই সেলার এর কাছ থেকে কেউ নিবেন না.,packaging_negative#product_quality_negative
2544,54269682570849,quality valo na  dhakna bhanga porse sound valo battery khule ber hoiya jai khub eh baje quality ar ageo nisi oita valo chilo kintu ata quality khb eh kharap porse use korar moto na,quality valo na dhakna bhanga porse sound valo battery khule ber hoiya jai khub eh baje quality ar ageo nisi oita valo chilo kintu ata quality khb eh kharap porse use korar moto na.,product_quality_negative
2545,50487395070849,"খুব বাজে একটা প্রোডাক্ট, আমাকে নষ্ট ইয়ারফোন দিয়েছে, রিটার্ন করতে গেলে নানান কাহিনী, ভুলেও কেউ নিবেন না","খুব বাজে একটা প্রোডাক্ট, আমাকে নষ্ট ইয়ারফোন দিয়েছে, রিটার্ন করতে গেলে নানান কাহিনী, ভুলেও কেউ নিবেন না.",product_quality_negative
2546,52573632570849,দেখতে সবকিছু ভালো হলেও চার্জ হতে অনেক দেরি হয় এবং কানেক্ট হয় না। চার্জ হলেও অটোমেটিক বন্ধ হয়ে যায় আরো অনেক ধরনের সমস্যা দেখা দিচ্ছে। যতটুকু এক্সপেক্ট করেছিলাম তার কিছুই পেলাম না। যদি কেউ কিনতে চান তাহলে আর একটু উন্নত মানের কোয়ালিটি দেখে কিনুন দুই টাকা বেশি দিয়ে হলেও সবকিছু ঠিকঠাক পাবেন আশা করি।,দেখতে সবকিছু ভালো হলেও চার্জ হতে অনেক দেরি হয় এবং কানেক্ট হয় না চার্জ হলেও অটোমেটিক বন্ধ হয়ে যায় আরো অনেক ধরনের সমস্যা দেখা দিচ্ছে যতটুকু এক্সপেক্ট করেছিলাম তার কিছুই পেলাম না যদি কেউ কিনতে চান তাহলে আর একটু উন্নত মানের কোয়ালিটি দেখে কিনুন দুই টাকা বেশি দিয়ে হলেও সবকিছু ঠিকঠাক পাবেন আশা করি.,product_quality_negative
2547,52689725370849,ak kothai osadharon.ajk 15/20din hobe use kortesi khrap nh vloi.r.delivery man er kotha ow onk vlo.,ak kothai osadharon.ajk 15 20din hobe use kortesi khrap nh vloi.r.delivery man er kotha ow onk vlo.,delivery_positive#product_quality_positive
2548,54411410470849,"মাশাআল্লাহ, আলহামদুলিল্লাহ, ইনটেক প্যাকেট, সাউন্ড কোয়ালিটি অনেক ভালো, চার্জ ওকে, অসাধারণ একটা ইয়ারফোনে। ধন্যবাদ সেলারকে, ধন্যবাদ দারাজকে।","মাশাআল্লাহ, আলহামদুলিল্লাহ, ইনটেক প্যাকেট, সাউন্ড কোয়ালিটি অনেক ভালো, চার্জ ওকে, অসাধারণ একটা ইয়ারফোনে ধন্যবাদ সেলারকে, ধন্যবাদ দারাজকে.",packaging_positive#product_quality_positive
2549,54245291270849,Alhamdulillah jinis ta valo. dam hisebe onk onk valo hoyese review na diye parlam na 🥰🥰 selar bhaiya o onk valo chilo 👍❤️,Alhamdulillah jinis ta valo. dam hisebe onk onk valo hoyese review na diye parlam na selar bhaiya o onk valo chilo.,seller_service_positive#price_positive#product_quality_positive
2550,52820396570849,"ভালোই, তবে powerbank টা একদমই বাজে।কম টাকায় ঠিক আছে।আমার মতো গরিবরা নিতে পারেন, বড়োলকরা এমনিতেই নিবে না🙂 পাওয়ারব্যাংটা ঠিক করার জন্য ১ ঘন্টা থাবরাইছি।😑🙂","ভালোই, তবে powerbank টা একদমই বাজে কম টাকায় ঠিক আছে আমার মতো গরিবরা নিতে পারেন, বড়োলকরা এমনিতেই নিবে না পাওয়ারব্যাংটা ঠিক করার জন্য ১ ঘন্টা থাবরাইছি.",price_neutral#product_quality_positive
2551,52164367870849,খুবই সুন্দর একটা প্রোডাক্ট আমি গত কালকে হাতে পেয়েছি  সাউন্ড সিস্টেমটা অনেক ভালো ধন্যবাদ দারাজ।,খুবই সুন্দর একটা প্রোডাক্ট আমি গত কালকে হাতে পেয়েছি সাউন্ড সিস্টেমটা অনেক ভালো ধন্যবাদ দারাজ.,product_quality_positive
2552,50495841270849,আলহামদুলিল্লাহ দাম অনুযায়ী ভালো ১ দিন পরে বলছি ব্যবহার করে।আমাদের এলাকার সেলার টা অনেক ভালো,আলহামদুলিল্লাহ দাম অনুযায়ী ভালো ১ দিন পরে বলছি ব্যবহার করে আমাদের এলাকার সেলার টা অনেক ভালো.,seller_service_positive#price_positive#product_quality_positive
2553,49524670770849,একদম বাজে একটা পন্য দিছে।নষ্ট দিয়ে গেছে।পরে আবার আমি রিটার্ন মেসেজ দিয়েছি তাও আবার না করে দিছে।টাকা দিয়ে কিনেছি তাহলে নষ্ট দিবে কেন।আবার রিটার্ন  ও নিবে না।,একদম বাজে একটা পন্য দিছে নষ্ট দিয়ে গেছে পরে আবার আমি রিটার্ন মেসেজ দিয়েছি তাও আবার না করে দিছে টাকা দিয়ে কিনেছি তাহলে নষ্ট দিবে কেন আবার রিটার্ন ও নিবে না.,product_quality_negative
2554,54996560070849,"নষ্ট চালু হয়না চার্জও হয়না আমি রির্টন করব, আপনারা কেও নিয়েন না এরা নষ্ট জিনিসই দেয়","নষ্ট চালু হয়না চার্জও হয়না আমি রির্টন করব, আপনারা কেও নিয়েন না এরা নষ্ট জিনিসই দেয়.",product_quality_negative
2555,49312346370849,ইউজ করার পরে ভিডিওটা দেখছি অনেক ভালো একটা ব্লুটুথ চার্জার পিন টাইপ সি তিন থেকে চার ঘন্টা চলে ভালো চাইলে নিতে পারেন,ইউজ করার পরে ভিডিওটা দেখছি অনেক ভালো একটা ব্লুটুথ চার্জার পিন টাইপ সি তিন থেকে চার ঘন্টা চলে ভালো চাইলে নিতে পারেন.,product_quality_positive
2556,49858607970849,আলহামদুলিল্লাহ সাউন্ড কোয়ালিটি এবং বিল্ড কোয়ালিটি অনেক ভালো সবাই নিতে পারেন,আলহামদুলিল্লাহ সাউন্ড কোয়ালিটি এবং বিল্ড কোয়ালিটি অনেক ভালো সবাই নিতে পারেন.,product_quality_positive
2557,53213692470849,কেউ নিবেন না এটা খুব বাজে পডাক্ট এই পডাক্ট নিলে লছ হবে এটার সমস্যার ওভাব নাই,কেউ নিবেন না এটা খুব বাজে পডাক্ট এই পডাক্ট নিলে লছ হবে এটার সমস্যার ওভাব নাই.,product_quality_negative
2558,49312540970849,"জিনিস টা ভালো,,,, কিন্তু মাঝে মাঝে অন্য মোবাইলে কানেক্ট হয়ে যায় ।\n\nসেলার ডেলিভারি দিতে দেরি করেছে।","জিনিস টা ভালো,, কিন্তু মাঝে মাঝে অন্য মোবাইলে কানেক্ট হয়ে যায় n nসেলার ডেলিভারি দিতে দেরি করেছে.",delivery_negative#product_quality_positive
2559,49312229370849,ফালতু একটা প্রোডাক্ট একটা কানেক্ট হয় আরেকটা হয় না এগুলো মানুষের প্রতারণা করা নেট সমস্যা কারণে ফেরত ও দিতে পারতেছি না😡,ফালতু একটা প্রোডাক্ট একটা কানেক্ট হয় আরেকটা হয় না এগুলো মানুষের প্রতারণা করা নেট সমস্যা কারণে ফেরত ও দিতে পারতেছি না.,product_quality_negative
2560,54756564570849,"khub valo 
sound quality just akkothai jose 
matro 23 ghontai delivery hoise",khub valo sound quality just akkothai jose matro 23 ghontai delivery hoise.,delivery_positive#product_quality_positive
2561,52885361670849,khubi baje product on hoina .... er moto baje product er age kokhono paini,khubi baje product on hoina .. er moto baje product er age kokhono paini.,product_quality_negative
2562,49311617970849,onk valo shobai nite paro sound quality 😘😘 doita akloge porle bahirer awaj shunba na. ami  1 mash use \nrevew ditasi😁\n,onk valo shobai nite paro sound quality doita akloge porle bahirer awaj shunba na. ami 1 mash use nrevew ditasi n.,product_quality_positive
2563,49311916470849,প্রডাক্ট পেযেছি প্রায় ১ মাস আগে। এই এক মাস ব্যবহার করে বুঝলাম খুবই ভালো প্রডাক্টটি। ১মাস ব্যাবহার করার পর আজ রিভিউ দিলাম।,প্রডাক্ট পেযেছি প্রায় ১ মাস আগে এই এক মাস ব্যবহার করে বুঝলাম খুবই ভালো প্রডাক্টটি ১মাস ব্যাবহার করার পর আজ রিভিউ দিলাম.,product_quality_positive
2564,49311093670849,first time chilo.. voye voye order disilam but alhamdulillah onek valo 🫶 sounds quality is really good r charge o imagine ja kore chilam tar theke must better 🫶,first time chilo.. voye voye order disilam but alhamdulillah onek valo sounds quality is really good r charge o imagine ja kore chilam tar theke must better.,product_quality_positive
2565,49311436970849,অল্প বাজেটের ভিতরে প্রোডাক্টটা সুন্দর। সেলার কে\n ধন্যবাদ দ্রুত প্রোডাক্টটা ডেলিভারি দেয়ার জন্য। \nধন্যবাদ Daraz,অল্প বাজেটের ভিতরে প্রোডাক্টটা সুন্দর সেলার কে n ধন্যবাদ দ্রুত প্রোডাক্টটা ডেলিভারি দেয়ার জন্য nধন্যবাদ Daraz.,delivery_positive#price_positive#product_quality_positive
2566,49311656070849,মাশাল্লাহ খুব তাড়াতাড়ি ডেলিভারি ম্যান মালটা ডেলিভারি করছে আর ভাইয়ের ব্যবহারটা খুব ভালো ছিল \nআর সেলার ভাই মালটা খুব ভালো দিছে,মাশাল্লাহ খুব তাড়াতাড়ি ডেলিভারি ম্যান মালটা ডেলিভারি করছে আর ভাইয়ের ব্যবহারটা খুব ভালো ছিল nআর সেলার ভাই মালটা খুব ভালো দিছে.,seller_service_positive#delivery_positive#product_quality_positive
2567,49310391670849,"অনেক ভালো পণ্য টি,,,,, আমি অনেকে দিন ধরে ডারাজের সঙ্গে আছি আলহামদুলিল্লাহ পণ্য ভালো,,,কিন্তু ব্লুটুথ এর চর্জার টা লাগবে tipe c,,,কিন্তু আমাকে অন্য টা দিয়েছে,,,,,কিন্তু ব্লুটুথ টা অনেক ভালো🥰🥰","অনেক ভালো পণ্য টি,, আমি অনেকে দিন ধরে ডারাজের সঙ্গে আছি আলহামদুলিল্লাহ পণ্য ভালো,,কিন্তু ব্লুটুথ এর চর্জার টা লাগবে tipe c,,কিন্তু আমাকে অন্য টা দিয়েছে,,কিন্তু ব্লুটুথ টা অনেক ভালো.",product_quality_positive
2568,49650990370849,2 ta kinechilam... jothesto bhalo.... sound quality onk bhalo legeche 🙂,2 ta kinechilam.. jothesto bhalo.. sound quality onk bhalo legeche.,product_quality_positive
2569,49394278270849,পণ্য ভালো পাইছি। কিন্তু আগের বার সব ঠিকই ছিল। আমাকে শুধু চার্জারটা দেওয়া হয় নাই।,পণ্য ভালো পাইছি কিন্তু আগের বার সব ঠিকই ছিল আমাকে শুধু চার্জারটা দেওয়া হয় নাই.,product_quality_positive
2570,51704273070849,"home delivery dicce na, main road e delivery dicce delivery man.","home delivery dicce na, main road e delivery dicce delivery man.",delivery_negative
2571,51232924270849,প্রোডাক্টটা অনেক ভালো নিতে পারেন কিন্তু একটু বড় সাইজ হয়ে যায়,প্রোডাক্টটা অনেক ভালো নিতে পারেন কিন্তু একটু বড় সাইজ হয়ে যায়.,product_quality_positive
2572,50978592970849,বাজেট বিবেচনা ঠিক আছে কিন্তু চার্জ আর একটু ভালো থাকলে ভালো হতো,বাজেট বিবেচনা ঠিক আছে কিন্তু চার্জ আর একটু ভালো থাকলে ভালো হতো.,price_neutral#product_quality_neutral
2573,49312259570849,tws m10 wirless khub balo ❤️❤️\n sellar tau balo silo delivery hoata paita aktu late hoica ❤️‍🩹 sobai nita paran 2.5 hourse batary backup ❤️,tws m10 wirless khub balo n sellar tau balo silo delivery hoata paita aktu late hoica sobai nita paran 2.5 hourse batary backup.,seller_service_positive#delivery_negative#product_quality_positive
2574,49312084670849,আলহামদুলিল্লাহ আলহামদুলিল্লাহ একদম মন মতো পেলাম ধন্যবাদ দারাজকে ধন্যবাদ সেলার ভাই কে\nসকলে নিতে পারেন বাজেট অনুযায়ী অনেক ভালো,আলহামদুলিল্লাহ আলহামদুলিল্লাহ একদম মন মতো পেলাম ধন্যবাদ দারাজকে ধন্যবাদ সেলার ভাই কে nসকলে নিতে পারেন বাজেট অনুযায়ী অনেক ভালো.,price_positive#product_quality_positive
2575,49312469570849,ভালো ❤️ ৩৩০ টাকা হিসেবে দারুন ❤️আপনারা চাইলে নিতে পারেন শাওন মোটামুটি ভালো 🫣 মোহাম্মদ জুবায়েদ 🫣🫶,ভালো ৩৩০ টাকা হিসেবে দারুন আপনারা চাইলে নিতে পারেন শাওন মোটামুটি ভালো মোহাম্মদ জুবায়েদ.,price_positive#product_quality_positive
2576,49311658370849,যেরকম চেয়েছি। সেরকম পেয়েছি তাই ধ্যবাদ Daraz কে। তবে Daraz কে বলবো সব সময় যেন ভালো কিছু দেয়। ধন্যবাদ ডেলিভারি ম্যান কে। সবাই আশা করি থাকবেন Daraz এর  পাশে।,যেরকম চেয়েছি সেরকম পেয়েছি তাই ধ্যবাদ Daraz কে তবে Daraz কে বলবো সব সময় যেন ভালো কিছু দেয় ধন্যবাদ ডেলিভারি ম্যান কে সবাই আশা করি থাকবেন Daraz এর পাশে.,product_quality_positive
2577,49312172870849,আলহামদুলিল্লাহ। প্রডাক্ট কোয়ালিটি ভালো। সাউন্ড কোয়ালিটি ভালো। ব্যাটারি চার্জ অনেক ক্ষন থাকে। সেলার কে ধন্যবাদ।,আলহামদুলিল্লাহ প্রডাক্ট কোয়ালিটি ভালো সাউন্ড কোয়ালিটি ভালো ব্যাটারি চার্জ অনেক ক্ষন থাকে সেলার কে ধন্যবাদ.,product_quality_positive
2578,54768386870849,অসাধারণ। এবার দিয়ে আমি পরপর দুইবার অর্ডার করে রিসিভ করেছি।,অসাধারণ এবার দিয়ে আমি পরপর দুইবার অর্ডার করে রিসিভ করেছি.,product_quality_positive
2579,49311276170849,akta intake chilo na....r akta te type 2 cable diche...seta diya ami ki korbo...mul product motamuti valo,akta intake chilo na..r akta te type 2 cable diche..seta diya ami ki korbo..mul product motamuti valo.,product_quality_neutral
2580,49311614470849,Sound quality eto joss Vai unbelievable eto kom price a eto vlo hbe vbteo Pari nai fully satisfied♥️🔥 Thanks daraz,Sound quality eto joss Vai unbelievable eto kom price a eto vlo hbe vbteo Pari nai fully satisfied Thanks daraz.,price_positive#product_quality_positive
2581,49311287370849,কিছুদিন ব্যবহার করার পর রিভিউ দিলাম। জিনিসটা অনেক ভালো কোয়ালিটির  💖 বলতে গেলে ১০০তে ১০০। সবাই নিতে পারেন। আশা করা যায় কেউ ঠকবেন না। \n\nধন্যবাদ সেলার এবং ডেলিভারি ম্যানকে 🌼💖 তাদের ব্যবহার ওও অনেক ভালো 💖🌼\n\nThanks a lot💖,কিছুদিন ব্যবহার করার পর রিভিউ দিলাম জিনিসটা অনেক ভালো কোয়ালিটির বলতে গেলে ১০০তে ১০০ সবাই নিতে পারেন আশা করা যায় কেউ ঠকবেন না n nধন্যবাদ সেলার এবং ডেলিভারি ম্যানকে তাদের ব্যবহার ওও অনেক ভালো n nThanks a lot.,seller_service_positive#delivery_positive#product_quality_positive
2582,49310697970849,দাম হিসেবে ভালো জিনিস। সাউন্ড কোয়ালিটি মোটামুটি ভালো। চার্জ ১.৩০-২.০০ ঘন্টা থাকে। কেস দিয়ে বাড গুলো ২-৩ বার চার্জ দেয়া যায়। \n,দাম হিসেবে ভালো জিনিস সাউন্ড কোয়ালিটি মোটামুটি ভালো চার্জ ১.৩০-২.০০ ঘন্টা থাকে কেস দিয়ে বাড গুলো ২-৩ বার চার্জ দেয়া যায় n.,price_positive#product_quality_positive
2583,54925835070849,"বেশি ভালো না, ব্যাটারীতে চার্জ থাকে না, না নেওয়াই ভালো হবে","বেশি ভালো না, ব্যাটারীতে চার্জ থাকে না, না নেওয়াই ভালো হবে.",product_quality_negative
2584,49311172970849,দারাজে অর্ডার করলে ডেলিভারি দিতে অনেক সময় লাগে এই কারণেই ভালো লাগেনা কিছু অর্ডার দিতে,দারাজে অর্ডার করলে ডেলিভারি দিতে অনেক সময় লাগে এই কারণেই ভালো লাগেনা কিছু অর্ডার দিতে.,delivery_negative
2585,49312065770849,সম্পূর্ণ বাজে প্রডাক্ট। ৭ দিন ব্যবহার করছি তারপর নষ্ট হয়ে গেছে। কেউ নিয়েন না।,সম্পূর্ণ বাজে প্রডাক্ট ৭ দিন ব্যবহার করছি তারপর নষ্ট হয়ে গেছে কেউ নিয়েন না.,product_quality_negative
2586,51436394970849,"মূল্য অনুযায়ী প্রডাক্ট মুটামুটি ভালোই,  চাইলে নিতে পারেন।","মূল্য অনুযায়ী প্রডাক্ট মুটামুটি ভালোই, চাইলে নিতে পারেন.",price_neutral#product_quality_neutral
2587,49310392870849,সাউন্ড কোয়ালিটি একটু নিন্ম মানের আবার অতো বেশিও না।। বেজ মোটামুটি ভালোই।। তবে রিভিও দেখে নেওয়ার পর আমি নিজেও দেখলাম দুইটা বাডের সাউন্ড একরকম নয়।  ডানদিকেরটার সাউন্ড তুলনামূলক লো।। বেশিক্ষণ পড়ে থাকলে কান একটু ব্যাথা ব্যাথা মনে হয়।। তবে আমি বলব এইদামে খুবই দারুণ হেডফোন যারা শুধু মিউজিক শুনেন। কথা বলার জন্য পারফেক্ট না। চার্জ থাকে ৩/৪ ঘণ্টা।। \n\nপ্রোডাক্টি মোচড়ানো অবস্থায় পেয়েছি তাই সেলার রেটং poor দিলাম....,সাউন্ড কোয়ালিটি একটু নিন্ম মানের আবার অতো বেশিও না বেজ মোটামুটি ভালোই তবে রিভিও দেখে নেওয়ার পর আমি নিজেও দেখলাম দুইটা বাডের সাউন্ড একরকম নয় ডানদিকেরটার সাউন্ড তুলনামূলক লো বেশিক্ষণ পড়ে থাকলে কান একটু ব্যাথা ব্যাথা মনে হয় তবে আমি বলব এইদামে খুবই দারুণ হেডফোন যারা শুধু মিউজিক শুনেন কথা বলার জন্য পারফেক্ট না চার্জ থাকে ৩ ৪ ঘণ্টা n nপ্রোডাক্টি মোচড়ানো অবস্থায় পেয়েছি তাই সেলার রেটং poor দিলাম..,packaging_negative#price_positive#product_quality_positive
2588,51387176470849,পণ্যটা ভালোই ।আপনারা চাইলে নিতে পারেন। সবকিছু ঠিকঠাক ছিল,পণ্যটা ভালোই আপনারা চাইলে নিতে পারেন সবকিছু ঠিকঠাক ছিল.,product_quality_positive
2589,49310866970849,একদম বাজে একটা প্রোডাক্ট । এর ফিনিশিং ভালো না। \nঈদ আমি এর থেকে ভালো মানের সাউন্ড কোয়ালিটির হেডফোন পাওয়া যায় যেগুলো বাজে অ্যাভেইলেবল। \nযখন কোন প্রোডাক্ট কিনবেন ১০ টাকা বেশি দিয়ে ভালো জিনিস কিনা এই খারাপ জিনিসগুলা কিনেন না যাতে পরে পস্তাতে না হয় । \n\n,একদম বাজে একটা প্রোডাক্ট এর ফিনিশিং ভালো না nঈদ আমি এর থেকে ভালো মানের সাউন্ড কোয়ালিটির হেডফোন পাওয়া যায় যেগুলো বাজে অ্যাভেইলেবল nযখন কোন প্রোডাক্ট কিনবেন ১০ টাকা বেশি দিয়ে ভালো জিনিস কিনা এই খারাপ জিনিসগুলা কিনেন না যাতে পরে পস্তাতে না হয় n n.,product_quality_negative
2590,49729902170849,আলহামদুলিল্লাহ প্রোডাক্টটা অনেক ভালো যারা নিতে চান নিতে পারেন,আলহামদুলিল্লাহ প্রোডাক্টটা অনেক ভালো যারা নিতে চান নিতে পারেন.,product_quality_positive
2591,49377375770849,aita onek valo kaj kore ami 3month use korsi onek valo\napnara nite paren,aita onek valo kaj kore ami 3month use korsi onek valo napnara nite paren.,product_quality_positive
2592,49312180070849,"সাধারণ TWS যেমন ব্যাটারি ব্যাকাপ দেয় সেরকম টাই পেয়েছি, ফুল চার্জ করার পর ৩ ঘন্টা একটানা গান শোনা যায়,  চার্জিং কেস দিয়ে ৪ বার ফুল চার্জ করা জায়, দাম হিসেবে সাউন্ড কোয়ালিটি অনেক ভালো,  সব মিলিয়ে আমি শতভাগ  সন্তুষ্ট ❤️।","সাধারণ TWS যেমন ব্যাটারি ব্যাকাপ দেয় সেরকম টাই পেয়েছি, ফুল চার্জ করার পর ৩ ঘন্টা একটানা গান শোনা যায়, চার্জিং কেস দিয়ে ৪ বার ফুল চার্জ করা জায়, দাম হিসেবে সাউন্ড কোয়ালিটি অনেক ভালো, সব মিলিয়ে আমি শতভাগ সন্তুষ্ট.",price_positive#product_quality_positive
2593,49577032470849,sotti eto valo product eto kom vabtei obak lage ek kotay osadaron😍,sotti eto valo product eto kom vabtei obak lage ek kotay osadaron.,price_positive#product_quality_positive
2594,49525038770849,"product quality average, price hisabe thik ace, backup temon besi dey na.","product quality average, price hisabe thik ace, backup temon besi dey na.",price_neutral#product_quality_neutral
2595,50660139570849,"khub beshi baje, dhakna lagena, bhanga product dise","khub beshi baje, dhakna lagena, bhanga product dise.",product_quality_negative
2596,52915525470849,বাটপারের দল একটা দিছ আমারে চার্জ থাকে না ৫ মিনিট ও,বাটপারের দল একটা দিছ আমারে চার্জ থাকে না ৫ মিনিট ও.,product_quality_negative
2597,53559206770849,ওয়ালেট দাম অনুযায়ী ভালোই। মাত্রই রিসিভ করেছি। ❣️,ওয়ালেট দাম অনুযায়ী ভালোই মাত্রই রিসিভ করেছি.,price_positive#product_quality_positive
2598,49311484570849,যেমন ভাবছিলাম তেমন ই পেয়েছি। কিন্তু ব্যাটারি ব্যাকআপ আর একটু লং টাইম দরকার ছিল। দাম হিসেবে সাউন্ড কোয়ালিটি অনেক ভাল। সবাই নিতে পারেন। ধন্যবাদ সেলার কে।,যেমন ভাবছিলাম তেমন ই পেয়েছি কিন্তু ব্যাটারি ব্যাকআপ আর একটু লং টাইম দরকার ছিল দাম হিসেবে সাউন্ড কোয়ালিটি অনেক ভাল সবাই নিতে পারেন ধন্যবাদ সেলার কে.,price_positive#product_quality_positive
2599,54778488570849,এটা একটুও ভালো না চাজ থাকে এটা আমি রিটান করতে চাই,এটা একটুও ভালো না চাজ থাকে এটা আমি রিটান করতে চাই.,product_quality_negative
2600,51516336370849,ভালই তবে চার্জ ২ ঘন্টার বেশি থাকে...  নিতেরপারেন,ভালই তবে চার্জ ২ ঘন্টার বেশি থাকে.. নিতেরপারেন.,product_quality_positive
2601,49310659370849,earphone er quality bhalo peye review dite mone chilo na product ta onk joss and bhalo,earphone er quality bhalo peye review dite mone chilo na product ta onk joss and bhalo.,product_quality_positive
2602,51598290170849,"ফালতু একটা প্রডাক্ট ভাই,, চার্জ খুবই কম থাকে।","ফালতু একটা প্রডাক্ট ভাই,, চার্জ খুবই কম থাকে.",product_quality_negative
2603,52246176070849,product ta khub valo.  chaile je keu nite paren,product ta khub valo. chaile je keu nite paren.,product_quality_positive
2604,49310562270849,খুব ভালো প্রোডাক্ট আমি আজ ১০দিন পর রিভিউ দিচ্ছি এই প্রাইছে এরচেয়ে ভালো মাল কোথাও পাবেন না \n,খুব ভালো প্রোডাক্ট আমি আজ ১০দিন পর রিভিউ দিচ্ছি এই প্রাইছে এরচেয়ে ভালো মাল কোথাও পাবেন না n.,price_positive#product_quality_positive
2605,49312008670849,"Jemon pic e chilo temon e paichi Sound o vloi,,, sellar vai  kew donnobad somoy moto dewar jonno.......","Jemon pic e chilo temon e paichi Sound o vloi,, sellar vai kew donnobad somoy moto dewar jonno..",delivery_positive#product_quality_positive
2606,49310478270849,Alhamdulillah daraj e ami protom.r protom order oi joldi paici.and jinis o onek valo.sobai nite paren,Alhamdulillah daraj e ami protom.r protom order oi joldi paici.and jinis o onek valo.sobai nite paren.,delivery_positive#product_quality_positive
2607,49312382870849,অসাধারণ ছিল   পণ্যটির গুণগতমান খুব সুন্দর এবং সার্ভিসও ভালো আপনারা নিতে পারেন \n,অসাধারণ ছিল পণ্যটির গুণগতমান খুব সুন্দর এবং সার্ভিসও ভালো আপনারা নিতে পারেন n.,product_quality_positive
2608,54313929370849,এটা সবচেয়ে ভালো পোর্টার এটা নিউজ নিতে পারেন,এটা সবচেয়ে ভালো পোর্টার এটা নিউজ নিতে পারেন.,product_quality_positive
2609,49310631070849,Alhamdhulillah সবাই নিতে পারেন অনেক ভালো ।। সেলার ভাইকে অসংখ্য ধন্যবাদ জানাই । ৪৮ ঘন্টার ভিতর হাতে পাইছি এই দামে এর থেকে আর কি আশা করা যায় ‌ ।।,Alhamdhulillah সবাই নিতে পারেন অনেক ভালো সেলার ভাইকে অসংখ্য ধন্যবাদ জানাই ৪৮ ঘন্টার ভিতর হাতে পাইছি এই দামে এর থেকে আর কি আশা করা যায়.,delivery_positive#price_positive#product_quality_positive
2610,49311026270849,ভাইরে ভাই এত সুন্দর আমি বলে বুঝাতে পারব না সেই চার্জে টিকসই এবং অত্যন্ত সুন্দর সাউন্ড কোয়ালিটি অসম্ভব সুন্দর থ্যাংক ইউ জানাচ্ছি দারাজ,ভাইরে ভাই এত সুন্দর আমি বলে বুঝাতে পারব না সেই চার্জে টিকসই এবং অত্যন্ত সুন্দর সাউন্ড কোয়ালিটি অসম্ভব সুন্দর থ্যাংক ইউ জানাচ্ছি দারাজ.,product_quality_positive
2611,49310637470849,product ti darun apnara chaile nite paren \nand thanks to delivery man fahim \nonek tara tari product ti ami peyegachi thanks you daraz /thanks fahim vhai 🥰🥰🥰,product ti darun apnara chaile nite paren nand thanks to delivery man fahim nonek tara tari product ti ami peyegachi thanks you daraz thanks fahim vhai.,delivery_positive#product_quality_positive
2612,49310644570849,"প্রথমে ভয় পেয়ে ছিলাম এত কম দামের পোডাক্ট কেমন হবে ভেবে,কিন্তু মাশা আল্লাহ, জিনিষটা খোব ভাল,টাকা হিসাবে\nআর ডেলিভারি ম্যেনের ব্যবহার ও খোব ভাল,আপনারও চাইলে নিতে পারেন,ধন্যবাদ সবাইকে","প্রথমে ভয় পেয়ে ছিলাম এত কম দামের পোডাক্ট কেমন হবে ভেবে,কিন্তু মাশা আল্লাহ, জিনিষটা খোব ভাল,টাকা হিসাবে nআর ডেলিভারি ম্যেনের ব্যবহার ও খোব ভাল,আপনারও চাইলে নিতে পারেন,ধন্যবাদ সবাইকে.",delivery_positive#price_positive#product_quality_positive
2613,50087390070849,ভালো প্রোডাক্ট আমি পেয়েছি। আওয়াজ ও ঠিক আছে,ভালো প্রোডাক্ট আমি পেয়েছি আওয়াজ ও ঠিক আছে.,product_quality_positive
2614,52379819470849,Joss but ডেলিভারি বয় এর ব্যবহার ভালো না 😒,Joss but ডেলিভারি বয় এর ব্যবহার ভালো না.,delivery_negative#product_quality_positive
2615,52662794570849,ata dam anu jayi onak valo.amar onak valo,ata dam anu jayi onak valo.amar onak valo.,price_positive#product_quality_positive
2616,50278131370849,অসাধারণ একটা জিনিস চাইলে আপনারও নিতে পারেন,অসাধারণ একটা জিনিস চাইলে আপনারও নিতে পারেন.,product_quality_positive
2617,50216412770849,great khub e valo charge back up onk valo,great khub e valo charge back up onk valo.,product_quality_positive
2618,54442156270849,250 takar Modde Best Bluetooth Headphones,250 takar Modde Best Bluetooth Headphones.,price_positive#product_quality_positive
2619,49312221870849,খুব ভালো প্রোডাক্ট সবাই নিতে পারেন চার্জ মোটামুটি ভাল থাকে এই দাম অনুযায়ী,খুব ভালো প্রোডাক্ট সবাই নিতে পারেন চার্জ মোটামুটি ভাল থাকে এই দাম অনুযায়ী.,price_positive#product_quality_positive
2620,49311487070849,ekdom baje charge becup thik ase but protak distarb keu niben nh,ekdom baje charge becup thik ase but protak distarb keu niben nh.,product_quality_negative
2621,49312628070849,"চাজ ভালো যায় না,ঘ্যার ঘ্যার শব্দ হয়,এক কথায় ভালো না,খুব বাজে","চাজ ভালো যায় না,ঘ্যার ঘ্যার শব্দ হয়,এক কথায় ভালো না,খুব বাজে.",product_quality_negative
2622,49311919970849,কথা ও কাজে মিল আছে কেউ নিতে চাইলে নিতে পারেন \nবিশ্বস্ততার সাথে প্রোডাক্টটা পেয়েছি,কথা ও কাজে মিল আছে কেউ নিতে চাইলে নিতে পারেন nবিশ্বস্ততার সাথে প্রোডাক্টটা পেয়েছি.,product_quality_positive
2623,49311847470849,dam onujayi product ta khubi bhalo. thik time e delivery diche na ei dame onek valo product diche,dam onujayi product ta khubi bhalo. thik time e delivery diche na ei dame onek valo product diche.,delivery_positive#price_positive#product_quality_positive
2624,49311560170849,"প্রোডাক্টটা অনেক ভালো ছিল ডেলিভারি ও খুব তাড়াতাড়ি পাইছি সব মিলিয়ে আলহামদুলিল্লাহ,,, 🥰🥰","প্রোডাক্টটা অনেক ভালো ছিল ডেলিভারি ও খুব তাড়াতাড়ি পাইছি সব মিলিয়ে আলহামদুলিল্লাহ,,.",delivery_positive#product_quality_positive
2625,49311784070849,very   nice product .  sound  quality  heavy\nআপনারা চাইলে নিতে পারেন।  খুব  দারুণ একটা প্রোডাক্ট।,very nice product . sound quality heavy nআপনারা চাইলে নিতে পারেন খুব দারুণ একটা প্রোডাক্ট.,product_quality_positive
2626,53068616170849,bangla mal kinto Sound quality onek valo,bangla mal kinto Sound quality onek valo.,product_quality_positive
2627,49311751470849,"কোয়ালিটি ভালো,, তবে প্রোডাক্ট প্রাইজ + ডেলিভারি চার্জ সব মিলিয়ে যে দাম পরলো তার থেকে ২০/৩০ টাকা কমে মার্কেটে পাওয়া যাবে,, \n\nতবে হ্যা জিনিস কিন্তু খারাপ না।","কোয়ালিটি ভালো,, তবে প্রোডাক্ট প্রাইজ ডেলিভারি চার্জ সব মিলিয়ে যে দাম পরলো তার থেকে ২০ ৩০ টাকা কমে মার্কেটে পাওয়া যাবে,, n nতবে হ্যা জিনিস কিন্তু খারাপ না.",price_neutral#product_quality_positive
2628,49798687070849,এক দম বাজে নষ্ট প্রোডাক্ট দেওয়া হয়েছে,এক দম বাজে নষ্ট প্রোডাক্ট দেওয়া হয়েছে.,product_quality_negative
2629,51628334770849,আলহামদুলিল্লাহ অনেক ভালো সবাই নিতে পারে,আলহামদুলিল্লাহ অনেক ভালো সবাই নিতে পারে.,product_quality_positive
2630,51304803970849,"ভালোই নিতে পারেন প্যাকেজিং ও ভালো ছিল ,","ভালোই নিতে পারেন প্যাকেজিং ও ভালো ছিল ,.",packaging_positive#product_quality_positive
2631,49311401870849,কম দামে আমার মনের মত প্রোডাক্ট।\n সাউন্ড ক্লিয়ার কোয়ালিটি সুন্দর চার্জও ভালো থাকে।,কম দামে আমার মনের মত প্রোডাক্ট n সাউন্ড ক্লিয়ার কোয়ালিটি সুন্দর চার্জও ভালো থাকে.,price_positive#product_quality_positive
2632,51707675370849,vai akta baja na retan debo hoyba ki,vai akta baja na retan debo hoyba ki.,product_quality_negative
2633,51875855670849,ঠিক যেমন টা চেয়েছি তেমনটা পেয়েছি 🥰🥰,ঠিক যেমন টা চেয়েছি তেমনটা পেয়েছি.,product_quality_positive
2634,50611386370849,Vai Eto Ekta premium fell dey na eta,Vai Eto Ekta premium fell dey na eta.,product_quality_neutral
2635,53566671870849,"গুড প্রোডাক্ট, সবাই নিতে পারেন 😊😊😊","গুড প্রোডাক্ট, সবাই নিতে পারেন.",product_quality_positive
2636,52851370970849,আলহামদুলিল্লাহ ভালো  সবাই নিতে পারেন,আলহামদুলিল্লাহ ভালো সবাই নিতে পারেন.,product_quality_positive
2637,51651482270849,অনেক ভালো প্রোডাক্ট নতুন মাল পেয়েছি,অনেক ভালো প্রোডাক্ট নতুন মাল পেয়েছি.,product_quality_positive
2638,49633692170849,এই দামের মধ্যে ভালো তবে চার্জ বেশি থাকে না,এই দামের মধ্যে ভালো তবে চার্জ বেশি থাকে না.,price_positive#product_quality_positive
2639,49311220470849,ভালো ২ সাপ্তাহ ব্যবহার করলাম মোটামুটি ভালো চার্জ একটু কম থাকে নিতে পারেন সবাই 🖐️,ভালো ২ সাপ্তাহ ব্যবহার করলাম মোটামুটি ভালো চার্জ একটু কম থাকে নিতে পারেন সবাই.,product_quality_neutral
2640,49311215470849,খুব ভালো প্রডাক ওডার দেয়ার দুইদিব পর হাতে পেয়ে ছি ডেলিভারি ম্যান  খুব ভালো আচারন করে ছে😊😊😊,খুব ভালো প্রডাক ওডার দেয়ার দুইদিব পর হাতে পেয়ে ছি ডেলিভারি ম্যান খুব ভালো আচারন করে ছে.,delivery_positive#product_quality_positive
2641,49310679270849,"Thanks seller vai ke eto kom dame emon ekta product dewar jonno,r matro 6 diner moddhe ami product hate paichi.Caile apnara nite paren.","Thanks seller vai ke eto kom dame emon ekta product dewar jonno,r matro 6 diner moddhe ami product hate paichi.Caile apnara nite paren.",delivery_positive#price_positive#product_quality_positive
2642,49538301170849,মোটামুটি ভালোই আপনারা চাইলে নিতে পারেন,মোটামুটি ভালোই আপনারা চাইলে নিতে পারেন.,product_quality_neutral
2643,49538026170849,ak Kothay osadharon review dilam 1 month por,ak Kothay osadharon review dilam 1 month por.,product_quality_positive
2644,52891069670849,আলহামদুলিল্লাহ সব কিছু টিক ছিলো।,আলহামদুলিল্লাহ সব কিছু টিক ছিলো.,product_quality_positive
2645,49312303670849,"কয়েকদিন ব্যাবহার করার পরে রিভিউ দিচ্ছি,মোটামুটি ভালোই।","কয়েকদিন ব্যাবহার করার পরে রিভিউ দিচ্ছি,মোটামুটি ভালোই.",product_quality_neutral
2646,54361968270849,খুব খাফার মাল দিছে চার্জ ঠিকে না,খুব খাফার মাল দিছে চার্জ ঠিকে না.,product_quality_negative
2647,50637565070849,এক কথায় অসাধারণ সবাই নিতে পারেন,এক কথায় অসাধারণ সবাই নিতে পারেন.,product_quality_positive
2648,49312199970849,ডেলিভারি ভাইয়ার ব্যবহার ছিল বরাবরের মতো অসাধারণ ❤️❤️,ডেলিভারি ভাইয়ার ব্যবহার ছিল বরাবরের মতো অসাধারণ.,delivery_positive
2649,49310738370849,Bhai product ta onnek bhalo apnara chaila kinte paren good quality.daraz theke kinben onno jai gai fake paua jai\n\n,Bhai product ta onnek bhalo apnara chaila kinte paren good quality.daraz theke kinben onno jai gai fake paua jai n n.,product_quality_positive
2650,53168598270849,valo na bashi charge thake na😠,valo na bashi charge thake na.,product_quality_negative
2651,51181142870849,khub vlo chilo . 2ta vlo colce,khub vlo chilo . 2ta vlo colce.,product_quality_positive
2652,49444197470849,খুবই ভালো একটা প্রোডাক্ট সবাই নিতে পারেন,খুবই ভালো একটা প্রোডাক্ট সবাই নিতে পারেন.,product_quality_positive
2653,49310395770849,একটা সাত দিন ব্যবহার করেছি মোটামুটি রেজাল ভালো। আর একটা নিয়েছি দেখা যাক কি হয়,একটা সাত দিন ব্যবহার করেছি মোটামুটি রেজাল ভালো আর একটা নিয়েছি দেখা যাক কি হয়.,product_quality_positive
2654,53310181370849,mota MOTi price onujai valo,mota MOTi price onujai valo.,price_neutral#product_quality_neutral
2655,51207786370849,kom dam a sundor Product ❤️,kom dam a sundor Product.,product_quality_neutral#product_quality_positive
2656,53647015370849,এগুলা ভালো না কেউ নিবেন না,এগুলা ভালো না কেউ নিবেন না.,product_quality_negative
2657,53039970070849,akta baje ar akta baje na,akta baje ar akta baje na.,product_quality_negative
2658,50032124370849,onek valo thank u Daraz ke,onek valo thank u Daraz ke.,product_quality_positive
2659,49329576570849,onk valo vabe coltase\ndam onujaye kinte paren,onk valo vabe coltase ndam onujaye kinte paren.,price_positive#product_quality_positive
2660,49311877270849,"ডেলিভারি ম্যান ভাইয়াকে অসংখ্য ধন্যবাদ জানাই, প্রডাক্ট খুব ভালো ছিলো","ডেলিভারি ম্যান ভাইয়াকে অসংখ্য ধন্যবাদ জানাই, প্রডাক্ট খুব ভালো ছিলো.",product_quality_positive
2661,49311493170849,"আলহামদুলিল্লাহ অনেক ভালো প্রোডাক্ট,, আপনারা সবাই নিতে পারেন","আলহামদুলিল্লাহ অনেক ভালো প্রোডাক্ট,, আপনারা সবাই নিতে পারেন.",product_quality_positive
2662,49524188870849,same to same dewar jonno onek onek donnobad,same to same dewar jonno onek onek donnobad.,product_quality_positive
2663,49311325270849,sound ta onak valo damer unojai tek ase charge o onak valo tako.mon er moto ekta jinish nite paren,sound ta onak valo damer unojai tek ase charge o onak valo tako.mon er moto ekta jinish nite paren.,price_positive#product_quality_positive
2664,49310985970849,"একেবারে ফালতু একটা প্রোডাক্ট,  ডেলিভারি টাইম ও বেশি।\nটাকা নষ্ট করার ইচ্ছা না থাকলে কিনবেন না।","একেবারে ফালতু একটা প্রোডাক্ট, ডেলিভারি টাইম ও বেশি nটাকা নষ্ট করার ইচ্ছা না থাকলে কিনবেন না.",delivery_negative#product_quality_negative
2665,49312206070849,kob valo aca M10 ti\n  \nচালাই খুব  শান্তি পাচ্ছি চার্জ  ভালো থাকে \n,kob valo aca M10 ti n nচালাই খুব শান্তি পাচ্ছি চার্জ ভালো থাকে n.,product_quality_positive
2666,49311644670849,"প্রথমে একটু সমস্যা করছিলো,,\nপরে দেখলাম না,, ভালোই","প্রথমে একটু সমস্যা করছিলো,, nপরে দেখলাম না,, ভালোই.",product_quality_positive
2667,49312129070849,ai price best akta jinis apnara chaile nite paren,ai price best akta jinis apnara chaile nite paren.,price_positive#product_quality_positive
2668,49313204070849,অসাধারণ একটা জিনিস সাউন্ড কোয়ালিটি ও অসাধারণ,অসাধারণ একটা জিনিস সাউন্ড কোয়ালিটি ও অসাধারণ.,product_quality_positive
2669,49311805170849,দাম হিসেবে অনেক ভালো ছিলো।  চার্জ টা একটু বেশি সময় থাকলে ভালো হতো।  আপনারা নিতে পারেন।,দাম হিসেবে অনেক ভালো ছিলো চার্জ টা একটু বেশি সময় থাকলে ভালো হতো আপনারা নিতে পারেন.,price_positive#product_quality_positive
2670,49310783170849,প্রাই এক মাস ব্যবহার করে রিভিউ দিলাম।অনেক ভালো। আপনারা চাইলে নিতে পারেন।,প্রাই এক মাস ব্যবহার করে রিভিউ দিলাম অনেক ভালো আপনারা চাইলে নিতে পারেন.,product_quality_positive
2671,49474318470849,জঘন্য। এক ঘন্টাও চার্জ থাকে না।,জঘন্য এক ঘন্টাও চার্জ থাকে না.,product_quality_negative
2672,49312533670849,একদিন ব্যবহার করলাম ভালই বুঝলাম। সাউন্ড কোয়ালিটি খুবই ভালো,একদিন ব্যবহার করলাম ভালই বুঝলাম সাউন্ড কোয়ালিটি খুবই ভালো.,product_quality_positive
2673,49394390970849,"এভারেজ, বিল্ড কোয়ালিটি কিছুটা নরমাল","এভারেজ, বিল্ড কোয়ালিটি কিছুটা নরমাল.",product_quality_neutral
2674,49312172670849,use karor review dalam motamote onak valo\n,use karor review dalam motamote onak valo n.,product_quality_positive
2675,49311568970849,দামের মধ্যে অনেক ভালো।\nনিতে পারেন সবাই,দামের মধ্যে অনেক ভালো nনিতে পারেন সবাই.,price_positive#product_quality_positive
2676,49312204870849,"সময় মতো হাতে পেয়েছি, এবং চার্জ ও যায় ভালো।","সময় মতো হাতে পেয়েছি, এবং চার্জ ও যায় ভালো.",delivery_positive#product_quality_positive
2677,49312632170849,ভালো প্রোডাক্ট ডেলিভারি বয় একদম বাজে,ভালো প্রোডাক্ট ডেলিভারি বয় একদম বাজে.,delivery_negative#product_quality_positive
2678,49310798170849,খুবই ভাল পন্য। সেলার এর ব্যবহার ও ভাল। যে কেউ চাইলে নিতে পারেন।,খুবই ভাল পন্য সেলার এর ব্যবহার ও ভাল যে কেউ চাইলে নিতে পারেন.,seller_service_positive#product_quality_positive
2679,49310832570849,good product.. & delivery taw thik time a dise.,good product.. delivery taw thik time a dise.,delivery_positive#product_quality_positive
2680,49311217870849,খুব ভালো একটা প্রডাক্ট এই দামে।আপনারা নিতে পারেন,খুব ভালো একটা প্রডাক্ট এই দামে আপনারা নিতে পারেন.,price_positive#product_quality_positive
2681,49311162370849,Dam onu jai thik ase performance. thank you ❤️,Dam onu jai thik ase performance. thank you.,price_positive#product_quality_positive
2682,49310982470849,মোটামুটি ভালো ছিল। আওয়াজ এত বেশি হয় না। ডেলিভারি ম্যান  মোটামুটি ভালো ছিল,মোটামুটি ভালো ছিল আওয়াজ এত বেশি হয় না ডেলিভারি ম্যান মোটামুটি ভালো ছিল.,delivery_neutral#product_quality_neutral
2683,49310459770849,onek vlo ami aj 30 din ar moto nichi akhuno kono kharap kichu pai nei,onek vlo ami aj 30 din ar moto nichi akhuno kono kharap kichu pai nei.,product_quality_positive
2684,49311114670849,ভালো কিন্তু একটা সাউন্ড বেশি একটা সাউন্ড কম কেনো।\n,ভালো কিন্তু একটা সাউন্ড বেশি একটা সাউন্ড কম কেনো n.,product_quality_positive
2685,49311641270849,"কম টাকায় ভালো একটা প্রোডাক্ট।  সাউন্ড ও ভালো,","কম টাকায় ভালো একটা প্রোডাক্ট সাউন্ড ও ভালো,.",price_positive#product_quality_positive
2686,49311395970849,অনেক সুন্দর একটা প্রোডাক্ট। জাস্ট ওয়াও 😍🥰🥰🫰🫰,অনেক সুন্দর একটা প্রোডাক্ট জাস্ট ওয়াও.,product_quality_positive
2687,49312216370849,"ভালো ,                      ‘‘ দাম অনুযায়ী  ভালো ‘‘","ভালো , দাম অনুযায়ী ভালো.",price_positive#product_quality_positive
2688,49311722970849,ek kothay osadharon 😍khubi valo paisi,ek kothay osadharon khubi valo paisi.,product_quality_positive
2689,49311056070849,ভাইএমোন একটা মাল দিছেন চার্জ থাকেনা,ভাইএমোন একটা মাল দিছেন চার্জ থাকেনা.,product_quality_negative
2690,49311349370849,অনেক সুন্দর হয়েছে যা চাই ছি তাই পাইছি,অনেক সুন্দর হয়েছে যা চাই ছি তাই পাইছি.,product_quality_positive
2691,49311283870849,ভালো পণ্য। সবাই নিতে পারেন  🥰,ভালো পণ্য সবাই নিতে পারেন.,product_quality_positive
2692,49311940570849,আলহামদুলিল্লাহ কম দামে ভালো চলছে,আলহামদুলিল্লাহ কম দামে ভালো চলছে.,price_positive#product_quality_positive
2693,49311316270849,অনেক ভালো প্রোডাক্ট। \nনিতে পারেন।,অনেক ভালো প্রোডাক্ট nনিতে পারেন.,product_quality_positive
2694,49311061970849,prodact valo tobe calar macing hoinai,prodact valo tobe calar macing hoinai.,product_quality_positive
2695,49310390570849,"দারুণ একটা প্রোডাক্ট,  বেশ পছন্দ হয়েছে","দারুণ একটা প্রোডাক্ট, বেশ পছন্দ হয়েছে.",product_quality_positive
2696,49312252970849,product ta joss a dame sound thik ase......r delivery man 5tk beshi niche,product ta joss a dame sound thik ase..r delivery man 5tk beshi niche.,delivery_negative#price_positive#product_quality_positive
2697,49312183570849,"বেস্ট ছিল,, যেমনটি চাইছি, ঠিক তেমনটি পাইছি","বেস্ট ছিল,, যেমনটি চাইছি, ঠিক তেমনটি পাইছি.",product_quality_positive
2698,49310462170849,ভালো লাগচে অনেক জিনিস টা যেমন চেয়েচি তেমন  পেয়েছি \n,ভালো লাগচে অনেক জিনিস টা যেমন চেয়েচি তেমন পেয়েছি n.,product_quality_positive
2699,49312219970849,খুব ভালো প্রডাক্ট \nনিতে পারেন সবাই,খুব ভালো প্রডাক্ট nনিতে পারেন সবাই.,product_quality_positive
2700,49310366270849,৫০০টাকার মাল ৩৫৮ টাকাই পেয়েছি। খুব ভালো প্রডাক্ট।\nধন্যবাদ।💖,৫০০টাকার মাল ৩৫৮ টাকাই পেয়েছি খুব ভালো প্রডাক্ট nধন্যবাদ.,price_positive#product_quality_positive
2701,49311936470849,product ta dam hisebe onk valo nite paren sby,product ta dam hisebe onk valo nite paren sby.,price_positive#product_quality_positive
2702,49311462470849,অনেক ভালো। আপনারা চাইলে নিতে পারেন।,অনেক ভালো আপনারা চাইলে নিতে পারেন.,product_quality_positive
2703,49311437570849,দাম অনুযায়ী খুবই ভালো নিতে পারেন,দাম অনুযায়ী খুবই ভালো নিতে পারেন.,price_positive#product_quality_positive
2704,49311468170849,ভালোই যার প্রয়োজন নিতে পারেন,ভালোই যার প্রয়োজন নিতে পারেন.,product_quality_positive
2705,49311296670849,Valo chilo! Thank you.\n,Valo chilo! Thank you. n.,product_quality_positive
2706,49312716670849,আলহামদুলিল্লাহ অনেক ভালো যেমনটা চেয়েছি তেমনি পেয়েছি এ দামের মধ্যে এটাই সেরা,আলহামদুলিল্লাহ অনেক ভালো যেমনটা চেয়েছি তেমনি পেয়েছি এ দামের মধ্যে এটাই সেরা.,price_positive#product_quality_positive
2707,49311437670849,সত্যি কথা বলতে ডেলিভারি ম্যানটা অনেক ভালো ছিল ❤️❤️❤️,সত্যি কথা বলতে ডেলিভারি ম্যানটা অনেক ভালো ছিল.,delivery_positive
2708,53609098996758,অনেক ভালো একটা প্রডাক্ট সবাই নিতে পারেন..😊,অনেক ভালো একটা প্রডাক্ট সবাই নিতে পারেন..,product_quality_positive
2709,49311172770849,আমি নিয়েছি এই দামে সবথেকে ভালো প্রডাক্ট 🤩🤩,আমি নিয়েছি এই দামে সবথেকে ভালো প্রডাক্ট.,price_positive#product_quality_positive
2710,49310599270849,দাম হিসেবে অনেক ভাল। সাউন্ড ও ভাল। ধন্যবাদ সেলার।,দাম হিসেবে অনেক ভাল সাউন্ড ও ভাল ধন্যবাদ সেলার.,price_positive#product_quality_positive
2711,49311426170849,This product is nice. Ans as same as picture,This product is nice. Ans as same as picture.,product_quality_positive
2712,49311054470849,প্রোডাক্টটি অসাধারণ ছিল যারা  নিতে চান নিতে পারেন,প্রোডাক্টটি অসাধারণ ছিল যারা নিতে চান নিতে পারেন.,product_quality_positive
2713,49311244270849,খুব ভালো প্রডাক্ট। সাউন্ড খুব ভালো।,খুব ভালো প্রডাক্ট সাউন্ড খুব ভালো.,product_quality_positive
2714,49310478370849,product bhalo shobay nite paren🥰,product bhalo shobay nite paren.,product_quality_positive
2715,49310763070849,এটা যে রকম দেখেছি সে রকমি পাইছি 🥰❤️🥰,এটা যে রকম দেখেছি সে রকমি পাইছি.,product_quality_positive
2716,49394388870849,খুব ভালো আপনারা নিতে পারেন,খুব ভালো আপনারা নিতে পারেন.,product_quality_positive
2717,49311954270849,best product thanks bro. Price onujai product quality khub Valo 😇❤️,best product thanks bro. Price onujai product quality khub Valo.,product_quality_positive
2718,49312634570849,খুব ভালো সাউন্ড ও ভালো।  নিতে পারেন সবাই,খুব ভালো সাউন্ড ও ভালো নিতে পারেন সবাই.,product_quality_positive
2719,49312626070849,খুবই ভালো আপনারা নিতে চাইলে নিতে পারেন।,খুবই ভালো আপনারা নিতে চাইলে নিতে পারেন.,product_quality_positive
2720,49312609370849,Very good 🥰 product _apnara nite paren,Very good product apnara nite paren.,product_quality_positive
2721,49312710670849,best products ai price a,best products ai price a.,price_positive#product_quality_positive
2722,49311697370849,খুবই ভালো নিতে পারেন সবাই।।,খুবই ভালো নিতে পারেন সবাই.,product_quality_positive
2723,49312375370849,thanks 😇khub valo dam onujai.. thanks apnara chaile nete paren\n,thanks khub valo dam onujai.. thanks apnara chaile nete paren n.,price_positive#product_quality_positive
2724,49312328970849,খারাপ না ভালোই। কেউ চাইলে নিতে পারেন।,খারাপ না ভালোই কেউ চাইলে নিতে পারেন.,product_quality_positive
2725,49310594370849,কম টাকায় এ‌টি অ‌নেক ভাল পন্য,কম টাকায় এ টি অ নেক ভাল পন্য.,price_positive#product_quality_positive
2726,49310891970849,khob e valo..kom baget ar modde,khob e valo..kom baget ar modde.,price_positive#product_quality_positive
2727,49312010070849,আশানুরূপ হিসেবে প্রোডাক্টটা বেশ ভালো।,আশানুরূপ হিসেবে প্রোডাক্টটা বেশ ভালো.,product_quality_positive
2728,47264138477231,ভালো প্রোডাক্ট।সবাই নিতে পারেন,ভালো প্রোডাক্ট সবাই নিতে পারেন.,product_quality_positive
2729,49310552970849,খুব ভালো পণ্য ‌‌।চাইলে নিতে পারেন।\n,খুব ভালো পণ্য চাইলে নিতে পারেন n.,product_quality_positive
2730,49310937670849,Alhamdulillah khobi valo laglo product ta 🥀🖤,Alhamdulillah khobi valo laglo product ta.,product_quality_positive
2731,49310662170849,ভালোই বোর্ডের চার্জ একটু কম যায় তারপরও ভালো,ভালোই বোর্ডের চার্জ একটু কম যায় তারপরও ভালো.,product_quality_positive
2732,49312227870849,ato kom dame just super,ato kom dame just super.,price_positive#product_quality_positive
2733,49311908370849,মোটামুটি ভালো।  তবে সাউন্ড তুলনামূলক কম,মোটামুটি ভালো তবে সাউন্ড তুলনামূলক কম.,product_quality_neutral
2734,53159571670849,প্রোডাক্টটা মোটামুটি ভালই। তবে সাউন্ড একটু কম। সাউন্ড ছাড়া সবই ঠিক আছে।,প্রোডাক্টটা মোটামুটি ভালই তবে সাউন্ড একটু কম সাউন্ড ছাড়া সবই ঠিক আছে.,product_quality_neutral
2735,49312611170849,অনেক ভালো একটি প্রোডাক্ট \n,অনেক ভালো একটি প্রোডাক্ট n.,product_quality_positive
2736,49312614370849,ওনেক ভালো। কম দমে পণ্যটা ভালোই।\n,ওনেক ভালো কম দমে পণ্যটা ভালোই n.,price_positive#product_quality_positive
2737,49312012170849,যা চেয়েছি তাই দিয়েছে ধন্যবাদ,যা চেয়েছি তাই দিয়েছে ধন্যবাদ.,product_quality_positive
2738,51900200770849,"মোটামুটি ভালো, ৩ টা কিনেছিলাম দুইটা ভালো একটা এক-কানে কম শুনায়","মোটামুটি ভালো, ৩ টা কিনেছিলাম দুইটা ভালো একটা এক-কানে কম শুনায়.",product_quality_neutral
2739,49310674870849,খুব খুব ভালো সবাই নিতে পারেন,খুব খুব ভালো সবাই নিতে পারেন.,product_quality_positive
2740,49310477670849,খুব ভাল জিনিস সবাই নিতে পারেন,খুব ভাল জিনিস সবাই নিতে পারেন.,product_quality_positive
2741,49311198270849,প্রাইস অনুযায়ী যথেষ্ট ভালো।। ধন্যবাদ,প্রাইস অনুযায়ী যথেষ্ট ভালো ধন্যবাদ.,price_positive#product_quality_positive
2742,49730033670849,"বাজে প্রোডাক্ট,  প্রথম দিন থেকেই এক কান নষ্ট,  অন্য কানে চার্জ থাকে সর্বোচ্চ ৫-৭ মিনিট। 

এই প্রোডাক্ট থেকে দূরে থাকার পরামর্শ","বাজে প্রোডাক্ট, প্রথম দিন থেকেই এক কান নষ্ট, অন্য কানে চার্জ থাকে সর্বোচ্চ ৫-৭ মিনিট এই প্রোডাক্ট থেকে দূরে থাকার পরামর্শ.",product_quality_negative
2743,51505259070849,ভালো না একটিতে সাউন্ড আসে আরেকটিতে আসে না। ওরা নষ্ট হয়ে জাওয়া প্রোডাক্ট ধরিয়ে দিবে ইলেক্ট্রনিক প্রোডাক্ট ওর্ডার করলে।,ভালো না একটিতে সাউন্ড আসে আরেকটিতে আসে না ওরা নষ্ট হয়ে জাওয়া প্রোডাক্ট ধরিয়ে দিবে ইলেক্ট্রনিক প্রোডাক্ট ওর্ডার করলে.,product_quality_negative
2744,52409060870849,product hate pawar 19 din pore review dichchi product ti ekdom baje .beboharer kichudin porei nosto hoe jay .1 mash o bebohar korte parini,product hate pawar 19 din pore review dichchi product ti ekdom baje .beboharer kichudin porei nosto hoe jay .1 mash o bebohar korte parini.,product_quality_negative
2745,54508648070849,"একটা কাজ করে,,,, আর একটা কাজ করে না,,,
কাজ টা ভাল করেন নাই,,,,
এমন টা মনে করছিলাম না,,,,","একটা কাজ করে,, আর একটা কাজ করে না,, কাজ টা ভাল করেন নাই,, এমন টা মনে করছিলাম না,,.",product_quality_negative
2746,50728460370849,প্যাকেজি এর অবস্থা খুবই বাজে।আর প্রডাক্টের কথা আর কি আর বলবো।খুবই হতাশ,প্যাকেজি এর অবস্থা খুবই বাজে আর প্রডাক্টের কথা আর কি আর বলবো খুবই হতাশ.,packaging_negative#product_quality_negative
2747,49763905670849,"প্রোডাক্ট টা হাতে পেয়ে খুবই হতাশ,,,ডান পাশের হেড ফোন নষ্ট।","প্রোডাক্ট টা হাতে পেয়ে খুবই হতাশ,,ডান পাশের হেড ফোন নষ্ট.",product_quality_negative
2748,52889832270849,পুরাই ফালতু জিনিস। DON'T BUY FROM HERE.,পুরাই ফালতু জিনিস DON'T BUY FROM HERE.,product_quality_negative
2749,51071060770849,কোয়ালিটি ভালো না। চার্জ অনেক কম থাকে,কোয়ালিটি ভালো না চার্জ অনেক কম থাকে.,product_quality_negative
2750,52591380270849,akdom baje amk nosto dewya hoyeche,akdom baje amk nosto dewya hoyeche.,product_quality_negative
2751,51085648370849,"ভালোনা,  একটা চলে, আরেকটা চলছেনা","ভালোনা, একটা চলে, আরেকটা চলছেনা.",product_quality_negative
2752,49903998070849,দাম অনুযায়ী ঠিক আছে। কেউ চাইলে নিতে পারেন।,দাম অনুযায়ী ঠিক আছে কেউ চাইলে নিতে পারেন.,price_neutral#product_quality_neutral
2753,49829110670849,"very good quality, onek bar hat theke floor a pore gese tao nosto hoy nai, bhaloi tekhshoi","very good quality, onek bar hat theke floor a pore gese tao nosto hoy nai, bhaloi tekhshoi.",product_quality_positive
2754,49791970970849,ছবির সাথে ১০০% বাস্তবের মিল! ৩৩০ টাকা দিয়ে ক্রয় করেছি! চার্জিং কোয়ালিটি খুব ভালো লং টাইম চলে  এই  ইয়ার বাটএর বক্স দিয়ে  মোবাইল ফোন চার্জ করা যায়!আমি অনেক ধরনের ইয়ারবাট ইউজ করেছি  এই দামে আমার দেখা বেস্ট ইয়ার বাট!চাইলে আপনারা নিতে পারেন!,ছবির সাথে ১০০ বাস্তবের মিল! ৩৩০ টাকা দিয়ে ক্রয় করেছি! চার্জিং কোয়ালিটি খুব ভালো লং টাইম চলে এই ইয়ার বাটএর বক্স দিয়ে মোবাইল ফোন চার্জ করা যায়!আমি অনেক ধরনের ইয়ারবাট ইউজ করেছি এই দামে আমার দেখা বেস্ট ইয়ার বাট!চাইলে আপনারা নিতে পারেন!,price_positive#product_quality_positive
2755,49792344470849,মোটামুটি ভালোই আছে দাম অনুযায়ী,মোটামুটি ভালোই আছে দাম অনুযায়ী.,price_neutral#product_quality_neutral
2756,54236591390425,"অত্যান্ত ভালো মানের প্রোডাক্ট দাম অনুযায়ী সেরা 💝🥰
সেলার ভাই অনেক ভালো মনের মানুষ তার ব্যবহার অনেক ভালো । ডেলিভারী ভাই ও ভালো ছিল।
 ধন্যবাদ সবাইকে সম্মান রইলো সবার প্রতি 🤝

Charge Backup 
Bass 
Comfortable All Are Good",অত্যান্ত ভালো মানের প্রোডাক্ট দাম অনুযায়ী সেরা সেলার ভাই অনেক ভালো মনের মানুষ তার ব্যবহার অনেক ভালো ডেলিভারী ভাই ও ভালো ছিল ধন্যবাদ সবাইকে সম্মান রইলো সবার প্রতি Charge Backup Bass Comfortable All Are Good.,seller_service_positive#delivery_positive#price_positive#product_quality_positive
2757,51971415490425,"অনেক ভাল একটি প্রোডাক্ট।। চোখ বন্ধ করে অর্ডার করতে পারেন, সাউন্ড কোয়ার্ট কোয়ালিটি যথেষ্ট ভালো এবং কমফোর্টেবল।সেলার ভাই টা অনেক ভালো দেখে শুনে জিনিস দেন। দারাজে এমন সেলার পাওয়াই জানা খুবই। ওনি অনেক ভালো সবাই নিশ্চিতনতে অর্ডার করতে পারেন।","অনেক ভাল একটি প্রোডাক্ট চোখ বন্ধ করে অর্ডার করতে পারেন, সাউন্ড কোয়ার্ট কোয়ালিটি যথেষ্ট ভালো এবং কমফোর্টেবল সেলার ভাই টা অনেক ভালো দেখে শুনে জিনিস দেন দারাজে এমন সেলার পাওয়াই জানা খুবই ওনি অনেক ভালো সবাই নিশ্চিতনতে অর্ডার করতে পারেন.",seller_service_positive#product_quality_positive
2758,52742116790425,"আমি কথা বেশি বলবো না জাস্ট একটা কথাই বলবো যদি অনলাইন থেকে earbuds কেনা লাগে এটাই নেন,  
After sale service one of the best than any other shops, also the seller and the delivery man's behavior was so good and friendly ❤️‍🔥 Thanks Daraz Thanks to this shop ❤️‍🔥","আমি কথা বেশি বলবো না জাস্ট একটা কথাই বলবো যদি অনলাইন থেকে earbuds কেনা লাগে এটাই নেন, After sale service one of the best than any other shops, also the seller and the delivery man's behavior was so good and friendly Thanks Daraz Thanks to this shop.",seller_service_positive#delivery_positive#product_quality_positive
2759,52069124990425,"Product quality best 🔥🤍
 sound quality ai dam a er thake vlo houer kotha na 🔥

Chaile nite paren suggest korai jai 




Alhamdulillah 🤍",Product quality best sound quality ai dam a er thake vlo houer kotha na Chaile nite paren suggest korai jai Alhamdulillah.,price_positive#product_quality_positive
2760,50828418790425,seller vai vlo... freely kota bole.... onk kota bole vlo ta dite bollam... uni deke sune vlo product dice... sob dik diye vlo cilo.... akn deka jak Battery bake up kmn dei...asa kori vloi hobe... seller vai k bissash kore order dici....,seller vai vlo.. freely kota bole.. onk kota bole vlo ta dite bollam.. uni deke sune vlo product dice.. sob dik diye vlo cilo.. akn deka jak Battery bake up kmn dei..asa kori vloi hobe.. seller vai k bissash kore order dici..,seller_service_positive
2761,51889270790425,ভাই কি জিনিস দিছো পুরা ১০০ তে ২০০ এই মাল নিয়ে কোনো কথা এই হবে না এই বাজেট এর মধ্যে এত ভালো জিনিস ভাবতে পারি নাই যেমন বিট তেমন চার্জিং ব্যাকআপ এক কথায় অসাধারণ। আর সেলার ভাইরে নিয়া ও কথা হবে না ভাই অনেক ভালো মানুষ ভালো জিনিস দেওয়ার জন্য ধন্যবাদ ভাই আসা করি আমাদের এই ভাবে ভালো জিনিস দিয়ে অনেক বড় হতে পারবেন।,ভাই কি জিনিস দিছো পুরা ১০০ তে ২০০ এই মাল নিয়ে কোনো কথা এই হবে না এই বাজেট এর মধ্যে এত ভালো জিনিস ভাবতে পারি নাই যেমন বিট তেমন চার্জিং ব্যাকআপ এক কথায় অসাধারণ আর সেলার ভাইরে নিয়া ও কথা হবে না ভাই অনেক ভালো মানুষ ভালো জিনিস দেওয়ার জন্য ধন্যবাদ ভাই আসা করি আমাদের এই ভাবে ভালো জিনিস দিয়ে অনেক বড় হতে পারবেন.,seller_service_positive#price_positive#product_quality_positive
2762,51821519090425,"Alhamdulillah 😊..

product ta onk valo. r sound quality premium. 

use na korla bujtei parben nah.. 

onk valo ekta product..

ei miliye Alhamdulillah ❤️😊...",Alhamdulillah .. product ta onk valo. r sound quality premium. use na korla bujtei parben nah.. onk valo ekta product.. ei miliye Alhamdulillah ..,product_quality_positive
2763,53223003290425,আলহামদুলিল্লাহ প্রোডাক্ট এর মান খুবই ভালো সাউন্ড কোয়ালিটি একদম মনের মত ডেলিভারি পেয়েছি খুব কম সময়ে এবং একটি কথা না বললেই নয় সেলার এর ব্যবহার অমায়িক ধন্যবাদ সেলার ভাইয়াকে ❤️,আলহামদুলিল্লাহ প্রোডাক্ট এর মান খুবই ভালো সাউন্ড কোয়ালিটি একদম মনের মত ডেলিভারি পেয়েছি খুব কম সময়ে এবং একটি কথা না বললেই নয় সেলার এর ব্যবহার অমায়িক ধন্যবাদ সেলার ভাইয়াকে.,seller_service_positive#delivery_positive#product_quality_positive
2764,51397788290425,অসাধারণ একটি এয়ার বার্ডস আপনারা সবাই চোখ বন্ধ করে নিতে পারেন ধন্যবাদ দারাজ এত ভালো একটি প্রোডাক্ট দেওয়ার জন্য,অসাধারণ একটি এয়ার বার্ডস আপনারা সবাই চোখ বন্ধ করে নিতে পারেন ধন্যবাদ দারাজ এত ভালো একটি প্রোডাক্ট দেওয়ার জন্য.,product_quality_positive
2765,52432229190425,"ঠিকঠাক মতো প্রোডাক্টি পেয়েছি। 
 সেলার অনেক ভালো এবং ঠিকঠাক প্রোডাক্টের দিয়েছে এবং আমার প্রোডাক্ট পছন্দ হয়েছে।",ঠিকঠাক মতো প্রোডাক্টি পেয়েছি সেলার অনেক ভালো এবং ঠিকঠাক প্রোডাক্টের দিয়েছে এবং আমার প্রোডাক্ট পছন্দ হয়েছে.,seller_service_positive#product_quality_positive
2766,53466205190425,Sallar ar babohar jamon vlo tamon Dalivary boy ar o babohar vlo ar ai price amar mota vlo akta ear buds ata apnara chila nita patan❤️❤️❤️❤️,Sallar ar babohar jamon vlo tamon Dalivary boy ar o babohar vlo ar ai price amar mota vlo akta ear buds ata apnara chila nita patan.,seller_service_positive#delivery_positive#price_positive#product_quality_positive
2767,54350207190425,"আমার কাছে এই দামে পৃথিবীর সেরা কোয়ালিটির একটা প্রোডাক্ট।
এয়ার বাট টি আপনি নিঃস্বন্দেহে নিতে পারেন। চোখ বন্ধ করে নিন আশাকরি এই দামে সেরা প্রোডাক্ট আপনিও বলবেন।",আমার কাছে এই দামে পৃথিবীর সেরা কোয়ালিটির একটা প্রোডাক্ট এয়ার বাট টি আপনি নিঃস্বন্দেহে নিতে পারেন চোখ বন্ধ করে নিন আশাকরি এই দামে সেরা প্রোডাক্ট আপনিও বলবেন.,price_positive#product_quality_positive
2768,53217577990425,"প্যাকেজিং ভালো ছিলো সাউন্ড মোটামুটিভাবে ভালো ।
এন্ড লুকস প্রিমিয়াম ।
শুধু সাউন্ড বাড়ানো কমানো যায়না ওভারল ভালো আছে নেওয়া যায় ।",প্যাকেজিং ভালো ছিলো সাউন্ড মোটামুটিভাবে ভালো এন্ড লুকস প্রিমিয়াম শুধু সাউন্ড বাড়ানো কমানো যায়না ওভারল ভালো আছে নেওয়া যায়.,packaging_positive#product_quality_positive
2769,52110737690425,"২ দিন ব্যবহার করে রিভিউ দিতে আসলাম।
মাত্র দুই দিনে ডেলিভারিত পাইছি। 
সেলার রেসপন্স  ভালো ছিলো। 
চার্জিং ব্যকাপ ভালো 10 of 10
কানেক্টিভিটি 9 of 10
বেস  7 of 10
ভোকাল অনুযায়ী বেস আমার কাছে কম মনে হয়েছে তাই ১০ এ ৭ দিলাম।  এছাড়া সবকিছু ঠিক আছে।
সেলার ভাইকে ধন্যবাদ।",২ দিন ব্যবহার করে রিভিউ দিতে আসলাম মাত্র দুই দিনে ডেলিভারিত পাইছি সেলার রেসপন্স ভালো ছিলো চার্জিং ব্যকাপ ভালো 10 of 10 কানেক্টিভিটি 9 of 10 বেস 7 of 10 ভোকাল অনুযায়ী বেস আমার কাছে কম মনে হয়েছে তাই ১০ এ ৭ দিলাম এছাড়া সবকিছু ঠিক আছে সেলার ভাইকে ধন্যবাদ.,seller_service_positive#delivery_positive#product_quality_positive
2770,54574554890425,"সাইন্ড কোয়ালিটি  ভালো,আর সব চাইতে ভালো দিক হলো সেলার এর ব্যবহার, সব মিলিয়ে নেয়া যায় এমন একটি প্রডাক্ট","সাইন্ড কোয়ালিটি ভালো,আর সব চাইতে ভালো দিক হলো সেলার এর ব্যবহার, সব মিলিয়ে নেয়া যায় এমন একটি প্রডাক্ট.",seller_service_positive#product_quality_positive
2771,52372882690425,"*চার্জিং পর্ট একটু লো কোয়ালিটির৷ কিন্তু চলে৷ 
*volume adjustment আর volume  control  এর পার্থক্য জেনে বুঝে কিনবেন 🙂
মাইক্রোফোন...... বাজেট অনুযায়ী সেরা৷ 
সাউন্ড কোয়ালিটি..... পার্ফেক্ট৷ 
ডেলিভারি ম্যান এর ব্যাবহার অনেক ভালো লাগছে৷",চার্জিং পর্ট একটু লো কোয়ালিটির৷ কিন্তু চলে৷ volume adjustment আর volume control এর পার্থক্য জেনে বুঝে কিনবেন মাইক্রোফোন.. বাজেট অনুযায়ী সেরা৷ সাউন্ড কোয়ালিটি.. পার্ফেক্ট৷ ডেলিভারি ম্যান এর ব্যাবহার অনেক ভালো লাগছে৷.,delivery_positive#price_positive#product_quality_positive
2772,51585925390425,"ek kothai osadaron..
ANC kaj kore..
usually jara bass lover tader jonno...
charge backup oo valo..
seller vaiya onk valo silo ..
alhamdulillah satisfied",ek kothai osadaron.. ANC kaj kore.. usually jara bass lover tader jonno.. charge backup oo valo.. seller vaiya onk valo silo .. alhamdulillah satisfied.,seller_service_positive#product_quality_positive
2773,53670303890425,Thank you so much vai..matro earbuds play kore dekhlam.. The product is really justified in this money. ..  Thanks also for your positive approach ❤️,Thank you so much vai..matro earbuds play kore dekhlam.. The product is really justified in this money. .. Thanks also for your positive approach.,price_positive#product_quality_positive
2774,52006838290425,product er quality valo but👍 dekhar bishoy eitai je kotodin tike product ta ! jodi product ta long lusting hoy taile all side good 👍 ami 2 ta nichi ekta amar jonno 2nd ta amar bondhur jonno.,product er quality valo but dekhar bishoy eitai je kotodin tike product ta ! jodi product ta long lusting hoy taile all side good ami 2 ta nichi ekta amar jonno 2nd ta amar bondhur jonno.,product_quality_positive
2775,52208899890425,সত্যি খুব ভালো... আপনারা সবাই নিতে পারেন । এই দামে এটাই বেস্ট । সাউন্ড কোয়ালিটি ১০/৯ .. ব্যাসটা ক্লিয়ার আছে .. ধন্যবাদ সেলার কে ❤️,সত্যি খুব ভালো.. আপনারা সবাই নিতে পারেন এই দামে এটাই বেস্ট সাউন্ড কোয়ালিটি ১০ ৯ .. ব্যাসটা ক্লিয়ার আছে .. ধন্যবাদ সেলার কে.,price_positive#product_quality_positive
2776,51500508890425,"তাই বলতে চাই সেলারের ব্যবহার খুবই ভালো। আর যদি প্রোডাক্ট এর কথা বলতে হয়... তাহলে এই দামে এরকম প্রোডাক্ট পাওয়া খুবই কঠিন ব্যাপার। দাম হিসেবে প্রোডাক্টটি অনেক প্রিমিয়াম এবং গর্জিয়াস। 
সাউন্ড কোয়ালিটি অনেক ভালো,কেউ যদি কল করে  কথাও অনেক স্পষ্ট শোনা যায়....
সর্বশেষে এই বলি... প্রোডাক্টও ভালো, তার পাশাপাশি সেলার আরো ভালো","তাই বলতে চাই সেলারের ব্যবহার খুবই ভালো আর যদি প্রোডাক্ট এর কথা বলতে হয়.. তাহলে এই দামে এরকম প্রোডাক্ট পাওয়া খুবই কঠিন ব্যাপার দাম হিসেবে প্রোডাক্টটি অনেক প্রিমিয়াম এবং গর্জিয়াস সাউন্ড কোয়ালিটি অনেক ভালো,কেউ যদি কল করে কথাও অনেক স্পষ্ট শোনা যায়.. সর্বশেষে এই বলি.. প্রোডাক্টও ভালো, তার পাশাপাশি সেলার আরো ভালো.",seller_service_positive#price_positive#product_quality_positive
2777,51313074590425,Alhamdulillah airports ta asolai onek sundor. Thanks seller vaia. sound and built quality onek vlo ay price a.,Alhamdulillah airports ta asolai onek sundor. Thanks seller vaia. sound and built quality onek vlo ay price a.,price_positive#product_quality_positive
2778,52149258990425,"অবশেষে হাতে পেলাম প্রোডাক্ট। look & quality নিয়ে আলাদা করে বলার কিছু নাই! just wow, প্রোডাক্ট হতে নিলেই একটা premium feel পাওয়া যায়। box এ made in dubai লিখা আছে। যদিও ব্যস্ততার কারণে সাউন্ড ও অন্যান্য বিষয় গুলো চেক করা হয়নি। আশা করছি ভালই হবে। সেলার সম্পর্কে বললেও কম বলা হয়। তিনি অত্যন্ত ভালো মানুষ। অর্ডার এর সাথে সাথেই প্রোডাক্ট পাঠিয়ে দিয়েছেন, তার রেসপন্স অত্যন্ত ভালো, কাস্টমারের প্রতি আলাদা দরদ আছে তার, যেটা আমার personally খুব ভালো লেগেছে। 
পরে sound কোয়ালিটি চেক করে রিভিউ আপডেট করবো আবার। 🙂","অবশেষে হাতে পেলাম প্রোডাক্ট look quality নিয়ে আলাদা করে বলার কিছু নাই! just wow, প্রোডাক্ট হতে নিলেই একটা premium feel পাওয়া যায় box এ made in dubai লিখা আছে যদিও ব্যস্ততার কারণে সাউন্ড ও অন্যান্য বিষয় গুলো চেক করা হয়নি আশা করছি ভালই হবে সেলার সম্পর্কে বললেও কম বলা হয় তিনি অত্যন্ত ভালো মানুষ অর্ডার এর সাথে সাথেই প্রোডাক্ট পাঠিয়ে দিয়েছেন, তার রেসপন্স অত্যন্ত ভালো, কাস্টমারের প্রতি আলাদা দরদ আছে তার, যেটা আমার personally খুব ভালো লেগেছে পরে sound কোয়ালিটি চেক করে রিভিউ আপডেট করবো আবার.",seller_service_positive
2779,51531918890425,"saler behaviour 10/10
product packaging 10/10
delevary 10/10
sound quality 10/10
overall 10/10
battry life 10/10
gaming er somoy kono sound delay hoy na.
overall 100% recommended. apnara nite paren.🥰🥰🥰",saler behaviour 10 10 product packaging 10 10 delevary 10 10 sound quality 10 10 overall 10 10 battry life 10 10 gaming er somoy kono sound delay hoy na. overall 100 recommended. apnara nite paren.,seller_service_positive#delivery_positive#packaging_positive#product_quality_positive
2780,52412606190425,আগে একটা নেবার কারনে এবারের শপিং এক্সপেরিয়েন্সটা অসাধারণ ছিল।খুবই কোয়ালিটিফুল প্রোডাক্ট।সবাই নিয়ে ভাইটাকে সাহায্য করতে পারেন।তার ব্যাবসায়িক চিন্তা চেতনা ও ব্যাবহারে আমি মুগ্ধ।আল্লাহ তার ব্যাবসায় উত্তম জাজাহ দান করুক।,আগে একটা নেবার কারনে এবারের শপিং এক্সপেরিয়েন্সটা অসাধারণ ছিল খুবই কোয়ালিটিফুল প্রোডাক্ট সবাই নিয়ে ভাইটাকে সাহায্য করতে পারেন তার ব্যাবসায়িক চিন্তা চেতনা ও ব্যাবহারে আমি মুগ্ধ আল্লাহ তার ব্যাবসায় উত্তম জাজাহ দান করুক.,seller_service_positive#product_quality_positive
2781,52349171990425,"মাশা-আল্লাহ! প্রোডাক্ট অনেক ভালো, সাউন্ড কোয়ালিটি, চার্জ ব্যাকআপ,সব দুর্দান্ত!  ম্যাট ফিনিস জন্য দেখতে আরো বেশি জোস!","মাশা-আল্লাহ! প্রোডাক্ট অনেক ভালো, সাউন্ড কোয়ালিটি, চার্জ ব্যাকআপ,সব দুর্দান্ত! ম্যাট ফিনিস জন্য দেখতে আরো বেশি জোস!",product_quality_positive
2782,51938050190425,"build quality, loudness, Battery back up, sound quality সব কিছুই খুবই ভাল, অসম্ভব রকমের ভাল একটা প্রোডাক্ট এই দামে।","build quality, loudness, Battery back up, sound quality সব কিছুই খুবই ভাল, অসম্ভব রকমের ভাল একটা প্রোডাক্ট এই দামে.",price_positive#product_quality_positive
2783,52381866190425,"আপনি দারাজে হাজারও সেলার পাবেন এবং যতটুকু অভিজ্ঞতা হয়েছে অধিকাংশ সময়ই প্রতারণার শিকার হবেন আপনি। হয়তো প্রডাক্ট নেওয়ার পরে/ প্যাকেজিং / সেলারের বিহ্যাব/ ডেলিভারি এই সময়গুলোর যেকোন একটিতে আপনি প্রতারণার শিকার হবেন। কিন্তু, এই সেলারের প্রডাক্ট কোয়ালিটি, বিহ্যাব, প্যাকেজিং সবকিছু আমি ১০০/১০০ দিবো। আপনারা যারা মিডল রেঞ্জের মধ্যে এয়ারবাডস খুঁজছেন তারা এখানথেকে নিঃসন্দেহে  নিতে পারেন।  ধন্যবাদ সেলারকে এবং দারাজকে","আপনি দারাজে হাজারও সেলার পাবেন এবং যতটুকু অভিজ্ঞতা হয়েছে অধিকাংশ সময়ই প্রতারণার শিকার হবেন আপনি হয়তো প্রডাক্ট নেওয়ার পরে প্যাকেজিং সেলারের বিহ্যাব ডেলিভারি এই সময়গুলোর যেকোন একটিতে আপনি প্রতারণার শিকার হবেন কিন্তু, এই সেলারের প্রডাক্ট কোয়ালিটি, বিহ্যাব, প্যাকেজিং সবকিছু আমি ১০০ ১০০ দিবো আপনারা যারা মিডল রেঞ্জের মধ্যে এয়ারবাডস খুঁজছেন তারা এখানথেকে নিঃসন্দেহে নিতে পারেন ধন্যবাদ সেলারকে এবং দারাজকে.",seller_service_positive#packaging_positive#price_positive#product_quality_positive
2784,51921925390425,"আলহামদুলিল্লাহ অনেক সুন্দর জিনিস 
এটার থেকেও আমার সব থেকে বেশি ভালো লাগছে ভাইয়ার কথা টা সে অনেক ভালো মনের মানুষ  💝
হেডফোনটা ভালোই সাউন্ড কোয়ালিটি ❤️",আলহামদুলিল্লাহ অনেক সুন্দর জিনিস এটার থেকেও আমার সব থেকে বেশি ভালো লাগছে ভাইয়ার কথা টা সে অনেক ভালো মনের মানুষ হেডফোনটা ভালোই সাউন্ড কোয়ালিটি.,seller_service_positive#product_quality_positive
2785,52436314990425,product amake onek valo lagse ar product ta onek premium  apnara chaile nite paren price onujayi onek valo,product amake onek valo lagse ar product ta onek premium apnara chaile nite paren price onujayi onek valo.,price_positive#product_quality_positive
2786,52418064690425,এই প্রাইজের মধ্যে মোটামুটি ভালোই বলা চলে।দেখতে অনেক প্রিমিয়াম।প্যাকেজিং মাশাআল্লাহ অনেক ভালো ছিল।❤️,এই প্রাইজের মধ্যে মোটামুটি ভালোই বলা চলে দেখতে অনেক প্রিমিয়াম প্যাকেজিং মাশাআল্লাহ অনেক ভালো ছিল.,packaging_positive#price_neutral#product_quality_neutral
2787,53978386390425,"এই প্রাইজে এতো ভালো কোয়ালিটির একটা ইয়ারবাডস পাবো, ভাবি নাই। সেলার ভাইয়াকে খুব বেশি ধন্যবাদ। অনেক অনেক অনেক ভালো। রিকমন্ডেড। সাউন্ড কোয়ালিটি অসাধারণ।","এই প্রাইজে এতো ভালো কোয়ালিটির একটা ইয়ারবাডস পাবো, ভাবি নাই সেলার ভাইয়াকে খুব বেশি ধন্যবাদ অনেক অনেক অনেক ভালো রিকমন্ডেড সাউন্ড কোয়ালিটি অসাধারণ.",price_positive#product_quality_positive
2788,52264267990425,"ওভারঅল গুড এয়ারপডস এই বাজেটে,কয়েকঘন্টার ইউজে তাই মনে হচ্ছে। হাতে নিলেই প্রিমিয়াম ফিল আসে,এক্সপার্ট কেউ না হলে দেখে বুজতেই পারবে না এটা কপি প্রোডাক্ট। প্যাকেজিং,বক্স,এয়াপডস কেস সবকিছুই প্রিমিয়াম লেভেলের,আরেকটা কথা না বললেই নয় সেটা হলো সেলারের বিহেভ টু গুড। আমার পার্সোনাল রেটি হলোঃ 

বিল্ড কোয়ালিটিঃ ১০/১০
সাউন্ড  কোয়ালিটিঃ ৮/১০

এখন ইউজ করে দেখি কতদিন ঠিকঠাক চলে।","ওভারঅল গুড এয়ারপডস এই বাজেটে,কয়েকঘন্টার ইউজে তাই মনে হচ্ছে হাতে নিলেই প্রিমিয়াম ফিল আসে,এক্সপার্ট কেউ না হলে দেখে বুজতেই পারবে না এটা কপি প্রোডাক্ট প্যাকেজিং,বক্স,এয়াপডস কেস সবকিছুই প্রিমিয়াম লেভেলের,আরেকটা কথা না বললেই নয় সেটা হলো সেলারের বিহেভ টু গুড আমার পার্সোনাল রেটি হলোঃ বিল্ড কোয়ালিটিঃ ১০ ১০ সাউন্ড কোয়ালিটিঃ ৮ ১০ এখন ইউজ করে দেখি কতদিন ঠিকঠাক চলে.",seller_service_positive#packaging_positive#price_positive#product_quality_positive
2789,51898336990425,"অনেক ভাল একটি প্রোডাক্ট।। চোখ বন্ধ করে অর্ডার করতে পারেন,সাউন্ড কোয়ার্ট কোয়ালিটি  যথেষ্ট ভালো এবং কমফোর্টেবল। যাদের বাজেট ১০০০ টাকার মধ্যে তাদের জন্য এটি হতে পারে একটি বেস্ট  চয়েস। ১৫০০ থেকে ২০০০ টাকা খরচ করে আপনি যে কমফোর্ট এন্ড যে সাউন্ড কোয়ালিটি পাবেন সেম কোয়ালিটি এবং কমফোর্ট এই  প্রোডাক্টটিতে  পাবেন (কিন্তু কলের জন্য এটি পারফেক্ট না)।সেলার  ভাইয়ের কথা না বললেই না হয়, আই থিংক উনি দারাজের মধ্যে একজন বেস্ট সোলার।","অনেক ভাল একটি প্রোডাক্ট চোখ বন্ধ করে অর্ডার করতে পারেন,সাউন্ড কোয়ার্ট কোয়ালিটি যথেষ্ট ভালো এবং কমফোর্টেবল যাদের বাজেট ১০০ টাকার মধ্যে তাদের জন্য এটি হতে পারে একটি বেস্ট চয়েস ১৫০০ থেকে ২০০ টাকা খরচ করে আপনি যে কমফোর্ট এন্ড যে সাউন্ড কোয়ালিটি পাবেন সেম কোয়ালিটি এবং কমফোর্ট এই প্রোডাক্টটিতে পাবেন কিন্তু কলের জন্য এটি পারফেক্ট না সেলার ভাইয়ের কথা না বললেই না হয়, আই থিংক উনি দারাজের মধ্যে একজন বেস্ট সোলার.",seller_service_positive#product_quality_positive
2790,50891587590425,"আলহামদুলিল্লাহ খুব ভালো প্রোডাক্ট, অরিজিনাল প্রোডাক্ট, বিক্রেতা  যথেষ্ট পরিমাণ হেল্প করেছেন, প্রথমে একটা নিয়ে ব্যবহার করায় পরবর্তীতে আরো তিনটি অর্ডার করেছি যথা সময়ে ডেলিভারি পেয়েছি","আলহামদুলিল্লাহ খুব ভালো প্রোডাক্ট, অরিজিনাল প্রোডাক্ট, বিক্রেতা যথেষ্ট পরিমাণ হেল্প করেছেন, প্রথমে একটা নিয়ে ব্যবহার করায় পরবর্তীতে আরো তিনটি অর্ডার করেছি যথা সময়ে ডেলিভারি পেয়েছি.",seller_service_positive#delivery_positive#product_quality_positive
2791,50819565190425,"খুবই ভালো প্রোডাক্ট, এই প্রাইযে এমন ভালো প্রোডাক্ট পাওয়া মুশকিল, কোন প্রশ্ন ছাড়াই অর্ডার করে দেওয়া যায়, এই শপ এর ওনার খুবই ভালো ব্যবহার একদম যথেষ্ট ভালো প্রোডাক্ট দেয়ার চেষ্টা করে ব্যবহার খুব ভালো প্রোডাক্টটিও খুবই ভালো। এমন প্রটেক্ট পাওয়া মুশকিল অনলাইনে জগতে","খুবই ভালো প্রোডাক্ট, এই প্রাইযে এমন ভালো প্রোডাক্ট পাওয়া মুশকিল, কোন প্রশ্ন ছাড়াই অর্ডার করে দেওয়া যায়, এই শপ এর ওনার খুবই ভালো ব্যবহার একদম যথেষ্ট ভালো প্রোডাক্ট দেয়ার চেষ্টা করে ব্যবহার খুব ভালো প্রোডাক্টটিও খুবই ভালো এমন প্রটেক্ট পাওয়া মুশকিল অনলাইনে জগতে.",seller_service_positive#product_quality_positive
2792,51562509190425,"এই প্রাইজের মধ্যে চমৎকার আইটেম, যথেষ্ট  লাউড এবং বেজ, ভালোই আছে, কিন্তু আজো আমি বুঝতে পারতেছি না একই প্রোডাক্ট আরো কমে কিভাবে পেলাম, এবং দুটোর পার্থক্য আজও ধরতে পারতেছি না","এই প্রাইজের মধ্যে চমৎকার আইটেম, যথেষ্ট লাউড এবং বেজ, ভালোই আছে, কিন্তু আজো আমি বুঝতে পারতেছি না একই প্রোডাক্ট আরো কমে কিভাবে পেলাম, এবং দুটোর পার্থক্য আজও ধরতে পারতেছি না.",price_positive#product_quality_positive
2793,51021679390425,selar vai o khob vlo  jmn caisi tmn paisi kom dam a valo akta jenis  Shop  ta onk valo service  onk valo asa kori valo crg bekup dibo,selar vai o khob vlo jmn caisi tmn paisi kom dam a valo akta jenis Shop ta onk valo service onk valo asa kori valo crg bekup dibo.,seller_service_positive#product_quality_positive
2794,51878686290425,"এক কথায় অসাধারণ সেলারের কথা আর কি বলব যেমন প্রডাক্ট তেমনি উনার সুন্দর ব্যবহার যা আমি দেখে মুগ্ধ। আর এই বাজেটের মধ্যে এটাই বেস্ট আমার মতে।  আমি ৭০০ টাকার জিনিস এ যদি ১৪/১৫ হাজার টাকার এয়ার ফোর্সের ফিল পাই তো আমার আর এত দামি এয়ার ফোর্স নেওয়ার কোন মানে হয় না।
এভাবেই সততার সাথে ব্যবসা করে যান ইনশাল্লাহ অনেক দূর এগোবেন  দোয়া রইল🤍😍
অন্যদিকে Airports টা Typsi হওয়াতে আরো ভালো হয়েছে 🤍",এক কথায় অসাধারণ সেলারের কথা আর কি বলব যেমন প্রডাক্ট তেমনি উনার সুন্দর ব্যবহার যা আমি দেখে মুগ্ধ আর এই বাজেটের মধ্যে এটাই বেস্ট আমার মতে আমি ৭০০ টাকার জিনিস এ যদি ১৪ ১৫ হাজার টাকার এয়ার ফোর্সের ফিল পাই তো আমার আর এত দামি এয়ার ফোর্স নেওয়ার কোন মানে হয় না এভাবেই সততার সাথে ব্যবসা করে যান ইনশাল্লাহ অনেক দূর এগোবেন দোয়া রইল অন্যদিকে Airports টা Typsi হওয়াতে আরো ভালো হয়েছে.,seller_service_positive#price_positive#product_quality_positive
2795,52379807890425,"আপনি দারাজে হাজারও সেলার পাবেন এবং যতটুকু অভিজ্ঞতা হয়েছে অধিকাংশ সময়ই প্রতারণার শিকার হবেন আপনি। হয়তো প্রডাক্ট নেওয়ার পরে/ প্যাকেজিং / সেলারের বিহ্যাব/ ডেলিভারি এই সময়গুলোর যেকোন একটিতে আপনি প্রতারণার শিকার হবেন। কিন্তু, এই সেলারের প্রডাক্ট কোয়ালিটি, বিহ্যাব, প্যাকেজিং সবকিছু আমি ১০০/১০০ দিবো। আপনারা যারা মিডল রেঞ্জের মধ্যে এয়ারবাডস খুঁজছেন তারা এখানথেকে নিঃসন্দেহে নিতে পারেন। ধন্যবাদ সেলারকে এবং দারাজকে..আমি ৭ দিন ব্যবহার করার পর রিভিউ দিচ্ছি...","আপনি দারাজে হাজারও সেলার পাবেন এবং যতটুকু অভিজ্ঞতা হয়েছে অধিকাংশ সময়ই প্রতারণার শিকার হবেন আপনি হয়তো প্রডাক্ট নেওয়ার পরে প্যাকেজিং সেলারের বিহ্যাব ডেলিভারি এই সময়গুলোর যেকোন একটিতে আপনি প্রতারণার শিকার হবেন কিন্তু, এই সেলারের প্রডাক্ট কোয়ালিটি, বিহ্যাব, প্যাকেজিং সবকিছু আমি ১০০ ১০০ দিবো আপনারা যারা মিডল রেঞ্জের মধ্যে এয়ারবাডস খুঁজছেন তারা এখানথেকে নিঃসন্দেহে নিতে পারেন ধন্যবাদ সেলারকে এবং দারাজকে..আমি ৭ দিন ব্যবহার করার পর রিভিউ দিচ্ছি..",seller_service_positive#packaging_positive#product_quality_positive
2796,52513488490425,"প্রোডাক্টটি খুব ভালো। it's value for money. Sound quality খুবই ভালো দাম অনুযায়ী। আমি ২ টা অর্ডার করেছিলাম এবং ২ দিন ব্যবহার কইরে আমি satisfied। প্যাকেজিং ও খুবই ভালো। সেলার ভাইকে ধন্যবাদ এইরকম প্রোডাক্ট দাওয়ার জন্য।


Highly recommended.....",প্রোডাক্টটি খুব ভালো it's value for money. Sound quality খুবই ভালো দাম অনুযায়ী আমি ২ টা অর্ডার করেছিলাম এবং ২ দিন ব্যবহার কইরে আমি satisfied প্যাকেজিং ও খুবই ভালো সেলার ভাইকে ধন্যবাদ এইরকম প্রোডাক্ট দাওয়ার জন্য Highly recommended..,packaging_positive#price_positive#product_quality_positive
2797,54549744790425,খুবই সুন্দর একটি প্রোডাক্ট এবং এর প্যাকেজিং খুবই ভালো ছিল বলতে গেলে এক কথায় অসাধারণ এবং এয়ার বার্ডস দুটি থেকে খুব ভালো বেশ সাউন্ড পাওয়া যায় যারা বেশ লাভার আছেন তারা নিয়ে খুব মজা পাবেন এবং সেলারও অনেক আন্তরিক ডেলিভারি মেন ও খুব ভালো ছিল। দুই দিনের ভিতরে ডেলিভারি পেয়েছি।,খুবই সুন্দর একটি প্রোডাক্ট এবং এর প্যাকেজিং খুবই ভালো ছিল বলতে গেলে এক কথায় অসাধারণ এবং এয়ার বার্ডস দুটি থেকে খুব ভালো বেশ সাউন্ড পাওয়া যায় যারা বেশ লাভার আছেন তারা নিয়ে খুব মজা পাবেন এবং সেলারও অনেক আন্তরিক ডেলিভারি মেন ও খুব ভালো ছিল দুই দিনের ভিতরে ডেলিভারি পেয়েছি.,seller_service_positive#delivery_positive#packaging_positive#product_quality_positive
2798,52432322790425,"অভারাল সবকিছু ঠিকঠাক ☺️ গুড ব্যাটারি ব্যাকআপ ☺️
বক্সের উপর লেখা ছিল ANC কিন্তু ব্যবহার করার পর বুঝলাম, ANC টা কাজ করে না শুরু থেকে কাজ করে না 😢 
কিন্তু ANC ছাড়া সবকিছু OK বিল কোয়ালিটিটা আরেকটু ভালো হতে পারতো।
দাম হিসেবে চিন্তা করতে গেলে এই দামে ঠিক আছে কিন্তু ANC  টা দিতে পারতো","অভারাল সবকিছু ঠিকঠাক গুড ব্যাটারি ব্যাকআপ বক্সের উপর লেখা ছিল ANC কিন্তু ব্যবহার করার পর বুঝলাম, ANC টা কাজ করে না শুরু থেকে কাজ করে না কিন্তু ANC ছাড়া সবকিছু OK বিল কোয়ালিটিটা আরেকটু ভালো হতে পারতো দাম হিসেবে চিন্তা করতে গেলে এই দামে ঠিক আছে কিন্তু ANC টা দিতে পারতো.",price_neutral#product_quality_neutral
2799,52485148390425,"আলহামদুলিল্লাহ ২ দিনের ভিতরে প্রোডাক্টটি হাতে পেয়েছি , Airpoda টা অনেক ভালো এবং অরিজিনাল যেমন চেয়েছি আলহামদুলিল্লাহ ঠিক তেমনি পেয়েছি সবচেয়ে ভালো লাগার বিষয় হল সেলারের রেসপন্স দেখে সেলার ভাই খুব ভালো এবং আমি যেভাবে বলেছি উনি সেভাবে আমাকে প্রডাক্ট পাঠিয়েছে আপনারা অবশ্যই এই সেলার ভাইয়ের কাছ থেকে airpods নিতে পারেন ।","আলহামদুলিল্লাহ ২ দিনের ভিতরে প্রোডাক্টটি হাতে পেয়েছি , Airpoda টা অনেক ভালো এবং অরিজিনাল যেমন চেয়েছি আলহামদুলিল্লাহ ঠিক তেমনি পেয়েছি সবচেয়ে ভালো লাগার বিষয় হল সেলারের রেসপন্স দেখে সেলার ভাই খুব ভালো এবং আমি যেভাবে বলেছি উনি সেভাবে আমাকে প্রডাক্ট পাঠিয়েছে আপনারা অবশ্যই এই সেলার ভাইয়ের কাছ থেকে airpods নিতে পারেন.",seller_service_positive#delivery_positive#product_quality_positive
2800,53917517390425,"Alhamdulillah  ভালো পেয়েছি  
কিন্তু  কলে কতা বলতে একটু সমস্যা  পয়েছি অপর প্রান্তের লোকে কথা বল্লে কথা রিপিট জায় 
তা চারা সব দিক দিয়া ভালো",Alhamdulillah ভালো পেয়েছি কিন্তু কলে কতা বলতে একটু সমস্যা পয়েছি অপর প্রান্তের লোকে কথা বল্লে কথা রিপিট জায় তা চারা সব দিক দিয়া ভালো.,product_quality_positive
2801,54587306590425,খুবই ভালো একটি প্রোডাক্ট 🥰🥰🥰সবাই নিতে পারেন সাউন্ড কোয়ালিটি পার্কে বিড ও পারফেক্ট হবে আপনার ভালো ফোন হলে ওএটা থেকে কন্ট্রোল করতে পারবেন ডাবল বিড করা যায়😍🥳,খুবই ভালো একটি প্রোডাক্ট সবাই নিতে পারেন সাউন্ড কোয়ালিটি পার্কে বিড ও পারফেক্ট হবে আপনার ভালো ফোন হলে ওএটা থেকে কন্ট্রোল করতে পারবেন ডাবল বিড করা যায়.,product_quality_positive
2802,54537008690425,"Alhamdulillah 🤍
all oky shop er vhaiya ta onk friendly plus service best 🤍

perfect working akshathe 3 ta order korchi 3 tai thik ache 🤍
apnara nirdiday nite paren",Alhamdulillah all oky shop er vhaiya ta onk friendly plus service best perfect working akshathe 3 ta order korchi 3 tai thik ache apnara nirdiday nite paren.,seller_service_positive#product_quality_positive
2803,51951812190425,"খুবই ভালো এয়ার পড। আমি দুইটা নিয়েছি। একটা আমার জন্য আর একটি গিফট এর জন্যে। দারাজ থেকে আমার প্রথম অর্ডার। আলহামদুলিল্লাহ আমি খুবই খুশি। নির্দ্বিধায় নিতে পারেন। সেলার খুবই helpful। 
Sound system and charge both are top notch. Daraaz এ শপিং করে সবাইকে শুধু ঠকতে শুনেছিলাম, কিন্তু আমার 1st purchase এই আমার বিশ্বাস চলে এলো।
 এত অল্প প্রাইজ এ এত Qualityfull জিনিস। 

Thanks and Gratitude. 🙏🙏👌👌","খুবই ভালো এয়ার পড আমি দুইটা নিয়েছি একটা আমার জন্য আর একটি গিফট এর জন্যে দারাজ থেকে আমার প্রথম অর্ডার আলহামদুলিল্লাহ আমি খুবই খুশি নির্দ্বিধায় নিতে পারেন সেলার খুবই helpful Sound system and charge both are top notch. Daraaz এ শপিং করে সবাইকে শুধু ঠকতে শুনেছিলাম, কিন্তু আমার 1st purchase এই আমার বিশ্বাস চলে এলো এত অল্প প্রাইজ এ এত Qualityfull জিনিস Thanks and Gratitude.",seller_service_positive#price_positive#product_quality_positive
2804,51552493790425,সাউন্ড কোয়ালিটি এবং ব্যাটারি বেকআপ অসাধারন। ৭-৮ ঘন্টার মতো চার্জ থাকে। নয়েজ ক্যান্সেলেসনও মোটামুটি ভালোই কাজ করে। এই প্রাইচ রেঞ্জে এই এয়ারপড অবশ্যই রেকমেন্ড করা যায়। সেলারের ব্যবহারও খুবই ভালো ছিল। কেউ এই প্রাইচ রেঞ্জে নিতে চাইলে অবশ্যই নিতে পারেন😊।,সাউন্ড কোয়ালিটি এবং ব্যাটারি বেকআপ অসাধারন ৭-৮ ঘন্টার মতো চার্জ থাকে নয়েজ ক্যান্সেলেসনও মোটামুটি ভালোই কাজ করে এই প্রাইচ রেঞ্জে এই এয়ারপড অবশ্যই রেকমেন্ড করা যায় সেলারের ব্যবহারও খুবই ভালো ছিল কেউ এই প্রাইচ রেঞ্জে নিতে চাইলে অবশ্যই নিতে পারেন.,seller_service_positive#price_positive#product_quality_positive
2805,53739420190425,আলহামদুলিল্লাহ প্রোডাক্টটা যেমন চাইছিলাম ঠিক ঐরকমই পাইছি শুধু আমার কাছে একটা সমস্যা হয় অনেক। কানে দিয়ে শুয়ে থাকলে সাইটে চাপ লেগে লাইন বন্ধ হয়ে যায় বা অফ হয়ে যায় এরকম তাছাড়া অন্য কোন সমস্যা পাই নাই এখন কয়দিন ইউজ করার পরে দেখা যাবে ব্যাটারি ব্যাকআপ কেমন পাওয়া যায় তবে ইনশাআল্লাহ আশা করি ভালো কিছু পাব।,আলহামদুলিল্লাহ প্রোডাক্টটা যেমন চাইছিলাম ঠিক ঐরকমই পাইছি শুধু আমার কাছে একটা সমস্যা হয় অনেক কানে দিয়ে শুয়ে থাকলে সাইটে চাপ লেগে লাইন বন্ধ হয়ে যায় বা অফ হয়ে যায় এরকম তাছাড়া অন্য কোন সমস্যা পাই নাই এখন কয়দিন ইউজ করার পরে দেখা যাবে ব্যাটারি ব্যাকআপ কেমন পাওয়া যায় তবে ইনশাআল্লাহ আশা করি ভালো কিছু পাব.,product_quality_positive
2806,52259912990425,"charging cable chara baki sob kichui ei damer moddhe shera.total review (9.9)

caile nite paren highly recommended✅",charging cable chara baki sob kichui ei damer moddhe shera.total review 9.9 caile nite paren highly recommended.,product_quality_positive
2807,51926874690425,Alhamdulillah product ta onak vlo chiloo.  Sound quality oo vlo ase. Dam er tolonay product ta best chiloo.  Ar seller er behaviour onak vlo chiloo. Ami seller vai k mon theke thnq janai ato vlo akta product deowar jonno 🌸,Alhamdulillah product ta onak vlo chiloo. Sound quality oo vlo ase. Dam er tolonay product ta best chiloo. Ar seller er behaviour onak vlo chiloo. Ami seller vai k mon theke thnq janai ato vlo akta product deowar jonno.,seller_service_positive#price_positive#product_quality_positive
2808,51968242490425,"দাম হিসেবে সাউন্ড কোয়ালিটি বেস্ট🤞
যথেষ্ট পরিমাণ চার্জ থাকে। তিন দিন ধরে ইউজ করেছি এখনো চার্জ দেওয়া লাগে নাই😃
সেলার ভাইয়ার ব্যবহার খুবই ভালো❤️❤️",দাম হিসেবে সাউন্ড কোয়ালিটি বেস্ট যথেষ্ট পরিমাণ চার্জ থাকে তিন দিন ধরে ইউজ করেছি এখনো চার্জ দেওয়া লাগে নাই সেলার ভাইয়ার ব্যবহার খুবই ভালো.,seller_service_positive#price_positive#product_quality_positive
2809,52368066290425,Purai osthir mall ekda.  tk hisab korle onk valo eto kom dam valo maner ekta jinis pabo vabte pari ni tnq u apnder,Purai osthir mall ekda. tk hisab korle onk valo eto kom dam valo maner ekta jinis pabo vabte pari ni tnq u apnder.,price_positive#product_quality_positive
2810,52450231690425,"এই price এ এতো ভালো product পাবো তা আশা করি নাই। যাদের bass পছন্দ তারা নিরদ্বিধায় নিতে পারেন। তবে Call এ কথা বলার সময় আপনার কথা একটু কম শুনা যাবে। Overall এই budget এ সেরা বললে ভুল হবে না।
Highly Recommended..",এই price এ এতো ভালো product পাবো তা আশা করি নাই যাদের bass পছন্দ তারা নিরদ্বিধায় নিতে পারেন তবে Call এ কথা বলার সময় আপনার কথা একটু কম শুনা যাবে Overall এই budget এ সেরা বললে ভুল হবে না Highly Recommended..,price_positive#product_quality_positive
2811,52698467890425,"প্রোডাক্ট টা সত্যি অনেক ভালো,, দাম অনুযায়ী সত্যি অনেক বেশি অসাধারণ,, এর সাউন্ড কোয়ালিটি অনেক ভালো,, যেমনটা চেয়েছিলাম ঠিক তেমনটাই পেয়েছি,,","প্রোডাক্ট টা সত্যি অনেক ভালো,, দাম অনুযায়ী সত্যি অনেক বেশি অসাধারণ,, এর সাউন্ড কোয়ালিটি অনেক ভালো,, যেমনটা চেয়েছিলাম ঠিক তেমনটাই পেয়েছি,,.",price_positive#product_quality_positive
2812,50494328590425,"আলহামদুলিল্লাহ, অনেক ভাল একটা প্রোডাক্ট, সেলারকে অনেক ধন্যবাদ, সেলার অনেক ফ্রেন্ডলি ছিল, সব ঠিকঠাক কিন্তু এয়ার টিপস মাত্র ২ টা ছিল, প্রব্লেম না 🤗 I will manage 😊","আলহামদুলিল্লাহ, অনেক ভাল একটা প্রোডাক্ট, সেলারকে অনেক ধন্যবাদ, সেলার অনেক ফ্রেন্ডলি ছিল, সব ঠিকঠাক কিন্তু এয়ার টিপস মাত্র ২ টা ছিল, প্রব্লেম না I will manage.",seller_service_positive#product_quality_positive
2813,50667168690425,"Alhamdulillah product valo. Loud and clear sound suna jai and Seller Bes friendly cilo. 
Product caile nite paren 💙💙",Alhamdulillah product valo. Loud and clear sound suna jai and Seller Bes friendly cilo. Product caile nite paren.,seller_service_positive#product_quality_positive
2814,51495365390425,"seller behavior✓
delivery time✓
packaging ✓

যেমনটা চেয়েছিলাম তেমনটাই পেয়েছি ১০০% অরজিনাল।

সাউন্ড কোয়ালিটি অসাধারণ এবং অনেক ফিচার রয়েছে।। seller কে অনেক ধন্যবাদ।
Must recommended ✓",seller behavior delivery time packaging যেমনটা চেয়েছিলাম তেমনটাই পেয়েছি ১০০ অরজিনাল সাউন্ড কোয়ালিটি অসাধারণ এবং অনেক ফিচার রয়েছে seller কে অনেক ধন্যবাদ Must recommended.,seller_service_positive#delivery_positive#packaging_positive#product_quality_positive
2815,51713711890425,"khuv valo airpods,,,, bebhar na korle bujte parben na,,, seller vaiyar theke sathe sathe  response pawya jai 10 theke obosoy 10 dewya jai seller vaike❣️❣️

unar product chukh bondho kore buy korte paren,,,dhonnobad seller vaiya onek valo ekti airpods patanur jonne ❣️❣️❣️","khuv valo airpods,, bebhar na korle bujte parben na,, seller vaiyar theke sathe sathe response pawya jai 10 theke obosoy 10 dewya jai seller vaike unar product chukh bondho kore buy korte paren,,dhonnobad seller vaiya onek valo ekti airpods patanur jonne.",seller_service_positive#product_quality_positive
2816,53784993490425,"আলহামদুলিল্লাহ ২ দিনে প্রোডাক্ট হাতে পেলাম।  প্রথমতো সেলার ভাইয়ের কথায় আসি এক কথায় খুবই ভালো একজন সেলার+রেস্পন্স খুব ভালো৷  আমি দারাজ থেকে এর আগেও একটা প্রোডাক্ট কিনেছিলাম কিন্তু অই সেলারের ব্যাবহার ভালো ছিলো না এমনকি আমার ম্যাসেজের রিপ্লাই অনেক দেরী তে দিতো। সেলার ভাই যেমনটি বলছে তেমন প্রোডাক্ট ই পেয়েছি আলহামদুলিল্লাহ। যখন আমি AirPods Pro 2nd Gen খুজি তখন অনেক শপ ই দেখলাম অনেক ভালো রিভিও + অনেক ফলোয়ার আরো অনেক সেল ও। যখন এই শপ টা চোখের সামনে আসলো তখন দেখি সবার রিভিও পজিটিভ। সবচেয়ে বেশি ভালো লেগেছে সেলার ভাই এর রিভিও দেখে তাই এইখান থেকেই অর্ডার দিয়ে দিই।  আজকে প্রোডাক্ট হাতে পেলাম মাত্র ২ দিনেই। 
আপনারা যারা যারা প্রোডাক্ট নিবেন কোনো সন্দেহ ছাড়া নিতে পারেন এই দাম এ আমার কাছে একদম পার্ফেক্ট লাগছে প্রিমিয়াম কোয়ালিটি হাতে ধরলেই বুঝা যায়।
আমি আমার মন থেকেই রিভিউ টা দিলাম। 
সেলার ভাই আপনি এমনভাবেই সার্ভিস দিয়ে যাইয়েন ইনশাআল্লাহ একদিন আরো অনেক দূর এগিয়ে যাবেন।",আলহামদুলিল্লাহ ২ দিনে প্রোডাক্ট হাতে পেলাম প্রথমতো সেলার ভাইয়ের কথায় আসি এক কথায় খুবই ভালো একজন সেলার রেস্পন্স খুব ভালো৷ আমি দারাজ থেকে এর আগেও একটা প্রোডাক্ট কিনেছিলাম কিন্তু অই সেলারের ব্যাবহার ভালো ছিলো না এমনকি আমার ম্যাসেজের রিপ্লাই অনেক দেরী তে দিতো সেলার ভাই যেমনটি বলছে তেমন প্রোডাক্ট ই পেয়েছি আলহামদুলিল্লাহ যখন আমি AirPods Pro 2nd Gen খুজি তখন অনেক শপ ই দেখলাম অনেক ভালো রিভিও অনেক ফলোয়ার আরো অনেক সেল ও যখন এই শপ টা চোখের সামনে আসলো তখন দেখি সবার রিভিও পজিটিভ সবচেয়ে বেশি ভালো লেগেছে সেলার ভাই এর রিভিও দেখে তাই এইখান থেকেই অর্ডার দিয়ে দিই আজকে প্রোডাক্ট হাতে পেলাম মাত্র ২ দিনেই আপনারা যারা যারা প্রোডাক্ট নিবেন কোনো সন্দেহ ছাড়া নিতে পারেন এই দাম এ আমার কাছে একদম পার্ফেক্ট লাগছে প্রিমিয়াম কোয়ালিটি হাতে ধরলেই বুঝা যায় আমি আমার মন থেকেই রিভিউ টা দিলাম সেলার ভাই আপনি এমনভাবেই সার্ভিস দিয়ে যাইয়েন ইনশাআল্লাহ একদিন আরো অনেক দূর এগিয়ে যাবেন.,seller_service_positive#delivery_positive#price_positive#product_quality_positive
2817,52665512590425,"আলহামদুলিল্লাহ্ 🥰
খুব সুন্দর একটা প্রোডাক্ট পেয়েছি৷ সাউন্ড কোয়ালিটি খুবই ভালো।  চার্জ ব্যাকআপ কেমন দিবে সেটা সেটা যদিও এখন বলা যাচ্ছে না।  তবে ২/৩ ঘন্টার এক্সপেরিয়েন্স থেকে ভালোই হবে আশা করছি, ইংশা-আল্লাহ্। 
সেলার ভাইয়ের বন্ধুসুলভ আচরনে কৃতজ্ঞতা প্রকাশ করছি। এর আগেও অনেক অর্ডার করছি ভাই, আপনার মত কাউকে পাইনি। আল্লাহ সুবহানাহুয়া তা'য়ালা আপনার কর্মে বারাকাহ দান করুক। 🙏
দারাজকেও ধন্যবাদ দ্রুততার সাথে ডেলিভেরি দেওয়ার জন্য।","আলহামদুলিল্লাহ্ খুব সুন্দর একটা প্রোডাক্ট পেয়েছি৷ সাউন্ড কোয়ালিটি খুবই ভালো চার্জ ব্যাকআপ কেমন দিবে সেটা সেটা যদিও এখন বলা যাচ্ছে না তবে ২ ৩ ঘন্টার এক্সপেরিয়েন্স থেকে ভালোই হবে আশা করছি, ইংশা-আল্লাহ্ সেলার ভাইয়ের বন্ধুসুলভ আচরনে কৃতজ্ঞতা প্রকাশ করছি এর আগেও অনেক অর্ডার করছি ভাই, আপনার মত কাউকে পাইনি আল্লাহ সুবহানাহুয়া তা'য়ালা আপনার কর্মে বারাকাহ দান করুক দারাজকেও ধন্যবাদ দ্রুততার সাথে ডেলিভেরি দেওয়ার জন্য.",seller_service_positive#delivery_positive#product_quality_positive
2818,54393459890425,"সত্যি বলতে প্রোডাক্টটি খারাপ বলা যাবে না ভালোই আছে❤️
তবে আমি সবচেয়ে খুশি হয়েছি পেকেজিং নিয়ে।🙂 পলি দিয়ে খুব সুন্দর করে পেকেজিং করা হয়েছে এতে পন্যের কোন ক্ষতি হবে না এটা সিওর❤️ তবে যদি আপনি এক কানে দিয়ে ভলিউম বারিয়ে দেন তাহলে ভিটগুলো একটু ক্যেন ক্যেন করে তবে ভলিউম কমিয়ে দিলে বা দুইটা কানে দিলে ভালোই লাগে❤️
৮/১০ রেটিং দিলাম🫰🏻",সত্যি বলতে প্রোডাক্টটি খারাপ বলা যাবে না ভালোই আছে তবে আমি সবচেয়ে খুশি হয়েছি পেকেজিং নিয়ে পলি দিয়ে খুব সুন্দর করে পেকেজিং করা হয়েছে এতে পন্যের কোন ক্ষতি হবে না এটা সিওর তবে যদি আপনি এক কানে দিয়ে ভলিউম বারিয়ে দেন তাহলে ভিটগুলো একটু ক্যেন ক্যেন করে তবে ভলিউম কমিয়ে দিলে বা দুইটা কানে দিলে ভালোই লাগে ৮ ১০ রেটিং দিলাম.,packaging_positive#product_quality_positive
2819,53685691990425,"এই প্রাইজের মধ্যে চমৎকার আইটেম, যথেষ্ট লাউড এবং বেজ, প্যাকেজিং ভালো ছিল,  এবং খুব তাড়াতাড়ি ডেলিভারি পেয়েছি।","এই প্রাইজের মধ্যে চমৎকার আইটেম, যথেষ্ট লাউড এবং বেজ, প্যাকেজিং ভালো ছিল, এবং খুব তাড়াতাড়ি ডেলিভারি পেয়েছি.",delivery_positive#packaging_positive#price_positive#product_quality_positive
2820,54060346790425,"প্রোডাক্টটা একদম পারফেক্ট ছিলো। সাউন্ড কোয়ালিটি খুব ভালো, বেস ক্লিয়ার। কানে ভালোভাবে ফিট হয়।

সেলার ভাইয়ের ব্যবহার অসাধারণ ছিলো — রেসপন্স খুব ফাস্ট, ধৈর্য ধরে সব বুঝিয়ে দিয়েছেন। ডেলিভারিও টাইমলি পেয়েছি।

দাম অনুযায়ী কোয়ালিটি একদম টপ লেভেল। খুবই সন্তুষ্ট। রিকমেন্ডেড!","প্রোডাক্টটা একদম পারফেক্ট ছিলো সাউন্ড কোয়ালিটি খুব ভালো, বেস ক্লিয়ার কানে ভালোভাবে ফিট হয় সেলার ভাইয়ের ব্যবহার অসাধারণ ছিলো রেসপন্স খুব ফাস্ট, ধৈর্য ধরে সব বুঝিয়ে দিয়েছেন ডেলিভারিও টাইমলি পেয়েছি দাম অনুযায়ী কোয়ালিটি একদম টপ লেভেল খুবই সন্তুষ্ট রিকমেন্ডেড!",seller_service_positive#delivery_positive#price_positive#product_quality_positive
2821,51494849790425,"সেলার ব্যবহার ১০/১০
ডেলিভারি এক্সপেরিন্স ৯/১০
প্যাকেজিং ১০/১০
খুব ভালো একটি earbuds এই বাজেট এর মধ্যে ।
যারা bass পছন্দ করেন তাদের জন্য খুবই ভালো(তবে bass একটু বেশিই।) 
তাছাড়া প্রোডাক্ট always recommended ☺️",সেলার ব্যবহার ১০ ১০ ডেলিভারি এক্সপেরিন্স ৯ ১০ প্যাকেজিং ১০ ১০ খুব ভালো একটি earbuds এই বাজেট এর মধ্যে যারা bass পছন্দ করেন তাদের জন্য খুবই ভালো তবে bass একটু বেশিই তাছাড়া প্রোডাক্ট always recommended.,seller_service_positive#delivery_positive#packaging_positive#price_positive
2822,52493734490425,"প্রডাক্টি হাতে পাওয়ার ৭ দিন পরে রিভিউ দিতে আসছি, কারন আমি না ব্যবহার করে রিভিউ দেবো না ভাবছিলাম, আসলে অল্প টাকাই এতো ভালো এবং অরিজিনাল একটা প্রডাক্ট পাবো ভাবতে পারিনি,, চার্জও ভালোই থাকে, সব মিলিয়ে অনেক সুন্দর।","প্রডাক্টি হাতে পাওয়ার ৭ দিন পরে রিভিউ দিতে আসছি, কারন আমি না ব্যবহার করে রিভিউ দেবো না ভাবছিলাম, আসলে অল্প টাকাই এতো ভালো এবং অরিজিনাল একটা প্রডাক্ট পাবো ভাবতে পারিনি,, চার্জও ভালোই থাকে, সব মিলিয়ে অনেক সুন্দর.",price_positive#product_quality_positive
2823,54347752990425,"Alhamdulillah onek vlo akta Airports   fast a onek voi a chilam j thik moto vlo jinish pabo ki na, tobay jeta odar korse sey ta e payse 🤗thank you so much. selar vaia. kintu dalevare aktu tara tare dele aro khuse hoytam 4.5 din dere hoyse 😩,, jak taw somussa nai,, Airports  ta aktu age connected korlam  dekha jak carj kemon jai, 🌸🤗","Alhamdulillah onek vlo akta Airports fast a onek voi a chilam j thik moto vlo jinish pabo ki na, tobay jeta odar korse sey ta e payse thank you so much. selar vaia. kintu dalevare aktu tara tare dele aro khuse hoytam 4.5 din dere hoyse ,, jak taw somussa nai,, Airports ta aktu age connected korlam dekha jak carj kemon jai,.",delivery_neutral#product_quality_positive
2824,51632883590425,সত্যি চমৎকার একটা প্রোডাক্ট.. প্রিমিয়াম লুক আর অসাধারণ সাউন্ড কোয়ালিটি.. সেলার কে ধন্যবাদ জানাই.. তার ব্যাবহারে আমি মুগ্ধ.. তার জন্য শুভকামনা রইল.. সততার সাথে সাথে ব্যাবসা করলে আপনি অবশ্যই সফল হবেন..,সত্যি চমৎকার একটা প্রোডাক্ট.. প্রিমিয়াম লুক আর অসাধারণ সাউন্ড কোয়ালিটি.. সেলার কে ধন্যবাদ জানাই.. তার ব্যাবহারে আমি মুগ্ধ.. তার জন্য শুভকামনা রইল.. সততার সাথে সাথে ব্যাবসা করলে আপনি অবশ্যই সফল হবেন..,seller_service_positive#product_quality_positive
2825,50208764190425,Alhamdulillah. Onek valo products. Timely delivery service soho onek valo bebohar silo apnader.. Thank you so much💓,Alhamdulillah. Onek valo products. Timely delivery service soho onek valo bebohar silo apnader.. Thank you so much.,delivery_positive#product_quality_positive
2826,54350887890425,এয়ারপোর্টটা ভালো তবে এয়ারপোর্ট টা খুললে আওয়াজ একদম অল্প হয় আমার বন্ধুর একটা আছে ওটার আওয়াজ অনেক বেশি হয় দুটা একই হইতে পারে এটা ডুবলিকেট তবে সাউন্ড কোয়ালিটি মোটামুটি আপনার নিতে পারেন,এয়ারপোর্টটা ভালো তবে এয়ারপোর্ট টা খুললে আওয়াজ একদম অল্প হয় আমার বন্ধুর একটা আছে ওটার আওয়াজ অনেক বেশি হয় দুটা একই হইতে পারে এটা ডুবলিকেট তবে সাউন্ড কোয়ালিটি মোটামুটি আপনার নিতে পারেন.,product_quality_positive
2827,52352944390425,আলহামদুলিল্লাহ  খুব ভালো একটা প্রোডাক্ট।  যেমনটা আশা করছিলাম ঠিক তেমনটাই পেলাম।  বি:দ্র: ডেলিভারি ম্যান এর ব্যবহারটা খুব ভালো ছিলো। ওভারঅল আলহামদুলিল্লাহ 🫶,আলহামদুলিল্লাহ খুব ভালো একটা প্রোডাক্ট যেমনটা আশা করছিলাম ঠিক তেমনটাই পেলাম বি দ্র ডেলিভারি ম্যান এর ব্যবহারটা খুব ভালো ছিলো ওভারঅল আলহামদুলিল্লাহ.,delivery_positive#product_quality_positive
2828,54039618990425,সেলার নিতান্তই ভদ্র। প্রতিটি তথ্য দেয়ার জন্য চেষ্টা করেছে। সঠিক প্রডাক্ট টি দিয়েছে। কোয়ালিটি এই দামে খুবই ভালো। দেখা যাক কতদিন যায়। পরবর্তীতে আবারো নিতে পারি অফারে কম দাম পেলে। এবার 600 এর মত পড়ছে ক্যাশব্যাকসহ।,সেলার নিতান্তই ভদ্র প্রতিটি তথ্য দেয়ার জন্য চেষ্টা করেছে সঠিক প্রডাক্ট টি দিয়েছে কোয়ালিটি এই দামে খুবই ভালো দেখা যাক কতদিন যায় পরবর্তীতে আবারো নিতে পারি অফারে কম দাম পেলে এবার 600 এর মত পড়ছে ক্যাশব্যাকসহ.,seller_service_positive#price_positive#product_quality_positive
2829,54065650090425,"প্রথমে ধন্যবাদ জানাই সেলার ভাইয়া কে । তার  ওনার রেসপন্স টা সত্যিই আমায় মুগ্ধ করছে । ডেলিভারি ম্যান ভাই ও অনেক ভালো ।
আর প্রডাক্ট এর প্যাকেজিং টা অনেক সুন্দর ছিলো ❤️
আর প্রোডাক্ট ও অরিজিনাল ছিলো এই দামে অনেক সুন্দর সাউন্ড কোয়ালিটি 😍
কিন্তু দুঃখের বিষয় হলো আমার ফোনের সমস্যার কারণে সাউন্ড আটকে আটকে যাচ্ছে কিন্তু অন্য ফোনে আবার অনেক সুন্দর চলতেছে কোনো সমস্যা ছাড়া । 
সেলার ভাইয়ার সাথে এই বিষয় নিয়েও কথা বলছি ওনি যথেষ্ট হেল্প করছে যদিও আমার ফোনে সাপোর্ট করতেছে না তবুও ওনি অনেকটা আশ্বাস দিছেন এই সমস্যার সমাধান দেওয়ার জন্য 
আপনারা চাইলে নিতে পারেন এই এয়ারবার্ডস টা অনেক সুন্দর কোয়ালিটি আর অনেক সুন্দর সাউন্ড 😍❤️",প্রথমে ধন্যবাদ জানাই সেলার ভাইয়া কে তার ওনার রেসপন্স টা সত্যিই আমায় মুগ্ধ করছে ডেলিভারি ম্যান ভাই ও অনেক ভালো আর প্রডাক্ট এর প্যাকেজিং টা অনেক সুন্দর ছিলো আর প্রোডাক্ট ও অরিজিনাল ছিলো এই দামে অনেক সুন্দর সাউন্ড কোয়ালিটি কিন্তু দুঃখের বিষয় হলো আমার ফোনের সমস্যার কারণে সাউন্ড আটকে আটকে যাচ্ছে কিন্তু অন্য ফোনে আবার অনেক সুন্দর চলতেছে কোনো সমস্যা ছাড়া সেলার ভাইয়ার সাথে এই বিষয় নিয়েও কথা বলছি ওনি যথেষ্ট হেল্প করছে যদিও আমার ফোনে সাপোর্ট করতেছে না তবুও ওনি অনেকটা আশ্বাস দিছেন এই সমস্যার সমাধান দেওয়ার জন্য আপনারা চাইলে নিতে পারেন এই এয়ারবার্ডস টা অনেক সুন্দর কোয়ালিটি আর অনেক সুন্দর সাউন্ড.,seller_service_positive#delivery_positive#packaging_positive#price_positive#product_quality_positive
2830,51054236590425,"আজকে আমি Airpods টি ডেলিভারি পেয়েছি।  আমি এই Pods  দিয়ে music test করেছি। 
Music test - আমি মোটামোটি ভালো রেজাল্ট ফেলাম ১০ এ ৮ 
build কোয়ালিটি ভালো আছে। তবে দাম অনুযায়ী আরো ভালো হতে পারত। sound quality মুটামুটি ...  
charge : valo becup dae❤️
thanks seller and thanks daraz",আজকে আমি Airpods টি ডেলিভারি পেয়েছি আমি এই Pods দিয়ে music test করেছি Music test - আমি মোটামোটি ভালো রেজাল্ট ফেলাম ১০ এ ৮ build কোয়ালিটি ভালো আছে তবে দাম অনুযায়ী আরো ভালো হতে পারত sound quality মুটামুটি .. charge valo becup dae thanks seller and thanks daraz.,price_negative#product_quality_positive
2831,54739820290425,Ear buds gula asolei sei 🔥.. 1 week plus hosse newar charge backup o osadharon .. Daraz theke newa best Ekta product ami mone krih etah . plus shop er jeh customer service tah ekdom top level er Kono problem hole msg dilei solution.. keu jdi budget earbuds nite chan ami personally bolboh eta nite paren,Ear buds gula asolei sei .. 1 week plus hosse newar charge backup o osadharon .. Daraz theke newa best Ekta product ami mone krih etah . plus shop er jeh customer service tah ekdom top level er Kono problem hole msg dilei solution.. keu jdi budget earbuds nite chan ami personally bolboh eta nite paren.,seller_service_positive#product_quality_positive
2832,52425745090425,"আলহামদুলিল্লাহ! প্রথমেই বলতে হবে সেলারের ব্যবহার আসলে খুবই ভালো মাশাআল্লাহ!প্রোডাক্টটি প্রিমিয়ামনেস আছে হাতে এবং ওয়েট ফুল লাগে। সাউন্ড কোয়ালিটি খুবই ভালো লাগলো এই প্রাইস অনুযায়ী। এখন দেখা যাক ব্যাটারির ব্যাকআপ মিলিয়ে কত দিন যায়! প্রাথমিক অবস্থায় মনে হচ্ছে বক্সের চার্জসহ সারাদিন চলে যাবে।

সেলার এর জন্য দোয়া রইলো!",আলহামদুলিল্লাহ! প্রথমেই বলতে হবে সেলারের ব্যবহার আসলে খুবই ভালো মাশাআল্লাহ!প্রোডাক্টটি প্রিমিয়ামনেস আছে হাতে এবং ওয়েট ফুল লাগে সাউন্ড কোয়ালিটি খুবই ভালো লাগলো এই প্রাইস অনুযায়ী এখন দেখা যাক ব্যাটারির ব্যাকআপ মিলিয়ে কত দিন যায়! প্রাথমিক অবস্থায় মনে হচ্ছে বক্সের চার্জসহ সারাদিন চলে যাবে সেলার এর জন্য দোয়া রইলো!,seller_service_positive#price_positive#product_quality_positive
2833,50585550790425,"প্রোডাক্ট কাল হাতে পেয়েছি, একদিন ইউজ করে রিভিউ দিলাম। আলহামদুলিল্লাহ দাম অনুযায়ী অনেক ভালো প্রোডাক্ট, ধন্যবাদ।","প্রোডাক্ট কাল হাতে পেয়েছি, একদিন ইউজ করে রিভিউ দিলাম আলহামদুলিল্লাহ দাম অনুযায়ী অনেক ভালো প্রোডাক্ট, ধন্যবাদ.",price_positive#product_quality_positive
2834,52345125090425,"good product,,,,, premium quality,,,,, good sound quality,,,,, by the way চার্জিং কেবল এটা শুধু ডেমো, সাথে কোন জিনাল কেবল নেই। তাই সবাই জেনে বুঝে অর্ডার করবে। এছাড়া বাকি সব ঠিকঠাক আছে সাউন্ড ভালো ভালো প্যাকেজ কোয়ালিটি প্রিমিয়াম।","good product,, premium quality,, good sound quality,, by the way চার্জিং কেবল এটা শুধু ডেমো, সাথে কোন জিনাল কেবল নেই তাই সবাই জেনে বুঝে অর্ডার করবে এছাড়া বাকি সব ঠিকঠাক আছে সাউন্ড ভালো ভালো প্যাকেজ কোয়ালিটি প্রিমিয়াম.",packaging_positive#product_quality_positive
2835,52302054490425,আলহামদুলিল্লাহ! প্রথমেই বলতে হবে সেলারের ব্যবহার আসলে খুবই ভালো মাশাআল্লাহ! দুই দিনে ডেলিভারি পেয়েছি! প্রোডাক্টটি প্রিমিয়ামনেস আছে হাতে এবং ওয়েট ফুল লাগে। সাউন্ড কোয়ালিটি খুবই ভালো লাগলো এই প্রাইস অনুযায়ী। এখন দেখা যাক ব্যাটারির ব্যাকআপ মিলিয়ে কত দিন যায়! প্রাথমিক অবস্থায় মনে হচ্ছে বক্সের চার্জসহ সারাদিন চলে যাবে। সেলার এর জন্য দোয়া রইলো!,আলহামদুলিল্লাহ! প্রথমেই বলতে হবে সেলারের ব্যবহার আসলে খুবই ভালো মাশাআল্লাহ! দুই দিনে ডেলিভারি পেয়েছি! প্রোডাক্টটি প্রিমিয়ামনেস আছে হাতে এবং ওয়েট ফুল লাগে সাউন্ড কোয়ালিটি খুবই ভালো লাগলো এই প্রাইস অনুযায়ী এখন দেখা যাক ব্যাটারির ব্যাকআপ মিলিয়ে কত দিন যায়! প্রাথমিক অবস্থায় মনে হচ্ছে বক্সের চার্জসহ সারাদিন চলে যাবে সেলার এর জন্য দোয়া রইলো!,seller_service_positive#delivery_positive#price_positive#product_quality_neutral#product_quality_positive
2836,53714030990425,"প্রোডাক্ট ঠিক আছে, কোনো অভিযোগ নেই। কিন্তু নয়েস কেন্সেলেশন টা একটু সমস্যা, কল এ কথা বলার সময় ভয়েস ঠিক মতো যায় না। 
চার্জ ৬/৭ ঘন্টা থাকে যদি টুকটাক ব্যবহার করা হয়। রাফ ব্যবহার করলে ৩ ঘন্টা + থাকে।
চার্জ হতেও বেশি সময় নেয় না। বক্স এবং অন্যান্য জিনিস ঠিকঠাক আছে। 

আপনারা নিতে পারেন।","প্রোডাক্ট ঠিক আছে, কোনো অভিযোগ নেই কিন্তু নয়েস কেন্সেলেশন টা একটু সমস্যা, কল এ কথা বলার সময় ভয়েস ঠিক মতো যায় না চার্জ ৬ ৭ ঘন্টা থাকে যদি টুকটাক ব্যবহার করা হয় রাফ ব্যবহার করলে ৩ ঘন্টা থাকে চার্জ হতেও বেশি সময় নেয় না বক্স এবং অন্যান্য জিনিস ঠিকঠাক আছে আপনারা নিতে পারেন.",product_quality_positive
2837,51631528790425,"খুবই ভালো একটা এয়ার পড। প্রোডাক্ট এন্ড প্যাকেজিং খুবই চমৎকার, সাউণ্ড কোয়ালিটিও বেশ ভালো, হাতে ধরতেও চমৎকার একটা প্রিমিয়াম ফিল দেয়, আসলে এই দামে এতো ভালো পড আমি চিন্তাই করি নাই, ডেলিভারি অনেক দ্রুত পেয়েছি, সেলার অবশ্যই রেকমেনডেড","খুবই ভালো একটা এয়ার পড প্রোডাক্ট এন্ড প্যাকেজিং খুবই চমৎকার, সাউণ্ড কোয়ালিটিও বেশ ভালো, হাতে ধরতেও চমৎকার একটা প্রিমিয়াম ফিল দেয়, আসলে এই দামে এতো ভালো পড আমি চিন্তাই করি নাই, ডেলিভারি অনেক দ্রুত পেয়েছি, সেলার অবশ্যই রেকমেনডেড.",seller_service_positive#delivery_positive#packaging_positive#price_positive#product_quality_positive
2838,52753885090425,"১ সপ্তাহ ব্যবহারের পর রিভিউ দিচ্ছি, বেস্ লাভারদের জন্য পারফেক্ট একটি প্রোডাক্ট। আলহামদুলিল্লাহ ব্যাটারি ব্যাকআপও অনেক ভালো এক চার্জে ৭ দিন ব্যবহার করলাম। Anc বা Enc না থাকলেও ফোন কলে টুকটাক কথা বলা যায়।","১ সপ্তাহ ব্যবহারের পর রিভিউ দিচ্ছি, বেস্ লাভারদের জন্য পারফেক্ট একটি প্রোডাক্ট আলহামদুলিল্লাহ ব্যাটারি ব্যাকআপও অনেক ভালো এক চার্জে ৭ দিন ব্যবহার করলাম Anc বা Enc না থাকলেও ফোন কলে টুকটাক কথা বলা যায়.",product_quality_positive
2839,52651784790425,"৫/৩/২০২৫তারিখে অর্ডার করছি ৬/৩/২০২৫ তারিখে হাতে পাইছি,,, আলহামদুলিল্লাহ ১ দিন পর এই পাইছি অনেক ভালো একটা জিনিস,,, একদম অরজিনাল,,, কিন্তুুু বেজ একটু বেশি। 🥰🥰🥰🥰🥰","৫ ৩ ২০২৫তারিখে অর্ডার করছি ৬ ৩ ২০২৫ তারিখে হাতে পাইছি,, আলহামদুলিল্লাহ ১ দিন পর এই পাইছি অনেক ভালো একটা জিনিস,, একদম অরজিনাল,, কিন্তুু বেজ একটু বেশি.",delivery_positive#product_quality_positive
2840,52240286590425,"দামের তুলনায় একদম Best Product....ব্যাটারি ব্যাকআপ অনেক অনেক বেশি...  তবে বেইজ লাভারদের জন্যে বেস্ট হবে...দেখতে ছোট,কিউট আছে 🙂","দামের তুলনায় একদম Best Product..ব্যাটারি ব্যাকআপ অনেক অনেক বেশি.. তবে বেইজ লাভারদের জন্যে বেস্ট হবে..দেখতে ছোট,কিউট আছে.",price_positive#product_quality_positive
2841,53354634090425,well. ami azk paise.... khub e fast delivery chilo and quality o khub e valo.🤌🤌..  charging niye confuse chilam but seller er shathe kotha bole.. all clear hoiye gese... to be honest..  amar kase asholei.. valo lagse.....,well. ami azk paise.. khub e fast delivery chilo and quality o khub e valo. .. charging niye confuse chilam but seller er shathe kotha bole.. all clear hoiye gese.. to be honest.. amar kase asholei.. valo lagse..,delivery_positive#product_quality_positive
2842,52501401390425,"মাশাআল্লাহ, অসাধারণ কোয়ালিটি কালার খুব সুন্দর, খুব ভালো চার্জ থাকে, সাউন্ড কোয়ালিটি ও ভালো। সবাই নিতে পারেন।","মাশাআল্লাহ, অসাধারণ কোয়ালিটি কালার খুব সুন্দর, খুব ভালো চার্জ থাকে, সাউন্ড কোয়ালিটি ও ভালো সবাই নিতে পারেন.",product_quality_positive
2843,52317418790425,"আলহামদুলিল্লাহ 
প্রোডাক্টটা সেরা।
যারা অতিরিক্ত bass পছন্দ করেন আমার মত, তারা নিতে পারেন।
bass টেস্ট করার জন্য ncs firefly ফুল ভলিউমে চালিয়ে দেখতে পারেন।
যার কথা না বললেই নয়,,,সেলার এর ব্যবহার 10 out of 10🥰
এই বাজেটে এটা best না beast💥","আলহামদুলিল্লাহ প্রোডাক্টটা সেরা যারা অতিরিক্ত bass পছন্দ করেন আমার মত, তারা নিতে পারেন bass টেস্ট করার জন্য ncs firefly ফুল ভলিউমে চালিয়ে দেখতে পারেন যার কথা না বললেই নয়,,সেলার এর ব্যবহার 10 out of 10 এই বাজেটে এটা best না beast.",seller_service_positive#price_positive#product_quality_positive
2844,52311379490425,"আলহামদুলিল্লাহ।আমার খুব ভালো লেগেছে। 
এটার ভালো দিক গুলো। 
১☞দেখতে খুব সুন্দর এবং হাতে নিলেই শান্তি অনুভব হয়।সত্যি  অরিজিনাল। 
২☞সাউন্ড কোয়ালিটি অসাধারন। 
৩☞ চার্জ থাকে অস্থির। 
৪☞কথা বলে খুব আরাম।
💯খারাপ দিক💯
১☞ কেবল টার দুই মাথা একই রকম।
সর্বশেষ ডেলিভারি ম্যান শাহিন ভাইকে ধন্যবাদ হাসিমুখে কথা বলার জন্য। 
ধন্যবাদ দারাজ।",আলহামদুলিল্লাহ আমার খুব ভালো লেগেছে এটার ভালো দিক গুলো ১ দেখতে খুব সুন্দর এবং হাতে নিলেই শান্তি অনুভব হয় সত্যি অরিজিনাল ২ সাউন্ড কোয়ালিটি অসাধারন ৩ চার্জ থাকে অস্থির ৪ কথা বলে খুব আরাম খারাপ দিক ১ কেবল টার দুই মাথা একই রকম সর্বশেষ ডেলিভারি ম্যান শাহিন ভাইকে ধন্যবাদ হাসিমুখে কথা বলার জন্য ধন্যবাদ দারাজ.,delivery_positive#product_quality_positive
2845,52359988690425,"দাম অনুযায়ী প্রোডাক্ট যথেষ্ট ভালোই বলা যায়।আমি প্রায় ১ সপ্তাহ যাবত ব্যাবহার করছি,আমার কাছে ভালোই মনে হচ্ছে।সবচাইতে বড় কথা এটার ব্যাটারি ব্যাকআপ যথেষ্ট কোয়ালিটিপুল।👌","দাম অনুযায়ী প্রোডাক্ট যথেষ্ট ভালোই বলা যায় আমি প্রায় ১ সপ্তাহ যাবত ব্যাবহার করছি,আমার কাছে ভালোই মনে হচ্ছে সবচাইতে বড় কথা এটার ব্যাটারি ব্যাকআপ যথেষ্ট কোয়ালিটিপুল.",price_positive#product_quality_positive
2846,53653796190425,"প্রোডাক্টটি অনেক ভাল ছিল ভেতরের সবকিছুই ঠিকঠাক। বিশেষ করে চিরকুটটা অনেক সুন্দর ছিলো,চিরকুট প্লাস airpod আমার অনেক পছন্দ হয়েছে আপনারা চাইলে নিতে পারেন।","প্রোডাক্টটি অনেক ভাল ছিল ভেতরের সবকিছুই ঠিকঠাক বিশেষ করে চিরকুটটা অনেক সুন্দর ছিলো,চিরকুট প্লাস airpod আমার অনেক পছন্দ হয়েছে আপনারা চাইলে নিতে পারেন.",product_quality_positive
2847,51687506190425,আলহামদুলিল্লাহ আজকেই হাতে পেলাম সাউন্ড কোয়ালিটি আলহামদুলিল্লাহ সেলার ভাইয়ের ব্যাবহার আলহামদুলিল্লাহ রাইডার ও খুব ভালো ছিলো সব কিছু মিলিয়ে আমার ১০০ তে ২০০ দিতে ইচ্ছে করছে আলহামদুলিল্লাহ অনেক ভালো প্রোডাক্ট। চাইলে আপনারাও নিতে পারেন,আলহামদুলিল্লাহ আজকেই হাতে পেলাম সাউন্ড কোয়ালিটি আলহামদুলিল্লাহ সেলার ভাইয়ের ব্যাবহার আলহামদুলিল্লাহ রাইডার ও খুব ভালো ছিলো সব কিছু মিলিয়ে আমার ১০০ তে ২০০ দিতে ইচ্ছে করছে আলহামদুলিল্লাহ অনেক ভালো প্রোডাক্ট চাইলে আপনারাও নিতে পারেন.,seller_service_positive#delivery_positive#product_quality_positive
2848,52422129990425,"মাশাল্লাহ এ অল্প দামের মধ্যে এই প্রোডাক্টসটা এত ভালো পাব কখনো ভাবতেই পারি নাই। সাউন্ড কোয়ালিটি অনেক দারুন, চার্জিং ব্যাকআপ মাশাল্লাহ আরো ভালো,  তাই আপনারা সকলেই প্রোডাক্টস  টা নিতে পারেন। 
দারাজের ডেলিভারি ম্যানের ব্যবহার ও অত্যন্ত ভালো","মাশাল্লাহ এ অল্প দামের মধ্যে এই প্রোডাক্টসটা এত ভালো পাব কখনো ভাবতেই পারি নাই সাউন্ড কোয়ালিটি অনেক দারুন, চার্জিং ব্যাকআপ মাশাল্লাহ আরো ভালো, তাই আপনারা সকলেই প্রোডাক্টস টা নিতে পারেন দারাজের ডেলিভারি ম্যানের ব্যবহার ও অত্যন্ত ভালো.",delivery_positive#price_positive#product_quality_positive
2849,52060625490425,"আলহামদুলিল্লাহ এই প্রাইস এ দারুণ হয়েছে, তিনদিন ব্যাবহার করে রিভিউ দিলাম।  এই দামে যেমন হলে সবচেয়ে ভালো হয় ঠিক তেমনই প্রডাক্ট এটা, 
I am Satisfied😊
সাউন্ড কোয়ালিটি সুন্দর, কানে কম্ফোর্টেবল ভাবে সেট হয় শুধু একটা বিষয় কথা বলার সময় একটু জোরে বলতে হয় তবে এই প্রাইস এ এটা মানা যায়।
আর আরেকটা বিষয় খুব ভালো লেগেছে যে সেলার খুব বিনয়ী এবং খুব দ্রুত রেসপন্স করে, কোনো রিকুয়েষ্ট করলে সেটাও রাখে। যদি কেউ নেন তাহলে তার সাথে বিস্তারিত কথা বলেও নিতে পারেন।","আলহামদুলিল্লাহ এই প্রাইস এ দারুণ হয়েছে, তিনদিন ব্যাবহার করে রিভিউ দিলাম এই দামে যেমন হলে সবচেয়ে ভালো হয় ঠিক তেমনই প্রডাক্ট এটা, I am Satisfied সাউন্ড কোয়ালিটি সুন্দর, কানে কম্ফোর্টেবল ভাবে সেট হয় শুধু একটা বিষয় কথা বলার সময় একটু জোরে বলতে হয় তবে এই প্রাইস এ এটা মানা যায় আর আরেকটা বিষয় খুব ভালো লেগেছে যে সেলার খুব বিনয়ী এবং খুব দ্রুত রেসপন্স করে, কোনো রিকুয়েষ্ট করলে সেটাও রাখে যদি কেউ নেন তাহলে তার সাথে বিস্তারিত কথা বলেও নিতে পারেন.",seller_service_positive#price_positive#product_quality_positive
2850,50187299990425,"আলহামদুলিল্লাহ 
প্রোডাক্ট টা ১০০% অরিজিনাল 
ভাবছিলাম কোনও রিভিউ নাই নিব কি না কিন্তু সেলার অনেক ভালো ছিলো 
ধন্যবাদ সেলারকে",আলহামদুলিল্লাহ প্রোডাক্ট টা ১০০ অরিজিনাল ভাবছিলাম কোনও রিভিউ নাই নিব কি না কিন্তু সেলার অনেক ভালো ছিলো ধন্যবাদ সেলারকে.,seller_service_positive#product_quality_positive
2851,53036121890425,"মোটামুটি ভালো ছিল তবে কথা বলার সময় একটু প্রবলেম করে 
আমি বেশিরভাগই নিয়েছিলাম কথা বলার জন্য কিন্তু কথা বলার সময় দেখা যাচ্ছে ডিসকানেক্ট হয়ে যায় এ বিষয়টি খুব দুঃখজনক",মোটামুটি ভালো ছিল তবে কথা বলার সময় একটু প্রবলেম করে আমি বেশিরভাগই নিয়েছিলাম কথা বলার জন্য কিন্তু কথা বলার সময় দেখা যাচ্ছে ডিসকানেক্ট হয়ে যায় এ বিষয়টি খুব দুঃখজনক.,product_quality_neutral
2852,51695458790425,"Seller er behaviour onek bhalo.
Product quality besh bhalo. ANC motamuti bhaloi kaj kore. iPhone e popup bar asbe. But sound quality te halka char dewa lagbe.
Overall price hisebe joss product. 
Recommend kora jai.",Seller er behaviour onek bhalo. Product quality besh bhalo. ANC motamuti bhaloi kaj kore. iPhone e popup bar asbe. But sound quality te halka char dewa lagbe. Overall price hisebe joss product. Recommend kora jai.,seller_service_positive#price_positive#product_quality_positive
2853,52519488690425,"আলহামদুলিল্লাহ

প্রোডাক্টটা সেরা।

যারা অতিরিক্ত bass পছন্দ করেন আমার মত, তারা নিতে পারেন। bass টেস্ট করার জন্য ncs firefly ফুল ভলিউমে চালিয়ে দেখতে পারেন। 100

যার কথা না বললেই নয়,,, সেলার এর ব্যবহার 100 out of 100

এই বাজেটে এটা best না beast 700","আলহামদুলিল্লাহ প্রোডাক্টটা সেরা যারা অতিরিক্ত bass পছন্দ করেন আমার মত, তারা নিতে পারেন bass টেস্ট করার জন্য ncs firefly ফুল ভলিউমে চালিয়ে দেখতে পারেন 100 যার কথা না বললেই নয়,, সেলার এর ব্যবহার 100 out of 100 এই বাজেটে এটা best না beast 700.",seller_service_positive#price_positive#product_quality_positive
2854,55137043590425,"খুবি চমৎকার একটি প্রোডাক্ট, সেই সাউণ্ড, ধন্যবাদ সেলার ভাইকে,ভালোবাসা অবিরাম ভাই,এ রকম কথার সাথে কাজে মিল রাকবেন,ইনশাআল্লাহ, সবার ভালোবাসা পাবেন👌👌🥰🥰😍দেখা যাক চার্জ কেমন থাকে?","খুবি চমৎকার একটি প্রোডাক্ট, সেই সাউণ্ড, ধন্যবাদ সেলার ভাইকে,ভালোবাসা অবিরাম ভাই,এ রকম কথার সাথে কাজে মিল রাকবেন,ইনশাআল্লাহ, সবার ভালোবাসা পাবেন দেখা যাক চার্জ কেমন থাকে?",product_quality_positive
2855,52058721990425,আলহামদুলিল্লাহ সব ঠিকঠাক আপনার চোখ বন্ধ করে নিতে পারেন আমি নিজেই পাঁচটা নিয়েছি এক কথায় অসাধারণ,আলহামদুলিল্লাহ সব ঠিকঠাক আপনার চোখ বন্ধ করে নিতে পারেন আমি নিজেই পাঁচটা নিয়েছি এক কথায় অসাধারণ.,product_quality_positive
2856,51821721490425,ভালো একটা পূর্ণ  অনেক সুন্দর চার্য ভালো এয়ারপোর্টটা অনেক ভালো লাগছে আপনারা নিঃসন্দে নিতে পারেন।,ভালো একটা পূর্ণ অনেক সুন্দর চার্য ভালো এয়ারপোর্টটা অনেক ভালো লাগছে আপনারা নিঃসন্দে নিতে পারেন.,product_quality_positive
2857,54011751090425,"প্রথম ভাবছিলাম যে ভালো হবে না এখন দেখি অনেক ভালো অনেক কোয়ালিটি ফুল, আপনারা চাইলে নিতে পারেন।","প্রথম ভাবছিলাম যে ভালো হবে না এখন দেখি অনেক ভালো অনেক কোয়ালিটি ফুল, আপনারা চাইলে নিতে পারেন.",product_quality_positive
2858,51751799490425,কি বলবো ওনেক ওনেক ভালো  সবাই নিতে পারেন  আমি ২ টা নিছি আপনারে চোখ বন্ধ  করে নিতে পারেন ❤️❤️❤️,কি বলবো ওনেক ওনেক ভালো সবাই নিতে পারেন আমি ২ টা নিছি আপনারে চোখ বন্ধ করে নিতে পারেন.,product_quality_positive
2859,52541933490425,প্রোডাক্ট টি অসাধারণ। সবচেয়ে ভালো লেগেছে প্রোডাক্টটির প্যাকেজিং দেখে। আর কোয়ালিটি ও দারুন।,প্রোডাক্ট টি অসাধারণ সবচেয়ে ভালো লেগেছে প্রোডাক্টটির প্যাকেজিং দেখে আর কোয়ালিটি ও দারুন.,packaging_positive#product_quality_positive
2860,52102048390425,আলহামদুলিল্লাহ যেমন চেয়েছি তেমন পেয়েছি খুব ভালো প্রোডাক্ট সবাই নিতে পারেন ধন্যবাদ দারাজ,আলহামদুলিল্লাহ যেমন চেয়েছি তেমন পেয়েছি খুব ভালো প্রোডাক্ট সবাই নিতে পারেন ধন্যবাদ দারাজ.,product_quality_positive
2861,53062845990425,earbuds ta sundr..ar delivery man er behavior o vlo chilo..all over alhamdulilah vlo♥️,earbuds ta sundr..ar delivery man er behavior o vlo chilo..all over alhamdulilah vlo.,delivery_positive#product_quality_positive
2862,53301014190425,onk valo quality er product as per budget....highly recommended..seller onk helpful,onk valo quality er product as per budget..highly recommended..seller onk helpful.,seller_service_positive#price_positive#product_quality_positive
2863,54526459390425,Onek Valo product jemon cheyeci temon e paici. Matro 2 din product ti hate pelam.,Onek Valo product jemon cheyeci temon e paici. Matro 2 din product ti hate pelam.,delivery_positive#product_quality_positive
2864,52326460790425,mashaallh. ja chaici tai peyechi.battery backup khub valo.touch sensitivity beshi.,mashaallh. ja chaici tai peyechi.battery backup khub valo.touch sensitivity beshi.,product_quality_positive
2865,53886373690425,"Jemon ta asha korechilam thika temon tai peychi.
Thanks for the amazing product ❤️",Jemon ta asha korechilam thika temon tai peychi. Thanks for the amazing product.,product_quality_positive
2866,52474632590425,"দাম অনুযায়ী প্রোডাক্ট ভালো, তবে কল কোয়ালিটি এভারেজ বলা যায়...সাউন্ড কোয়ালিটি ভালো","দাম অনুযায়ী প্রোডাক্ট ভালো, তবে কল কোয়ালিটি এভারেজ বলা যায়..সাউন্ড কোয়ালিটি ভালো.",price_positive#product_quality_positive
2867,53282795990425,"Mota moti Bhalo, sound quality Bhalo ache kintu charge khub besi thake naa 🙂🙂","Mota moti Bhalo, sound quality Bhalo ache kintu charge khub besi thake naa.",product_quality_neutral
2868,53143794290425,"valo service dicce,, delivery o onk fast cilo,, overall price onujayi besh valo","valo service dicce,, delivery o onk fast cilo,, overall price onujayi besh valo.",delivery_positive#price_positive#product_quality_positive
2869,51821932290425,"Sei ekta jinis valo lagse sathe saller vai o khub valo 
Sobai nite paren 🥰😇",Sei ekta jinis valo lagse sathe saller vai o khub valo Sobai nite paren.,seller_service_positive#product_quality_positive
2870,52367546990425,"ai price aitai best sound quality and battery backup khub valo.
Recommendable",ai price aitai best sound quality and battery backup khub valo. Recommendable.,price_positive#product_quality_positive
2871,52043752290425,সাউন্ড কোয়ালিটি বেশ ভালো ছিলো।বেস লাভারদের জন্য অনেক ভালো একটা প্রডাক্ট হবে।,সাউন্ড কোয়ালিটি বেশ ভালো ছিলো বেস লাভারদের জন্য অনেক ভালো একটা প্রডাক্ট হবে.,product_quality_positive
2872,52617417190425,"alhamdulillah ajke product ti hate pelam 
thank you so much seller ke ❤️❤️",alhamdulillah ajke product ti hate pelam thank you so much seller ke.,product_quality_positive
2873,52389498590425,Reasonable price er moddhye onek valo ekta product. Highly recommended💙💙,Reasonable price er moddhye onek valo ekta product. Highly recommended.,price_positive#product_quality_positive
2874,55123500190425,Sob thik ace. use kore dakhi kmn sound. abr review dibo.thank you seller.,Sob thik ace. use kore dakhi kmn sound. abr review dibo.thank you seller.,product_quality_positive
2875,54510979790425,dam hisebe obviously valo...kew nile nite paren... sound quality o vloi,dam hisebe obviously valo..kew nile nite paren.. sound quality o vloi.,price_positive#product_quality_positive
2876,54990874690425,"অনেক সুন্দর একটা এওয়ার্ড খুব ভালো সাউন্ড কোয়ালিটি 
আমি এটাকে দেব 9/10",অনেক সুন্দর একটা এওয়ার্ড খুব ভালো সাউন্ড কোয়ালিটি আমি এটাকে দেব 9 10.,product_quality_positive
2877,52677758790425,প্রোডাক্ট টি ভালো। সাউন্ড কোয়ালিটি ও ভালো। চাইলে আপনারা ও নিতে পারেন 😊,প্রোডাক্ট টি ভালো সাউন্ড কোয়ালিটি ও ভালো চাইলে আপনারা ও নিতে পারেন.,product_quality_positive
2878,54649771990425,"এত খারাপ কেনো এখন চার্জ হয় না ,কেউ কিনবেন না , ২ দিন পর আর চার্জ হয় না","এত খারাপ কেনো এখন চার্জ হয় না ,কেউ কিনবেন না , ২ দিন পর আর চার্জ হয় না.",product_quality_negative
2879,51975760690425,অসাধারণ একটা প্রোডাক্ট। হাতে নিলে একটা প্রিমিয়াম ফিলিং পাওয়া যায়।,অসাধারণ একটা প্রোডাক্ট হাতে নিলে একটা প্রিমিয়াম ফিলিং পাওয়া যায়.,product_quality_positive
2880,53481738490425,আলহামদুলিল্লাহ আনেক ভাল একটা প্রডাক্ট। সবাই নিতে পারেন আমি সন্তুষ্ট।,আলহামদুলিল্লাহ আনেক ভাল একটা প্রডাক্ট সবাই নিতে পারেন আমি সন্তুষ্ট.,product_quality_positive
2881,53344749090425,product receive kore use kore dekchi best ekta airpod recommended,product receive kore use kore dekchi best ekta airpod recommended.,product_quality_positive
2882,52434969190425,ak khotai osthir ato kom dam ato sundor Headphone 10/10 mark 🥰🥰,ak khotai osthir ato kom dam ato sundor Headphone 10 10 mark.,price_positive#product_quality_positive
2883,53017921690425,this is good. and fine.পণ্যটি অসাধারণ।যেইকম   চাইছি সে রকম পাইছি।,this is good. and fine.পণ্যটি অসাধারণ যেইকম চাইছি সে রকম পাইছি.,product_quality_positive
2884,50963391890425,product vloi mone hocce paking ta vlo cilo r seller vhai ta vlo,product vloi mone hocce paking ta vlo cilo r seller vhai ta vlo.,seller_service_positive#packaging_positive#product_quality_positive
2885,52381378590425,দাম অনুযায়ী এয়ারপডটি যথেষ্ট ভালো। একটু প্রিমিয়াম ভাইব পাওয়া যায়।,দাম অনুযায়ী এয়ারপডটি যথেষ্ট ভালো একটু প্রিমিয়াম ভাইব পাওয়া যায়.,price_positive#product_quality_positive
2886,52292320090425,"দেখে ভালোই মনে হলো, ব্যবহার করলে বোঝা যাবে।
প্যাকেটিং ভালোই ছিল","দেখে ভালোই মনে হলো, ব্যবহার করলে বোঝা যাবে প্যাকেটিং ভালোই ছিল.",packaging_positive#product_quality_positive
2887,53728582890425,"ভাই অসাধারণ একটা প্রডাক্ট আমি আরো একটা অডার দিবো
ইনশাআল্লাহ",ভাই অসাধারণ একটা প্রডাক্ট আমি আরো একটা অডার দিবো ইনশাআল্লাহ.,product_quality_positive
2888,51208048590425,alhamdulillah valo product  ta valo ...apnar oo nite paren,alhamdulillah valo product ta valo ..apnar oo nite paren.,product_quality_positive
2889,53283002890425,product ta dam onujai valo hoise ai price a best product,product ta dam onujai valo hoise ai price a best product.,price_positive#product_quality_positive
2890,52142753690425,আলহামদুলিল্লাহ হাতে পেলাম বিল্ড কোয়ালিটি খুব ভালো ❤️‍🔥,আলহামদুলিল্লাহ হাতে পেলাম বিল্ড কোয়ালিটি খুব ভালো.,product_quality_positive
2891,54510349390425,mashallah onek sundor hoiche .. sound quality was good,mashallah onek sundor hoiche .. sound quality was good.,product_quality_positive
2892,50898613590425,আলহামদুলিল্লাহ যেরকমটা চেয়েছি ঠিক সেরকম টা পেয়েছি,আলহামদুলিল্লাহ যেরকমটা চেয়েছি ঠিক সেরকম টা পেয়েছি.,product_quality_positive
2893,52082547390425,অনেক ভালো প্রোডাক্ট সবাই নিতে পারবেন কোনো সমস্যা নেই,অনেক ভালো প্রোডাক্ট সবাই নিতে পারবেন কোনো সমস্যা নেই.,product_quality_positive
2894,52275692090425,কোয়ালিটি সম্পূন্ন পন্য। সেলার খুব আন্তরিক। ধন্যবাদ।,কোয়ালিটি সম্পূন্ন পন্য সেলার খুব আন্তরিক ধন্যবাদ.,seller_service_positive#product_quality_positive
2895,53178147690425,দাম হিসেবে অনেক ভালো ছিল।আপনারা চাইলে নিতে পারেন।,দাম হিসেবে অনেক ভালো ছিল আপনারা চাইলে নিতে পারেন.,product_quality_positive
2896,54839922490425,Very Good ...... But review video পেলে ভালো হতো,Very Good .. But review video পেলে ভালো হতো.,product_quality_positive
2897,52338422390425,খুবই ভালো সাউণ্ড। আমার পছন্দ হয়েছে। ধন্যবাদ,খুবই ভালো সাউণ্ড আমার পছন্দ হয়েছে ধন্যবাদ.,product_quality_positive
2898,52522860490425,price hesabe bhalo.. packaging bhalo ছিল..,price hesabe bhalo.. packaging bhalo ছিল..,packaging_positive#price_positive#product_quality_positive
2899,55129230690425,অনেক সুন্দর প্রোডাক্ট। নিতে পারেন আপনারা,অনেক সুন্দর প্রোডাক্ট নিতে পারেন আপনারা.,product_quality_positive
2900,54237198790425,Alhamdulillah Airpod ta onkk vlo legece,Alhamdulillah Airpod ta onkk vlo legece.,product_quality_positive
2901,53729395590425,দাম অনুযায়ী product er quality onek valo,দাম অনুযায়ী product er quality onek valo.,price_positive#product_quality_positive
2902,52386935490425,ভালো একটা পন্য পেয়েছি ধন্যবাদ সেলার কে,ভালো একটা পন্য পেয়েছি ধন্যবাদ সেলার কে.,product_quality_positive
2903,54713178790425,"alhamdulillah ,, podact ta onek chilo","alhamdulillah ,, podact ta onek chilo.",product_quality_positive
2904,52534287090425,যথেষ্ট পরিমাণ এ সাউন্ড কোয়ালিটি ভালো,যথেষ্ট পরিমাণ এ সাউন্ড কোয়ালিটি ভালো.,product_quality_positive
2905,52293228790425,Good product . onek sundor product,Good product . onek sundor product.,product_quality_positive
2906,52391426390425,"বাজেটে সেরা প্রোডাক্ট, প্যাকেজিং, ডেলিভারি আর সাউন্ড কোয়ালিটি সবই একদম আশা অতিক্রম করেছে। 
প্যাকেজিং: ১০/১০
সাউন্ড কোয়ালিটি: ৯/১০
বিল্ড কোয়ালিটি: ১০/১০

বাজেটে বেস্ট এইটাই। ধন্যবাদ সেলারকে 🔥","বাজেটে সেরা প্রোডাক্ট, প্যাকেজিং, ডেলিভারি আর সাউন্ড কোয়ালিটি সবই একদম আশা অতিক্রম করেছে প্যাকেজিং ১০ ১০ সাউন্ড কোয়ালিটি ৯ ১০ বিল্ড কোয়ালিটি ১০ ১০ বাজেটে বেস্ট এইটাই ধন্যবাদ সেলারকে.",delivery_positive#packaging_positive#price_positive#product_quality_positive
2907,54509323290425,really nice bowr posunddo hoise🤭,really nice bowr posunddo hoise.,product_quality_positive
2908,51760428890425,অনেক ভালো —কম দামে ভালো প্রোডাক্ট,অনেক ভালো কম দামে ভালো প্রোডাক্ট.,price_positive#product_quality_positive
2909,53210656290425,khub Valo product . Recommended,khub Valo product . Recommended.,product_quality_positive
2910,52534605214268,price hisebe prodact valo ache..but box diche apple but airport tws er..tachara sb valoi ache,price hisebe prodact valo ache..but box diche apple but airport tws er..tachara sb valoi ache.,price_positive#product_quality_positive
2911,54260141314268,"চাইলাম কি দিলো কি দারাজ এর কাছে একটা আশা করি নাই 

আর কনো দিন দারাজ থেকে কিছু অডার করবো নাহ",চাইলাম কি দিলো কি দারাজ এর কাছে একটা আশা করি নাই আর কনো দিন দারাজ থেকে কিছু অডার করবো নাহ.,product_quality_negative
2912,49534054914268,একদিন ব্যবহার করেছি মোটামুটি ভালই নিতে পারেন সমস্যা নেই আর সেলারকে অনেক ধন্যবাদ উনি খুব ভালো মানুষ উনার সাথে কথা বলে খুব ভালো লাগলো ধন্যবাদ দারাজ কে সবাই daraz কে খুব ভালোবাসে তাই দারাজ কে বলছি আপনারা কারো সাথে প্রতারণা করবেন না,একদিন ব্যবহার করেছি মোটামুটি ভালই নিতে পারেন সমস্যা নেই আর সেলারকে অনেক ধন্যবাদ উনি খুব ভালো মানুষ উনার সাথে কথা বলে খুব ভালো লাগলো ধন্যবাদ দারাজ কে সবাই daraz কে খুব ভালোবাসে তাই দারাজ কে বলছি আপনারা কারো সাথে প্রতারণা করবেন না.,seller_service_positive#product_quality_neutral
2913,54248267014268,"vloi sob thik thak e ase dam onu jayi,,apnar kopale noatota porle kisu korar nai arki😗","vloi sob thik thak e ase dam onu jayi,,apnar kopale noatota porle kisu korar nai arki.",price_positive#product_quality_positive
2914,50531004114268,আলহামদুলিল্লাহ ভালো পোটাক যেমন চেয়েছি  তেমন পেয়েছি চাই লে আপনারাও নিতে পাড়েন ❤️❤️🇧🇩,আলহামদুলিল্লাহ ভালো পোটাক যেমন চেয়েছি তেমন পেয়েছি চাই লে আপনারাও নিতে পাড়েন.,product_quality_positive
2915,54220765614268,প্রোডাক্টটি এতো ভালো না কিন্তু সাউন্ড কোয়ালিটি ভালো প্যাকেটটা দেখি চার্জ কতক্ষণ থাকে,প্রোডাক্টটি এতো ভালো না কিন্তু সাউন্ড কোয়ালিটি ভালো প্যাকেটটা দেখি চার্জ কতক্ষণ থাকে.,product_quality_negative
2916,50003759014268,আলহামদুলিল্লাহ অনেক ভালো মনের এয়ারপোর্ট পাইছি সেলার কে অনেক ধন্যবাদ অনেক চার্জ থাকে,আলহামদুলিল্লাহ অনেক ভালো মনের এয়ারপোর্ট পাইছি সেলার কে অনেক ধন্যবাদ অনেক চার্জ থাকে.,product_quality_positive
2917,54175464414268,একদম বাজে ছিল অ্যাপেল ইয়ার বাস দিবে বলে টিডাব্লিউএস ধরাই দিছে এটা কখনো আশা করি নাই,একদম বাজে ছিল অ্যাপেল ইয়ার বাস দিবে বলে টিডাব্লিউএস ধরাই দিছে এটা কখনো আশা করি নাই.,product_quality_negative
2918,54363895814268,"কেউ নিয়েন না, কারণ যেইটা দেইখা অর্ডার দিবেন, সেইটা দেয়না, আমারে দিছে আরেকটা, 😡","কেউ নিয়েন না, কারণ যেইটা দেইখা অর্ডার দিবেন, সেইটা দেয়না, আমারে দিছে আরেকটা,.",product_quality_negative
2919,54139724014268,"সাউন্ড কোয়ালিটি 10?20
চার্জিং বেকাপ 10?10
bass সব মিলিয়ে অসাধারণ পারফরম্যান্স",সাউন্ড কোয়ালিটি 10?20 চার্জিং বেকাপ 10?10 bass সব মিলিয়ে অসাধারণ পারফরম্যান্স.,product_quality_positive
2920,54105499214268,অনেক সুন্দর হয়েছে কোয়ালিটি অনেক সুন্দর মাশাল্লাহ সাউন্ডটা অনেক ভালো,অনেক সুন্দর হয়েছে কোয়ালিটি অনেক সুন্দর মাশাল্লাহ সাউন্ডটা অনেক ভালো.,product_quality_positive
2921,54301256914268,অর্ডার করছি একটা আর দিছে আরেকটা এই প্রথম কিছু কিনে ঠকলাম নারাজ থেকে,অর্ডার করছি একটা আর দিছে আরেকটা এই প্রথম কিছু কিনে ঠকলাম নারাজ থেকে.,product_quality_negative
2922,52829745914268,খুব ভালো একটি ব্লুটু চাইলে আপনারা নিতে পারেন সাউন্ড কোয়ালিটি ও ভালো,খুব ভালো একটি ব্লুটু চাইলে আপনারা নিতে পারেন সাউন্ড কোয়ালিটি ও ভালো.,product_quality_positive
2923,54103102814268,"ভালো কিন্তু Apple এর প্যক। কিন্তু অন্য পোডাক।
সাউন্ড কোয়ালি টি ভালো।",ভালো কিন্তু Apple এর প্যক কিন্তু অন্য পোডাক সাউন্ড কোয়ালি টি ভালো.,product_quality_positive
2924,54132105114268,মোটামুটি এই দামের মধ্যে চলে। চার্জ কেমন থাকবে এখনো বোঝা যাচ্ছে না।,মোটামুটি এই দামের মধ্যে চলে চার্জ কেমন থাকবে এখনো বোঝা যাচ্ছে না.,price_neutral#product_quality_neutral
2925,49014509714268,"প্রোডাক্টটা যথেষ্ট পরিমাণ ভাল ছিল। 
এত কম দামের মধ্যে এই প্রোডাক্ট পাওয়া খুবই অসম্ভব। দারাজ থেকে পেয়েছি। সাউন্ড কোয়ালিটিটা মোটামুটি আলহামদুলিল্লাহ। সত্যি কথা বলতে এই বাজেটের মধ্যে ভালো একটি এয়াপডস।🥰🥰🥰
সেলার ভাই টা খুবই। ভালো ছিল।",প্রোডাক্টটা যথেষ্ট পরিমাণ ভাল ছিল এত কম দামের মধ্যে এই প্রোডাক্ট পাওয়া খুবই অসম্ভব দারাজ থেকে পেয়েছি সাউন্ড কোয়ালিটিটা মোটামুটি আলহামদুলিল্লাহ সত্যি কথা বলতে এই বাজেটের মধ্যে ভালো একটি এয়াপডস সেলার ভাই টা খুবই ভালো ছিল.,seller_service_positive#price_positive#product_quality_positive
2926,52659221414268,Valo ekta products.  jemon ta order korsilam thik temon e paisi,Valo ekta products. jemon ta order korsilam thik temon e paisi.,product_quality_positive
2927,52638078914268,মাশাল্লাহ খুব ভালো আপনারা চাইলে নিতে পারেন যারা বেজ পছন্দ করেন,মাশাল্লাহ খুব ভালো আপনারা চাইলে নিতে পারেন যারা বেজ পছন্দ করেন.,product_quality_positive
2928,54777012914268,"Vai onak balo posa,ato baloo asa kori nai,ato balo porsa🫡🫡😱","Vai onak balo posa,ato baloo asa kori nai,ato balo porsa.",product_quality_positive
2929,54758987314268,khub e baje j products chaisi oita day naj onno akta dise...,khub e baje j products chaisi oita day naj onno akta dise..,product_quality_negative
2930,54485210614268,"eitai sudhu bolbo, ei dam e r valo kichu paben na.eita best🙃","eitai sudhu bolbo, ei dam e r valo kichu paben na.eita best.",price_positive#product_quality_positive
2931,53819488414268,আলহামদুলিল্লাহ প্রোডাক্ট টি খুব ভালো ছিলো আপনারা ও নিতে পারেন,আলহামদুলিল্লাহ প্রোডাক্ট টি খুব ভালো ছিলো আপনারা ও নিতে পারেন.,product_quality_positive
2932,54188234614268,allahamdulillah sob thik acha... use kore tarpor review dilm,allahamdulillah sob thik acha.. use kore tarpor review dilm.,product_quality_positive
2933,50089085814268,onek Valo sound quality......Chile order Korte paren..🥰🥰,onek Valo sound quality..Chile order Korte paren..,product_quality_positive
2934,52710382714268,দাম অনুযায়ী আমি জিনিসটা সঠিক পাইছি কোয়ালিটিটা অনেক ভালো,দাম অনুযায়ী আমি জিনিসটা সঠিক পাইছি কোয়ালিটিটা অনেক ভালো.,price_positive#product_quality_positive
2935,54270151614268,dilam ki oder dilo ki faltu product diye diche 😡😠🤬,dilam ki oder dilo ki faltu product diye diche.,product_quality_negative
2936,45613059914268,Motomoti valo ache caj onk valo jay,Motomoti valo ache caj onk valo jay.,product_quality_neutral
2937,54425363914268,এরা একটা বাটপার অর্ডার করি এক পণ্য দেয় আরেক পণ্য,এরা একটা বাটপার অর্ডার করি এক পণ্য দেয় আরেক পণ্য.,product_quality_negative
2938,54260993214268,dam hisab a valo Onek.. apnara chaile nite paren,dam hisab a valo Onek.. apnara chaile nite paren.,price_positive#product_quality_positive
2939,52922422814268,"তেমন ভালো না,চার্জ এবং সাউন্ড কোয়ালিটিও ভালো না","তেমন ভালো না,চার্জ এবং সাউন্ড কোয়ালিটিও ভালো না.",product_quality_negative
2940,54528683114268,ধন্যবাদ দারাজকে অরিজিনাল প্রোডাক্ট দেয়ার জন্য।,ধন্যবাদ দারাজকে অরিজিনাল প্রোডাক্ট দেয়ার জন্য.,product_quality_positive
2941,54317706614268,খুবই ভালো একটি প্রোড না নিশ্চিন্তে নিতে পারি,খুবই ভালো একটি প্রোড না নিশ্চিন্তে নিতে পারি.,product_quality_positive
2942,50470251014268,প্রডাক্টটি অনেক ভালো। আপনারা চাইলে নিতে পারেন,প্রডাক্টটি অনেক ভালো আপনারা চাইলে নিতে পারেন.,product_quality_positive
2943,49384997714268,onek valo akti prodan onek sumdor bekap dei sotti bolte onek valo,onek valo akti prodan onek sumdor bekap dei sotti bolte onek valo.,product_quality_positive
2944,54342898914268,"ami older dilam ki dilo ki😏
kiso bolar nai",ami older dilam ki dilo ki kiso bolar nai.,product_quality_negative
2945,54345746314268,কি অর্ডার দিলাম আর কি দিলো এইটা আসা করিনি 😢,কি অর্ডার দিলাম আর কি দিলো এইটা আসা করিনি.,product_quality_negative
2946,54170278814268,এই টাকায় এত ভালো জিনিস দারাজ থেকে কখনো পাইনি,এই টাকায় এত ভালো জিনিস দারাজ থেকে কখনো পাইনি.,price_positive#product_quality_positive
2947,54661611614268,"খুবই ভালো লাগছে,,এই দামে ভালো একটি প্রডাক্ট","খুবই ভালো লাগছে,,এই দামে ভালো একটি প্রডাক্ট.",price_positive#product_quality_positive
2948,44316730714268,নিতে পারেন সবাই good product,নিতে পারেন সবাই good product.,product_quality_positive
2949,54224051214268,dam hisabe valo..apnara chaile nite paren,dam hisabe valo..apnara chaile nite paren.,price_positive#product_quality_positive
2950,54359883014268,kharap na valoi. Price onujani thik ace.,kharap na valoi. Price onujani thik ace.,price_neutral#product_quality_positive
2951,53989289714268,প্রোডাক্টি ভালো আছে।আপ্নারা নিতে পারেন।,প্রোডাক্টি ভালো আছে আপ্নারা নিতে পারেন.,product_quality_positive
2952,54259990514268,keo niyan na product  ulta palta dotase,keo niyan na product ulta palta dotase.,product_quality_negative
2953,53747205714268,আপনারা নিতে পারেন দাম হিসেবে অনেক ভালো,আপনারা নিতে পারেন দাম হিসেবে অনেক ভালো.,price_positive#product_quality_positive
2954,54294645814268,konta order dichi r pailam kontaa?? 😑,konta order dichi r pailam kontaa??,product_quality_negative
2955,54553843114268,অসাধারন কেউ ঠকবেন না  নিতে পারেন 1234,অসাধারন কেউ ঠকবেন না নিতে পারেন 1234.,product_quality_positive
2956,50259704414268,Alhamdulillah prodrak ta onk valo,Alhamdulillah prodrak ta onk valo.,product_quality_positive
2957,54275945914268,dichi ekta amke diche arek ta,dichi ekta amke diche arek ta.,product_quality_negative
2958,54405157214268,নষ্ট দিয়েছে।  connect হয় না,নষ্ট দিয়েছে connect হয় না.,product_quality_negative
2959,54158692914268,এই বাজেট এ সেরা 💝 ধন্যবাদ।,এই বাজেট এ সেরা ধন্যবাদ.,price_positive#product_quality_positive
2960,54332621514268,oderd korlam ki r dilo ki,oderd korlam ki r dilo ki.,product_quality_negative
2961,49429766314268,khub vlo ata sobai nita paran,khub vlo ata sobai nita paran.,product_quality_positive
2962,54306622314268,"valo product but pakegin onk besi kharap ...🥲 ar akta fita ba protection er jonno phn er cover a laganor je jinis oita deoyar kotha silo oita daini ...🙂 ar sound valo ase motamoti..,😺","valo product but pakegin onk besi kharap .. ar akta fita ba protection er jonno phn er cover a laganor je jinis oita deoyar kotha silo oita daini .. ar sound valo ase motamoti..,.",packaging_negative#product_quality_positive
2963,45533125514268,Alhamdulillah.. jamunti Asha korechi laam..taar thakaoo vaalo ... Aeei tws ti... Kew chailee nete paaren... Kom dame valo product....,Alhamdulillah.. jamunti Asha korechi laam..taar thakaoo vaalo .. Aeei tws ti.. Kew chailee nete paaren.. Kom dame valo product..,price_positive#product_quality_positive
2964,45631346114268,"আলহামদুলিল্লাহ প্রোডাক্ট টা ভালো ছিলো,এই দামের ভিতর যথেষ্ট 🖤","আলহামদুলিল্লাহ প্রোডাক্ট টা ভালো ছিলো,এই দামের ভিতর যথেষ্ট.",price_positive#product_quality_positive
2965,45048767514268,Kharap na dam onujaie valo ace a👍,Kharap na dam onujaie valo ace a.,price_positive#product_quality_positive
2966,54423111814268,এত অল্প টাকা এত ভালো মানের জিনিস দেওয়ার জন্য দ্বারা আজকে ধন্যবাদ ডেলিভারি বয় আমার খুব পরিচিত ছিল,এত অল্প টাকা এত ভালো মানের জিনিস দেওয়ার জন্য দ্বারা আজকে ধন্যবাদ ডেলিভারি বয় আমার খুব পরিচিত ছিল.,price_positive#product_quality_positive
2967,54134205114268,"kicudin use krlm. alhamdulillah, sound quality vlo. but, charge besi thake nah. 1.30-2.00 hours nonstop chole. . It's better as the price","kicudin use krlm. alhamdulillah, sound quality vlo. but, charge besi thake nah. 1.30-2.00 hours nonstop chole. . It's better as the price.",price_positive#product_quality_positive
2968,52766227514268,"Airpods ta onk onk valo 🥰🥰❤️
ar seller er babohar taw onk balo chilo ❤️❤️
Thank you daraz amake ato valo product dewar jnno
❤️😎❤️",Airpods ta onk onk valo ar seller er babohar taw onk balo chilo Thank you daraz amake ato valo product dewar jnno.,seller_service_positive#product_quality_positive
2969,54191538714268,"ভাই পুরাই ফাউল একটা জিনিষ যা, লেখা এবং Ads দেয়া আছে তা মোটেও পাবেন নাহ, দেয়া আছে AirPods Pro Gen 2 তবে তারা দেয় একটি Tws সেটাও তেমন একটা ভালো নাহ 
ভাই আমি বলব যদি নিতে চান তাহলে একটু দাম দিয়ে মার্কেট থেকে নিয়েন, তবু ও এই দরাজ এর মতন ফালতু সাইট থেকে া ফালতু প্রোডাক্ট না কেনাই ভালো,
দরাজ কোনো দিন ভালো প্রোডাক্ট দিতে পারবে নাহ","ভাই পুরাই ফাউল একটা জিনিষ যা, লেখা এবং Ads দেয়া আছে তা মোটেও পাবেন নাহ, দেয়া আছে AirPods Pro Gen 2 তবে তারা দেয় একটি Tws সেটাও তেমন একটা ভালো নাহ ভাই আমি বলব যদি নিতে চান তাহলে একটু দাম দিয়ে মার্কেট থেকে নিয়েন, তবু ও এই দরাজ এর মতন ফালতু সাইট থেকে া ফালতু প্রোডাক্ট না কেনাই ভালো, দরাজ কোনো দিন ভালো প্রোডাক্ট দিতে পারবে নাহ.",product_quality_negative
2970,54230717214268,"Alhamdulillah. 
Products Hate Paise But Jairokom Products Chisilam Oi Rokom Akdom a Pai Nai. 
Aber Headphone Ar Sata Changer Dei Nai.",Alhamdulillah. Products Hate Paise But Jairokom Products Chisilam Oi Rokom Akdom a Pai Nai. Aber Headphone Ar Sata Changer Dei Nai.,product_quality_negative
2971,52982673114268,"wow amazing 😍 
আপনারা চাইলে নিতে পারেন সাউন্ড কোয়ালিটি অনেক ভালো অত্যন্ত দুর্দান্ত চার্জিং ব্যাকআপটা এমন অনেক ভালো পেয়েছি সেলার প্লাস ডেলিভারি সবকিছুই ঠিকঠাক",wow amazing আপনারা চাইলে নিতে পারেন সাউন্ড কোয়ালিটি অনেক ভালো অত্যন্ত দুর্দান্ত চার্জিং ব্যাকআপটা এমন অনেক ভালো পেয়েছি সেলার প্লাস ডেলিভারি সবকিছুই ঠিকঠাক.,seller_service_positive#delivery_positive#product_quality_positive
2972,52746251714268,"ভাই কেউ দযা করে এটা কিনবেন না , মোবাইলের সাথে সহজে কানেক্ট হয় না , চার্জ ও ভালো থাকে না ,হঠাৎ হঠাৎ বন্ধ হয়ে যায় 🤬🤬🤬🤬","ভাই কেউ দযা করে এটা কিনবেন না , মোবাইলের সাথে সহজে কানেক্ট হয় না , চার্জ ও ভালো থাকে না ,হঠাৎ হঠাৎ বন্ধ হয়ে যায়.",product_quality_negative
2973,54286615714268,কি দেখে অর্ডার করলাম আর কি দিলেন।  এমন প্রতারণা আমার সাথে এই প্রথম হল দারাজে। ভিন্ন জিনিস দিছেন। চেক করে তো দিবেন এক কানে কানেক্টে হয় না। এমন প্রতারণা করে ব্যবসা করে কি লাভ?! আখেরাত বরবাদ হবে আপনার আমি আখেরাতে নিবো। দুনিয়াতে রিটার্নের যে সাত দিনের সময় ও পক্রিয়া আপনারা আমাকে দিছেন এই সময় আমার থাকলে দারাজে অর্ডার করতাম না।,কি দেখে অর্ডার করলাম আর কি দিলেন এমন প্রতারণা আমার সাথে এই প্রথম হল দারাজে ভিন্ন জিনিস দিছেন চেক করে তো দিবেন এক কানে কানেক্টে হয় না এমন প্রতারণা করে ব্যবসা করে কি লাভ?! আখেরাত বরবাদ হবে আপনার আমি আখেরাতে নিবো দুনিয়াতে রিটার্নের যে সাত দিনের সময় ও পক্রিয়া আপনারা আমাকে দিছেন এই সময় আমার থাকলে দারাজে অর্ডার করতাম না.,product_quality_negative
2974,54058297414268,Khubi baje experience... jeta dekhano hoise shets dea hoy nai ... ami age 1 ta nisi oita khubi valo silo.. but aibar khubi baje product dea hoise... ager tar thake onnek different. design+ojom konota thik nai,Khubi baje experience.. jeta dekhano hoise shets dea hoy nai .. ami age 1 ta nisi oita khubi valo silo.. but aibar khubi baje product dea hoise.. ager tar thake onnek different. design ojom konota thik nai.,product_quality_negative
2975,54159129114268,"dekhai ek jinis dise arek jinis, post a dekhaise airpod 2nd generation + ekta clip free,,,but dise ekta low quality 1st generation airpod ar kiccu dei nai sathe,,,,,,Kew niben na.","dekhai ek jinis dise arek jinis, post a dekhaise airpod 2nd generation ekta clip free,,but dise ekta low quality 1st generation airpod ar kiccu dei nai sathe,,Kew niben na.",product_quality_negative
2976,54605453914268,product ta onek valo apnara Chailey nite paren sound quality onek valo r shomoi moto jinish powchai dise 💖,product ta onek valo apnara Chailey nite paren sound quality onek valo r shomoi moto jinish powchai dise.,delivery_positive#product_quality_positive
2977,54332499814268,প্রথম ছবির টা দেখিয়ে। ফালতু প্রোডাক্ট দিছে।জানোয়ারের বাচ্চারা। ব্যাবসার নামে ফাজলামো করস।দেখালি কি দিলি কি।বাটপার সেলার,প্রথম ছবির টা দেখিয়ে ফালতু প্রোডাক্ট দিছে জানোয়ারের বাচ্চারা ব্যাবসার নামে ফাজলামো করস দেখালি কি দিলি কি বাটপার সেলার.,product_quality_negative
2978,54124139114268,"chobi te dekhaise ek dise r ek . product ta samne theke valo kinto sound valo na .
r delivery system valo na packaging valo na venge false box ta . hang korar fita dey nai kisui mil nai . mot Kotha jemn ta dekhaise tem ta pay nai vhuya jinis dise .",chobi te dekhaise ek dise r ek . product ta samne theke valo kinto sound valo na . r delivery system valo na packaging valo na venge false box ta . hang korar fita dey nai kisui mil nai . mot Kotha jemn ta dekhaise tem ta pay nai vhuya jinis dise .,delivery_negative#packaging_negative#product_quality_negative
2979,54198772714268,"পণ্য দেখতে ভাল কিন্তু কোয়ালিটি একবারে বাজে,, ৩৫০ টাকা খরচ না করে যদি বাজার থেকে একটা ইয়ারফোন কেনা যায় আমার মনে হয় এর থেকে বেস্ট হবে,, দেখতে মোটামুটি মাশাল্লাহ খুবই ভালো কিন্তু সাউন্ড কোয়ালিটি সুন্দর একদম বাজে একটাও ধরতে পারেনা ভয়েস চেঞ্জ হয়ে যায় বহু ধরনের সমস্যা দেখা যায়","পণ্য দেখতে ভাল কিন্তু কোয়ালিটি একবারে বাজে,, ৩৫০ টাকা খরচ না করে যদি বাজার থেকে একটা ইয়ারফোন কেনা যায় আমার মনে হয় এর থেকে বেস্ট হবে,, দেখতে মোটামুটি মাশাল্লাহ খুবই ভালো কিন্তু সাউন্ড কোয়ালিটি সুন্দর একদম বাজে একটাও ধরতে পারেনা ভয়েস চেঞ্জ হয়ে যায় বহু ধরনের সমস্যা দেখা যায়.",product_quality_negative
2980,54198545514268,picture daoya chilo green light and pathaise blue light kothar shathe kaajer kono mil nai potarok era,picture daoya chilo green light and pathaise blue light kothar shathe kaajer kono mil nai potarok era.,product_quality_negative
2981,54425559614268,fack product dica...jemon dekhayca oi rokom dy nai...2nd generation dekhaiya airport pro dica,fack product dica..jemon dekhayca oi rokom dy nai..2nd generation dekhaiya airport pro dica.,product_quality_negative
2982,54207881814268,average. chobe ta jamon daua tamon na. atar sound quality valo. akn koy den jay dakhar besoy.,average. chobe ta jamon daua tamon na. atar sound quality valo. akn koy den jay dakhar besoy.,product_quality_neutral
2983,48984218614268,"valo na mash khanek valo colse ekhon r charge neina 
useless 
eita na niye wire'er gulo nen",valo na mash khanek valo colse ekhon r charge neina useless eita na niye wire'er gulo nen.,product_quality_negative
2984,54543059014268,ওভারঅল সবদিকেই ভালো নয়েজ ক্যান্সলেশন কাজ করে বেজ ভালো আছে কম দামের মধ্যে ভালো প্রোডাক্ট।,ওভারঅল সবদিকেই ভালো নয়েজ ক্যান্সলেশন কাজ করে বেজ ভালো আছে কম দামের মধ্যে ভালো প্রোডাক্ট.,price_positive#product_quality_positive
2985,54363782614268,অর্ডার দিছে একটা গেছে আরেকটা কেউ অর্ডার দিবেন না  দুইটা অর্ডার দিচ্ছি একটা দিছে  🤬🤬🤬🤬,অর্ডার দিছে একটা গেছে আরেকটা কেউ অর্ডার দিবেন না দুইটা অর্ডার দিচ্ছি একটা দিছে.,product_quality_negative
2986,49017658914268,এখন পর্যন্ত ব্যবহার করে কোন সমস্যা ফিল করি নি চার্জ ও অনেক থাকে। ডেলিভারি ম্যান ভাই টা অনেক সুন্দর ব্যবহার ❤️❤️❤️,এখন পর্যন্ত ব্যবহার করে কোন সমস্যা ফিল করি নি চার্জ ও অনেক থাকে ডেলিভারি ম্যান ভাই টা অনেক সুন্দর ব্যবহার.,delivery_positive#product_quality_positive
2987,49353248514268,ekebare faltu ekta product late kore diche taw abr charger dichi vinno C-type charger diche but charger lagbe i phne er moto.. ekdom e baje experience,ekebare faltu ekta product late kore diche taw abr charger dichi vinno C-type charger diche but charger lagbe i phne er moto.. ekdom e baje experience.,delivery_negative#product_quality_negative
2988,52528422314268,ek kothai osadharon....aii dame 2nd generation sottii okolponio....thanks daraz,ek kothai osadharon..aii dame 2nd generation sottii okolponio..thanks daraz.,price_positive#product_quality_positive
2989,54173379214268,alhamdulillah onek.valoi paichi products ta and.fast.delivery korar jonno.tnx,alhamdulillah onek.valoi paichi products ta and.fast.delivery korar jonno.tnx.,delivery_positive#product_quality_positive
2990,49353466314268,"apple air pods pro 2nd generation dewar kotha r dilen ki.
Ekta Baje R Ekta Baje Naaa.👎👎👎👎",apple air pods pro 2nd generation dewar kotha r dilen ki. Ekta Baje R Ekta Baje Naa.,product_quality_negative
2991,54380644314268,অল্প টাকে ভালো একটা হেডফোন পেলাম আলহামদুলিল্লাহ এই ইয়া পোস্টে অনেক ভালো,অল্প টাকে ভালো একটা হেডফোন পেলাম আলহামদুলিল্লাহ এই ইয়া পোস্টে অনেক ভালো.,price_positive#product_quality_positive
2992,54349699814268,অর্ডার করেছিলাম ১ম ছবি সাদা কালার টা দিয়েছেন ২য় ছবির টা। প্রতারনা করেছেন,অর্ডার করেছিলাম ১ম ছবি সাদা কালার টা দিয়েছেন ২য় ছবির টা প্রতারনা করেছেন.,product_quality_negative
2993,54134457414268,"মোটামুটি ভালো, যেমনটা দেখছিলাম তেমনটাই পাইছি। আপনারা চাইলে নিতে পারেন","মোটামুটি ভালো, যেমনটা দেখছিলাম তেমনটাই পাইছি আপনারা চাইলে নিতে পারেন.",product_quality_neutral
2994,52689043314268,valo sobai nite paren kintu lekha ace Apple ar vitore lekha ace tws,valo sobai nite paren kintu lekha ace Apple ar vitore lekha ace tws.,product_quality_positive
2995,49425491014268,alhamdulilla onek Valo  hoice aj hate pelam thanks selar Vai and daraz ke♥️♥️♥️♥️♥️♥️,alhamdulilla onek Valo hoice aj hate pelam thanks selar Vai and daraz ke.,product_quality_positive
2996,54169078114268,যেমন দেখানো হয়েছে ঠিক তেমন না কিন্তু ভালোর মধ্যেই খুব একটা ভালো না,যেমন দেখানো হয়েছে ঠিক তেমন না কিন্তু ভালোর মধ্যেই খুব একটা ভালো না.,product_quality_neutral
2997,54203453514268,প্রোডাক্টটি অনেক ভালো দাম অনুযায়ী সাউন্ড কোয়ালিটি অনেক ভালো আছে।,প্রোডাক্টটি অনেক ভালো দাম অনুযায়ী সাউন্ড কোয়ালিটি অনেক ভালো আছে.,price_positive#product_quality_positive
2998,54269466214268,"খুবই ভালো লাগল, দাম অনুযায়ী বেস্ট💝💝দারাজ মানেই কম দামে ভালো কিছু","খুবই ভালো লাগল, দাম অনুযায়ী বেস্ট দারাজ মানেই কম দামে ভালো কিছু.",price_positive#product_quality_positive
2999,54205906514268,"আলহামদুলিল্লাহ,,,
 সাউন্ড কোয়ালিটি আলহামদুলিল্লাহ অনেক ভালো,,","আলহামদুলিল্লাহ,, সাউন্ড কোয়ালিটি আলহামদুলিল্লাহ অনেক ভালো,,.",product_quality_positive
3000,52755118014268,অনেক সুন্দর একটি প্রোডাক্ট সাউন্ড কোয়ালিটি অনেক ভালো,অনেক সুন্দর একটি প্রোডাক্ট সাউন্ড কোয়ালিটি অনেক ভালো.,product_quality_positive
3001,54722790214268,অনেক সুন্দর প্রোডাক্ট সাউন্ড কোয়ালিটি ফ্রেশ ছিল,অনেক সুন্দর প্রোডাক্ট সাউন্ড কোয়ালিটি ফ্রেশ ছিল.,product_quality_positive
3002,54498647114268,এমনিতেই ভালো আছে কিন্তু আমাকে সব কিছু দেই নাই,এমনিতেই ভালো আছে কিন্তু আমাকে সব কিছু দেই নাই.,product_quality_positive
3003,54288211114268,onek valo earbuds. sound quality onek crazy,onek valo earbuds. sound quality onek crazy.,product_quality_positive
3004,53133213514268,Air Pods টা ভালো নিরদ্বিধায় নিতে পারন 🥰🥰,Air Pods টা ভালো নিরদ্বিধায় নিতে পারন.,product_quality_positive
3005,54198215914268,"একদম বাজে প্রোডাক্ট, কেউ নিয়েন না ভাইয়েরা🥲","একদম বাজে প্রোডাক্ট, কেউ নিয়েন না ভাইয়েরা.",product_quality_negative
3006,54091508814268,প্রোডাক্টটা ভালো পাইছি সেলার কে ধন্যবাদ,প্রোডাক্টটা ভালো পাইছি সেলার কে ধন্যবাদ.,product_quality_positive
3007,55126516614268,"ফালতু, একটি ছেলে যে অন্য আরেকটি দিয়েছে","ফালতু, একটি ছেলে যে অন্য আরেকটি দিয়েছে.",product_quality_negative
3008,54002704414268,এটা খুবই ভালো চাইলে আপনারা নিতে পারেন,এটা খুবই ভালো চাইলে আপনারা নিতে পারেন.,product_quality_positive
3009,54164159114268,মুটামুটি ভালোই আছে এই দাম অনুযায়ী 🥰🥰,মুটামুটি ভালোই আছে এই দাম অনুযায়ী.,price_neutral#product_quality_neutral
3010,52757720614268,আলহামদুলিল্লাহ খুব ভালো একটা পোডাক..,আলহামদুলিল্লাহ খুব ভালো একটা পোডাক..,product_quality_positive
3011,54622274914268,valo khub valo chaile nite paren😍😍😍,valo khub valo chaile nite paren.,product_quality_positive
3012,54355792814268,"Budget hisebe best, quality o best 🥰","Budget hisebe best, quality o best.",price_positive#product_quality_positive
3013,48957864814268,খুব একটা খারাপও না আরব ভালোও না...,খুব একটা খারাপও না আরব ভালোও না..,product_quality_neutral
3014,54174893514268,blo hoyaca but free oi ta dai nai,blo hoyaca but free oi ta dai nai.,product_quality_positive
3015,49489673214268,sobi thik ache but charging sistam bujteci nah,sobi thik ache but charging sistam bujteci nah.,product_quality_positive
3016,54263483214268,"খুব খারাপ 
এক কানের টা বাজে না",খুব খারাপ এক কানের টা বাজে না.,product_quality_negative
3017,48919178614268,"ফেক প্রোডাক্ট ,china variant ,no pop up show on iphone ,TWS COPY","ফেক প্রোডাক্ট ,china variant ,no pop up show on iphone ,TWS COPY.",product_quality_negative
3018,54236823314268,এরা পণ্য দেখা একটা দে আর একটা,এরা পণ্য দেখা একটা দে আর একটা.,product_quality_negative
3019,54227082414268,10 Minit Charge kite baler mal,10 Minit Charge kite baler mal.,product_quality_negative
3020,54142968914268,kub ballo apnara nite paren,kub ballo apnara nite paren.,product_quality_positive
3021,54267588814268,পছন্দ করছি একটা দিছে আরেকটা,পছন্দ করছি একটা দিছে আরেকটা.,product_quality_negative
3022,54202766514268,খুব ভালো সবাই নিতে পারেন,খুব ভালো সবাই নিতে পারেন.,product_quality_positive
3023,53696564114268,kharap naaa. nite paren !,kharap naa. nite paren !,product_quality_positive
3024,48880381414268,onk vlo and onk vlo sound quality jara nite chan nite paren,onk vlo and onk vlo sound quality jara nite chan nite paren.,product_quality_positive
3025,54425938514268,oto tao khrp nh...sound quality vloi....but ek to chrgr cable c port er.. ar scnd kono fita dei nai,oto tao khrp nh..sound quality vloi..but ek to chrgr cable c port er.. ar scnd kono fita dei nai.,product_quality_neutral
3026,44681329014268,"great product, good sound quality, charge onk Khon thake, nite paren product ta, kom er moddhe best product","great product, good sound quality, charge onk Khon thake, nite paren product ta, kom er moddhe best product.",price_positive#product_quality_positive
3027,45539524214268,কম দামে এত সুন্দর একটি জিনিস পাইছি কি বলবো,কম দামে এত সুন্দর একটি জিনিস পাইছি কি বলবো.,price_positive#product_quality_positive
3028,44946864914268,"অনেক ভালো প্রডাক পেয়েছি, ধন্যবাদ দারাজ কে 🙃","অনেক ভালো প্রডাক পেয়েছি, ধন্যবাদ দারাজ কে.",product_quality_positive
3029,49036559214268,"Good Quality product,,, Ei price er jonno ei product perfect... Apnara nite paren ... donnobad","Good Quality product,, Ei price er jonno ei product perfect.. Apnara nite paren .. donnobad.",price_positive#product_quality_positive
3030,54176268314268,প্রোডাক্ট ভালো। কিন্তু চার্জার দেয় নাই। সাউন্ড কোয়ালিটি খুব ভালো। সবকিছু ভালো আছে,প্রোডাক্ট ভালো কিন্তু চার্জার দেয় নাই সাউন্ড কোয়ালিটি খুব ভালো সবকিছু ভালো আছে.,product_quality_positive
3031,45548893014268,মোটামুটি। call এ কথা বলতে সমস্যা হয়।,মোটামুটি call এ কথা বলতে সমস্যা হয়.,product_quality_neutral
3032,54137115014268,"pura baje, normal air pods","pura baje, normal air pods.",product_quality_negative
3033,49634747914268,দ্রুত ডেলিভারি দিয়ে গেলেও আমার ইয়ারবাডস এর একটি নষ্ট। কোন ভাবেই চার্জ করা যায় না যার ফলে সেটি চলেও না। শখ করে কেনা জিনিস এভাবে না ঠকালেও চলতো।খুব বাজে কোয়ালিটি। তার উপর দামটাও বেশী রাখা হইছে।,দ্রুত ডেলিভারি দিয়ে গেলেও আমার ইয়ারবাডস এর একটি নষ্ট কোন ভাবেই চার্জ করা যায় না যার ফলে সেটি চলেও না শখ করে কেনা জিনিস এভাবে না ঠকালেও চলতো খুব বাজে কোয়ালিটি তার উপর দামটাও বেশী রাখা হইছে.,delivery_positive#price_negative#product_quality_negative
3034,53409922338794,"আলহামদুলিল্লাহ তিনটা অর্ডার করছিলাম আজকে হাতে পেয়েছি তিনটাই ভালো আছে এখন ব্যবহার করে দেখি কেমন চার্জ যায়। 
কিন্তু দুঃখের বিষয় হলো আমায় একটা গিফট দেওয়ার কথা ছিল সে গিফট আমি পাইনি 😥🥺",আলহামদুলিল্লাহ তিনটা অর্ডার করছিলাম আজকে হাতে পেয়েছি তিনটাই ভালো আছে এখন ব্যবহার করে দেখি কেমন চার্জ যায় কিন্তু দুঃখের বিষয় হলো আমায় একটা গিফট দেওয়ার কথা ছিল সে গিফট আমি পাইনি.,product_quality_positive
3035,53154809538794,Akdom loking premium. Sound o perfect. . Buget onujaye akdom perfect.Apnara sobai nite paren. Offline a a dame airkm earbuds paoa jabena kokhonoi.,Akdom loking premium. Sound o perfect. . Buget onujaye akdom perfect.Apnara sobai nite paren. Offline a a dame airkm earbuds paoa jabena kokhonoi.,price_positive#product_quality_positive
3036,52606900938794,"এই তিনটা প্রডাক্ট অর্ডার করেছি,২টা মিনি রিচার্জেবল ফ্যান একটি ব্লুটুথ এয়ারফোন,আলহামদুলিল্লা খুব ভালো পেয়েছি ডেলিভারিও অনেকে ফাষ্ট পেয়েছি ২৪ ঘন্টারও কম সময়ে।ডেলিভারী ম্যান এর ব্যাবহারও সন্তোশ জনক ছিল।ডেলিভারী চার্জও ফ্রি ছিল।সব মিলিয়ে আমি সন্তুষ্ট,ধন্যবাদ দারাজকে।আসা করছি দারাজের এমন সার্ভিস অব্যাহত থাকবে।","এই তিনটা প্রডাক্ট অর্ডার করেছি,২টা মিনি রিচার্জেবল ফ্যান একটি ব্লুটুথ এয়ারফোন,আলহামদুলিল্লা খুব ভালো পেয়েছি ডেলিভারিও অনেকে ফাষ্ট পেয়েছি ২৪ ঘন্টারও কম সময়ে ডেলিভারী ম্যান এর ব্যাবহারও সন্তোশ জনক ছিল ডেলিভারী চার্জও ফ্রি ছিল সব মিলিয়ে আমি সন্তুষ্ট,ধন্যবাদ দারাজকে আসা করছি দারাজের এমন সার্ভিস অব্যাহত থাকবে.",delivery_positive#product_quality_positive
3037,53032922038794,5 din use korar por review dillam onek vlo hoise apnara sobai kinteh paren r charge o onk din thakeh....😌,5 din use korar por review dillam onek vlo hoise apnara sobai kinteh paren r charge o onk din thakeh..,product_quality_positive
3038,52554238638794,"product ta khub valo..3 ghontar moto charge thake,,dhonnobad seller k.. kintu ami sathe aro akta product order korsilam..kintu ota dewa hoyni r dam o neyni.. tobe earphine ta valo","product ta khub valo..3 ghontar moto charge thake,,dhonnobad seller k.. kintu ami sathe aro akta product order korsilam..kintu ota dewa hoyni r dam o neyni.. tobe earphine ta valo.",product_quality_positive
3039,53215873138794,"দাম অনুযায়ী প্রোডাক্ট টা ভালো।সাউন্ড ও ভালই।
তবে উপর এর ঢাকনা টা একটু নড়বড়ে।build quality দেখে বোঝা যাচ্ছে যে আসল নয়। কিন্তু এই দাম অনুযায়ী ভালো। চার্জ একটু কম থাকে।
ব্যবহার করে দেখা যাক কত দিন টেকসই হয়।",দাম অনুযায়ী প্রোডাক্ট টা ভালো সাউন্ড ও ভালই তবে উপর এর ঢাকনা টা একটু নড়বড়ে build quality দেখে বোঝা যাচ্ছে যে আসল নয় কিন্তু এই দাম অনুযায়ী ভালো চার্জ একটু কম থাকে ব্যবহার করে দেখা যাক কত দিন টেকসই হয়.,price_positive#product_quality_positive
3040,53940075738794,"টাকা হিসেবে ভালো বাট কল করার পরে সাউন্ড কুয়ালিটি তে ১০ এ ৬ পাওয়ার মতো,, আর এমনিতে সাউন্ড কোয়ালিটি ভালো, ওভারঅল দাম হিসেবে ভালো, চাইলে নিতে পারেন,, আর ডেলিভারি দেওয়া ভাইটার ব্যাবহার অত্যান্ত ভালো,,,","টাকা হিসেবে ভালো বাট কল করার পরে সাউন্ড কুয়ালিটি তে ১০ এ ৬ পাওয়ার মতো,, আর এমনিতে সাউন্ড কোয়ালিটি ভালো, ওভারঅল দাম হিসেবে ভালো, চাইলে নিতে পারেন,, আর ডেলিভারি দেওয়া ভাইটার ব্যাবহার অত্যান্ত ভালো,,.",delivery_positive#price_positive#product_quality_positive
3041,51900425438794,ডেলিভারি খুব ফাস্ট পাইসি বাট সবকিছুই ভালো কোয়ালিটির দিক দিয়েও ভালো বাট চার্জিংটা একটু কম মনে হয়েছে। বাজেট  হিসেবে ঠিক আছে,ডেলিভারি খুব ফাস্ট পাইসি বাট সবকিছুই ভালো কোয়ালিটির দিক দিয়েও ভালো বাট চার্জিংটা একটু কম মনে হয়েছে বাজেট হিসেবে ঠিক আছে.,delivery_positive#price_positive#product_quality_positive
3042,52022416538794,আলহামদুলিল্লাহ খুবই ভালো হয়েছে ৩ঘন্টা প্লাস চার্জ থাকে একবার চার্জ করলে ৩বার ২টাকে চার্জ করা যায় এত কমদামে এরকম ভালো প্রডাক্ট পাব কখনো চিন্তা করি নাই আপনারা ও নিতে পারেন❤️❤️❤️❤️🇧🇩,আলহামদুলিল্লাহ খুবই ভালো হয়েছে ৩ঘন্টা প্লাস চার্জ থাকে একবার চার্জ করলে ৩বার ২টাকে চার্জ করা যায় এত কমদামে এরকম ভালো প্রডাক্ট পাব কখনো চিন্তা করি নাই আপনারা ও নিতে পারেন.,price_positive#product_quality_positive
3043,52522541538794,"আলহামদুলিল্লাহ, দাম হিসেবে earphone টি ভালোই পেয়েছি। আজকে ২ দিন হলো এখনো এক্সট্রা কোনো চার্জ দিই নাই earphone টিতে।","আলহামদুলিল্লাহ, দাম হিসেবে earphone টি ভালোই পেয়েছি আজকে ২ দিন হলো এখনো এক্সট্রা কোনো চার্জ দিই নাই earphone টিতে.",price_positive#product_quality_positive
3044,51739549138794,"মাত্র ২২৫ টাকা ডেলিভারি চার্জ ৭ টাকা টোটাল ২৩২ টাকায় এই প্রোডাক্ট ভাবা যায় 
অসংখ্য ধন্যবাদ দারাজ বাংলাদেশকে",মাত্র ২২৫ টাকা ডেলিভারি চার্জ ৭ টাকা টোটাল ২৩২ টাকায় এই প্রোডাক্ট ভাবা যায় অসংখ্য ধন্যবাদ দারাজ বাংলাদেশকে.,product_quality_positive
3045,53393135238794,"আলহামদুলিল্লাহ দাম হিসেবে m10. টি ডব্লিউ এস টি অনেক ভালো, আমি এক সপ্তাহ যাবত ব্যবহার করছি, চার্জও ভালো থাকে, দারাজ এবং সেলারকে অসংখ্য ধন্যবাদ সুন্দর একটি পণ্য দেয়ার জন্য ডেলিভারীমেনও অনেক ভালো অল্প সময়ে ডেলিভারি করেছে।
আসলে এটা ভাগ্যের ব্যাপার!","আলহামদুলিল্লাহ দাম হিসেবে m10. টি ডব্লিউ এস টি অনেক ভালো, আমি এক সপ্তাহ যাবত ব্যবহার করছি, চার্জও ভালো থাকে, দারাজ এবং সেলারকে অসংখ্য ধন্যবাদ সুন্দর একটি পণ্য দেয়ার জন্য ডেলিভারীমেনও অনেক ভালো অল্প সময়ে ডেলিভারি করেছে আসলে এটা ভাগ্যের ব্যাপার!",delivery_positive#price_positive#product_quality_positive
3046,52668711638794,"ফুল চার্জ দিয়ে একটা মুভি দেখার পর দেন রিভিউ দিবো।
ফুল চার্জ দেওয়ার পর ২ ঘন্টা চলছে। সাউন্ড কোয়ালিটি ভালো। ওভার ভালো একটি প্রোডাক্ট।
4 out of 5",ফুল চার্জ দিয়ে একটা মুভি দেখার পর দেন রিভিউ দিবো ফুল চার্জ দেওয়ার পর ২ ঘন্টা চলছে সাউন্ড কোয়ালিটি ভালো ওভার ভালো একটি প্রোডাক্ট 4 out of 5.,product_quality_positive
3047,52356336838794,"অনেক ভালো প্রোডাক্ট
রাইডার্স এর ব্যাবহার অনেক সুন্দর 
যেমনটি দেখেছি তেমনটাই পেয়েছি ধন্যবাদ দারাজকে",অনেক ভালো প্রোডাক্ট রাইডার্স এর ব্যাবহার অনেক সুন্দর যেমনটি দেখেছি তেমনটাই পেয়েছি ধন্যবাদ দারাজকে.,delivery_positive#product_quality_positive
3048,52533818438794,onk Bhalo quality. Ami er Agee same product kinechi Bashundhara theke 500tk diye. Ekn 300tk te peye gelam discount a.,onk Bhalo quality. Ami er Agee same product kinechi Bashundhara theke 500tk diye. Ekn 300tk te peye gelam discount a.,product_quality_positive
3049,53769485638794,খুব সুন্দর একটা ইয়ারফোন যারা যারা আমার এই রিভিউ দেখছেন আপনারা চাইলে এই অফারটি এবং এই ইয়ারফোনটি নিতে পারেন খুব সুন্দর একটা ইয়ারফোন ধন্যবাদ দারাজকে সময় মত এত সুন্দর একটা ইয়ারফোন দেওয়ার জন্য,খুব সুন্দর একটা ইয়ারফোন যারা যারা আমার এই রিভিউ দেখছেন আপনারা চাইলে এই অফারটি এবং এই ইয়ারফোনটি নিতে পারেন খুব সুন্দর একটা ইয়ারফোন ধন্যবাদ দারাজকে সময় মত এত সুন্দর একটা ইয়ারফোন দেওয়ার জন্য.,delivery_positive#product_quality_positive
3050,53409346838794,২৫২ টাকা হিসেবে অনায়াসে নিতে পারেন। এত কম মুল্যে এত কম মুল্যে bluetooth airbuds পাওয়াটা স্বপ্নের মতো।আমার দুটি airbuds সহ সবকিছুই ঠিক ঠাক পেয়েছি।,২৫২ টাকা হিসেবে অনায়াসে নিতে পারেন এত কম মুল্যে এত কম মুল্যে bluetooth airbuds পাওয়াটা স্বপ্নের মতো আমার দুটি airbuds সহ সবকিছুই ঠিক ঠাক পেয়েছি.,price_positive#product_quality_positive
3051,53585847638794,আমি কিছুদিন ব্যবহার করে রিভিউ দিলাম মোটামুটি ভালোই একটা ইয়ারফোন কিছুটা ডিস্টার্ব দেয় তাছাড়া ভালোই কম দামের ভিতরে।,আমি কিছুদিন ব্যবহার করে রিভিউ দিলাম মোটামুটি ভালোই একটা ইয়ারফোন কিছুটা ডিস্টার্ব দেয় তাছাড়া ভালোই কম দামের ভিতরে.,price_positive#product_quality_positive
3052,51904060238794,"আলহামদুলিল্লাহ, ঠিক ঠাকই পেয়েছি, প্যাকেট ও ঠিক ছিলো। সাউন্ড কোয়ালিটি একটু খারাপ লাগতে পারে, তবে দাম হিসেবে ঠিক ই আছে। চাইলে নিতে পারেন 😊","আলহামদুলিল্লাহ, ঠিক ঠাকই পেয়েছি, প্যাকেট ও ঠিক ছিলো সাউন্ড কোয়ালিটি একটু খারাপ লাগতে পারে, তবে দাম হিসেবে ঠিক ই আছে চাইলে নিতে পারেন.",packaging_positive#price_positive#product_quality_positive
3053,54857457438794,👍চয়েচ হলো আমার নিত্যদিনের অনলাইনে জিনিস কিনার একমাত্র ই- কমার্স সাইট।অনেক ভালো পাইছি নিতে পারেন।চয়েচের মতো ফিচার আরো চাই!,চয়েচ হলো আমার নিত্যদিনের অনলাইনে জিনিস কিনার একমাত্র ই- কমার্স সাইট অনেক ভালো পাইছি নিতে পারেন চয়েচের মতো ফিচার আরো চাই!,product_quality_positive
3054,54655549638794,"""পার্সেলটা ঠিক সময়েই পেয়েছি। হেডফোনটা দারুণ! সাউন্ড কোয়ালিটি ভালো, ব্লুটুথ কানেকশনও স্মুথ। খুবই সন্তুষ্ট। ডেলিভারি ম্যান ভদ্র ও সময়মতো পার্সেল পৌঁছে দিয়েছেন। তার আচরণ ভালো ছিল। ধন্যবাদ!""😊","""পার্সেলটা ঠিক সময়েই পেয়েছি হেডফোনটা দারুণ! সাউন্ড কোয়ালিটি ভালো, ব্লুটুথ কানেকশনও স্মুথ খুবই সন্তুষ্ট ডেলিভারি ম্যান ভদ্র ও সময়মতো পার্সেল পৌঁছে দিয়েছেন তার আচরণ ভালো ছিল ধন্যবাদ!"".",delivery_positive#product_quality_positive
3055,53027215538794,"প্রডাক্ট টা ভালোই, চার্জ ও ভলোই থাকছে দেখা যাক কত দিন লাষ্টিক করে, সুধু খারপ লাগলো ডেলিভারি চার্জ বেশি, হেডফনের  দাম ২৫২ টাকা আর ডেলিভারি চাজ ১৫০ টাকা 😒","প্রডাক্ট টা ভালোই, চার্জ ও ভলোই থাকছে দেখা যাক কত দিন লাষ্টিক করে, সুধু খারপ লাগলো ডেলিভারি চার্জ বেশি, হেডফনের দাম ২৫২ টাকা আর ডেলিভারি চাজ ১৫০ টাকা.",product_quality_positive
3056,53442732438794,দাম অনুযায়ী মোটামুটি। এর থেকে বেশী কিছু এই দামে আশা করা যায় না। আমার কাছে ভালো লেগেছে। তবে কতদিন লাস্টিং করবে জানিনা। আপনারা বিচার বিবেচনা করে নিতে পারেন।,দাম অনুযায়ী মোটামুটি এর থেকে বেশী কিছু এই দামে আশা করা যায় না আমার কাছে ভালো লেগেছে তবে কতদিন লাস্টিং করবে জানিনা আপনারা বিচার বিবেচনা করে নিতে পারেন.,price_neutral#product_quality_neutral
3057,53304086838794,মাশা আল্লাহ!  অনেক ভালো একটি প্রোডাক্ট!  দেখি কতদিন টিকে।জীবনের প্রথম বার অনলাইন থেকে কিছু অর্ডার করলাম। অনেক নার্ভাস ছিলাম যে অর্ডারটা হাতে পাবো কি পাবো না! ইত্যাদি। আলহামদুলিল্লাহ কোন সমস্যা হয়নি। খুব তারাতাড়ি পেয়ে গেলাম। ডেলিভারি ম্যান খুব ভালো। ধন্যবাদ দারাজ  ও দোকানদার কে। আরো সামনে এগিয়ে যান।,মাশা আল্লাহ! অনেক ভালো একটি প্রোডাক্ট! দেখি কতদিন টিকে জীবনের প্রথম বার অনলাইন থেকে কিছু অর্ডার করলাম অনেক নার্ভাস ছিলাম যে অর্ডারটা হাতে পাবো কি পাবো না! ইত্যাদি আলহামদুলিল্লাহ কোন সমস্যা হয়নি খুব তারাতাড়ি পেয়ে গেলাম ডেলিভারি ম্যান খুব ভালো ধন্যবাদ দারাজ ও দোকানদার কে আরো সামনে এগিয়ে যান.,delivery_positive#product_quality_positive
3058,53294747238794,"onek din ar icce ta puron holo,ami onek khusi,sound quality onek valo,moner moto hoiche sob kichu Alhamdulillah, thanks to Daraz and seller vaia k","onek din ar icce ta puron holo,ami onek khusi,sound quality onek valo,moner moto hoiche sob kichu Alhamdulillah, thanks to Daraz and seller vaia k.",product_quality_positive
3059,53640036838794,আমি আসলেই অনেক খুশি৷ ব্যবহারের ১৫ দিন পর রিভিউ দিচ্ছি। অল্প দামে অনেক ভালো জিনিস পেয়েছি। ধন্যবাদ দারাজ এবং সেলার কে,আমি আসলেই অনেক খুশি৷ ব্যবহারের ১৫ দিন পর রিভিউ দিচ্ছি অল্প দামে অনেক ভালো জিনিস পেয়েছি ধন্যবাদ দারাজ এবং সেলার কে.,price_positive#product_quality_positive
3060,53006987538794,"৩ দিনে ডেলিভারি পেয়েছি। দাম অনুযায়ী প্রোডাক্টের সাউন্ড কোয়ালিটি, ডিসপ্লে, ডিজাইন সব মিলিয়ে ভালোই। কিন্তু ব্যাটারি ব্যাকআপ টা আরেকটু বেশি হলে ভালো হতো।","৩ দিনে ডেলিভারি পেয়েছি দাম অনুযায়ী প্রোডাক্টের সাউন্ড কোয়ালিটি, ডিসপ্লে, ডিজাইন সব মিলিয়ে ভালোই কিন্তু ব্যাটারি ব্যাকআপ টা আরেকটু বেশি হলে ভালো হতো.",delivery_positive#price_positive#product_quality_positive
3061,53097031638794,দাম অনুসারে অত্যন্ত ভালো একটি প্রোডাক্ট। চাইলে আপনারা নিতে পারেন। ব্যাটারি ব্যাকআপ মোটামুটি দুই দিন ভালোভাবে যায়। আর ইয়ারবাড একটানা ২ থেকে ৩ ঘন্টা ভালোভাবে যায়।,দাম অনুসারে অত্যন্ত ভালো একটি প্রোডাক্ট চাইলে আপনারা নিতে পারেন ব্যাটারি ব্যাকআপ মোটামুটি দুই দিন ভালোভাবে যায় আর ইয়ারবাড একটানা ২ থেকে ৩ ঘন্টা ভালোভাবে যায়.,price_positive#product_quality_positive
3062,52508323438794,"বলের জিনিস, কেউ নিবেন না ভাই।
আমি দুইটা নিয়েছি তার ভিতরে একটা মুটামুটি ভালো আর একটা খারাপ। ভাই আমার পুরাই৬৪০টাকা লস।😡😡😡","বলের জিনিস, কেউ নিবেন না ভাই আমি দুইটা নিয়েছি তার ভিতরে একটা মুটামুটি ভালো আর একটা খারাপ ভাই আমার পুরাই৬৪০টাকা লস.",product_quality_negative
3063,53613591438794,আলহামদুলিল্লাহ যেমন চেয়েছি তেমন পেয়েছি।প্রোডাক্ট অনেক ভালো ডেলিভারি ম্যানকে ধন্যবাদ সময়মত প্রোডাক্ট হাতে দেওয়ার জন্য।,আলহামদুলিল্লাহ যেমন চেয়েছি তেমন পেয়েছি প্রোডাক্ট অনেক ভালো ডেলিভারি ম্যানকে ধন্যবাদ সময়মত প্রোডাক্ট হাতে দেওয়ার জন্য.,delivery_positive#product_quality_positive
3064,53160336938794,Best quality. 1 ta prothome nisilm valo dekhe r duta order disi.Alhamdulillah sobgulai valo chilo.,Best quality. 1 ta prothome nisilm valo dekhe r duta order disi.Alhamdulillah sobgulai valo chilo.,product_quality_positive
3065,52469788138794,দাম অনুযায়ী অনেক ভালো। এখন চার্জিং ব্যাক আপ কেমন সেটাই দেখার বিষয়। ডেলিভারি ম্যান অনেক ভালো ছিলো।,দাম অনুযায়ী অনেক ভালো এখন চার্জিং ব্যাক আপ কেমন সেটাই দেখার বিষয় ডেলিভারি ম্যান অনেক ভালো ছিলো.,delivery_positive#price_positive#product_quality_positive
3066,52967882438794,"Alhamdulillah onek valo product apnara caile nite paren 
delivery man vaiyar behavior onek valo",Alhamdulillah onek valo product apnara caile nite paren delivery man vaiyar behavior onek valo.,delivery_positive#product_quality_positive
3067,54374471438794,"ভাই এই দামের মধ্যে ভালো, সাউন্ড আমার কাছে ভালোই লেগেছে এই দামের মধ্যে এতো ভালো TWS পাবো ভাবিনি।","ভাই এই দামের মধ্যে ভালো, সাউন্ড আমার কাছে ভালোই লেগেছে এই দামের মধ্যে এতো ভালো TWS পাবো ভাবিনি.",price_positive#product_quality_positive
3068,54072986038794,airbuds ta onek shundor apnara saile nite paren sound quality full comfort ar quality 100/100,airbuds ta onek shundor apnara saile nite paren sound quality full comfort ar quality 100 100.,product_quality_positive
3069,53140957838794,value for money product.khub vlo.nite paren. value for money.but 8 din pore delivery  paisi🥹,value for money product.khub vlo.nite paren. value for money.but 8 din pore delivery paisi.,delivery_negative#price_positive#product_quality_positive
3070,53135340838794,আজকে পেয়েছে ভালো কিন্তু সাউন্ড একটু বেশি হলে আরো ভালো হতো এই দামের মধ্যে মোটামুটি ভালো,আজকে পেয়েছে ভালো কিন্তু সাউন্ড একটু বেশি হলে আরো ভালো হতো এই দামের মধ্যে মোটামুটি ভালো.,price_neutral#product_quality_neutral
3071,53368191538794,খুবই বাজে কোয়ালিটি আবার ভাঙ্গা প্রোডাক্ট দেওয়া হয়েছে সাউন্ড কোয়ালিটি একদম ভাল না,খুবই বাজে কোয়ালিটি আবার ভাঙ্গা প্রোডাক্ট দেওয়া হয়েছে সাউন্ড কোয়ালিটি একদম ভাল না.,product_quality_negative
3072,53862488238794,"এতো বাজে পোডাক্ট বেচে এরা,,, আগে একটা নিচি তাতেও এক কানে সমস্যা এটাও এক কানে সমস্যা","এতো বাজে পোডাক্ট বেচে এরা,, আগে একটা নিচি তাতেও এক কানে সমস্যা এটাও এক কানে সমস্যা.",product_quality_negative
3073,53165220738794,"যেটা অডার করছি সেটাই পাইছি খুব ভালো হেডফোন মাএ ২৩৫ টাকা  
দিয়ে। আপনারা নিতে পারেন।",যেটা অডার করছি সেটাই পাইছি খুব ভালো হেডফোন মাএ ২৩৫ টাকা দিয়ে আপনারা নিতে পারেন.,price_positive#product_quality_positive
3074,53123135738794,এই প্রাথম কিছু নিলাম বাট প্রাডাক টা খুব ভালো ছিলো এত কম বাজেট এ এতো ভালো প্রাডাক,এই প্রাথম কিছু নিলাম বাট প্রাডাক টা খুব ভালো ছিলো এত কম বাজেট এ এতো ভালো প্রাডাক.,price_positive#product_quality_positive
3075,53767880038794,"best product পুরা নতুন এতো কম টাকায় নতুন TWS আমি অবাক 
so thanks admin vhai a ra",best product পুরা নতুন এতো কম টাকায় নতুন TWS আমি অবাক so thanks admin vhai a ra.,price_positive#product_quality_positive
3076,53738725338794,khub valo service jegula order disilam same same Asche product quality khub valo,khub valo service jegula order disilam same same Asche product quality khub valo.,product_quality_positive
3077,53089237638794,ki bolbo sei sound ta bolar moto jara nite chan tara nite paren good for alll,ki bolbo sei sound ta bolar moto jara nite chan tara nite paren good for all.,product_quality_positive
3078,53013263338794,যেমন চেয়েছিলাম তেমন তাই পেয়েছি আলহামদুলিল্লাহ ভালো লাগছে প্রোডাক্ট tnx daraz,যেমন চেয়েছিলাম তেমন তাই পেয়েছি আলহামদুলিল্লাহ ভালো লাগছে প্রোডাক্ট tnx daraz.,product_quality_positive
3079,53318343238794,"price onujai thik-thak asay. battery backup 4.3hours
all over good product.",price onujai thik-thak asay. battery backup 4.3hours all over good product.,price_neutral#product_quality_neutral
3080,53855035838794,price hisebe thik ace... khub e valo amr valo legese ai budget a best👌❤️,price hisebe thik ace.. khub e valo amr valo legese ai budget a best.,price_positive#product_quality_positive
3081,53667185138794,"ভালো না,,,,চার্জ একদিন ও থাকে না। ফুল চার্জ করলেও চার্জ তাড়াতাড়ি চলে যাই।","ভালো না,,চার্জ একদিন ও থাকে না ফুল চার্জ করলেও চার্জ তাড়াতাড়ি চলে যাই.",product_quality_negative
3082,52742351938794,product ta valo kintu eta diye phone a kotha bola jai na sound o valo,product ta valo kintu eta diye phone a kotha bola jai na sound o valo.,product_quality_positive
3083,53969550838794,ইয়ারফোনটি সাউন্ড অনেক সুন্দর এবং জিনিসটি ও অনেক ভালো আপনার নিতে পারেন।,ইয়ারফোনটি সাউন্ড অনেক সুন্দর এবং জিনিসটি ও অনেক ভালো আপনার নিতে পারেন.,product_quality_positive
3084,54086774038794,3rd time kinlam valoi . dam onojayi Valo 1 ta diye 6-10 mas cole Amar,3rd time kinlam valoi . dam onojayi Valo 1 ta diye 6-10 mas cole Amar.,price_positive#product_quality_positive
3085,51942726438794,সাউন্ড কোয়ালিটি ভালো আছে চার্জ অনেকক্ষণ থাকে আপনারা সবাই নিতে পারেন।,সাউন্ড কোয়ালিটি ভালো আছে চার্জ অনেকক্ষণ থাকে আপনারা সবাই নিতে পারেন.,product_quality_positive
3086,53664427638794,"tws টা ভালোই চলছে, আজকে হাতে পেলাম দেখা যাক কতদিন ব্যবহার করা যায়।।।","tws টা ভালোই চলছে, আজকে হাতে পেলাম দেখা যাক কতদিন ব্যবহার করা যায়.",product_quality_positive
3087,53115125238794,"earbuds ta valoi, but packaging damage hoye gese so bad packaging","earbuds ta valoi, but packaging damage hoye gese so bad packaging.",packaging_negative#product_quality_positive
3088,53751373538794,আলহামদুলিল্লাহ খুব সুন্দর একটা অরজিনাল জিনিস দেওয়ার জন্য দারাজ কে,আলহামদুলিল্লাহ খুব সুন্দর একটা অরজিনাল জিনিস দেওয়ার জন্য দারাজ কে.,product_quality_positive
3089,52274141338794,"একটু ও ভালো নাহ,নস্ট কোনো আওয়াজ ই আসে না আমার টাকা গুলো বরবাদ😔😔","একটু ও ভালো নাহ,নস্ট কোনো আওয়াজ ই আসে না আমার টাকা গুলো বরবাদ.",product_quality_negative
3090,53752078838794,"যেমনটা দেখেছি ঠিক তেমনটাই পেয়েছি,,, দাম হিসেবে ঠিকই আছে,, 🙂🙂🙂","যেমনটা দেখেছি ঠিক তেমনটাই পেয়েছি,, দাম হিসেবে ঠিকই আছে,,.",price_positive#product_quality_positive
3091,53055474338794,আলহামদুলিল্লাহ যেমনটা চেয়েছিলাম তেমনটাই পেয়েছি সেলার খুব ভালো।,আলহামদুলিল্লাহ যেমনটা চেয়েছিলাম তেমনটাই পেয়েছি সেলার খুব ভালো.,seller_service_positive#product_quality_positive
3092,53544626938794,প্রোডাক্টটা মানে ভালো আছে চার্জ কম দেয় আপনারা চাইলে নিতে পারেন,প্রোডাক্টটা মানে ভালো আছে চার্জ কম দেয় আপনারা চাইলে নিতে পারেন.,product_quality_positive
3093,51466970438794,এইটার শাওন কোয়ালিটি খুবই বাজে এটা কিনার দেখা না কিনাই ভাল ছিল,এইটার শাওন কোয়ালিটি খুবই বাজে এটা কিনার দেখা না কিনাই ভাল ছিল.,product_quality_negative
3094,53117474638794,আজ দুই মাস ধরে ব্যবহার করতেছি কিন্তু এখনো অনেক সুন্দর এবং ভালো,আজ দুই মাস ধরে ব্যবহার করতেছি কিন্তু এখনো অনেক সুন্দর এবং ভালো.,product_quality_positive
3095,52577446138794,"অনেক সুন্দর প্রডাক্ট, চাইলে আপনারা নিয়ে ব্যবহার করতে পারেন 😊","অনেক সুন্দর প্রডাক্ট, চাইলে আপনারা নিয়ে ব্যবহার করতে পারেন.",product_quality_positive
3096,53220119338794,কম দামের ভিতরে ভালো একটা প্রোডাক্ট চাইলে অন্য কেউ নিতে পারেন,কম দামের ভিতরে ভালো একটা প্রোডাক্ট চাইলে অন্য কেউ নিতে পারেন.,price_positive#product_quality_positive
3097,53450179938794,ভালো মানের কোয়ালিটি আপনারাও নিতে পারেন ডিজাইনটা অনেক সুন্দর,ভালো মানের কোয়ালিটি আপনারাও নিতে পারেন ডিজাইনটা অনেক সুন্দর.,product_quality_positive
3098,52453050938794,"আলহামদুলিল্লাহ প্রোডাক্ট ভালো ছিল
আপনারা চাইলে নিতে পারেন।",আলহামদুলিল্লাহ প্রোডাক্ট ভালো ছিল আপনারা চাইলে নিতে পারেন.,product_quality_positive
3099,53853337938794,খুবই ভালো। Charge ভালো ব্যাকআপ দেয়। কিন্তু সাইন্ড একটু কম।,খুবই ভালো Charge ভালো ব্যাকআপ দেয় কিন্তু সাইন্ড একটু কম.,product_quality_positive
3100,52533202338794,আলহামদুলিল্লাহ ভালোই 👍 ৬-৭ দিন ব্যবহারের পর রিভিউ দিলাম।,আলহামদুলিল্লাহ ভালোই ৬-৭ দিন ব্যবহারের পর রিভিউ দিলাম.,product_quality_positive
3101,53219791838794,আমি যে জিনিসটার অর্ডার দিছি সঠিকভাবে সেই জিনিসটাই পেয়েছি,আমি যে জিনিসটার অর্ডার দিছি সঠিকভাবে সেই জিনিসটাই পেয়েছি.,product_quality_positive
3102,53183483938794,এটি অনেক ভালো প্রোডাক্ট।আপনারা চাইলে কিনতে পারেন।😀😀😀,এটি অনেক ভালো প্রোডাক্ট আপনারা চাইলে কিনতে পারেন.,product_quality_positive
3103,53254077438794,product ta khub ei valo. amar akti favourite product❤️,product ta khub ei valo. amar akti favourite product.,product_quality_positive
3104,52014568338794,অসাধারণ ধন্যবাদ ভাই অনেক ভালো চাইলে আপনার ও নিতে পারেন,অসাধারণ ধন্যবাদ ভাই অনেক ভালো চাইলে আপনার ও নিতে পারেন.,product_quality_positive
3105,54485181238794,ভালো একটা প্রোডাক্ট। আমি অনেকদিন যাবত ব্যবহার করিতেছি,ভালো একটা প্রোডাক্ট আমি অনেকদিন যাবত ব্যবহার করিতেছি.,product_quality_positive
3106,53611717438794,দাম অনুযায়ী ঠিক আছে ভালো আছে যেমন দাম তেমন প্রডাক্ট,দাম অনুযায়ী ঠিক আছে ভালো আছে যেমন দাম তেমন প্রডাক্ট.,price_positive#product_quality_positive
3107,53323137138794,এটা দেখতে সুন্দর মনে হয়েছে অসংখ্য ধন্যবাদ আপনাদেরকে,এটা দেখতে সুন্দর মনে হয়েছে অসংখ্য ধন্যবাদ আপনাদেরকে.,product_quality_positive
3108,51894960138794,আলহামদুলিল্লাহ ডেলিভারি ম্যান অনেক আন্তরিক। ধন্যবাদ,আলহামদুলিল্লাহ ডেলিভারি ম্যান অনেক আন্তরিক ধন্যবাদ.,delivery_positive
3109,52421622538794,প্রোডাক্ট টি অনেক ভালো কোয়ালিটি সম্পন্য .thank you.,প্রোডাক্ট টি অনেক ভালো কোয়ালিটি সম্পন্য .thank you.,product_quality_positive
3110,53045733138794,আলহামদুলিল্লাহ ইনশাআল্লাহ ভালো পেয়েছি আপনারা নিবেন,আলহামদুলিল্লাহ ইনশাআল্লাহ ভালো পেয়েছি আপনারা নিবেন.,product_quality_positive
3111,52350432538794,মাশা-আল্লাহ যেমন চেয়েছি তেমন পেয়েছি আলহামদুলিল্লাহ,মাশা-আল্লাহ যেমন চেয়েছি তেমন পেয়েছি আলহামদুলিল্লাহ.,product_quality_positive
3112,52052322338794,packet and quality price onujayi perfect hoyese 😊,packet and quality price onujayi perfect hoyese.,price_positive#product_quality_positive
3113,51778717838794,prothome kharap bavcilam kintu akhon marattok 🤞😘,prothome kharap bavcilam kintu akhon marattok.,product_quality_positive
3114,53545558438794,"খুবই ভাল কোয়লিটি সাউন্ড খুব ভাল,আপনারা নিতে পারেন","খুবই ভাল কোয়লিটি সাউন্ড খুব ভাল,আপনারা নিতে পারেন.",product_quality_positive
3115,52879418938794,অনেক সুন্দর একটি প্রোডাক্ট আমার খুব পছন্দ হয়েছে,অনেক সুন্দর একটি প্রোডাক্ট আমার খুব পছন্দ হয়েছে.,product_quality_positive
3116,53503632238794,ভালো আছে দেখাযাক কত সময় চার্জ ব্যাকাপ পাওয়া যায়,ভালো আছে দেখাযাক কত সময় চার্জ ব্যাকাপ পাওয়া যায়.,product_quality_positive
3117,53230924138794,15 din e 2 bar charge disi.sound quality good...,15 din e 2 bar charge disi.sound quality good..,product_quality_positive
3118,52319309238794,Alhamdulillah. Valo akti buds peyesi. Thank you,Alhamdulillah. Valo akti buds peyesi. Thank you.,product_quality_positive
3119,53358932838794,প্রোডাকটি অনেক ভালো ৫ টি প্রোডাক নিছি সবই ভালো,প্রোডাকটি অনেক ভালো ৫ টি প্রোডাক নিছি সবই ভালো.,product_quality_positive
3120,52126094038794,"VALUE FOR MONEY 💰💰

AI TAKAY BEST PRODUCT 😘",VALUE FOR MONEY AI TAKAY BEST PRODUCT.,price_positive#product_quality_positive
3121,53281378738794,253 tk te atto vlo asha kri ni🥺sb perfect!!,253 tk te atto vlo asha kri ni sb perfect!!,price_positive#product_quality_positive
3122,53644981538794,মোটামুটি ভালই। এখন দেখা যাক লাস্টিং করে কতদিন,মোটামুটি ভালই এখন দেখা যাক লাস্টিং করে কতদিন.,product_quality_neutral
3123,54813662838794,"অনেক অনেক ভালো
অনেক অনেক ভালো
অনেক অনেক ভালো",অনেক অনেক ভালো অনেক অনেক ভালো অনেক অনেক ভালো.,product_quality_positive
3124,51854838638794,Tws টা অনেক ভালো। sound quality অনেক ভালো।,Tws টা অনেক ভালো sound quality অনেক ভালো.,product_quality_positive
3125,53664575838794,আলহামদুলিল্লাহ ভালো আর চার্জটা মোটামুটি যায়,আলহামদুলিল্লাহ ভালো আর চার্জটা মোটামুটি যায়.,product_quality_positive
3126,54733541538794,অনেক ভালো একটি হেডফোন সবাই চাইলে নিতে পারেন,অনেক ভালো একটি হেডফোন সবাই চাইলে নিতে পারেন.,product_quality_positive
3127,51698881638794,"kom dame valo akta Product pelam, newa jay","kom dame valo akta Product pelam, newa jay.",price_positive#product_quality_positive
3128,53277341938794,সুন্দর একটি প্রডাক্ট চাইলে কিন তে পারে🤩🤩,সুন্দর একটি প্রডাক্ট চাইলে কিন তে পারে.,product_quality_positive
3129,53037224938794,khub e valo product sobai nite paren🥰🥰🥰,khub e valo product sobai nite paren.,product_quality_positive
3130,53581250038794,প্রোডাক্টি   রেট অনুযায়ী ভালোই কজ করে ✨✨💖,প্রোডাক্টি রেট অনুযায়ী ভালোই কজ করে.,price_positive#product_quality_positive
3131,52301424838794,অনেক ভালো  দিয়েছে।আপনারা চাইলে নিতে পারেন,অনেক ভালো দিয়েছে আপনারা চাইলে নিতে পারেন.,product_quality_positive
3132,52340493738794,কম টাকার মধ্যে সেরা প্রোডাক্ট নিতে পারেন,কম টাকার মধ্যে সেরা প্রোডাক্ট নিতে পারেন.,price_positive#product_quality_positive
3133,53114071338794,It's good works  🌸 Apnara o nita paran,It's good works Apnara o nita paran.,product_quality_positive
3134,53258594338794,"Not Bad...
rate hisabe kharap na..
chole",Not Bad.. rate hisabe kharap na.. chole.,price_neutral#product_quality_neutral
3135,53668948938794,খুবই ভালো মানের m10 ধন্যবাদ দারাজ❤️❤️❤️,খুবই ভালো মানের m10 ধন্যবাদ দারাজ.,product_quality_positive
3136,53683172738794,প্রডাক্টটির দাম অনুযায়ী মোটামুটি ভালো,প্রডাক্টটির দাম অনুযায়ী মোটামুটি ভালো.,price_neutral#product_quality_neutral
3137,51674857338794,আলহামদুলিল্লাহ  অনেক সুন্দর  একটা  m10,আলহামদুলিল্লাহ অনেক সুন্দর একটা m10.,product_quality_positive
3138,54252338638794,অনেক সুন্দর। আপনি  সাইলেন্ট নিতে পারেন,অনেক সুন্দর আপনি সাইলেন্ট নিতে পারেন.,product_quality_positive
3139,52652899238794,"Budget হিসাবে ভালই আছে , খারাপ না ! 💫","Budget হিসাবে ভালই আছে , খারাপ না !",price_positive#product_quality_positive
3140,51495756338794,onak valoi aca apnra caila nita paran,onak valoi aca apnra caila nita paran.,product_quality_positive
3141,51787283338794,"valoi, alpo damei paisi, besi lageni","valoi, alpo damei paisi, besi lageni.",price_positive#product_quality_positive
3142,53184129138794,একেবারেই low কোয়ালিটি আমি  ১০/৩ দিব,একেবারেই low কোয়ালিটি আমি ১০ ৩ দিব.,product_quality_negative
3143,53337351938794,২ দিন হলো হাতে পেলাম। খারাপ না ভালোই।,২ দিন হলো হাতে পেলাম খারাপ না ভালোই.,product_quality_positive
3144,52357335338794,আলহামদুলিল্লাহ এটা খুব ভালো পড়েছে 🥰,আলহামদুলিল্লাহ এটা খুব ভালো পড়েছে.,product_quality_positive
3145,52583927938794,"খুব ভালো, এখনো সাউন্ড টেষ্ট করি নাই।","খুব ভালো, এখনো সাউন্ড টেষ্ট করি নাই.",product_quality_positive
3146,53022226038794,Valo product challenge nite paren,Valo product challenge nite paren.,product_quality_positive
3147,53045883938794,যেরকম চেয়েছি ঠিক সেরকমই পেয়েছি,যেরকম চেয়েছি ঠিক সেরকমই পেয়েছি.,product_quality_positive
3148,51472013038794,"ভালো।  		(তবে বেইজ কম)
ধন্যবাদ।",ভালো তবে বেইজ কম ধন্যবাদ.,product_quality_positive
3149,51753804638794,Valo apnara chaile nite paren,Valo apnara chaile nite paren.,product_quality_positive
3150,53063046438794,ভালো। তবে চার্জ একটু কম থাকে।,ভালো তবে চার্জ একটু কম থাকে.,product_quality_positive
3151,50986722738794,অনেক সুন্দর একটা এয়ার পট।,অনেক সুন্দর একটা এয়ার পট.,product_quality_positive
3152,52409934838794,"যে পরিমান টাকা 
এর থেকে ভালো আশা করা যায় না, 
খারাপ না।","যে পরিমান টাকা এর থেকে ভালো আশা করা যায় না, খারাপ না.",price_positive#product_quality_positive
3153,53088827338794,at onek valo airpods.Thank you very match daraz,at onek valo airpods.Thank you very match daraz.,product_quality_positive
3154,53794320638794,"মোটামু‌টি ভা‌লোই, ত‌বে চার্জ একটু কম থা‌কে","মোটামু টি ভা লোই, ত বে চার্জ একটু কম থা কে.",product_quality_neutral
3155,53054080638794,"দারাজ এর কাছ থেকে এরকম আশা করি নাই।এর থেকে বাজে প্রোডাক্ট আমি জীবনে পাই নাই।একেই তো ভাঙ্গা তার ওপর চার্জ ও হচ্ছে না।আর সাউন্ড কোয়ালিটি তে একেবারেই ফালতো।তার পর আবার ডেলিভারি করতে দেরি করেছে অনেক দিন,প্রায় 15 দিন লাগসে।আমি যদি পারতাম তাহলে এই সেলার এর নামে মামলা দিতাম।আর কেউ যদি টাকা দিয়া পো*কিমা*খেতে চাও তাহলে এই প্রোডাক্ট তোমার জন্য","দারাজ এর কাছ থেকে এরকম আশা করি নাই এর থেকে বাজে প্রোডাক্ট আমি জীবনে পাই নাই একেই তো ভাঙ্গা তার ওপর চার্জ ও হচ্ছে না আর সাউন্ড কোয়ালিটি তে একেবারেই ফালতো তার পর আবার ডেলিভারি করতে দেরি করেছে অনেক দিন,প্রায় 15 দিন লাগসে আমি যদি পারতাম তাহলে এই সেলার এর নামে মামলা দিতাম আর কেউ যদি টাকা দিয়া পো কিমা খেতে চাও তাহলে এই প্রোডাক্ট তোমার জন্য.",delivery_negative#product_quality_negative
3156,51723611838794,"একদম বাজে 

একটা airbud চার্জ ই হয় না+ কোনো কাজ ও করে না
চার্জিং ও একদম স্লো 


বিক্রেতাকে সতর্কতার সাথে পণ্য পাকিং করার পরামর্শ রইলো।",একদম বাজে একটা airbud চার্জ ই হয় না কোনো কাজ ও করে না চার্জিং ও একদম স্লো বিক্রেতাকে সতর্কতার সাথে পণ্য পাকিং করার পরামর্শ রইলো.,packaging_negative#product_quality_negative
3157,52234369138794,"আগেও নিয়েছিলাম, কিন্তু এবারের টার quality  অনেক খারাপ ছিল। আওয়াজ একটুও ক্লিয়ারলি শোনা যায় না, যা শোনা যায় তা টুকরো টুকরো আওয়াজ। 😐","আগেও নিয়েছিলাম, কিন্তু এবারের টার quality অনেক খারাপ ছিল আওয়াজ একটুও ক্লিয়ারলি শোনা যায় না, যা শোনা যায় তা টুকরো টুকরো আওয়াজ.",product_quality_negative
3158,54582637538794,"এক দম বাজে, ফোন এর সাথে কানেক্টেড ই হয়  না সব টাকা পানিতে গেলো সমস্যা নাই সেইলারএর নামে  জিডি করবো","এক দম বাজে, ফোন এর সাথে কানেক্টেড ই হয় না সব টাকা পানিতে গেলো সমস্যা নাই সেইলারএর নামে জিডি করবো.",product_quality_negative
3159,52613263038794,"প্রোডাক্টটি  অনেক ভালো পেয়েছি। সাউন্ড কলিটি সবকিছু ঠিক আছে। 
এবং ডেলিভারি ম্যান যিনি ছিলেন অল্প সময় প্রোডাক্টটি হ্যান্ডওভার করে গেছেন এবং আচার ব্যবহার অনেক ভালো",প্রোডাক্টটি অনেক ভালো পেয়েছি সাউন্ড কলিটি সবকিছু ঠিক আছে এবং ডেলিভারি ম্যান যিনি ছিলেন অল্প সময় প্রোডাক্টটি হ্যান্ডওভার করে গেছেন এবং আচার ব্যবহার অনেক ভালো.,delivery_positive#product_quality_positive
3160,52609408938794,"Chobi ti phone e nai. 
ami bhebe chilam scam hobe experiment korar jonno order diyechilam but the product is quite good, 3.5 times case theke charge korte parben. W product","Chobi ti phone e nai. ami bhebe chilam scam hobe experiment korar jonno order diyechilam but the product is quite good, 3.5 times case theke charge korte parben. W product.",product_quality_positive
3161,52260803138794,আলহামদুলিল্লাহ প্রোডাক্টটা হাতে পেয়েছে ইউজ করে রিভিউ দিলাম অনেক ভালো মনে প্রোডাক্ট আপনার নিতে পারেন চাইলে,আলহামদুলিল্লাহ প্রোডাক্টটা হাতে পেয়েছে ইউজ করে রিভিউ দিলাম অনেক ভালো মনে প্রোডাক্ট আপনার নিতে পারেন চাইলে.,product_quality_positive
3162,53442234238794,ভালো নিতে পারেন কিন্তু  আপনারা গান শোনার জন্য নিলে ২ ঘন্টা শুনতে পারবেন এমনে নরমাল ব্যবহার করলে৩ ঘন্টা যায়।  দাম হিসেবে ভালো। চাজ হতে সময় লাগে ২ ঘন্টা।,ভালো নিতে পারেন কিন্তু আপনারা গান শোনার জন্য নিলে ২ ঘন্টা শুনতে পারবেন এমনে নরমাল ব্যবহার করলে৩ ঘন্টা যায় দাম হিসেবে ভালো চাজ হতে সময় লাগে ২ ঘন্টা.,price_positive#product_quality_positive
3163,51858905138794,"এক দম ফালতু একটা প্রোডাক্ট, খুব তাহারই চার্জ শেষ হয়ে যায়, আর এখানে যে 68% চার্জ দেখানো আছে, ২৪ ঘন্টা পরও এই 64% চার্জ দেখা যায়, আমি এই প্রোডাক্টটা রিটার্ন দিতে চাই, এই সব ফালতু দোকান থেকে কেই প্রোডাক্ট কিনে প্রতারিত হবেন না প্লিজ, আমি এই প্রথম কোনো বাটপার এর কাছ থেকে প্রোডাক্ট কিনে প্রতারিত হয়েছি, সবাই এই সব বাটপার, প্রতারকের কাছ থেকে পণ্য কিনা থেকে বিরত থাকবেন, এরা কম দামে প্রোডাক্ট সেল করে মানুষকে হয়রানি করে...😡😡😡","এক দম ফালতু একটা প্রোডাক্ট, খুব তাহারই চার্জ শেষ হয়ে যায়, আর এখানে যে 68 চার্জ দেখানো আছে, ২৪ ঘন্টা পরও এই 64 চার্জ দেখা যায়, আমি এই প্রোডাক্টটা রিটার্ন দিতে চাই, এই সব ফালতু দোকান থেকে কেই প্রোডাক্ট কিনে প্রতারিত হবেন না প্লিজ, আমি এই প্রথম কোনো বাটপার এর কাছ থেকে প্রোডাক্ট কিনে প্রতারিত হয়েছি, সবাই এই সব বাটপার, প্রতারকের কাছ থেকে পণ্য কিনা থেকে বিরত থাকবেন, এরা কম দামে প্রোডাক্ট সেল করে মানুষকে হয়রানি করে..",product_quality_negative
3164,52818703038794,"আলহামদুলিল্লাহ খুব দ্রুত ডেলিভারি পাইছি, আর যেমন'টা অর্ডার করলাম তেমন টাই পাইলাম, সাউন্ড কোয়ালিটি ও খুব ভালো, এখন দেখা যাক কয়দিন টিকে","আলহামদুলিল্লাহ খুব দ্রুত ডেলিভারি পাইছি, আর যেমন'টা অর্ডার করলাম তেমন টাই পাইলাম, সাউন্ড কোয়ালিটি ও খুব ভালো, এখন দেখা যাক কয়দিন টিকে.",delivery_positive#product_quality_positive
3165,54315151838794,আমি এর আগে ২ টা ব্লুটুথ কিনেছিলাম দারাজ থেকে কিন্তু দুই টাই নকল আর খারাপ জিনিস পেয়েছি এই প্রথমবার একটা ভালো ব্লুটুথ পেলাম 🙂 সাউন্ড কোয়ালিটি তো ভালোই আর চার্জ ও মোটামুটি ভালোই থাকে প্রাইজ হিসেবে ভালো। আপনারা চাইলে নিতে পারেন ভাগ্য ভালো থাকলে ভালো জিনিস পাবেন না হলে খারাপ টা পেতে পারেন,আমি এর আগে ২ টা ব্লুটুথ কিনেছিলাম দারাজ থেকে কিন্তু দুই টাই নকল আর খারাপ জিনিস পেয়েছি এই প্রথমবার একটা ভালো ব্লুটুথ পেলাম সাউন্ড কোয়ালিটি তো ভালোই আর চার্জ ও মোটামুটি ভালোই থাকে প্রাইজ হিসেবে ভালো আপনারা চাইলে নিতে পারেন ভাগ্য ভালো থাকলে ভালো জিনিস পাবেন না হলে খারাপ টা পেতে পারেন.,price_positive#product_quality_positive
3166,54548047938794,vai akta nosto porse .bam kaner ta nosto. doya kore kew nibenna.aro koyekjon nise sobar bamkanerta nosto.tokbaji korle daraz app delete kore dibo evaly r moto.riturne nite hobe,vai akta nosto porse .bam kaner ta nosto. doya kore kew nibenna.aro koyekjon nise sobar bamkanerta nosto.tokbaji korle daraz app delete kore dibo evaly r moto.riturne nite hobe.,product_quality_negative
3167,52776008838794,প্রোডাক্ট হাতে পাইছি ঠিক কিন্তু সবচাইতে খারাপ এবং এই রমজান মাসে একটা বাজে প্রোডাক্ট আমাকে দেওয়া হয়েছে প্রোডাক্ট আনার পরে কোন ওপেনই হচ্ছে না আশা করি কাস্টমারকে ভালো কিছু দেওয়ার চেষ্টা করবেন ধন্যবাদ,প্রোডাক্ট হাতে পাইছি ঠিক কিন্তু সবচাইতে খারাপ এবং এই রমজান মাসে একটা বাজে প্রোডাক্ট আমাকে দেওয়া হয়েছে প্রোডাক্ট আনার পরে কোন ওপেনই হচ্ছে না আশা করি কাস্টমারকে ভালো কিছু দেওয়ার চেষ্টা করবেন ধন্যবাদ.,product_quality_negative
3168,52435236438794,দুইটা প্রোডাক্ট আলহামদুলিল্লাহ ভালো পাইছি না জানি এখন কতদিন লাস্টিং করে বা কেমন থাকে  ইভেন দুইটাই ভালো আছে এখন পর্যন্ত খুব ভালো পাইছি,দুইটা প্রোডাক্ট আলহামদুলিল্লাহ ভালো পাইছি না জানি এখন কতদিন লাস্টিং করে বা কেমন থাকে ইভেন দুইটাই ভালো আছে এখন পর্যন্ত খুব ভালো পাইছি.,product_quality_positive
3169,53782560038794,"ডুপ্লিকেট মাল দিয়েছে আমারে, আমি M10  এর আগে চালাইছি, ভালো ছিল, আগেরটার সাথে এটা কোন তুলনাই হয় না একদম বাজে এয়ারবার্ট বক্স এবং এয়ারবার্ট। আমার কাছে এটা একদম ভালো লাগে নাই।","ডুপ্লিকেট মাল দিয়েছে আমারে, আমি M10 এর আগে চালাইছি, ভালো ছিল, আগেরটার সাথে এটা কোন তুলনাই হয় না একদম বাজে এয়ারবার্ট বক্স এবং এয়ারবার্ট আমার কাছে এটা একদম ভালো লাগে নাই.",product_quality_negative
3170,53274783138794,temon subidar na...... sound ta ... balobabe ase na.... abar salate salate.. off hoa Jai... change tike na,temon subidar na.. sound ta .. balobabe ase na.. abar salate salate.. off hoa Jai.. change tike na.,product_quality_negative
3171,53159085938794,আমি ব্যবহার করে দেখলাম খুবই ভালো। তবে প্রথমে চার্জ হচ্ছিল না । পরে আমি অন্য চার্জার দিয়ে চার্জ দিয়ে ব্যবহার করছি।,আমি ব্যবহার করে দেখলাম খুবই ভালো তবে প্রথমে চার্জ হচ্ছিল না পরে আমি অন্য চার্জার দিয়ে চার্জ দিয়ে ব্যবহার করছি.,product_quality_positive
3172,52477336738794,"এই প্রোডাক্টটি মোটেও ভালো নয়,আমি যেটা পেয়েছি সেটার মধ্যে Be Loud টা মোটামুটি ঠিক আছে, আর Be Proud টা ১ সপ্তাহ যেকেই নষ্ট হয়ে গেছে। 😡😡","এই প্রোডাক্টটি মোটেও ভালো নয়,আমি যেটা পেয়েছি সেটার মধ্যে Be Loud টা মোটামুটি ঠিক আছে, আর Be Proud টা ১ সপ্তাহ যেকেই নষ্ট হয়ে গেছে.",product_quality_negative
3173,53269091538794,Excuse me... apnara amk jei ear pod ta diyechen seti khub bhalo product.. sound quality oO bhalo but ei ear pod er charger time nosto,Excuse me.. apnara amk jei ear pod ta diyechen seti khub bhalo product.. sound quality oO bhalo but ei ear pod er charger time nosto.,product_quality_positive
3174,53534538038794,আলহামদুলিল্লাহ এই প্রোডাক্টটা অনেক সুন্দর এবং সাউন্ড কোয়ালিটি খুব সুন্দর এবং চার্জ দীর্ঘক্ষণই যায়,আলহামদুলিল্লাহ এই প্রোডাক্টটা অনেক সুন্দর এবং সাউন্ড কোয়ালিটি খুব সুন্দর এবং চার্জ দীর্ঘক্ষণই যায়.,product_quality_positive
3175,54044737338794,"আলহামদুলিল্লাহ, কম দামের ভিতরে মোটামুটি ভালো একটি প্রোডাক্ট। চাজ একটু কম টিকে, আর কোন সমস্যা নাই।","আলহামদুলিল্লাহ, কম দামের ভিতরে মোটামুটি ভালো একটি প্রোডাক্ট চাজ একটু কম টিকে, আর কোন সমস্যা নাই.",price_neutral#product_quality_neutral
3176,52053279238794,"বেশি কিছু বলব না, ডেলিভারি ম্যানের ব্যবহার অত্যন্ত ভালো, ঠিকঠাক মতো প্রোডাক্ট বুঝিয়ে দিয়েছে।","বেশি কিছু বলব না, ডেলিভারি ম্যানের ব্যবহার অত্যন্ত ভালো, ঠিকঠাক মতো প্রোডাক্ট বুঝিয়ে দিয়েছে.",delivery_positive
3177,51735727738794,এয়ারবাডস টিকঠাক পাইছি মোবাইলে চাজ ওও দেওয়া জাই ডেলিভারি ম্যান খুব আন্তরিক ধন্যবাদ ডারাজকে 📌,এয়ারবাডস টিকঠাক পাইছি মোবাইলে চাজ ওও দেওয়া জাই ডেলিভারি ম্যান খুব আন্তরিক ধন্যবাদ ডারাজকে.,delivery_positive#product_quality_positive
3178,53449681538794,"ভালো আছে সাউন্ড কোয়ালিটি অত্যন্ত ভালো, ব্যবহারের পর বুঝা যাবে ব্যাটারি কতক্ষণ থাকে ধন্যবাদ","ভালো আছে সাউন্ড কোয়ালিটি অত্যন্ত ভালো, ব্যবহারের পর বুঝা যাবে ব্যাটারি কতক্ষণ থাকে ধন্যবাদ.",product_quality_positive
3179,52753718138794,দারাজ সব সময় বিশ্বাসযোগ্য হয় আমি এম টেন নিয়েছে আলহামদুলিল্লাহ সাউন্ড কোয়ালিটি অনেক ভালো,দারাজ সব সময় বিশ্বাসযোগ্য হয় আমি এম টেন নিয়েছে আলহামদুলিল্লাহ সাউন্ড কোয়ালিটি অনেক ভালো.,product_quality_positive
3180,53458373538794,পার্সেলটা অনেক ভালো চাইলে আপনারা নিতে পারেন এটাই অনেক আওয়াজ দে সাউন্ড কোয়ালিটি অনেক ভালো,পার্সেলটা অনেক ভালো চাইলে আপনারা নিতে পারেন এটাই অনেক আওয়াজ দে সাউন্ড কোয়ালিটি অনেক ভালো.,product_quality_positive
3181,54052355038794,motamoti valoy tive ek padhe tar sound ektu kom lage tasara shob thik ase (recommended),motamoti valoy tive ek padhe tar sound ektu kom lage tasara shob thik ase recommended.,product_quality_neutral
3182,52256712038794,"মোটামুটি ভালো কিন্তু পাওয়ার ব্যাংক টি একটু নরমাল, কিন্তু প্রাইজ হিসেবে খারাপ না ভালোই","মোটামুটি ভালো কিন্তু পাওয়ার ব্যাংক টি একটু নরমাল, কিন্তু প্রাইজ হিসেবে খারাপ না ভালোই.",price_positive#product_quality_neutral
3183,52197902438794,Thik ache sob kichu. Battery back up 2:30 miniter beshio pai. Budget hisebe thik ache.,Thik ache sob kichu. Battery back up 2 30 miniter beshio pai. Budget hisebe thik ache.,price_positive#product_quality_positive
3184,51715520938794,"joghonno akdom..kenar sathe sathe charge diyese,,,ta o on e hoi na,,,,purai joghonno","joghonno akdom..kenar sathe sathe charge diyese,,ta o on e hoi na,,purai joghonno.",product_quality_negative
3185,51649290838794,"তেমন একটা ভালো না,, সাউন্ড কোয়ালিটি মোটামুটি ভালো। কিন্তু চার্জে দিয়ে চালু করতে হয়।","তেমন একটা ভালো না,, সাউন্ড কোয়ালিটি মোটামুটি ভালো কিন্তু চার্জে দিয়ে চালু করতে হয়.",product_quality_negative
3186,54199901638794,অনেক সুন্দর একটা প্রোডাক্ট।  ধন্যবাদ এত কম দামে এত সুন্দর ও প্রোডাক্ট দেওয়ার জন্য,অনেক সুন্দর একটা প্রোডাক্ট ধন্যবাদ এত কম দামে এত সুন্দর ও প্রোডাক্ট দেওয়ার জন্য.,price_positive#product_quality_positive
3187,52259862438794,ইনশাল্লাহ  হাতে পেয়েছি অনেক ভালো প্রোডাক্ট নিতে পারেন ডেলিভারি ম্যান অনেক ভালো ছিল,ইনশাল্লাহ হাতে পেয়েছি অনেক ভালো প্রোডাক্ট নিতে পারেন ডেলিভারি ম্যান অনেক ভালো ছিল.,delivery_positive#product_quality_positive
3188,51752792338794,"আমি মনে করি,  এই প্রোডাকট আরেকটু আপডেট করে মার্কেটে ছাড়া উচিত 🥲 ভালো জিনিস বেচুন😎","আমি মনে করি, এই প্রোডাকট আরেকটু আপডেট করে মার্কেটে ছাড়া উচিত ভালো জিনিস বেচুন.",product_quality_neutral
3189,54269809838794,বেশ ভালোই service এবং earbud ও ভালোই চলতেছে। আজ ৩০ দিন ব্যাবোহারের পর review দিলাম,বেশ ভালোই service এবং earbud ও ভালোই চলতেছে আজ ৩০ দিন ব্যাবোহারের পর review দিলাম.,product_quality_positive
3190,53710431438794,"খুব তারাতারি পেয়েছি ধন্যবাদ দারাজকে, ধন্যবাদ সেলারকে, ধন্যবাদ ডেলিভারি ম্যানকে ♥♥","খুব তারাতারি পেয়েছি ধন্যবাদ দারাজকে, ধন্যবাদ সেলারকে, ধন্যবাদ ডেলিভারি ম্যানকে.",delivery_positive
3191,52982738538794,"onek valo,,sound quality,,, tobe jara besi boom boom bass khujen tara niben nah","onek valo,,sound quality,, tobe jara besi boom boom bass khujen tara niben nah.",product_quality_positive
3192,52049850938794,প্রোডাক্ট টা ভালো। কোন প্রকার সমস্যা নেই। দাম ও কম প্রয়োজন হলে নিতে পারেন....,প্রোডাক্ট টা ভালো কোন প্রকার সমস্যা নেই দাম ও কম প্রয়োজন হলে নিতে পারেন..,price_positive#product_quality_positive
3193,52999181538794,kharap na bhaloi kintu case er top ase na oita iktu lose but shomosha nai ar,kharap na bhaloi kintu case er top ase na oita iktu lose but shomosha nai ar.,product_quality_positive
3194,53091342138794,very god music quality but charge besikhon thake na but its good in buget👍,very god music quality but charge besikhon thake na but its good in buget.,price_positive#product_quality_positive
3195,53242485438794,"240 টাকায় এমন জিনিস যথেষ্ট ভাল। 100% satisfied. 
2 hours + Battery backup.",240 টাকায় এমন জিনিস যথেষ্ট ভাল 100 satisfied. 2 hours Battery backup.,product_quality_positive
3196,53101144038794,হ্যাঁ এটাও খুব তাড়াতাড়ি পাইছি একদিনের ভিতর সব পেয়ে গেছি ভালো প্রোডাক্ট,হ্যাঁ এটাও খুব তাড়াতাড়ি পাইছি একদিনের ভিতর সব পেয়ে গেছি ভালো প্রোডাক্ট.,delivery_positive#product_quality_positive
3197,53377086738794,"খুব ভালো হাতে পেয়ে খুব ভালো লাগছে। আমরা তিন বন্ধু তিনটা নিয়েছি
সব ঠিকঠাক",খুব ভালো হাতে পেয়ে খুব ভালো লাগছে আমরা তিন বন্ধু তিনটা নিয়েছি সব ঠিকঠাক.,product_quality_positive
3198,51903942938794,vai purai waste product ..akta kharap r akta Valo..aigula Kono Kotha 😑😑,vai purai waste product ..akta kharap r akta Valo..aigula Kono Kotha.,product_quality_negative
3199,51581543438794,প্রোডাক্টটা ভালো পাইছি আপনারা চাইলে নিতে পারেন দুই দিনের ভিতর হাতে পাইছি,প্রোডাক্টটা ভালো পাইছি আপনারা চাইলে নিতে পারেন দুই দিনের ভিতর হাতে পাইছি.,delivery_positive#product_quality_positive
3200,53358158938794,price onujayi average quality. but charge 40% er por hothat off hoye jay,price onujayi average quality. but charge 40 er por hothat off hoye jay.,price_neutral#product_quality_neutral
3201,53002868538794,"একদম বাজে প্রোডাক্ট।৷ কোয়ালিটি অনেক খারাপ। বিশ্বাস, টাকা ও সময় সবই নষ্ট।","একদম বাজে প্রোডাক্ট ৷ কোয়ালিটি অনেক খারাপ বিশ্বাস, টাকা ও সময় সবই নষ্ট.",product_quality_negative
3202,54142545138794,"মাশা-আল্লাহ খুব ভালো একটা প্রোডাক্ট,,,,,।আমি অনেক গুলো অর্ডার দিয়েছি।","মাশা-আল্লাহ খুব ভালো একটা প্রোডাক্ট,, আমি অনেক গুলো অর্ডার দিয়েছি.",product_quality_positive
3203,51447314438794,Akdom baje kew niben na . Ami akjon real customer. charge thake na .,Akdom baje kew niben na . Ami akjon real customer. charge thake na .,product_quality_negative
3204,54169190738794,"Display Nosto. R charge o thake na furai los project. 
Fraud seller.",Display Nosto. R charge o thake na furai los project. Fraud seller.,product_quality_negative
3205,53636134438794,কম দামের মধ্যে খুব সুন্দর একটি প্রোডাক্ট খুব ভালো সার্ভিস দিচ্ছে।,কম দামের মধ্যে খুব সুন্দর একটি প্রোডাক্ট খুব ভালো সার্ভিস দিচ্ছে.,price_positive#product_quality_positive
3206,53427394938794,ভালো মানের পণ্য। এক দিনের মধ্যেই পেয়েগেছি ডেলিভারি বয় ভালো ছিল,ভালো মানের পণ্য এক দিনের মধ্যেই পেয়েগেছি ডেলিভারি বয় ভালো ছিল.,delivery_positive#product_quality_positive
3207,53728297138794,quality onk vlo . delivery service o fast cilo. sob kisu tik cilo,quality onk vlo . delivery service o fast cilo. sob kisu tik cilo.,delivery_positive#product_quality_positive
3208,52674961738794,"খুবই ভাল একটা প্রডাক্ট,,,ডেলিভারি ম্যানের ব্যাবহারটাও অনেক ভালো","খুবই ভাল একটা প্রডাক্ট,,ডেলিভারি ম্যানের ব্যাবহারটাও অনেক ভালো.",delivery_positive#product_quality_positive
3209,52771318338794,অনেক সুন্দর পন্য! নতুন এবং অথেনটিক। দাম অনুযায়ী অনেক ভালো ❤️‍🩹,অনেক সুন্দর পন্য! নতুন এবং অথেনটিক দাম অনুযায়ী অনেক ভালো.,price_positive#product_quality_positive
3210,52499888438794,Sobai nite paren daraz a prothom delivery nilam Valo oviggata,Sobai nite paren daraz a prothom delivery nilam Valo oviggata.,product_quality_positive
3211,51868931538794,আলহামদুলিল্লাহ  ভোট্রাকটি অনেক ভালো হয়েছে এবং দ্রুত পেয়েছি,আলহামদুলিল্লাহ ভোট্রাকটি অনেক ভালো হয়েছে এবং দ্রুত পেয়েছি.,delivery_positive#product_quality_positive
3212,54740235338794,প্রোডাক্টটা অনেক ভালো ছিল এবং সার্ভিস প্রোভাইডার ও খুব ভালো,প্রোডাক্টটা অনেক ভালো ছিল এবং সার্ভিস প্রোভাইডার ও খুব ভালো.,seller_service_positive#product_quality_positive
3213,52593443638794,মাল গুলো অনেক ভালো। ডেলিভারি ম্যানের ব্যবহার অনেক ভালো। মাল গুলো সময় মতো হাতে পেয়ে আমি খুব খুশি হয়েছি,মাল গুলো অনেক ভালো ডেলিভারি ম্যানের ব্যবহার অনেক ভালো মাল গুলো সময় মতো হাতে পেয়ে আমি খুব খুশি হয়েছি.,delivery_positive#product_quality_positive
3214,54704355638794,আলহামদুলিল্লাহ খুব ভালো প্রোডাক্ট আপনারা চাইলে কিনতে পারেন,আলহামদুলিল্লাহ খুব ভালো প্রোডাক্ট আপনারা চাইলে কিনতে পারেন.,product_quality_positive
3215,53148075438794,"সাউন্ড কোয়ালিটি অনেক ভালো, চার্জ ও ভালো থাকে। ভালো 👍👍👍👍","সাউন্ড কোয়ালিটি অনেক ভালো, চার্জ ও ভালো থাকে ভালো.",product_quality_positive
3216,53380947938794,যথেষ্ট সুন্দর কোয়ালিটি ও গুনগত মান সম্মত ধন্যবাদ আপনাদেরকে,যথেষ্ট সুন্দর কোয়ালিটি ও গুনগত মান সম্মত ধন্যবাদ আপনাদেরকে.,product_quality_positive
3217,52970426738794,"এই দামে সেরা পণ্য,, আমার রাইডার ভাই অনেক ভালো মনের মানুষ ।","এই দামে সেরা পণ্য,, আমার রাইডার ভাই অনেক ভালো মনের মানুষ.",seller_service_positive#price_positive#product_quality_positive
3218,52807939838794,alhamdulillah cheler onek Valo and onek taratari peyechi,alhamdulillah cheler onek Valo and onek taratari peyechi.,seller_service_positive#delivery_positive
3219,54164106738794,এই দামের মধ্যে অসাধারণ হেডফোন সাউন্ড কোয়ালিটি অনেক ভালো,এই দামের মধ্যে অসাধারণ হেডফোন সাউন্ড কোয়ালিটি অনেক ভালো.,price_positive#product_quality_positive
3220,53593943838794,ভালো ভালো প্রোডাক্ট র ঠিক আছে সবকিছু ঠিক আছে নিতে পারেন,ভালো ভালো প্রোডাক্ট র ঠিক আছে সবকিছু ঠিক আছে নিতে পারেন.,product_quality_positive
3221,52789505438794,পণ্য পাইছি পণ্য ভালো আছে চলতেছে বলতে পারি না কতদিন যাবে,পণ্য পাইছি পণ্য ভালো আছে চলতেছে বলতে পারি না কতদিন যাবে.,product_quality_positive
3222,52589125738794,অনেক ভালো কিন্তু ডেলিভারি চার্জ দিয়ে অনেক দাম পরে যায়,অনেক ভালো কিন্তু ডেলিভারি চার্জ দিয়ে অনেক দাম পরে যায়.,price_negative#product_quality_positive
3223,51803622338794,অনেক সুন্দর একটা এয়ারপোর্ট পাইলাম ধন্যবাদ দারাজ 🥰🥰,অনেক সুন্দর একটা এয়ারপোর্ট পাইলাম ধন্যবাদ দারাজ.,product_quality_positive
3224,51743423838794,চার্জিং বেকাফ ভালো না। কিন্তু এই দামের মধ্যে ঠিক আছে,চার্জিং বেকাফ ভালো না কিন্তু এই দামের মধ্যে ঠিক আছে.,price_neutral#product_quality_neutral
3225,54297049438794,আলহামদুলিল্লাহ যেমনটা অর্ডার করেছিলাম তেমনটি পেয়েছি।,আলহামদুলিল্লাহ যেমনটা অর্ডার করেছিলাম তেমনটি পেয়েছি.,product_quality_positive
3226,53433529738794,ধন্যবাদ সেলার কে যেমনটা চাইছিলাম ঠিক তেমনটাই পাইছি।,ধন্যবাদ সেলার কে যেমনটা চাইছিলাম ঠিক তেমনটাই পাইছি.,product_quality_positive
3227,53903046338794,"আমার কাছে খুব  ভালো লেগেছে,  কেউ চাইলে নিতে  পারেন!","আমার কাছে খুব ভালো লেগেছে, কেউ চাইলে নিতে পারেন!",product_quality_positive
3228,54974247538794,অনেক অনেক ভালো হয়েছে হেডফোনটি থ্যাঙ্ক ইউ দারাজ টিম,অনেক অনেক ভালো হয়েছে হেডফোনটি থ্যাঙ্ক ইউ দারাজ টিম.,product_quality_positive
3229,52465936038794,"একদম বাজে প্রোডাক্ট 
মানুষ ঠকানো ছাড়া অন্য কিছু না",একদম বাজে প্রোডাক্ট মানুষ ঠকানো ছাড়া অন্য কিছু না.,product_quality_negative
3230,52145111338794,আলহামদুলিল্লাহ যেমনটা চেয়েছি ঠিক তেমনটাই পাইলাম,আলহামদুলিল্লাহ যেমনটা চেয়েছি ঠিক তেমনটাই পাইলাম.,product_quality_positive
3231,53989422838794,এটা হচ্ছে কম দামে খুবই হাইফাই জিনিস আর কিছু বলবেন,এটা হচ্ছে কম দামে খুবই হাইফাই জিনিস আর কিছু বলবেন.,price_positive#product_quality_positive
3232,51453114738794,"দাম অনুযায়ী ঠিক আছে, 
তবে প্যাকিংটা সুন্দর ছিল","দাম অনুযায়ী ঠিক আছে, তবে প্যাকিংটা সুন্দর ছিল.",packaging_positive#price_neutral#product_quality_neutral
3233,52635216638794,alhamdulillah onk vlo paichi...caile nite paren..,alhamdulillah onk vlo paichi..caile nite paren..,product_quality_positive
3234,53314444838794,thanks seller same Valo EKTA product deyar jonno,thanks seller same Valo EKTA product deyar jonno.,product_quality_positive
3235,54476213838794,মোটামুটি ভালো আছে। চার্জ থাকে ও সবকিছু কাজ করে,মোটামুটি ভালো আছে চার্জ থাকে ও সবকিছু কাজ করে.,product_quality_neutral
3236,54512004738794,দাম অনুযায়ী প্রোডাক্টের সাউন্ড কোয়ালিটি  ভালো।,দাম অনুযায়ী প্রোডাক্টের সাউন্ড কোয়ালিটি ভালো.,price_positive#product_quality_positive
3237,52338879638794,কেও এটা নিবেন্না এক বারও চাজ করা জাই না.. 😭😭,কেও এটা নিবেন্না এক বারও চাজ করা জাই না..,product_quality_negative
3238,54763557338794,এখান থেকে কেউ এয়ারবাড নিবেন না আমাকে নষ্ট দিছে,এখান থেকে কেউ এয়ারবাড নিবেন না আমাকে নষ্ট দিছে.,product_quality_negative
3239,54025914838794,"দেখে ভালোই মনে হচ্ছে, এখন দেখা যাক কতদিন চলে।","দেখে ভালোই মনে হচ্ছে, এখন দেখা যাক কতদিন চলে.",product_quality_positive
3240,54143547838794,মোটামুটি ভালো কিন্তু সাউন্ড কোয়ালিটি একটু কম,মোটামুটি ভালো কিন্তু সাউন্ড কোয়ালিটি একটু কম.,product_quality_neutral
3241,53441712138794,onek long charz thake. ak kothay osadharon,onek long charz thake. ak kothay osadharon.,product_quality_positive
3242,53345725138794,onrk valo podak jemon caicilam temon paisi,onrk valo podak jemon caicilam temon paisi.,product_quality_positive
3243,54815251538794,এটি একটা ফেইক প্রাদাক্ট আর মধ্যে একটি নষ্ট।,এটি একটা ফেইক প্রাদাক্ট আর মধ্যে একটি নষ্ট.,product_quality_negative
3244,53714215238794,অনেক ভালো লেগেছে আমি ব্যবহার করে দেখলাম,অনেক ভালো লেগেছে আমি ব্যবহার করে দেখলাম.,product_quality_positive
3245,52612996838794,প্রোডাক্টটা ভালো লাগছে না চার্জ কম থাকে,প্রোডাক্টটা ভালো লাগছে না চার্জ কম থাকে.,product_quality_negative
3246,52396836738794,"মুটামুটি ভালো আছে 

কম দামের মধ্যে ভালো",মুটামুটি ভালো আছে কম দামের মধ্যে ভালো.,price_positive#product_quality_neutral
3247,52456540438794,"ভালোই,দাম অনুযায়ী ভালোই ধন্যবাদ দারাজ ❤️","ভালোই,দাম অনুযায়ী ভালোই ধন্যবাদ দারাজ.",price_positive#product_quality_positive
3248,53515790738794,দাম অনুযায়ী প্রোডাক্ট ঠিক আছে খুব ভালো,দাম অনুযায়ী প্রোডাক্ট ঠিক আছে খুব ভালো.,price_positive#product_quality_positive
3249,52348848238794,মাশাল্লাহ অত্যন্ত সুন্দর অত্যন্ত সুন্দর,মাশাল্লাহ অত্যন্ত সুন্দর অত্যন্ত সুন্দর.,product_quality_positive
3250,52034453438794,"chrge thake na, sound quality khub baje","chrge thake na, sound quality khub baje.",product_quality_negative
3251,52153305838794,ফালতু জিনিস একদমই চলে না কেউ কিনবেন না,ফালতু জিনিস একদমই চলে না কেউ কিনবেন না.,product_quality_negative
3252,54831724438794,m10 tws products ti khub e valo silo.,m10 tws products ti khub e valo silo.,product_quality_positive
3253,54511517838794,ভালো  দামে বেস্ট একটি প্রোড নিতে পারেন,ভালো দামে বেস্ট একটি প্রোড নিতে পারেন.,price_positive#product_quality_positive
3254,54546933638794,"অনেক ভালো জিনিস, খুব কম দামে পেয়েছি।","অনেক ভালো জিনিস, খুব কম দামে পেয়েছি.",price_positive#product_quality_positive
3255,51757644138794,akdom e vlo na😡😡🤬 amr tk ta nosto,akdom e vlo na amr tk ta nosto.,product_quality_negative
3256,53923096738794,sound kom taka onujaye mota muti vala,sound kom taka onujaye mota muti vala.,price_neutral#product_quality_neutral
3257,53245603438794,দাম অনুযায়ী মোটামুটি ঠিকই আছে ভালো,দাম অনুযায়ী মোটামুটি ঠিকই আছে ভালো.,price_neutral#product_quality_neutral
3258,53310139238794,আলহামদুলিল্লাহ দাম অনুযায়েন ঠিক আছে,আলহামদুলিল্লাহ দাম অনুযায়েন ঠিক আছে.,price_positive#product_quality_positive
3259,52635448938794,valo hayca. kharap na. cola motamoti,valo hayca. kharap na. cola motamoti.,product_quality_neutral
3260,51955067038794,"ভালো প্রোডাক্ট, ২ ঘন্টা চার্জ থাকে।","ভালো প্রোডাক্ট, ২ ঘন্টা চার্জ থাকে.",product_quality_positive
3261,51732414838794,third class nosto jinis.open hoi na,third class nosto jinis.open hoi na.,product_quality_negative
3262,53469785238794,Product ti valoi. je kew nite paren,Product ti valoi. je kew nite paren.,product_quality_positive
3263,53337747638794,"আলহামদুলিল্লাহ এখন অব্দি ঠিক আছে,,,","আলহামদুলিল্লাহ এখন অব্দি ঠিক আছে,,.",product_quality_positive
3264,53328632038794,Kom takar moddhe khub vhalo product,Kom takar moddhe khub vhalo product.,price_positive#product_quality_positive
3265,53816563338794,standard product sobai neatay paran,standard product sobai neatay paran.,product_quality_positive
3266,53560151538794,Valoy ase but Charg aktu kom thake,Valoy ase but Charg aktu kom thake.,product_quality_positive
3267,52129234138794,"ভালো ছিলো।
কোন ধরনের সমস্যা পাই নি।",ভালো ছিলো কোন ধরনের সমস্যা পাই নি.,product_quality_positive
3268,52090565538794,Alhamdulillah Products ta onek vlo,Alhamdulillah Products ta onek vlo.,product_quality_positive
3269,52095269538794,এটার সাউন্ড কোয়ালিটি বেষ্ট ছিল😍😍,এটার সাউন্ড কোয়ালিটি বেষ্ট ছিল.,product_quality_positive
3270,52578504938794,অনেক সুন্দর হয়েছে ধন্যবাদ দারাজকে,অনেক সুন্দর হয়েছে ধন্যবাদ দারাজকে.,product_quality_positive
3271,53737530338794,এতো কম টাকায় খুব সুন্দর জিনিস,এতো কম টাকায় খুব সুন্দর জিনিস.,price_positive#product_quality_positive
3272,54406914438794,পপ্রোডাকটা অনেক ভালো চাজ থাকে,পপ্রোডাকটা অনেক ভালো চাজ থাকে.,product_quality_positive
3273,51965788238794,দাম হিসাবে খুব খুব খুবই ভালো,দাম হিসাবে খুব খুব খুবই ভালো.,price_positive#product_quality_positive
3274,52458456538794,kubi Valo caila Nita paran,kubi Valo caila Nita paran.,product_quality_positive
3275,53091787838794,vloi ase nite paren sobai,vloi ase nite paren sobai.,product_quality_positive
3276,51493973838794,vloi ache 235 tk hisabe,vloi ache 235 tk hisabe.,price_positive#product_quality_positive
3277,53612116238794,"এক কান নস্ট
ভালো না",এক কান নস্ট ভালো না.,product_quality_negative
3278,51756608838794,ভালো না এক কান চলে আরেক কান চলে না,ভালো না এক কান চলে আরেক কান চলে না.,product_quality_negative
3279,53734011938794,"poor quality magnet thikvabe kaj kore na bug charge deoyar somoy,case er oporer cap ta plastic er,case charging port tar cover rubber er ota thikvabe atke thake na bar bar khule jai.

Not recommended to buy","poor quality magnet thikvabe kaj kore na bug charge deoyar somoy,case er oporer cap ta plastic er,case charging port tar cover rubber er ota thikvabe atke thake na bar bar khule jai. Not recommended to buy.",product_quality_negative
3280,51701807638794,প্রোডাক্ট ভালোই but charge  কম থাকে।,প্রোডাক্ট ভালোই but charge কম থাকে.,product_quality_positive
3281,53737202838794,ভালো কিন্তু চাজ একটু কম থাকে,ভালো কিন্তু চাজ একটু কম থাকে.,product_quality_positive
3282,54204309338794,Ami gotokal e ai ear bud haat e pai but unfortunately amr ear bud er bud gulo charge hocce na so I'm totally disappointed 😥,Ami gotokal e ai ear bud haat e pai but unfortunately amr ear bud er bud gulo charge hocce na so I'm totally disappointed.,product_quality_negative
3283,51712634838794,একে বারে ফালতু একটা প্রোডাক্ট। ডান কানের buds কাজ করে না। চার্জ থাকে না। 23 ডিসেম্বর রিটার্ন করার jonno এপ্লাই করেছি (pick up) এখন পর্যন্ত রিটার্ন করেনি।আপনাদের সাবধান করছি কেউ এই প্রতারণা তে পা দিবেন না। কারণ তারপরও আমি আরেকটা m19 tws অর্ডার দিয়েছি সেটাও নষ্ট 😠😡😠😡,একে বারে ফালতু একটা প্রোডাক্ট ডান কানের buds কাজ করে না চার্জ থাকে না 23 ডিসেম্বর রিটার্ন করার jonno এপ্লাই করেছি pick up এখন পর্যন্ত রিটার্ন করেনি আপনাদের সাবধান করছি কেউ এই প্রতারণা তে পা দিবেন না কারণ তারপরও আমি আরেকটা m19 tws অর্ডার দিয়েছি সেটাও নষ্ট.,product_quality_negative
3284,54113779938794,kew niben na. 7 din use kore review dicchi. aita akdm baje akta product. gulisthan ar jinis. 2din ai ar charge neyna.battary shesh. sound quality vlo na.,kew niben na. 7 din use kore review dicchi. aita akdm baje akta product. gulisthan ar jinis. 2din ai ar charge neyna.battary shesh. sound quality vlo na.,product_quality_negative
3285,53739963338794,"আগে ব্যবহার করে ভালো সার্ভিস পেয়েছি কিন্তু এইবার এর টা মোটেও ভালো নাহ, বাম কানের টা চার্জ থাকে না,,খুবই হতাশ জনক, ডান কানের টা আছে মোটামুটি
হতাশ হয়ে গেলাম","আগে ব্যবহার করে ভালো সার্ভিস পেয়েছি কিন্তু এইবার এর টা মোটেও ভালো নাহ, বাম কানের টা চার্জ থাকে না,,খুবই হতাশ জনক, ডান কানের টা আছে মোটামুটি হতাশ হয়ে গেলাম.",product_quality_negative
3286,52698967138794,"oadar disi akta paysi arekta
jey ta dise valo moton kanet hoy na",oadar disi akta paysi arekta jey ta dise valo moton kanet hoy na.,product_quality_negative
3287,52436649438794,"দয়া করে কেও ওডার দিবেন না
এক কান নস্ট চালু হয় না,
টাকাই নস্ট","দয়া করে কেও ওডার দিবেন না এক কান নস্ট চালু হয় না, টাকাই নস্ট.",product_quality_negative
3288,53731406638794,5 din hoilo kinsi... Left kaan er ta noshto hoye gese 🫠,5 din hoilo kinsi.. Left kaan er ta noshto hoye gese.,product_quality_negative
3289,54922119738794,"একদম বাজে 
কাজই করে না 
পু*ক মারা খাইলে নিতে পারেন",একদম বাজে কাজই করে না পু ক মারা খাইলে নিতে পারেন.,product_quality_negative
3290,54565129438794,"ভাঙ্গা প্রোডাক্ট দিছে, একেবার বাজে, কেউ কিনবেন না","ভাঙ্গা প্রোডাক্ট দিছে, একেবার বাজে, কেউ কিনবেন না.",product_quality_negative
3291,52621777038794,"জঘন্য!
নকল প্রোডাক্ট।
কেউ ঠকতে চাইলে নিতে পারেন।",জঘন্য! নকল প্রোডাক্ট কেউ ঠকতে চাইলে নিতে পারেন.,product_quality_negative
3292,53196236338794,"মোটামুটি ভালো,  কিন্তু চার্জ বেশি সময় থাকে না","মোটামুটি ভালো, কিন্তু চার্জ বেশি সময় থাকে না.",product_quality_neutral
3293,52120299238794,"Khub baaje
..
waste of money ..
waste of time",Khub baaje .. waste of money .. waste of time.,product_quality_negative
3294,54691337338794,charge thake na. left side er ta somossa,charge thake na. left side er ta somossa.,product_quality_negative
3295,53381720738794,কেউ চাইলে নিতে পারেন ভালোই চলে,কেউ চাইলে নিতে পারেন ভালোই চলে.,product_quality_positive
3296,51932182038794,খুব বাজে হেড ফোন! অন ই হয় না।,খুব বাজে হেড ফোন! অন ই হয় না.,product_quality_negative
3297,52801861738794,valoi silo tobe crger silo na,valoi silo tobe crger silo na.,product_quality_positive
3298,51897537338794,Kew eta niyen na eta balo na,Kew eta niyen na eta balo na.,product_quality_negative
3299,54119072338794,সবথেকে বাজে কাজ করে না,সবথেকে বাজে কাজ করে না.,product_quality_negative
3300,51953334849121,"ব্যাটারিতে ১০০% চার্জ তাও বাডস্ গুলাতে চার্জ নেয় না, টানা ৩ ঘন্টা চার্যে বসিয়েও এক ফোটাও চার্জ হয়নি

জানিনা বেছে বেছে খারাপটাই আমার ভাগ্যে পড়ছে কি না, বাট আমি এই সার্ভিসে মোটেও সন্তুষ্ট নই","ব্যাটারিতে ১০০ চার্জ তাও বাডস্ গুলাতে চার্জ নেয় না, টানা ৩ ঘন্টা চার্যে বসিয়েও এক ফোটাও চার্জ হয়নি জানিনা বেছে বেছে খারাপটাই আমার ভাগ্যে পড়ছে কি না, বাট আমি এই সার্ভিসে মোটেও সন্তুষ্ট নই.",product_quality_negative
3301,53421594449121,"আলহামদুলিল্লাহ প্রোডাক্ট খুবই ভালো। 
ডেলিভারি ম্যান খুবই ভাল ছিল এবং ডেলিভারি খুব দ্রুত ছিল মাত্র এক দিনের মাথায় একদিনও না, গতকাল রাত্রে অর্ডার করেছিলাম আজকে দুপুরেই পেয়ে গেছি। 
অসংখ্য ধন্যবাদ Daraz k
এভাবে এগিয়ে যান, শুভকামনা।
আমি অনেক আগে থেকেই daraz e অর্ডার করি এবং In Sha Allah সামনে আরো করবো।","আলহামদুলিল্লাহ প্রোডাক্ট খুবই ভালো ডেলিভারি ম্যান খুবই ভাল ছিল এবং ডেলিভারি খুব দ্রুত ছিল মাত্র এক দিনের মাথায় একদিনও না, গতকাল রাত্রে অর্ডার করেছিলাম আজকে দুপুরেই পেয়ে গেছি অসংখ্য ধন্যবাদ Daraz k এভাবে এগিয়ে যান, শুভকামনা আমি অনেক আগে থেকেই daraz e অর্ডার করি এবং In Sha Allah সামনে আরো করবো.",delivery_positive#product_quality_positive
3302,54897385549121,দেখে মনে করেছিলাম ভালো। কিন্তু খারাপ। বাম পাশের ইয়ারবাড চলে না৷ কালকে পেয়েছি হাতে৷  কালকে থেকেই এমন।,দেখে মনে করেছিলাম ভালো কিন্তু খারাপ বাম পাশের ইয়ারবাড চলে না৷ কালকে পেয়েছি হাতে৷ কালকে থেকেই এমন.,product_quality_negative
3303,54439505549121,"আলহামদুলিল্লাহ ছবিতে যা দেখা যাচ্ছে  তাই পেয়েছি
আজ দুই দিন হল ব্যবহার করতেছি একটা ব্লুটুথ ২ ঘন্টা চলে",আলহামদুলিল্লাহ ছবিতে যা দেখা যাচ্ছে তাই পেয়েছি আজ দুই দিন হল ব্যবহার করতেছি একটা ব্লুটুথ ২ ঘন্টা চলে.,product_quality_positive
3304,53846858949121,"খুবই সুন্দর একটি প্রডাক্ট 
দাম অনুযায়ী অসাধারণ ব্লুটুথ ফাই  হেঁট ফোন 
ডেলিভারিতে মইন ভাই খুবই ভালো মা,,,,,,,,,,,,,❤️❤️❤️❤️❤️❤️আপনারা চাইলে নিতে পারেন","খুবই সুন্দর একটি প্রডাক্ট দাম অনুযায়ী অসাধারণ ব্লুটুথ ফাই হেঁট ফোন ডেলিভারিতে মইন ভাই খুবই ভালো মা,, আপনারা চাইলে নিতে পারেন.",product_quality_positive
3305,53077243449121,"এটা কি দিলেন,একটা চলে আর একটা চলে না,চার্জ ও হয়না,আপনারদের উচিৎ ছিলো চেক করে দেওয়া,এভাবে জিনিস পাঠালে তো আপনার ব্যাবসার রেপুটেশন নষ্ট হবে,ভাবলাম যে দেখি ঠিক করা যায় কিনা, দোকানে নিয়ে গেলাম বললো যে ব্যটারি নষ্ট একটা ব্যটারি ৮০ টাকা চায় এটা কে দিবে এখন,,জিনিস দেওয়ার আগে পরিক্ষা করে পাঠানো উচিৎ ছিলো আপনাদের,,,ধিক্কার জানায় আপনাদের","এটা কি দিলেন,একটা চলে আর একটা চলে না,চার্জ ও হয়না,আপনারদের উচিৎ ছিলো চেক করে দেওয়া,এভাবে জিনিস পাঠালে তো আপনার ব্যাবসার রেপুটেশন নষ্ট হবে,ভাবলাম যে দেখি ঠিক করা যায় কিনা, দোকানে নিয়ে গেলাম বললো যে ব্যটারি নষ্ট একটা ব্যটারি ৮০ টাকা চায় এটা কে দিবে এখন,,জিনিস দেওয়ার আগে পরিক্ষা করে পাঠানো উচিৎ ছিলো আপনাদের,,ধিক্কার জানায় আপনাদের.",product_quality_negative
3306,53799695349121,"এই TWS,,, Bluetooth headphone,,,টি অনেক কাজের,,, দুইটি হেডফোনই ঠিকমতো চলে,,,এত কম দামে এরকম পাবো আশা করি নাই,,, আমাকে টাইপ c কেবল দেওয়া হয়েছে,,,এটিতে অনেক ফিচার রয়েছে,,,লাইট টি জলে আলো মোটামুটি ভালো,,,আর এটি দিয়ে মোবাইল চার্জ দেওয়া যায়,,,USB port আছে,,, ইমার্জেন্সি সময় চার্জ দেওয়া যায়,,, নিতে পারেন,,,","এই TWS,, Bluetooth headphone,,টি অনেক কাজের,, দুইটি হেডফোনই ঠিকমতো চলে,,এত কম দামে এরকম পাবো আশা করি নাই,, আমাকে টাইপ c কেবল দেওয়া হয়েছে,,এটিতে অনেক ফিচার রয়েছে,,লাইট টি জলে আলো মোটামুটি ভালো,,আর এটি দিয়ে মোবাইল চার্জ দেওয়া যায়,,USB port আছে,, ইমার্জেন্সি সময় চার্জ দেওয়া যায়,, নিতে পারেন,,.",price_positive#product_quality_positive
3307,54439511549121,"motamuti valoi, airpods a 2.5 hour battery backup pacci. airpods a charge hote 35 minite time lagce","motamuti valoi, airpods a 2.5 hour battery backup pacci. airpods a charge hote 35 minite time lagce.",product_quality_neutral
3308,52768278149121,সবগুলো জিনিসই খুব সুন্দর হয়েছে আমার খুব পছন্দ হয়েছে ধন্যবাদ সেলার কে সুন্দরভাবে প্যাকিং করে দেওয়ার জন্য নিখুঁতভাবে সবগুলো প্রোডাক্ট আমার হাতে পৌঁছে দেয়ার জন্য ধন্যবাদ,সবগুলো জিনিসই খুব সুন্দর হয়েছে আমার খুব পছন্দ হয়েছে ধন্যবাদ সেলার কে সুন্দরভাবে প্যাকিং করে দেওয়ার জন্য নিখুঁতভাবে সবগুলো প্রোডাক্ট আমার হাতে পৌঁছে দেয়ার জন্য ধন্যবাদ.,packaging_positive#product_quality_positive
3309,54123170349121,তাদের প্যাকেটিং কোয়ালিটি খুব খারাপ হয়ে গেছে। বক্স ব্যবহার করলে অনেক ভালো হতো। অনেক জায়গায় চাপ পড়ে কুচকে গেছে। সাউন্ড কোয়ালিটি মোটামুটি ভালই এই দামে। একবার চার্জ দিয়ে ২ ঘন্টা মতো ব্যাকাপ পাওয়া যাবে মনে হচ্ছে। সব মিলিয়ে ১০/৯ দেওয়া যাবে।,তাদের প্যাকেটিং কোয়ালিটি খুব খারাপ হয়ে গেছে বক্স ব্যবহার করলে অনেক ভালো হতো অনেক জায়গায় চাপ পড়ে কুচকে গেছে সাউন্ড কোয়ালিটি মোটামুটি ভালই এই দামে একবার চার্জ দিয়ে ২ ঘন্টা মতো ব্যাকাপ পাওয়া যাবে মনে হচ্ছে সব মিলিয়ে ১০ ৯ দেওয়া যাবে.,packaging_negative#price_positive#product_quality_positive
3310,52667125049121,"মাশাআল্লাহ, তিন পিস নিয়েছি। সাউন্ড কোয়ালিটি অসাধারণ। বেজ অনেক সুন্দর। চার্জ থাকে সন্তোষজনক। 
অল্প দামে বেস্ট প্রোডাক্ট। জাযাকাল্লাহু খাইরান।","মাশাআল্লাহ, তিন পিস নিয়েছি সাউন্ড কোয়ালিটি অসাধারণ বেজ অনেক সুন্দর চার্জ থাকে সন্তোষজনক অল্প দামে বেস্ট প্রোডাক্ট জাযাকাল্লাহু খাইরান.",price_positive#product_quality_positive
3311,54049746449121,"খুব বাজে একটা প্রডাক্ট। চার্জ খুবই অল্প থাকে। সুতরাং যারা নিবেন দেখে শুনে বুঝে নিবেন। আমার সাথে এমন ঘটনা ঘটছে এজন্য আমি এইভাবে রিভিউ দিতেছি। ডান পাশের এয়ার বাটে চার্জ থাকে না বললেই চলে।,,,","খুব বাজে একটা প্রডাক্ট চার্জ খুবই অল্প থাকে সুতরাং যারা নিবেন দেখে শুনে বুঝে নিবেন আমার সাথে এমন ঘটনা ঘটছে এজন্য আমি এইভাবে রিভিউ দিতেছি ডান পাশের এয়ার বাটে চার্জ থাকে না বললেই চলে ,,.",product_quality_negative
3312,53872528249121,"পন্যটা যেমন চলছে তেমন পেয়েছি আপনারা চাইনে নিতে পারেন শাওনট  
এটা রিভিউ অনেক ভালো দাঁড়াজ কে
 অনেক ধন্যবাদ এরকম পণ্য দেওয়ার জন্য",পন্যটা যেমন চলছে তেমন পেয়েছি আপনারা চাইনে নিতে পারেন শাওনট এটা রিভিউ অনেক ভালো দাঁড়াজ কে অনেক ধন্যবাদ এরকম পণ্য দেওয়ার জন্য.,product_quality_positive
3313,54414633949121,টি ডব্লিউ এস টি আমি প্রায় এক সপ্তাহের মতন ব্যবহার করে যেটি দেখলাম দাম অনুযায়ী এর চেয়ে বেশি আশা করা যায় না মোটামুটি ভালো,টি ডব্লিউ এস টি আমি প্রায় এক সপ্তাহের মতন ব্যবহার করে যেটি দেখলাম দাম অনুযায়ী এর চেয়ে বেশি আশা করা যায় না মোটামুটি ভালো.,price_neutral#product_quality_neutral
3314,53065584349121,আলহামদুলিল্লাহ আমার প্রোডাক্টা অনেক ভালো পেয়েছি। আপনারা চাইলে কিনতে পারেন কিন্তু আমার সেলার বেশি ভালো ছিলো না,আলহামদুলিল্লাহ আমার প্রোডাক্টা অনেক ভালো পেয়েছি আপনারা চাইলে কিনতে পারেন কিন্তু আমার সেলার বেশি ভালো ছিলো না.,seller_service_negative#product_quality_positive
3315,53600932849121,এখন চার্জের ব্যাকআপ টা কেমন হয় এটা হচ্ছে দেখার বিষয়।।। আলহামদুলিল্লাহ প্রোডাক্ট যেমন দেখেছিলাম তেমনি হয়েছে,এখন চার্জের ব্যাকআপ টা কেমন হয় এটা হচ্ছে দেখার বিষয় আলহামদুলিল্লাহ প্রোডাক্ট যেমন দেখেছিলাম তেমনি হয়েছে.,product_quality_positive
3316,51880822349121,tws টি খুব ই ভালো অনেক সময় চার্জ থাকে সাউন্ড কোয়ালিটি টা ও খুব ভালো এক কথায় অসাধারণ thank you daraz এত ভালো জিনিস দেওয়ার জন্য,tws টি খুব ই ভালো অনেক সময় চার্জ থাকে সাউন্ড কোয়ালিটি টা ও খুব ভালো এক কথায় অসাধারণ thank you daraz এত ভালো জিনিস দেওয়ার জন্য.,product_quality_positive
3317,52998092849121,"প্রায় এক মাস ব্যাবহার করার পর রিভিউ দিচ্ছি , ব্যাবহার করে ভালই মনে হচ্ছে । আপনারা চাইলে কিনতে পারেন । দাম হিসাবে ভালো।","প্রায় এক মাস ব্যাবহার করার পর রিভিউ দিচ্ছি , ব্যাবহার করে ভালই মনে হচ্ছে আপনারা চাইলে কিনতে পারেন দাম হিসাবে ভালো.",price_positive#product_quality_positive
3318,53135949849121,প্রোডাক্টটি ভালো আছে চাইলে আপনারা নিতে পারেন সাউন্ড কোয়ালিটি ও খুব ভালো কম দামে বেস্ট একটা tws,প্রোডাক্টটি ভালো আছে চাইলে আপনারা নিতে পারেন সাউন্ড কোয়ালিটি ও খুব ভালো কম দামে বেস্ট একটা tws.,price_positive#product_quality_positive
3319,54440919249121,"কম দাম হিসেবে মোটামুটি ঠিক আছে,,,,আমার ২৮১ টাকা পড়েছে,,,,৩০০ এর মাঝে হলে নিতে পারেন খারাপ না,,,","কম দাম হিসেবে মোটামুটি ঠিক আছে,,আমার ২৮১ টাকা পড়েছে,,৩০০ এর মাঝে হলে নিতে পারেন খারাপ না,,.",price_neutral#product_quality_neutral
3320,51938681249121,অনেক সুন্দর হয়েছে যেমন চেয়েছি তেমন পেয়েছি খুব ভালো আপনারা সবাই নিতে পারেন নিঃসন্দেহ,অনেক সুন্দর হয়েছে যেমন চেয়েছি তেমন পেয়েছি খুব ভালো আপনারা সবাই নিতে পারেন নিঃসন্দেহ.,product_quality_positive
3321,54871857749121,কোয়ালেটি একদম বাজে জাতা দিয়ে ধরলে চার্জ হয় ছেরে দিলে বন্ধ হয়ে জায় আমি রিবিউ ১০ এ ১ দিব,কোয়ালেটি একদম বাজে জাতা দিয়ে ধরলে চার্জ হয় ছেরে দিলে বন্ধ হয়ে জায় আমি রিবিউ ১০ এ ১ দিব.,product_quality_negative
3322,53360378749121,"ভুল প্রোডাক্ট দেওয়া হয়েছে, অডার দিলাম কি আর পাঠাইলো কি।🙄🙄🙄
খুবিই হতাশ😮‍💨😮‍💨😮‍💨","ভুল প্রোডাক্ট দেওয়া হয়েছে, অডার দিলাম কি আর পাঠাইলো কি খুবিই হতাশ.",product_quality_negative
3323,52507127549121,"আলহামদুলিল্লাহ, যেমনটি চেয়ে ছিলাম তেমনি পেয়েছি,
দাম অনুযায়ী জিনিস ঠিক আছে......…...","আলহামদুলিল্লাহ, যেমনটি চেয়ে ছিলাম তেমনি পেয়েছি, দাম অনুযায়ী জিনিস ঠিক আছে.. ..",price_positive#product_quality_positive
3324,54355386449121,"onek din use kortesi prochur valovalo motamoti, and ma sha allah.... onek sundor...","onek din use kortesi prochur valovalo motamoti, and ma sha allah.. onek sundor..",product_quality_positive
3325,54134722049121,সবকিছু ঠিকঠাক। এককথায় সেরা! কিন্তু ছবিতে দেওয়া বর্ণনা ঠিক থাকলেও ডিজাইন একটু আলাদা।,সবকিছু ঠিকঠাক এককথায় সেরা! কিন্তু ছবিতে দেওয়া বর্ণনা ঠিক থাকলেও ডিজাইন একটু আলাদা.,product_quality_positive
3326,53334027649121,"100 te 100 dilam.
alhamdulillah product ta onek valo.
side a abar light o ache🙂",100 te 100 dilam. alhamdulillah product ta onek valo. side a abar light o ache.,product_quality_positive
3327,52611469349121,"ak kothai sai quality nea kono kotha nai. 
full satisfied. 
Thank you daraz🖤🥰",ak kothai sai quality nea kono kotha nai. full satisfied. Thank you daraz.,product_quality_positive
3328,53279758749121,M19 এই ব্লুথু টা আসলেই অনেক ভালো সাউন্ড কোয়ালিটি ও ভালো আপনারা চাইলে নিতে পারেন,M19 এই ব্লুথু টা আসলেই অনেক ভালো সাউন্ড কোয়ালিটি ও ভালো আপনারা চাইলে নিতে পারেন.,product_quality_positive
3329,52237968949121,alhamdulillah onk valo akta product sound quality onk valo nite paren🥰💖,alhamdulillah onk valo akta product sound quality onk valo nite paren.,product_quality_positive
3330,53407399149121,অনেক ভালো। এই দামে সত্যি খুব ভালো একটা প্রডাক্ট। চার্জও অনেক সময় থাকে,অনেক ভালো এই দামে সত্যি খুব ভালো একটা প্রডাক্ট চার্জও অনেক সময় থাকে.,price_positive#product_quality_positive
3331,52766856149121,দাম অনুযায়ী ভালো মানের প্রোডাক্ট । আমার ভালো লাগছে প্রচুর ভালো লাগছে,দাম অনুযায়ী ভালো মানের প্রোডাক্ট আমার ভালো লাগছে প্রচুর ভালো লাগছে.,price_positive#product_quality_positive
3332,54428214949121,আলহামদুলিল্লাহ অনেক ভালো একটি হেটফোন। আপনার চাইলে অবর্শ্য নিতে পারেন।,আলহামদুলিল্লাহ অনেক ভালো একটি হেটফোন আপনার চাইলে অবর্শ্য নিতে পারেন.,product_quality_positive
3333,52008681949121,আলহামদুলিল্লাহ সবকিছুই ঠিক আছে ডেলিভারি ম্যানের ব্যবহার খুব ভালো,আলহামদুলিল্লাহ সবকিছুই ঠিক আছে ডেলিভারি ম্যানের ব্যবহার খুব ভালো.,delivery_positive#product_quality_positive
3334,54063844949121,onk baje product. battery kom thake. bhaoo sound suna jacche na..,onk baje product. battery kom thake. bhaoo sound suna jacche na..,product_quality_negative
3335,54163444249121,অনেক সুন্দর ভালো প্রোডাক্ট পোডাক যেইটা ওয়াটার দিছি সেটাই পাইছি,অনেক সুন্দর ভালো প্রোডাক্ট পোডাক যেইটা ওয়াটার দিছি সেটাই পাইছি.,product_quality_positive
3336,53328988449121,পন্যটি অনেক ভাল তবে চার্জারের কেবল এর মান আরও ভাল  দরকার ছিল ।,পন্যটি অনেক ভাল তবে চার্জারের কেবল এর মান আরও ভাল দরকার ছিল.,product_quality_positive
3337,54484530249121,যা ভেবেছিলাম তার থেকে অনেক ভালো পেয়েছি চাইলে আপনি নিতে পারেন,যা ভেবেছিলাম তার থেকে অনেক ভালো পেয়েছি চাইলে আপনি নিতে পারেন.,product_quality_positive
3338,54134671349121,"জোচ হইছে,,,কালকে অডার দিছি আজকেই পেয়ে গেছি,,,জিনিস ১০০/১০০","জোচ হইছে,,কালকে অডার দিছি আজকেই পেয়ে গেছি,,জিনিস ১০০ ১০০.",delivery_positive#product_quality_positive
3339,53924785049121,খুব একটা ভালো না কিন্তু বাজেট অনুযায়ী মোটামুটি ঠিকই আছে।,খুব একটা ভালো না কিন্তু বাজেট অনুযায়ী মোটামুটি ঠিকই আছে.,price_neutral#product_quality_negative
3340,52746121249121,একদম ঠিকঠাক কোন সমস্যাই পাইনি অসংখ্য ধন্যবাদ  দারাজকে❤️❤️,একদম ঠিকঠাক কোন সমস্যাই পাইনি অসংখ্য ধন্যবাদ দারাজকে.,product_quality_positive
3341,54868911549121,মাশাল্লাহ খুব ভালো প্রোডাক্ট নিয়ে জিতেছি আলহামদুলিল্লাহ।,মাশাল্লাহ খুব ভালো প্রোডাক্ট নিয়ে জিতেছি আলহামদুলিল্লাহ.,product_quality_positive
3342,51762989249121,"সাউন্ড কোয়ালিটি টা ভালো আছে, ইনশাল্লাহ আশা করি ভালো হবে,","সাউন্ড কোয়ালিটি টা ভালো আছে, ইনশাল্লাহ আশা করি ভালো হবে,.",product_quality_positive
3343,53873165249121,"onak valo product

battery life valoi

apnara nita paran",onak valo product battery life valoi apnara nita paran.,product_quality_positive
3344,54853318449121,অনেক ধন্যবাদ আপনাদেরকে সুন্দর একটা প্রোডাক্ট দেওয়ার জন্য,অনেক ধন্যবাদ আপনাদেরকে সুন্দর একটা প্রোডাক্ট দেওয়ার জন্য.,product_quality_positive
3345,53904890949121,কম বাজেটের ভিতরে ভালো একটি গেজেট চাইলে সবাই নিতে পারেন,কম বাজেটের ভিতরে ভালো একটি গেজেট চাইলে সবাই নিতে পারেন.,price_positive#product_quality_positive
3346,53315667749121,এটি একটি অসাধারণ প্রডাক্ট সাউন্ড সিন্টেম ও অসাধারণ 🥰,এটি একটি অসাধারণ প্রডাক্ট সাউন্ড সিন্টেম ও অসাধারণ.,product_quality_positive
3347,53142908749121,ভালো আপনারা চাইলে নিতে পারেন।।। চার্জ ও ভালই থাকে।।।।,ভালো আপনারা চাইলে নিতে পারেন চার্জ ও ভালই থাকে.,product_quality_positive
3348,53889291849121,"আলহামদুলিল্লাহ..!
 ভালোই নিতে পারেন।
প্রাইজ ২৭৫ টাকা",আলহামদুলিল্লাহ..! ভালোই নিতে পারেন প্রাইজ ২৭৫ টাকা.,product_quality_positive
3349,53191600949121,"দাম হিসেবে মোটামুটি ভালো, সাউন্ড কোয়ালিটি অ্যাভারেজ","দাম হিসেবে মোটামুটি ভালো, সাউন্ড কোয়ালিটি অ্যাভারেজ.",product_quality_neutral
3350,54055730049121,"২৫০ টাকায় আনলাম
ভালোই টাকা হিসেবে চার্জ ও ভাল থাকে।",২৫০ টাকায় আনলাম ভালোই টাকা হিসেবে চার্জ ও ভাল থাকে.,price_positive#product_quality_positive
3351,53183015149121,আলহামদুলিল্লাহ ভালো হয়েছে এটার কোয়ালিটি খুব ভালো,আলহামদুলিল্লাহ ভালো হয়েছে এটার কোয়ালিটি খুব ভালো.,product_quality_positive
3352,53256229149121,এতো কম টাকায় এতো সুন্দর প্রডাক্ট পাবো ভাবতে পারিনি,এতো কম টাকায় এতো সুন্দর প্রডাক্ট পাবো ভাবতে পারিনি.,price_positive#product_quality_positive
3353,53694260449121,খুব ভালো হয়েছে অসংখ্য ধন্যবাদ আপনারা নিতে পারেন,খুব ভালো হয়েছে অসংখ্য ধন্যবাদ আপনারা নিতে পারেন.,product_quality_positive
3354,53959456049121,Product jeita order korsi seitai paisi. thanks,Product jeita order korsi seitai paisi. thanks.,product_quality_positive
3355,52227395749121,মোটামুটি কিন্তু ব্লুটুথ রেঞ্জ ভালো না 🙍😮‍💨😤,মোটামুটি কিন্তু ব্লুটুথ রেঞ্জ ভালো না.,product_quality_neutral
3356,51838661149121,মোটামুটি ভালো এক কানেরটা বারবার অট চার্জ নেয়,মোটামুটি ভালো এক কানেরটা বারবার অট চার্জ নেয়.,product_quality_neutral
3357,54611996149121,"nice valo apnra nite parn. 
delivery man valo",nice valo apnra nite parn. delivery man valo.,delivery_positive#product_quality_positive
3358,52839385349121,"very good quality 💝
যেমন দেখেছি ঠিক তেমনই 💝",very good quality যেমন দেখেছি ঠিক তেমনই.,product_quality_positive
3359,53238164149121,"প্রোডাক্ট ভালো,চলছে ভালো,সাউন্ড কোয়ালিটি হাই","প্রোডাক্ট ভালো,চলছে ভালো,সাউন্ড কোয়ালিটি হাই.",product_quality_positive
3360,54914317949121,দাম অনুযায়ী খারাপ না।সাউন্ড ১০/৭।নিতে পারেন,দাম অনুযায়ী খারাপ না সাউন্ড ১০ ৭ নিতে পারেন.,price_neutral#product_quality_neutral
3361,52598838749121,আলহামদুলিল্লাহ অনেক ভালো আপনারা নিতে পারেন,আলহামদুলিল্লাহ অনেক ভালো আপনারা নিতে পারেন.,product_quality_positive
3362,52813524349121,"একেবারে ফালতু 
এক কান চলে 
আরেক কান চলেনা।",একেবারে ফালতু এক কান চলে আরেক কান চলেনা.,product_quality_negative
3363,53241468849121,এটা মোটা মোটি ভালো কিন্তু চার্য থাকে না,এটা মোটা মোটি ভালো কিন্তু চার্য থাকে না.,product_quality_neutral
3364,52825342649121,"দাম হিসেবে অনেক ভালই 
আপনারা নিতে পারেন",দাম হিসেবে অনেক ভালই আপনারা নিতে পারেন.,price_positive#product_quality_positive
3365,54292955349121,"দামের তুলনায় বেশ ভালো, চারজও ভালোই থাকে","দামের তুলনায় বেশ ভালো, চারজও ভালোই থাকে.",price_positive#product_quality_positive
3366,54216946549121,এত কম দামে TWS.. খারাপ না চলে মোটামুটি,এত কম দামে TWS.. খারাপ না চলে মোটামুটি.,price_neutral#product_quality_neutral
3367,54294665749121,একে একে ৪ টা অর্ডার করলাম অনেক ভালো এটা,একে একে ৪ টা অর্ডার করলাম অনেক ভালো এটা.,product_quality_positive
3368,53865983449121,ভালো আছে এই দামে চাইলে সবাই নিতে পারেন,ভালো আছে এই দামে চাইলে সবাই নিতে পারেন.,price_positive#product_quality_positive
3369,54099910749121,good products good caile nithe paren,good products good caile nithe paren.,product_quality_positive
3370,54174615549121,ভালো চলছে চাইলে নিতে পারেন ভালো পডাক,ভালো চলছে চাইলে নিতে পারেন ভালো পডাক.,product_quality_positive
3371,54346472249121,jay rokom vabcilam oirokom na🥲🥲🥲,jay rokom vabcilam oirokom na.,product_quality_negative
3372,53598016649121,good products. condition o valo...,good products. condition o valo..,product_quality_positive
3373,51633420049121,"সুন্দর💖💖
৩:৩০ ঘন্টার মত চার্জ যাই",সুন্দর ৩ ৩০ ঘন্টার মত চার্জ যাই.,product_quality_positive
3374,53563183649121,ভালো না ডান পাশের টা চার্জ হয় না।,ভালো না ডান পাশের টা চার্জ হয় না.,product_quality_negative
3375,53441530149121,নাইস প্রোডাক্ট নিতে পারেন সবাই,নাইস প্রোডাক্ট নিতে পারেন সবাই.,product_quality_positive
3376,52812743449121,khub sundor sound o onek Valo,khub sundor sound o onek Valo.,product_quality_positive
3377,52796247449121,ভালো হয়েছে অনেক ভালো হয়েছে,ভালো হয়েছে অনেক ভালো হয়েছে.,product_quality_positive
3378,54133298949121,সব কিছু ঠিক আছে। অসাধারণ,সব কিছু ঠিক আছে অসাধারণ.,product_quality_positive
3379,53341783349121,"আলহামদুলিল্লাহ ঠিকঠাক ভাবেই হাতে পেয়েছি। তবে এই হলো সস্তার অবস্থা, এমনিতে সাউন্ড কোয়ালিটি মোটামুটি ভালো তবে বক্স এর ব্যাটারিটা খুবই দূর্বল চার্জ তাড়াতাড়ি শেষ হয়ে যায়। কত দিন যাবে আল্লাহ ভালো জানে 😂","আলহামদুলিল্লাহ ঠিকঠাক ভাবেই হাতে পেয়েছি তবে এই হলো সস্তার অবস্থা, এমনিতে সাউন্ড কোয়ালিটি মোটামুটি ভালো তবে বক্স এর ব্যাটারিটা খুবই দূর্বল চার্জ তাড়াতাড়ি শেষ হয়ে যায় কত দিন যাবে আল্লাহ ভালো জানে.",product_quality_neutral
3380,54836805649121,dam onujai valoi.quality motamuti. sound qualityo thik thak ase. mne ei dame thik e ase...uporer transparent shield ta ek side diye halka fata chilo kintu oita kono matter Deliveryr somoy hoyto chap lagsilo. but delevery ashte onek time lagse,dam onujai valoi.quality motamuti. sound qualityo thik thak ase. mne ei dame thik e ase..uporer transparent shield ta ek side diye halka fata chilo kintu oita kono matter Deliveryr somoy hoyto chap lagsilo. but delevery ashte onek time lagse.,delivery_negative#price_positive#product_quality_neutral
3381,53850829949121,খুবই ভালো বলবো না কারণ বেশিক্ষণ চার্জ থাকে না তবে এই দামে ভালই।।।,খুবই ভালো বলবো না কারণ বেশিক্ষণ চার্জ থাকে না তবে এই দামে ভালই.,price_positive
3382,52023669049121,"এই জিনিসটা কেউ নেবেন না, অনেক খারাপ রেঞ্জ খুব খারাপ আর ব্যাটারি ব্যাকআপ এত ভালো না।। ডেলিভারি ম্যান টা ভালো ছিল","এই জিনিসটা কেউ নেবেন না, অনেক খারাপ রেঞ্জ খুব খারাপ আর ব্যাটারি ব্যাকআপ এত ভালো না ডেলিভারি ম্যান টা ভালো ছিল.",delivery_positive#product_quality_negative
3383,53454924649121,2din por review dissi good quality product. Sound quality onak vlo. Akhon dakha jak koto din chole.,2din por review dissi good quality product. Sound quality onak vlo. Akhon dakha jak koto din chole.,product_quality_positive
3384,53304649749121,সাউন্ড কোয়ালিটি একদম বাজে চার্জ ব্যাকআপ ১ ঘন্টার মত কানে দেওয়ার পরে ৫ মিনিট ঘার ঘার করে তারপর ঠিক হয়ে যায় টাকা দিয়ে সব জিনিস না কেনাই ভালো  নাই ভালো,সাউন্ড কোয়ালিটি একদম বাজে চার্জ ব্যাকআপ ১ ঘন্টার মত কানে দেওয়ার পরে ৫ মিনিট ঘার ঘার করে তারপর ঠিক হয়ে যায় টাকা দিয়ে সব জিনিস না কেনাই ভালো নাই ভালো.,product_quality_negative
3385,54472898249121,"Alhamdulillah, Product ta Valo Peyeci.!
Apnara Chaile Nite paren Valo Hobe insha'Allah!
R hmm, Review ta 100% Original Review!
tai Seller Vai Review dewar Jonno Amk Mobile Recharge kore dite paren! 01747076376
😍😜","Alhamdulillah, Product ta Valo Peyeci.! Apnara Chaile Nite paren Valo Hobe insha'Allah! R hmm, Review ta 100 Original Review! tai Seller Vai Review dewar Jonno Amk Mobile Recharge kore dite paren! 01747076376.",product_quality_positive
3386,51558947549121,"প্রোডাক্ট টা দাম অনুসারে যথেষ্ট ভালো,,
চার্জ টা ও মুটামুটি ঠিকাছে দাম হিসেবে 
আমার কাছে অনেক ভালো লেগেছে 
চাইলে আপনারা ও নিতে পারেন","প্রোডাক্ট টা দাম অনুসারে যথেষ্ট ভালো,, চার্জ টা ও মুটামুটি ঠিকাছে দাম হিসেবে আমার কাছে অনেক ভালো লেগেছে চাইলে আপনারা ও নিতে পারেন.",price_positive#product_quality_positive
3387,53862197249121,valoi chilo.fresh chilo.expect kori nai.but intact e chilo akdom sill pack chilo..tk hisebe baloi  motamoti,valoi chilo.fresh chilo.expect kori nai.but intact e chilo akdom sill pack chilo..tk hisebe baloi motamoti.,price_neutral#product_quality_positive
3388,54554607449121,"খুবই ভালো। আজ ১০ দিন পর রিভিউ দিলাম।দাম অনুযায়ী সাউন্ড কোয়ালিটি ভালো। চার্জ ব্যাকাপ ও ভালো। বাড্স থেকে ২ঘন্টা পাওয়া যায়।বক্স থেকে বেশ কয়েকবার চার্জ দেওয়া যায়।
তাছাড়াও ২৪ঘন্টার ভিতর ডেলিভারি পাওয়াটা ভালো লাগছে। 
ধন্যবাদ সেলার ও দারাজ।",খুবই ভালো আজ ১০ দিন পর রিভিউ দিলাম দাম অনুযায়ী সাউন্ড কোয়ালিটি ভালো চার্জ ব্যাকাপ ও ভালো বাড্স থেকে ২ঘন্টা পাওয়া যায় বক্স থেকে বেশ কয়েকবার চার্জ দেওয়া যায় তাছাড়াও ২৪ঘন্টার ভিতর ডেলিভারি পাওয়াটা ভালো লাগছে ধন্যবাদ সেলার ও দারাজ.,delivery_positive#price_positive#product_quality_positive
3389,53196273049121,প্রোডাক্টটা হাতে পায়ে খুব ভালো লাগলো সবকিছু ঠিকঠাক ছিল কোন রকমের কোন সমস্যা ছিল না আশা করি আপনারা চাইলে নিতে পারেন তারপর আপনারা দেখে নিবেন ঠিক আছে আর রাইটারকে অসংখ্য ধন্যবাদ প্রোডাক্টটি পৌঁছে দেওয়ার জন্য ঠিকমত,প্রোডাক্টটা হাতে পায়ে খুব ভালো লাগলো সবকিছু ঠিকঠাক ছিল কোন রকমের কোন সমস্যা ছিল না আশা করি আপনারা চাইলে নিতে পারেন তারপর আপনারা দেখে নিবেন ঠিক আছে আর রাইটারকে অসংখ্য ধন্যবাদ প্রোডাক্টটি পৌঁছে দেওয়ার জন্য ঠিকমত.,product_quality_positive
3390,53364412849121,oto Valo ta na but prize onujai Valo. ar original product nah 😔 aktu eita niye Ami satisfied nah seller aro better product diben please,oto Valo ta na but prize onujai Valo. ar original product nah aktu eita niye Ami satisfied nah seller aro better product diben please.,price_positive#product_quality_negative
3391,54592499149121,এটা দিয়ে আমি তিনটা নিয়েছি আমার একটা আমার দুই বন্ধুর জন্য দুইটা খুব ভালো চার্জ ভালোই বেকাপ দেয় চাইলে আপনারা নিতে পারেন,এটা দিয়ে আমি তিনটা নিয়েছি আমার একটা আমার দুই বন্ধুর জন্য দুইটা খুব ভালো চার্জ ভালোই বেকাপ দেয় চাইলে আপনারা নিতে পারেন.,product_quality_positive
3392,53442758549121,প্রোডাক্টিটি ভালো গত ৬ তারিখে প্যাকেজ অর্ডার করেছিলাম 9 তারিখ হাতে পেয়েছি আজকে আবার অর্ডার করেছি বাট  মূল্য ৫০ টাকা বেশি!,প্রোডাক্টিটি ভালো গত ৬ তারিখে প্যাকেজ অর্ডার করেছিলাম 9 তারিখ হাতে পেয়েছি আজকে আবার অর্ডার করেছি বাট মূল্য ৫০ টাকা বেশি!,delivery_positive#product_quality_positive
3393,52976876949121,"এই দামে ভালোই মনে হচ্ছে হাতে পাবার পর, এখন চার্জে কত সময় টিকে বা কেমন সার্ভিস দিবে সেটা ইউজ করলে বুঝা যাবে।
ডেলিভারি বয়ের ব্যবহার খুব ভালো ছিলো।","এই দামে ভালোই মনে হচ্ছে হাতে পাবার পর, এখন চার্জে কত সময় টিকে বা কেমন সার্ভিস দিবে সেটা ইউজ করলে বুঝা যাবে ডেলিভারি বয়ের ব্যবহার খুব ভালো ছিলো.",delivery_positive#price_positive#product_quality_positive
3394,53906419849121,"আজকে প্রোডাকৃট টি হাতে পাইছি,  খুব সুন্দর সাউন্ড নেক্সট লেভেলের ব্যাজ দেয়,  সাউন্ড ফাটে না,  অনেক ধন্যবাদ দারাজ কে আমাকে এতো সুন্দর প্রোডাক্ট দেওয়ার জন্য","আজকে প্রোডাকৃট টি হাতে পাইছি, খুব সুন্দর সাউন্ড নেক্সট লেভেলের ব্যাজ দেয়, সাউন্ড ফাটে না, অনেক ধন্যবাদ দারাজ কে আমাকে এতো সুন্দর প্রোডাক্ট দেওয়ার জন্য.",product_quality_positive
3395,54604409149121,খুবই ভালো একটি প্রোডাক্ট খুব ভালো সাউন্ড কিন্তু চার্জ খুব দ্রুত চলে যায় তবে এই দামে সেরা চাইলে নিতে পারেন ধন্যবাদ,খুবই ভালো একটি প্রোডাক্ট খুব ভালো সাউন্ড কিন্তু চার্জ খুব দ্রুত চলে যায় তবে এই দামে সেরা চাইলে নিতে পারেন ধন্যবাদ.,price_positive#product_quality_positive
3396,54446598949121,"খুবই জঘন্য। এক পাশে সাউন্ড ভলিউম ভালো। আরেক টায় সাউন্ড নাই, আটকে আটকে আসে মনে হয় যেন রেডিও ঝিরঝির করতেছে। সাউন্ড কুয়ালিটি, কল কুয়ালিটি সবই ইন্না-লিল্লাহ। এগুলা না কিনাই ভালো। ভালো দাম দিয়ে ভালো কুয়ালিটির জিনিস কিনেন, আরামে ব্যবহার করেন।","খুবই জঘন্য এক পাশে সাউন্ড ভলিউম ভালো আরেক টায় সাউন্ড নাই, আটকে আটকে আসে মনে হয় যেন রেডিও ঝিরঝির করতেছে সাউন্ড কুয়ালিটি, কল কুয়ালিটি সবই ইন্না-লিল্লাহ এগুলা না কিনাই ভালো ভালো দাম দিয়ে ভালো কুয়ালিটির জিনিস কিনেন, আরামে ব্যবহার করেন.",product_quality_negative
3397,53453982149121,"আলহামদুলিল্লাহ, প্রোডাক্ট খুব সুন্দর এবং ভালো মানের। অনেক দিন ব্যাবহার করে রিভিউ দিলাম। চার্জ ব্যাকাপ ও ভালো ৩ঘন্টা+ এক কথায় অসাধারণ প্রোডাক্ট 😊😊","আলহামদুলিল্লাহ, প্রোডাক্ট খুব সুন্দর এবং ভালো মানের অনেক দিন ব্যাবহার করে রিভিউ দিলাম চার্জ ব্যাকাপ ও ভালো ৩ঘন্টা এক কথায় অসাধারণ প্রোডাক্ট.",product_quality_positive
3398,53569499449121,"এটা ভালো ছিলো।ইউজ করছি। মোটামুটি ভালো একটা এয়ারবার্ড।তবে বাইক চালালে কথা শুনতে পায় না অন্য পার্শে।

ভালোই সার্ভিস দিচ্ছে, বেশ ভালো চার্জ থাকে।।","এটা ভালো ছিলো ইউজ করছি মোটামুটি ভালো একটা এয়ারবার্ড তবে বাইক চালালে কথা শুনতে পায় না অন্য পার্শে ভালোই সার্ভিস দিচ্ছে, বেশ ভালো চার্জ থাকে.",product_quality_positive
3399,53660444549121,faltu product. 1mas use kora jai nai. charge diyecilam 2second por jole gece. taka tai fao gese,faltu product. 1mas use kora jai nai. charge diyecilam 2second por jole gece. taka tai fao gese.,product_quality_negative
3400,54076826949121,"দাম অনুযায়ী অনেক ভালো প্রোডাক্ট পেয়েছি আলহামদুলিল্লাহ।  নিতে পারেন সবাই, কোয়ালিটি ভালো আছে।","দাম অনুযায়ী অনেক ভালো প্রোডাক্ট পেয়েছি আলহামদুলিল্লাহ নিতে পারেন সবাই, কোয়ালিটি ভালো আছে.",price_positive#product_quality_positive
3401,51839583449121,"ধন্যবাদ অল্প টাকার মধ্যে, ভালো একটি প্রোডাক্ট পেলাম ।আপনারা যদি নিতে চান তাহলে নিতে পারেন ।","ধন্যবাদ অল্প টাকার মধ্যে, ভালো একটি প্রোডাক্ট পেলাম আপনারা যদি নিতে চান তাহলে নিতে পারেন.",price_positive#product_quality_positive
3402,53454301349121,অনেক ভালো ছিল এটা এটার সাহায্যে গান শোনো যায় আবার ফোন চার্জও দেওয়া যায়। চাইলে নিতে পারেন,অনেক ভালো ছিল এটা এটার সাহায্যে গান শোনো যায় আবার ফোন চার্জও দেওয়া যায় চাইলে নিতে পারেন.,product_quality_positive
3403,53642271949121,আমি অনেক দিন থেকে ব্যবহার করার পর রিভিও দিচ্ছি সত্য আমার এই দামের ভিতরে ভালো পণ্য দিয়েছে,আমি অনেক দিন থেকে ব্যবহার করার পর রিভিও দিচ্ছি সত্য আমার এই দামের ভিতরে ভালো পণ্য দিয়েছে.,price_positive#product_quality_positive
3404,52459718049121,আলহামদুলিল্লাহ প্রোডাক্ট ভালো আপনারা চাইলে নিতে পারেন ধন্যবাদ সেলার কে ধন্যবাদ দারাজ কে,আলহামদুলিল্লাহ প্রোডাক্ট ভালো আপনারা চাইলে নিতে পারেন ধন্যবাদ সেলার কে ধন্যবাদ দারাজ কে.,product_quality_positive
3405,54577356149121,onek  valo quality  dam onujayi...  delivery supper first..delivery man onek valo cilo,onek valo quality dam onujayi.. delivery supper first..delivery man onek valo cilo.,delivery_positive#price_positive#product_quality_positive
3406,52924777949121,Left Right ulta bam kaner ta dane deoa lage amnite valo ulta kore porlei thik hoye jay,Left Right ulta bam kaner ta dane deoa lage amnite valo ulta kore porlei thik hoye jay.,product_quality_positive
3407,53752579249121,delivery onak fast and packaging tao onak Valo but product ta tmon 1 ta Valo nah ...,delivery onak fast and packaging tao onak Valo but product ta tmon 1 ta Valo nah ..,delivery_positive#packaging_positive#product_quality_negative
3408,54238475249121,"এত কম দামে এত অসাধারণ চিন্তা করেনি 
 বাজারে এটা কিনতে গেলে সাড়ে তিন চার পড়বে",এত কম দামে এত অসাধারণ চিন্তা করেনি বাজারে এটা কিনতে গেলে সাড়ে তিন চার পড়বে.,price_positive#product_quality_positive
3409,54448168949121,"পাঁচ দিন পর রিভিউ দিচ্ছি, সব কিছু ভালোই বাট ১ ঘণ্টার বেশি চার্জ থাকে না।","পাঁচ দিন পর রিভিউ দিচ্ছি, সব কিছু ভালোই বাট ১ ঘণ্টার বেশি চার্জ থাকে না.",product_quality_positive
3410,52307227849121,একবারে ফাল্তু চার্জ তো টিকে না আর চার্জে দিলে এই রকম লাইট চালু হয়ে থাকে,একবারে ফাল্তু চার্জ তো টিকে না আর চার্জে দিলে এই রকম লাইট চালু হয়ে থাকে.,product_quality_negative
3411,52937044049121,"জিনিসটা অনেক সুন্দর সাউন্ড কোয়ালিটি অনেক ভালো,,,, আপনার নিতে পারেন ❤️","জিনিসটা অনেক সুন্দর সাউন্ড কোয়ালিটি অনেক ভালো,, আপনার নিতে পারেন.",product_quality_positive
3412,54463755449121,"products ta khub besi valo na.  besi charge thake na, sound clear na","products ta khub besi valo na. besi charge thake na, sound clear na.",product_quality_negative
3413,51125808849121,"আলহামদুলিল্লাহ অনেক ভালো প্রোডাক্ট, সবাই এই সপ থেকে নিতে পারেন","আলহামদুলিল্লাহ অনেক ভালো প্রোডাক্ট, সবাই এই সপ থেকে নিতে পারেন.",product_quality_positive
3414,54797363549121,আলহামদুলিল্লাহ অনেক ভালো চাইলে নিতে পারেন 3 দিন পর রিভিউ দিলাম,আলহামদুলিল্লাহ অনেক ভালো চাইলে নিতে পারেন 3 দিন পর রিভিউ দিলাম.,product_quality_positive
3415,53624766349121,"dam onujai valo,,kinto product delivery man er bebohar kharap","dam onujai valo,,kinto product delivery man er bebohar kharap.",delivery_negative#price_positive#product_quality_positive
3416,53927338349121,অনেক ভালো কিন্তু চাজ একটু কম থাকে ডেলিভারি ম্যান ও অনেক ভালো,অনেক ভালো কিন্তু চাজ একটু কম থাকে ডেলিভারি ম্যান ও অনেক ভালো.,delivery_positive#product_quality_positive
3417,53844793749121,alhamdulillah...... kharap na valoi....price onusare....😊🥰,alhamdulillah.. kharap na valoi..price onusare..,price_positive#product_quality_positive
3418,52817409549121,সব কিছু ঠিকঠাক বাট চার্জিং সার্ভিস টা খারাপ আর সব কিছু ভালো,সব কিছু ঠিকঠাক বাট চার্জিং সার্ভিস টা খারাপ আর সব কিছু ভালো.,product_quality_positive
3419,53630507849121,"products 1 ta valo 1 ta kharad 
ki bolbo batpari sob jai gay",products 1 ta valo 1 ta kharad ki bolbo batpari sob jai gay.,product_quality_negative
3420,54673362849121,প্রোডাক্টটা খুবই ভালো হয়েছে চার্জিং পারফরমেন্স টা ভালো আছে,প্রোডাক্টটা খুবই ভালো হয়েছে চার্জিং পারফরমেন্স টা ভালো আছে.,product_quality_positive
3421,52516672849121,alhamdulillah balo but ami 4ta odar disi kintu gift pai nai,alhamdulillah balo but ami 4ta odar disi kintu gift pai nai.,product_quality_positive
3422,52723793249121,আলহামদুলিল্লাহ ভালো সাউন্ড কোয়ালিটি ভালো চাইলে নিতে পারেন,আলহামদুলিল্লাহ ভালো সাউন্ড কোয়ালিটি ভালো চাইলে নিতে পারেন.,product_quality_positive
3423,54163695949121,টাকার অনুযায়ী জিনিসটা ভালো কিন্তু চার্জার খারাপ ছিল।,টাকার অনুযায়ী জিনিসটা ভালো কিন্তু চার্জার খারাপ ছিল.,price_positive#product_quality_positive
3424,54240219649121,সাউন্ড কোয়ালিটি মোটামুটি ভালো একটাতে কম একটাতে বেশি,সাউন্ড কোয়ালিটি মোটামুটি ভালো একটাতে কম একটাতে বেশি.,product_quality_neutral
3425,53873077849121,Khub baje akta product dica amar taka pura loss 😡😡,Khub baje akta product dica amar taka pura loss.,product_quality_negative
3426,53159474949121,যেমন দেখেছি তেমনি পেয়েছে খুব ভালো সবাই নিতে পারেন...,যেমন দেখেছি তেমনি পেয়েছে খুব ভালো সবাই নিতে পারেন..,product_quality_positive
3427,52934491249121,onek vlo... delevary boy ar baboharo khub vlo cilo,onek vlo.. delevary boy ar baboharo khub vlo cilo.,delivery_positive#product_quality_positive
3428,53322822249121,মোটামুটি আনন্দময় ও ভালো কিন্তু সাউন্ড টা একটু কম,মোটামুটি আনন্দময় ও ভালো কিন্তু সাউন্ড টা একটু কম.,product_quality_neutral
3429,53248463749121,onek valo duita nisi 15-20 din pore review dilam,onek valo duita nisi 15-20 din pore review dilam.,product_quality_positive
3430,51981313249121,"দাম অনুযায়ী ঠিক আছে। 
সাউন্ড কোয়ালিটি মোটামুটি",দাম অনুযায়ী ঠিক আছে সাউন্ড কোয়ালিটি মোটামুটি.,price_neutral#product_quality_neutral
3431,54530019249121,অনেক সময় চার্জ থাকে।খুবই ভালো সাউন্ড কোয়ালিটি,অনেক সময় চার্জ থাকে খুবই ভালো সাউন্ড কোয়ালিটি.,product_quality_positive
3432,43840152377231,পাকেজিং এগুলু সব ঠিক আছে।  সাউন্ড কুয়ালিটি সুন্দর। কিন্তু ছবিতে যেমন ছোট আকাশী কালার দেওয়া আছে তেমন তা পাইনি। বাজারে জেই m10 পাওয়া জাই সেতাই এটা। কিন্তু দাম এ কেও ধকবেন না। thank u daraz❤️,পাকেজিং এগুলু সব ঠিক আছে সাউন্ড কুয়ালিটি সুন্দর কিন্তু ছবিতে যেমন ছোট আকাশী কালার দেওয়া আছে তেমন তা পাইনি বাজারে জেই m10 পাওয়া জাই সেতাই এটা কিন্তু দাম এ কেও ধকবেন না thank u daraz.,packaging_positive#price_positive#product_quality_neutral
3433,49323276077231,this  product is very good and the battery backup is also very good. I have 70% + charge after 1 hour of driving. So everyone can take it.,this product is very good and the battery backup is also very good. I have 70 charge after 1 hour of driving. So everyone can take it.,product_quality_positive
3434,44350793677231,ভাই বাটপার ওরা।।।আমি রিটান করসি আমাকে অন্য খারাপ প্রদাক দিসে,ভাই বাটপার ওরা আমি রিটান করসি আমাকে অন্য খারাপ প্রদাক দিসে.,product_quality_negative
3435,48884744077231,Value for money but build quality lacks in most of the areas. The sound quality is quite good I must say.,Value for money but build quality lacks in most of the areas. The sound quality is quite good I must say.,product_quality_neutral
3436,47627942777231,"Charge and sound quality thik thak ase,
tobe box er magnet er obostha khubi baje.
pray nije nijei box khule jay.","Charge and sound quality thik thak ase, tobe box er magnet er obostha khubi baje. pray nije nijei box khule jay.",product_quality_negative
3437,54666240290425,পাওয়ার ব্যাংক তো চার্জ একদিন চলে না,পাওয়ার ব্যাংক তো চার্জ একদিন চলে না.,product_quality_negative
3438,52009057190425,"product quality 10/10

seller10/100",product quality 10 10 seller10 100.,seller_service_positive#product_quality_positive
3439,52421094290425,ভালোই মনে হচ্ছে বাজেট অনুযায়ী।,ভালোই মনে হচ্ছে বাজেট অনুযায়ী.,price_positive#product_quality_positive
3440,50908203190425,Onek valo apnara nite paren,Onek valo apnara nite paren.,product_quality_positive
3441,51666701490425,এই পণ্যটা ঝামেলা আছে ভাই,এই পণ্যটা ঝামেলা আছে ভাই.,product_quality_negative
3442,52059128690425,একেবারে খারাপ বলবো না। আবার ভালো সেটাও না। দামটা একটু বেশি সাড়ে ৪০০ থেকে ৫৫০ ভিতরে হলে ভালো হতো। প্রিমিয়াম একটা ভাব থাকলেও সাউন্ড কোয়ালিটি অতটাও ভালো না । বাট ওপেন করলে পপ আপ উইন্ডো কাজ করে না শুধুমাত্র ব্লুটুথ কানেক্টর পর কানেকশনের ওইখানে কতটুকু চার্জ আছে সেটা দেখায়। তাছাড়া কপি প্রোডাক্ট হলেও আরো যেসব এডভান্স ফিচার থাকার কথা সেগুলো নাই । যারা আরেকটু বাজেট এরেঞ্জ করতে পারবেন তারা দুবাই কপির অন্য ভার্সন টা নিতে পারেন। একটু খোঁজাখুঁজি করলে পেয়ে যাবেন । তবে সেলার অনেক আন্তরিক🥰,একেবারে খারাপ বলবো না আবার ভালো সেটাও না দামটা একটু বেশি সাড়ে ৪০০ থেকে ৫৫০ ভিতরে হলে ভালো হতো প্রিমিয়াম একটা ভাব থাকলেও সাউন্ড কোয়ালিটি অতটাও ভালো না বাট ওপেন করলে পপ আপ উইন্ডো কাজ করে না শুধুমাত্র ব্লুটুথ কানেক্টর পর কানেকশনের ওইখানে কতটুকু চার্জ আছে সেটা দেখায় তাছাড়া কপি প্রোডাক্ট হলেও আরো যেসব এডভান্স ফিচার থাকার কথা সেগুলো নাই যারা আরেকটু বাজেট এরেঞ্জ করতে পারবেন তারা দুবাই কপির অন্য ভার্সন টা নিতে পারেন একটু খোঁজাখুঁজি করলে পেয়ে যাবেন তবে সেলার অনেক আন্তরিক.,price_negative#product_quality_negative#product_quality_neutral
3443,53578376890425,"১ মাস ব্যাবহারের পর রিভিউ দিচ্ছ...

♦ নেগেটিভ সাইড :

♠ চার্জ কম থাকে।
৩ - ৩.৫ ঘন্টার মতো।এক কানের চার্জ ২৫-৩০ মিনিট আগেই শেষ হয়ে যায় অন্যাটার আগে।এটা আনএক্সপেক্টেড।আরো বেশি থাকা উচিত ছিলো। ভালো চার্জার ইউজ করেও পাচ্ছিনা চার্জ।(পাওয়ার ব্যাংকে চার্জ দেই না)।

♠ যেহেতু অর্জিনাল না,আইফোনে বুঝা যায়না কতো পার্সেন্ট চার্জ আছে বাকি।(CHECK pictures time)


♦ পজিটিভ :

♠ সেলারের থেকে হেল্প পাওয়া যায়।ব্যাবহার ভালো।

ThankU","১ মাস ব্যাবহারের পর রিভিউ দিচ্ছ.. নেগেটিভ সাইড চার্জ কম থাকে ৩ - ৩.৫ ঘন্টার মতো এক কানের চার্জ ২৫-৩০ মিনিট আগেই শেষ হয়ে যায় অন্যাটার আগে এটা আনএক্সপেক্টেড আরো বেশি থাকা উচিত ছিলো ভালো চার্জার ইউজ করেও পাচ্ছিনা চার্জ পাওয়ার ব্যাংকে চার্জ দেই না যেহেতু অর্জিনাল না,আইফোনে বুঝা যায়না কতো পার্সেন্ট চার্জ আছে বাকি CHECK pictures time পজিটিভ সেলারের থেকে হেল্প পাওয়া যায় ব্যাবহার ভালো ThankU.",seller_service_positive#product_quality_negative
3444,54696777490425,ভালো তবে বাম কানের টায় ডান কানের টার তুলনায় একটু কম শব্দ হয় 😭,ভালো তবে বাম কানের টায় ডান কানের টার তুলনায় একটু কম শব্দ হয়.,product_quality_neutral
3445,51931529990425,"প্রোডাক্ট টা সময় মতো পাটানোর জন্য ধন্যবাদ।
কোয়ালিটি টা আলহামদুলিল্লাহ ভালো আছে।
আর ডেলিভারি ম্যান টা যথেষ্ট ভালো ছিলো।সব মিলিয়ে আমি রেটিং দিবো ১০/১০",প্রোডাক্ট টা সময় মতো পাটানোর জন্য ধন্যবাদ কোয়ালিটি টা আলহামদুলিল্লাহ ভালো আছে আর ডেলিভারি ম্যান টা যথেষ্ট ভালো ছিলো সব মিলিয়ে আমি রেটিং দিবো ১০ ১০.,delivery_positive#product_quality_negative#product_quality_positive
3446,52592548590425,পণ্য টি অনেক ভালো কথায় কাজে ১০০% মিল আছে আপনারা চাইলে নিতে পারেন কোন সমস্যা নায়। চার্জের ব্যাকআপ দারুণ।,পণ্য টি অনেক ভালো কথায় কাজে ১০০ মিল আছে আপনারা চাইলে নিতে পারেন কোন সমস্যা নায় চার্জের ব্যাকআপ দারুণ.,product_quality_positive
3447,52376614190425,"আলহামদুলিল্লাহ  অনেক ভালোমানের  প্রোডাক্ট পাইছি আপনারা  নিতে পারেন, 🥰 ডেলিভারি ম্যান এর ব্যবহার অনেক ভালো ছিলো","আলহামদুলিল্লাহ অনেক ভালোমানের প্রোডাক্ট পাইছি আপনারা নিতে পারেন, ডেলিভারি ম্যান এর ব্যবহার অনেক ভালো ছিলো.",seller_service_positive#delivery_positive#product_quality_positive
3448,52405304590425,"প্রোডাক্টটি অনেক ভালো ছিল, ঠিক যেমনটি চেয়েছিলাম তেমনটাই পেয়েছি, সাউন্ড কোয়ালিটি সুপার,আমি আরেকটা অর্ডার দিব, ধন্যবাদ সেলার ভাইকে।","প্রোডাক্টটি অনেক ভালো ছিল, ঠিক যেমনটি চেয়েছিলাম তেমনটাই পেয়েছি, সাউন্ড কোয়ালিটি সুপার,আমি আরেকটা অর্ডার দিব, ধন্যবাদ সেলার ভাইকে.",product_quality_positive
3449,52347486290425,"এই বাজেটে মোটামুটি অনেক ভালো চাইলে নিতে পারেন সাউন্ড কোয়ালিটি ঠিকঠাক আছে,,চার্জ ব্যাকআপ অনেক ভালো পাইছি।","এই বাজেটে মোটামুটি অনেক ভালো চাইলে নিতে পারেন সাউন্ড কোয়ালিটি ঠিকঠাক আছে,,চার্জ ব্যাকআপ অনেক ভালো পাইছি.",product_quality_positive
3450,54535631790425,"একটা আজাইরা অনলাইন শপ।না আছে প্রফেশনালিজম,না আছে পলিসি, না আছে রেসপন্সিবিলিটি। এয়ারবাডস অর্ডার করার পর কাজ করছিলোনা বলে রিফান্ড করেছিলাম।শুধুমাত্রএকটা কল আসে।ক্লাসে থাকার কারণে পিক করতে পারিনি এরপর ৭ দিন পার হয়ে যায় না সেলার ইনফরমেশন ঠিক করে দেয়,না কোনো কল আসে প্রোডাক্ট রিটার্নের জন্য। এরপর ভোক্তা অধিকারে মামলা করার পর এসে রিটার্ন নিয়ে যায়।এখন আবার নাকি রিফান্ড ক্যানসেল হইছে।এত্তো আজাইরা হয়রানি কোথাও হইনাই।ভালো মানুষের মতো মামলা উইথড্র করছিলাম।এবার আর করবোনা সিওর।নট রেকমেন্ডেড এ্যাট অল।","একটা আজাইরা অনলাইন শপ না আছে প্রফেশনালিজম,না আছে পলিসি, না আছে রেসপন্সিবিলিটি এয়ারবাডস অর্ডার করার পর কাজ করছিলোনা বলে রিফান্ড করেছিলাম শুধুমাত্রএকটা কল আসে ক্লাসে থাকার কারণে পিক করতে পারিনি এরপর ৭ দিন পার হয়ে যায় না সেলার ইনফরমেশন ঠিক করে দেয়,না কোনো কল আসে প্রোডাক্ট রিটার্নের জন্য এরপর ভোক্তা অধিকারে মামলা করার পর এসে রিটার্ন নিয়ে যায় এখন আবার নাকি রিফান্ড ক্যানসেল হইছে এত্তো আজাইরা হয়রানি কোথাও হইনাই ভালো মানুষের মতো মামলা উইথড্র করছিলাম এবার আর করবোনা সিওর নট রেকমেন্ডেড এ্যাট অল.",seller_service_negative#product_quality_negative
3451,53067584790425,"eto tah o valo sound nah,
 amader eikhane dukane jeita pawa jai oitah ei.
ami mone korsi daraz er tah aro valo bez hobe😅
shudhu sudhu sudhu 5 din west tar sathe extra 300 taka😅
dekhi charge bkup kemon dei🖤","eto tah o valo sound nah, amader eikhane dukane jeita pawa jai oitah ei. ami mone korsi daraz er tah aro valo bez hobe shudhu sudhu sudhu 5 din west tar sathe extra 300 taka dekhi charge bkup kemon dei.",product_quality_negative
3452,54049792390425,"মোটামুটি।গ্রেটার ছিল 2500/টাকার, সেটা ছিল অনন্য।এটা কিছুটা দুর্বল। যারা প্রথম নিবেন এবং হাই সাউন্ড পছন্দ করে তাদের জন্য ভাল।","মোটামুটি গ্রেটার ছিল 2500 টাকার, সেটা ছিল অনন্য এটা কিছুটা দুর্বল যারা প্রথম নিবেন এবং হাই সাউন্ড পছন্দ করে তাদের জন্য ভাল.",product_quality_neutral
3453,52404647390425,"প্রোডাক্টটা খুবই ভালো, ঠিক যেমনটা চেয়েছি তেমনটাই পেয়েছি,সাউন্ড কোয়ালিটি সুপার, গান শুনলে মনে হয় হোম থিয়েটারে শুনছি,  ধন্যবাদ সেলার ভাইকে।","প্রোডাক্টটা খুবই ভালো, ঠিক যেমনটা চেয়েছি তেমনটাই পেয়েছি,সাউন্ড কোয়ালিটি সুপার, গান শুনলে মনে হয় হোম থিয়েটারে শুনছি, ধন্যবাদ সেলার ভাইকে.",product_quality_positive
3454,51761739690425,"অসাধারণ প্রোডাক্ট, নেওয়ার চার ঘন্টা পরে রিভিউ দিচ্ছি এটার কোয়ালিটি অনেক ভালো সাউন্ড কোয়ালিটি অনেক ভালো এবং মোটামুটি কথা বলা যায়। চাইলে নিতে পারেন। ধন্যবাদ সেলার কে।","অসাধারণ প্রোডাক্ট, নেওয়ার চার ঘন্টা পরে রিভিউ দিচ্ছি এটার কোয়ালিটি অনেক ভালো সাউন্ড কোয়ালিটি অনেক ভালো এবং মোটামুটি কথা বলা যায় চাইলে নিতে পারেন ধন্যবাদ সেলার কে.",product_quality_positive
3455,53948231290425,"প্রোডাক্টের গায়ে দাগে ভরা,ইনটেক্ট ছিল , seller এর সাথে যোগাযোগ করেও তেমন সন্তুষ্টিমূলক সমাধান পাইনি। তাছাড়া অটো অফ হয়ে কানেকশন মোবাইল থেকে।","প্রোডাক্টের গায়ে দাগে ভরা,ইনটেক্ট ছিল , seller এর সাথে যোগাযোগ করেও তেমন সন্তুষ্টিমূলক সমাধান পাইনি তাছাড়া অটো অফ হয়ে কানেকশন মোবাইল থেকে.",seller_service_negative#product_quality_negative
3456,51982741690425,"ai product onk tai Valo. Amon price a daraz really onk Valo akta product diyache. apnara ata order korta paren. atar sound quality onk tai Valo, Ami 5 din dhora use korchi Ami onk Valo experience peyachi ata use kora.","ai product onk tai Valo. Amon price a daraz really onk Valo akta product diyache. apnara ata order korta paren. atar sound quality onk tai Valo, Ami 5 din dhora use korchi Ami onk Valo experience peyachi ata use kora.",seller_service_positive#product_quality_positive
3457,51647048890425,"Product packaging and everything is extremely good 
Main thing seller bhai ta best seller 
Daraz er uchit emn seller der promote kora",Product packaging and everything is extremely good Main thing seller bhai ta best seller Daraz er uchit emn seller der promote kora.,seller_service_positive#packaging_positive
3458,54975502290425,সবাই ভাল বলছে তা টিক আছে সায়েন্ট বেশি দিলে একটা সমস্যা না হলে আমি ১০০ তে ১০০ দিতাম   ডেলিভারি ম্যান ব্যবহার ভাল ছিল,সবাই ভাল বলছে তা টিক আছে সায়েন্ট বেশি দিলে একটা সমস্যা না হলে আমি ১০০ তে ১০০ দিতাম ডেলিভারি ম্যান ব্যবহার ভাল ছিল.,delivery_positive
3459,55024088190425,"এয়ারপড্স টা দেখতে ভালোই এবং সাউন্ড কোয়ালিটি ও এই প্রাইজে ঠিকঠাক মেনে নেয়ার মতো, সব মিলিয়ে আমার ভালো লাগছে।
সেলার টা অনেক ভালো, এয়ারপড্স টা প্রথমে একটু সমস্যা ছিলো, সেলার কে জানানোর পরে উনি অনেক তারাতাড়ি এক্সচেঞ্জ করে দিছে।
সেলারের ব্যবহারে আমি সন্তুষ্ট। 
ধন্যবাদ ভাই।","এয়ারপড্স টা দেখতে ভালোই এবং সাউন্ড কোয়ালিটি ও এই প্রাইজে ঠিকঠাক মেনে নেয়ার মতো, সব মিলিয়ে আমার ভালো লাগছে সেলার টা অনেক ভালো, এয়ারপড্স টা প্রথমে একটু সমস্যা ছিলো, সেলার কে জানানোর পরে উনি অনেক তারাতাড়ি এক্সচেঞ্জ করে দিছে সেলারের ব্যবহারে আমি সন্তুষ্ট ধন্যবাদ ভাই.",seller_service_positive#product_quality_positive
3460,52532976890425,হ্যাঁ মোটামুটি ঠিক আছে আজকে হাতে পেলাম ব্যবহার করে দেখিয়ে। তারপরে বুঝতে পারব। সাউন্ড কোয়ালিটি এটা ভালো ছিল,হ্যাঁ মোটামুটি ঠিক আছে আজকে হাতে পেলাম ব্যবহার করে দেখিয়ে তারপরে বুঝতে পারব সাউন্ড কোয়ালিটি এটা ভালো ছিল.,product_quality_positive
3461,52248061690425,দারাজ এ অর্ডার দিতে ভয় পাচ্ছিলাম পরে ভয় ভেংগে সবার রিভিউ দেখে অর্ডার দিয়েছি।প্রোডাক্টি আজকে হাতে পেলাম খুব ভালো সাউন্ড কোয়ালিটি ও চার্জের ব্যাকআপও খুব ভালো পাচ্ছি।।সবাই নির্ভয়ে অর্ডার দিতে পারেন।।সেলারের ব্যাবহার ও খুব ভাল❤️‍🔥,দারাজ এ অর্ডার দিতে ভয় পাচ্ছিলাম পরে ভয় ভেংগে সবার রিভিউ দেখে অর্ডার দিয়েছি প্রোডাক্টি আজকে হাতে পেলাম খুব ভালো সাউন্ড কোয়ালিটি ও চার্জের ব্যাকআপও খুব ভালো পাচ্ছি সবাই নির্ভয়ে অর্ডার দিতে পারেন সেলারের ব্যাবহার ও খুব ভাল.,seller_service_positive#product_quality_positive
3462,52221638990425,Product ta sobai nite paren asha kori aita nile jitben jemonta asha korsi tar Theke o valo peyechi. seller ke o donnobadh ato fast reply dewar jnno🥰.,Product ta sobai nite paren asha kori aita nile jitben jemonta asha korsi tar Theke o valo peyechi. seller ke o donnobadh ato fast reply dewar jnno .,seller_service_positive#product_quality_positive
3463,54987107490425,আলহামদুলিল্লাহ আমি যেটা মনে করছি তার চেয়েও বেশি ভালো একদিন সার্চ দিয়ে সাত দিন চলা যায় যারা এয়ারপোর্ট নিতে চান এই এয়ারপোর্ট  নিতে পারেন আলহামদুলিল্লাহ এয়ারপোর্ট টা  সেই,আলহামদুলিল্লাহ আমি যেটা মনে করছি তার চেয়েও বেশি ভালো একদিন সার্চ দিয়ে সাত দিন চলা যায় যারা এয়ারপোর্ট নিতে চান এই এয়ারপোর্ট নিতে পারেন আলহামদুলিল্লাহ এয়ারপোর্ট টা সেই.,product_quality_positive
3464,52368545190425,"প্রোডাক্ট কোয়ালিটি১০/১০
চার্জিং ব্যাকআপ ১০/৮
সেলার এর ব্যবহার ১০/১০
ডেলিভারি ম্যানের ব্যবহার ১০/১০
নির্দ্বিধায় প্রোডাক্টটি আপনারা কিনতে পারেন",প্রোডাক্ট কোয়ালিটি১০ ১০ চার্জিং ব্যাকআপ ১০ ৮ সেলার এর ব্যবহার ১০ ১০ ডেলিভারি ম্যানের ব্যবহার ১০ ১০ নির্দ্বিধায় প্রোডাক্টটি আপনারা কিনতে পারেন.,seller_service_positive#delivery_positive#product_quality_positive
3465,52422242290425,"দুইদিন ইউজ করার পর রিভিউ দিচ্ছি.. 
প্রথমেই আসি প্যাকিং, অনেক সুন্দরভাবে প্যাক করা ছিলো.. একটা প্রিমিয়াম ভাব দেখেই ফীল করা যাচ্ছিল.. 
সাউন্ড কোয়ালিটিও অনেক ভালো.. প্রোপার সাউন্ড আছে.. 
ঠিকঠাক base ছিলো এবং noise control টাও ঠিকঠাক ভাবে কাজ করছিলো.. 
চার্জের বিষয়টাও ঠিকঠাক.. 

দুইদিন ইউজের পর ঠিকঠাক লাগছে এখন পর্যন্ত.. তবে ২ দিন ইউজ করে অ্যাকিউরেট রিভিউ দেয়া একটু কঠিন.. আরও কিছু দিন ইউজ করে রিভিউ এডিট করার অপশন পেলে অবশ্যই অ্যাড করে দিবো..","দুইদিন ইউজ করার পর রিভিউ দিচ্ছি.. প্রথমেই আসি প্যাকিং, অনেক সুন্দরভাবে প্যাক করা ছিলো.. একটা প্রিমিয়াম ভাব দেখেই ফীল করা যাচ্ছিল.. সাউন্ড কোয়ালিটিও অনেক ভালো.. প্রোপার সাউন্ড আছে.. ঠিকঠাক base ছিলো এবং noise control টাও ঠিকঠাক ভাবে কাজ করছিলো.. চার্জের বিষয়টাও ঠিকঠাক.. দুইদিন ইউজের পর ঠিকঠাক লাগছে এখন পর্যন্ত.. তবে ২ দিন ইউজ করে অ্যাকিউরেট রিভিউ দেয়া একটু কঠিন.. আরও কিছু দিন ইউজ করে রিভিউ এডিট করার অপশন পেলে অবশ্যই অ্যাড করে দিবো..",packaging_positive#product_quality_positive
3466,50946019090425,২ দিন ব্যবহার করে তারপর রিভিউ দিলাম। খুব ভালো পন্যটি। ৭-৮ ঘন্টা চার্জ থাকে। সাউন্ড কোয়ালিটি খুব ভালো।,২ দিন ব্যবহার করে তারপর রিভিউ দিলাম খুব ভালো পন্যটি ৭-৮ ঘন্টা চার্জ থাকে সাউন্ড কোয়ালিটি খুব ভালো.,product_quality_positive
3467,54029081390425,"amar sathei keno bhai?
product was fresh, but
left side a sound beshi, right side a kom.
sound quality feels like 200 talar eirbuds, 
daraz theke er ageo eirbuds nichi, oitar sound quality eita theke faaar better.","amar sathei keno bhai? product was fresh, but left side a sound beshi, right side a kom. sound quality feels like 200 talar eirbuds, daraz theke er ageo eirbuds nichi, oitar sound quality eita theke faar better.",product_quality_negative
3468,52088515190425,অনেক ভালো এই জিনিসটা আপনারা নিতে পারেন চার্জ ও অনেক ভালো আর sound ও অনেক আমি ৭ দিন ব্যাবহার করার পর riveo দিলাম,অনেক ভালো এই জিনিসটা আপনারা নিতে পারেন চার্জ ও অনেক ভালো আর sound ও অনেক আমি ৭ দিন ব্যাবহার করার পর riveo দিলাম.,product_quality_positive
3469,52019689090425,Onek Sundor Seller er bebohar Osomvob Sundor Sobai nite paren premium Airpod boxing Sob Joss 100 te 100,Onek Sundor Seller er bebohar Osomvob Sundor Sobai nite paren premium Airpod boxing Sob Joss 100 te 100.,seller_service_positive#packaging_positive#product_quality_positive
3470,51953721290425,"আলহামদুলিল্লাহ  সেলার ভাই অরিজিনাল পোডাক্ট দেবার জন্য। 
অনেক সুন্দর একটা পোডাক্ট। আপনারা সবাই নিতে পারেন।আশা করি কেও হতাশ হবেন না। সাউন্ড  ১০০ তে ১০০।",আলহামদুলিল্লাহ সেলার ভাই অরিজিনাল পোডাক্ট দেবার জন্য অনেক সুন্দর একটা পোডাক্ট আপনারা সবাই নিতে পারেন আশা করি কেও হতাশ হবেন না সাউন্ড ১০০ তে ১০০.,seller_service_positive#product_quality_positive
3471,54772794990425,"আলহামদুলিল্লাহ বিল কোয়ালিটি অনেক ভালো, তবে আমার কাছে মনে হয় বেইজ এবং সাউন্ড কম।স্পিকার ফেটে গেলে যেমন সাউন্ড শুনা যায় তেমন শুনতে লাগে","আলহামদুলিল্লাহ বিল কোয়ালিটি অনেক ভালো, তবে আমার কাছে মনে হয় বেইজ এবং সাউন্ড কম স্পিকার ফেটে গেলে যেমন সাউন্ড শুনা যায় তেমন শুনতে লাগে.",product_quality_neutral#product_quality_positive
3472,52186199090425,Ei price e one of the best earphone easy to use and long lasting battery and good quality and stereo sound I rate it 10/10 absolutely amazing product 🤩😃,Ei price e one of the best earphone easy to use and long lasting battery and good quality and stereo sound I rate it 10 10 absolutely amazing product.,price_positive#product_quality_positive
3473,52463559890425,খুবই স্টান্ডার্ড একটা প্রোডাক্ট।প্যাকেট খুলে মনেই হচ্ছিলো না যে এই দাম এ নিয়েছি এটা।বেজ খুবই ভালো দিচ্ছে।২ দিকের সাউন্ড কম্বিনেশন ও ঠিক আছে একদম।অল অভার সব দিক দিয়ে এই দামের মধ্যে উন্নত মানের প্রোডাক্টই বলা চলে।নিতে পারেন সবাই।,খুবই স্টান্ডার্ড একটা প্রোডাক্ট প্যাকেট খুলে মনেই হচ্ছিলো না যে এই দাম এ নিয়েছি এটা বেজ খুবই ভালো দিচ্ছে ২ দিকের সাউন্ড কম্বিনেশন ও ঠিক আছে একদম অল অভার সব দিক দিয়ে এই দামের মধ্যে উন্নত মানের প্রোডাক্টই বলা চলে নিতে পারেন সবাই.,price_positive#product_quality_positive
3474,52438223590425,দাম হিসাবে সাউন্ড কুয়ালিটি ভালোই।কিন্তু ডান কানের টায় একটু কম শোনা যাচ্ছে। চার্জের ব্যাকাপ কেমন দিবে এটায় দেখার বিষয়,দাম হিসাবে সাউন্ড কুয়ালিটি ভালোই কিন্তু ডান কানের টায় একটু কম শোনা যাচ্ছে চার্জের ব্যাকাপ কেমন দিবে এটায় দেখার বিষয়.,price_positive#product_quality_neutral
3475,51450397990425,dam onujayi khubi Valo akta product...apnara Biswas kore sobai nite paren.. charge back up o motamoti valo,dam onujayi khubi Valo akta product..apnara Biswas kore sobai nite paren.. charge back up o motamoti valo.,price_positive#product_quality_positive
3476,53524559390425,"স্টেরিও সাউন্ড কাজ করে না ঠিক মতো, ডান পাশের সাউন্ড বাম পাশে, আর বাম পাশের সাউন্ড ডান পাশ দিয়ে আসে 😑","স্টেরিও সাউন্ড কাজ করে না ঠিক মতো, ডান পাশের সাউন্ড বাম পাশে, আর বাম পাশের সাউন্ড ডান পাশ দিয়ে আসে.",product_quality_negative
3477,53072190190425,দুইদিন পর রিভিউ দিচ্ছি শেলার অসাধারণ ভালো এবং তার প্রোডাক্টটা অনেক ভালো অনলাইনে এমন ছেলার পাওয়া আসলেই মুশকিল আমি প্রোডাক্টটি পেয়ে অনেক সন্তুষ্ট।,দুইদিন পর রিভিউ দিচ্ছি শেলার অসাধারণ ভালো এবং তার প্রোডাক্টটা অনেক ভালো অনলাইনে এমন ছেলার পাওয়া আসলেই মুশকিল আমি প্রোডাক্টটি পেয়ে অনেক সন্তুষ্ট.,seller_service_positive#product_quality_positive
3478,52430748990425,"সত্যি বলতে ইয়ার বাট টা অসাধারন, চার্জ ফুল সাউন্ডে 6ঘন্টা ,ও মিডিয়াম সাউন্ডে চালালে 8/9 চলে ,সেলার কে ধন্যবাদ এই প্রাইজে এই পন্য টি দেওয়ার জন্য","সত্যি বলতে ইয়ার বাট টা অসাধারন, চার্জ ফুল সাউন্ডে 6ঘন্টা ,ও মিডিয়াম সাউন্ডে চালালে 8 9 চলে ,সেলার কে ধন্যবাদ এই প্রাইজে এই পন্য টি দেওয়ার জন্য.",price_positive#product_quality_positive
3479,51875792490425,"আমি ২ দিন ব্যবহার করার পর রিভিউ দিচ্ছি।সাউন্ড কোয়ালিটি দারুণ। চার্জিং ব্যাকআপটা ও ভালো। এক কথায়,  প্রডাক্টটা অসাধারণ। সেলার ভাই এর ব্যবহারটা খুব ভালো লেগেছে। অসংখ্য ধন্যবাদ এত সুন্দর প্রোডাক্ট ডেলিভারি দেয়ার  জন্য।","আমি ২ দিন ব্যবহার করার পর রিভিউ দিচ্ছি সাউন্ড কোয়ালিটি দারুণ চার্জিং ব্যাকআপটা ও ভালো এক কথায়, প্রডাক্টটা অসাধারণ সেলার ভাই এর ব্যবহারটা খুব ভালো লেগেছে অসংখ্য ধন্যবাদ এত সুন্দর প্রোডাক্ট ডেলিভারি দেয়ার জন্য.",product_quality_positive
3480,54156529590425,"মায়ের কসম ভাই, আমার ডিভাইস ভালো না তাই পিক দিতে পারতেসি না, কিন্তু বিশ্বাস করো, এই মূল্যে এর থেকে ভালো কোনো পণ্য এবং কোনো ভালো সার্ভিস পাবা না, এইটা নেওয়া highly recommended.
1. Fast delivery (10/10)
2. Seller response (10/10)
3. sound Quality (10/10)
4. Bass(1000000/10000000) more than expected
5. Package Care(10/10)
6. decoration(10/10)
By mixing this is the best thing I ever got in my whole online shopping life or experience. You must try once you won't regret","মায়ের কসম ভাই, আমার ডিভাইস ভালো না তাই পিক দিতে পারতেসি না, কিন্তু বিশ্বাস করো, এই মূল্যে এর থেকে ভালো কোনো পণ্য এবং কোনো ভালো সার্ভিস পাবা না, এইটা নেওয়া highly recommended. 1. Fast delivery 10 10 2. Seller response 10 10 3. sound Quality 10 10 4. Bass 100 100 more than expected 5. Package Care 10 10 6. decoration 10 10 By mixing this is the best thing I ever got in my whole online shopping life or experience. You must try once you won't regret.",seller_service_positive#delivery_positive#packaging_positive#price_positive#product_quality_positive
3481,53467541090425,একদম বাজে সাউন্ড।দারাজ থেকে এটা কখনো আশা করি নাই এমন প্রোডাক্ট দিবে । প্রথমে রিটার্ন করছিলাম পরে আবার অর্ডার করছিলাম দুই দিনেই এক ই প্রোডাক্ট দিয়েছে 😅🥺,একদম বাজে সাউন্ড দারাজ থেকে এটা কখনো আশা করি নাই এমন প্রোডাক্ট দিবে প্রথমে রিটার্ন করছিলাম পরে আবার অর্ডার করছিলাম দুই দিনেই এক ই প্রোডাক্ট দিয়েছে.,product_quality_negative
3482,54403199990425,"মাঝে মাঝে ছেড়ে দেয়। ব্যাটারী ব্যাকাপ ভালো।তবে সাউন্ড অনেক কম।কেস ফুল চার্জ হলেও শো করেনা মাঝে মাঝে। কেসের চার্জার পিনটার বিল্ড কোয়ালিটি ভালো না। 
রেটিং -৫/১০.",মাঝে মাঝে ছেড়ে দেয় ব্যাটারী ব্যাকাপ ভালো তবে সাউন্ড অনেক কম কেস ফুল চার্জ হলেও শো করেনা মাঝে মাঝে কেসের চার্জার পিনটার বিল্ড কোয়ালিটি ভালো না রেটিং -৫ ১০.,product_quality_negative
3483,54698410190425,"alhamdullillah onek sundor . sobkisu onek perfect.
r apnara jara boltesen je charger er 2 pashe c type eita apple r charger r sathe connect korar jnno ...
nischinte nite paren sobai",alhamdullillah onek sundor . sobkisu onek perfect. r apnara jara boltesen je charger er 2 pashe c type eita apple r charger r sathe connect korar jnno .. nischinte nite paren sobai.,product_quality_positive
3484,53173406390425,কোয়ালিটি এবং প্রোডাক্ট এক কথায় অসাধারণ। দারাজ থেকে এই frist time ভালো এবং মনের মতো প্রোডাক্ট পেলাম,কোয়ালিটি এবং প্রোডাক্ট এক কথায় অসাধারণ দারাজ থেকে এই frist time ভালো এবং মনের মতো প্রোডাক্ট পেলাম.,product_quality_positive
3485,53732595390425,"♥️♥️।   সাউন্ড খুব কম,🤐 ধামের তুলনায় প্রোডাক্ট ভালো হয়নি  যারা কিনবেন দয়া করে জেনে বুঝে কিনবেন অযথা টাকা নষ্ট করবেন না","সাউন্ড খুব কম, ধামের তুলনায় প্রোডাক্ট ভালো হয়নি যারা কিনবেন দয়া করে জেনে বুঝে কিনবেন অযথা টাকা নষ্ট করবেন না.",price_neutral#product_quality_negative
3486,54740400990425,"৩ দিন ব্যবহার করার পর বলতেছি আমার কাছে সব দিক দিয়েই ভালো লাগছে এই দামে এর থেকে বেশী আশা করা যায় না,চার্জ দিক থেকে যথেষ্ট ভালো,দেখতে ও অনেক সুন্দর","৩ দিন ব্যবহার করার পর বলতেছি আমার কাছে সব দিক দিয়েই ভালো লাগছে এই দামে এর থেকে বেশী আশা করা যায় না,চার্জ দিক থেকে যথেষ্ট ভালো,দেখতে ও অনেক সুন্দর.",price_positive#product_quality_positive
3487,54587426490425,অনেক ভালো প্রডাক্ট আপনারা চাইলে নিতে পারেন সাউন্ড কোয়ালিটি অনেক ভালো। চার্জ অনেক বেশি সময় থাকে। এক কথা অসাধারণ একটি প্রডাক্ট।,অনেক ভালো প্রডাক্ট আপনারা চাইলে নিতে পারেন সাউন্ড কোয়ালিটি অনেক ভালো চার্জ অনেক বেশি সময় থাকে এক কথা অসাধারণ একটি প্রডাক্ট.,product_quality_positive
3488,52164365390425,"প্রোডাক্ট একটা কুল ভাইভ দেয়।
সেলার রেসপন্স ভালো। একটা প্রবলেম ফেস করায় ভালোভাবে বুঝিয়ে সমাধান দিল, আর তাও প্রব্লেম ফেস করলে চেক করে চেঞ্জও করে দিবে বলল।
Keep going on,  best wishes","প্রোডাক্ট একটা কুল ভাইভ দেয় সেলার রেসপন্স ভালো একটা প্রবলেম ফেস করায় ভালোভাবে বুঝিয়ে সমাধান দিল, আর তাও প্রব্লেম ফেস করলে চেক করে চেঞ্জও করে দিবে বলল Keep going on, best wishes.",seller_service_positive#product_quality_positive
3489,54698020690425,"দাম অনুযায়ী মোটামুটি ভাল আছে সবাই নিতে পারেন। 
এই দামে এর বেশি আশা করা যায় না। 
আর হ্যা এটা অর্জিনাল ভেবে কেউ নিবেন না এটা মাস্টার কপি।
এই পণ্যাটির অর্জিনাল দাম ৩০,০০০+(-)।","দাম অনুযায়ী মোটামুটি ভাল আছে সবাই নিতে পারেন এই দামে এর বেশি আশা করা যায় না আর হ্যা এটা অর্জিনাল ভেবে কেউ নিবেন না এটা মাস্টার কপি এই পণ্যাটির অর্জিনাল দাম ৩০,০০ -.",price_positive
3490,54690429290425,Alhamdulillah product bhalo chilo.Sound loud and clear. Also seller er behaviour onek bhalo chilo.,Alhamdulillah product bhalo chilo.Sound loud and clear. Also seller er behaviour onek bhalo chilo.,seller_service_positive#product_quality_positive
3491,50770477190425,"প্রোডাক্টটা যেমন চাইছিস সেরকম পাইছি। সাউন্ড কোয়ালিটি ভালো, এই দামে জিনিসটা  অসাধারণ বলা যায়।","প্রোডাক্টটা যেমন চাইছিস সেরকম পাইছি সাউন্ড কোয়ালিটি ভালো, এই দামে জিনিসটা অসাধারণ বলা যায়.",price_positive#product_quality_positive
3492,53979812890425,"আমি একটা কিনছি আজকেই, আমারটা দেখে আর এক বন্ধু তার জন্য একটা অর্ডার দিতে বলছে! 
ভালো প্রডাক্ট","আমি একটা কিনছি আজকেই, আমারটা দেখে আর এক বন্ধু তার জন্য একটা অর্ডার দিতে বলছে! ভালো প্রডাক্ট.",product_quality_positive
3493,53337985990425,Product vlo chilo Ei price a bass o vlo bt ektu cheap lage ar anc kaj kore overall 7/10 dibo,Product vlo chilo Ei price a bass o vlo bt ektu cheap lage ar anc kaj kore overall 7 10 dibo.,price_positive#product_quality_positive
3494,54405935090425,Ami vabi ni quality eto Valo hobe but I most say sound quality was clean and very good <3,Ami vabi ni quality eto Valo hobe but I most say sound quality was clean and very good 3.,product_quality_positive
3495,54700170090425,ফালতু একটা জিনিস সাউন্ড সিস্টেম ভালো না। সবাইকে না নেওয়ার পরামর্শ দিচ্ছি। টাকা জলে দিচ্ছি।,ফালতু একটা জিনিস সাউন্ড সিস্টেম ভালো না সবাইকে না নেওয়ার পরামর্শ দিচ্ছি টাকা জলে দিচ্ছি.,product_quality_negative
3496,54090095290425,দুই দিন ব্যবহার করে খুব ভাল মনে হয়েছে।ডেলিভারি ম্যান ও ভাল ছিল।টাকার হিসেবে খুব ভালই বলবো।,দুই দিন ব্যবহার করে খুব ভাল মনে হয়েছে ডেলিভারি ম্যান ও ভাল ছিল টাকার হিসেবে খুব ভালই বলবো.,delivery_positive#product_quality_positive
3497,51850222090425,earphones er sound quality Khub bhalo. and price o tulona mullok kom . apnera nite paren,earphones er sound quality Khub bhalo. and price o tulona mullok kom . apnera nite paren.,price_positive#product_quality_positive
3498,52416415390425,"Alhamdulillah, Airpod ta onek valo, amar onk valo lagce, jodi kew nite chan nite paren","Alhamdulillah, Airpod ta onek valo, amar onk valo lagce, jodi kew nite chan nite paren.",product_quality_positive
3499,53617167090425,"অল্প দিনেই product টি হাতে পেলাম।
দেখতে অনেক সুন্দর, আশা করছি ভালো সার্ভিস দিবে,","অল্প দিনেই product টি হাতে পেলাম দেখতে অনেক সুন্দর, আশা করছি ভালো সার্ভিস দিবে,.",product_quality_positive
3500,54023779290425,sera chilo. hate nilei ekta premium vab ase. delivery 48 ghontar moddhei peyechi.,sera chilo. hate nilei ekta premium vab ase. delivery 48 ghontar moddhei peyechi.,product_quality_positive
3501,53570518890425,"onek valo Alhamdulillah. sound quality is soo good. 
ami 2 bar purchase korlam..",onek valo Alhamdulillah. sound quality is soo good. ami 2 bar purchase korlam..,product_quality_positive
3502,54647079790425,প্রোডাক্ট কোয়ালিটি ভালো। কিন্তু এক্টিভ নোয়েস ক্যান্সিলেশন থাকলে আরো ভালো হত,প্রোডাক্ট কোয়ালিটি ভালো কিন্তু এক্টিভ নোয়েস ক্যান্সিলেশন থাকলে আরো ভালো হত.,product_quality_positive
3503,51979728390425,Alhamdulillah khub khub valo product. jake diyesi sha khub khushi. Jajakallah,Alhamdulillah khub khub valo product. jake diyesi sha khub khushi. Jajakallah.,product_quality_positive
3504,54952552690425,এই এয়ারপডস ভালো কিন্তু আইফোন এ এয়ারপোড আর ব্যাটারী বার বার আলাদা দেখাই,এই এয়ারপডস ভালো কিন্তু আইফোন এ এয়ারপোড আর ব্যাটারী বার বার আলাদা দেখাই.,product_quality_positive
3505,52297810490425,"ডেলিভারি ম্যান খুবই বাজে ছিল 

অনেক কাহিনি করে প্রডাক্ট ডেলিভারি করেছে",ডেলিভারি ম্যান খুবই বাজে ছিল অনেক কাহিনি করে প্রডাক্ট ডেলিভারি করেছে.,delivery_negative
3506,52885774590425,১০০/১০০ পাওয়ার যোগ্য এয়ারপডটু এই মূল্যে চোখ বন্ধ৷ করে নিতে পারেন সবাই,১০০ ১০০ পাওয়ার যোগ্য এয়ারপডটু এই মূল্যে চোখ বন্ধ৷ করে নিতে পারেন সবাই.,price_positive#product_quality_positive
3507,54947075190425,প্রোডাক্ট ভালো ছিলো আমি ইউজ করছি খুবই ভালো সাউন্ড কোয়ালিটি ভালো ছিলো,প্রোডাক্ট ভালো ছিলো আমি ইউজ করছি খুবই ভালো সাউন্ড কোয়ালিটি ভালো ছিলো.,product_quality_positive
3508,52442695690425,দারাজে যত অর্ডার করছি জীবনে এটা সর্বোচ্চ অনেক সুন্দর একটা প্রোডাক্ট,দারাজে যত অর্ডার করছি জীবনে এটা সর্বোচ্চ অনেক সুন্দর একটা প্রোডাক্ট.,product_quality_positive
3509,54667604590425,আমাকে খুবি বাজে জিনিস দিয়েছে একটাত চাওন কম আরেকটাতঠিক আছে  😫😫😫,আমাকে খুবি বাজে জিনিস দিয়েছে একটাত চাওন কম আরেকটাতঠিক আছে.,product_quality_negative
3510,53375928890425,দাম হিসেবে ভালোই আছে। কোয়ালিটিসম্পন প্রোডাক্ট। টাকা বৃথা যায় নি।,দাম হিসেবে ভালোই আছে কোয়ালিটিসম্পন প্রোডাক্ট টাকা বৃথা যায় নি.,price_positive#product_quality_positive
3511,52347272290425,এটাও ভালই দেখে বোঝা যাচ্ছে পারফেক্ট আছে কিন্তু এখনো ব্যবহার করিনি,এটাও ভালই দেখে বোঝা যাচ্ছে পারফেক্ট আছে কিন্তু এখনো ব্যবহার করিনি.,product_quality_positive
3512,52293600390425,যত ভালো মনে করেছিলাম ততটা ভালো না...৩৫০ থেকে ৪০০ টাকা ঠিক আছে...,যত ভালো মনে করেছিলাম ততটা ভালো না..৩৫০ থেকে ৪০০ টাকা ঠিক আছে..,price_negative#product_quality_negative
3513,51293503990425,"Mid bujet r modde best hobe ai air pod ta.
sound quality valo.",Mid bujet r modde best hobe ai air pod ta. sound quality valo.,price_positive#product_quality_positive
3514,52028820390425,Product ta onk valo.. ar sound quality o onk valo... thank u,Product ta onk valo.. ar sound quality o onk valo.. thank u.,product_quality_positive
3515,53061105190425,"765tk y kharap na tobe arektu better asha korechilam.
6.5/10",765tk y kharap na tobe arektu better asha korechilam. 6.5 10.,price_neutral#product_quality_neutral
3516,52021139790425,"থ্যাংক ইউ দারাজ কে একটা ভালো মানের প্রোডাক্ট দেওয়ার জন্য,,,","থ্যাংক ইউ দারাজ কে একটা ভালো মানের প্রোডাক্ট দেওয়ার জন্য,,.",product_quality_positive
3517,52381951090425,ALhamdulillah Product ta onek balo hoyce ai niye 3 ta nilam.,ALhamdulillah Product ta onek balo hoyce ai niye 3 ta nilam.,product_quality_positive
3518,51895033590425,"Ami besi kicho bolte parbo 
ak Kotha product ti osadaron 🙂",Ami besi kicho bolte parbo ak Kotha product ti osadaron.,product_quality_positive
3519,53302480090425,"রিটার্ন দেওয়ার সুযোগ আছে? 
এটা খুবই বাজে একটা প্রোডাক্ট।",রিটার্ন দেওয়ার সুযোগ আছে? এটা খুবই বাজে একটা প্রোডাক্ট.,product_quality_negative
3520,54635059190425,product ta valo. battey bnack up o valo.  sobai nite paren,product ta valo. battey bnack up o valo. sobai nite paren.,product_quality_positive
3521,51884091290425,খুবই ভালো প্রোডাক্ট। সেলারের ব্যবহার অসাধারণ। রেকমেন্ডেড।,খুবই ভালো প্রোডাক্ট সেলারের ব্যবহার অসাধারণ রেকমেন্ডেড.,product_quality_positive
3522,53280492390425,"bhalo, but kane thekena ar connect korteo besh jhamela","bhalo, but kane thekena ar connect korteo besh jhamela.",product_quality_positive
3523,54740279290425,"valo products 
nite paren packaging onek valo chilo",valo products nite paren packaging onek valo chilo.,packaging_positive#product_quality_positive
3524,51729463790425,product ta asholei onk valo Sound quality o tao joss,product ta asholei onk valo Sound quality o tao joss.,product_quality_positive
3525,52804398190425,এমনেতে সব কিছু ঠিক আছে কিন্তো কথা একটু জুরে বলা লাগে,এমনেতে সব কিছু ঠিক আছে কিন্তো কথা একটু জুরে বলা লাগে.,product_quality_positive
3526,51682924790425,"Vai air pods er reting 10 / 10
but anc kaj kore na",Vai air pods er reting 10 10 but anc kaj kore na.,product_quality_positive
3527,52438057190425,alhamdulillah onk valo Product..  valo lgeche onk,alhamdulillah onk valo Product.. valo lgeche onk.,product_quality_positive
3528,52671140890425,চার্জ বেকাপ হাই কোয়ালিটি সাওন্ড ও চাহিদা অনুযায়ী,চার্জ বেকাপ হাই কোয়ালিটি সাওন্ড ও চাহিদা অনুযায়ী.,product_quality_positive
3529,52336399590425,চাইলে নিতে পারেন! দাম হিসেবে প্রোডাক্ট ভালোই। 🖤,চাইলে নিতে পারেন! দাম হিসেবে প্রোডাক্ট ভালোই.,price_positive#product_quality_positive
3530,54055383390425,100% real product paise অসংখ্য ধন্যবাদ দারজকে🙂,100 real product paise অসংখ্য ধন্যবাদ দারজকে.,product_quality_positive
3531,54742821690425,"একদম বাজে। 🤮
৭ দিন চালাইতে পারিনি 😤😤😤😤😤😤",একদম বাজে ৭ দিন চালাইতে পারিনি.,product_quality_negative
3532,54741091590425,Product onk Bhalo. Apnare chailei nite paren.👍,Product onk Bhalo. Apnare chailei nite paren.,product_quality_positive
3533,54961541090425,"valoi, Charge kom thake, siund mota moti valo","valoi, Charge kom thake, siund mota moti valo.",product_quality_neutral
3534,52679196190425,Product ta valoi...charge back up khubi valo,Product ta valoi..charge back up khubi valo.,product_quality_positive
3535,52482702290425,আলহামদুলিল্লাহ প্রোডাক্ট টি খুব ভাল পেয়েছি,আলহামদুলিল্লাহ প্রোডাক্ট টি খুব ভাল পেয়েছি.,product_quality_positive
3536,51887168790425,অনেক সুন্দর প্রোডাক্ট টা সবাই নিতে পারেন,অনেক সুন্দর প্রোডাক্ট টা সবাই নিতে পারেন.,product_quality_positive
3537,51936921790425,"বেস্ট প্রোডাক্ট, আমার কেনা বেস্ট টিডি এস।","বেস্ট প্রোডাক্ট, আমার কেনা বেস্ট টিডি এস.",product_quality_positive
3538,53179166590425,অনেক ভালো সবাই নিতে পারেন কথায় অসাধারণ,অনেক ভালো সবাই নিতে পারেন কথায় অসাধারণ.,product_quality_positive
3539,54872161290425,১ মিনিট ও চলে না অটো ডিস কানেক্ট হয়ে যায়,১ মিনিট ও চলে না অটো ডিস কানেক্ট হয়ে যায়.,product_quality_negative
3540,54535403290425,"টিক টাক আছে..  মোটামুটি
বাজেট মত টিক আছে",টিক টাক আছে.. মোটামুটি বাজেট মত টিক আছে.,price_neutral#product_quality_positive
3541,54537002490425,চার্জ ভালই থাকে। সাউন্ড কোয়ালিটিও ভালো।,চার্জ ভালই থাকে সাউন্ড কোয়ালিটিও ভালো.,product_quality_positive
3542,54694080390425,motamoti....  dam onujai temon valo na,motamoti.. dam onujai temon valo na.,price_negative#product_quality_neutral
3543,53127454390425,এটা খুব সুন্দর আপনারা এটা নিতে পারেন।,এটা খুব সুন্দর আপনারা এটা নিতে পারেন.,product_quality_positive
3544,54549915690425,nice.. just wow... onek sundor 💜🤍,nice.. just wow.. onek sundor.,product_quality_positive
3545,53602730790425,যেমনটা আশা করছিলাম তেমনি পেয়েছি,যেমনটা আশা করছিলাম তেমনি পেয়েছি.,product_quality_positive
3546,52404328890425,এক কথায় অসাধারন একটা প্রোডাক্ট,এক কথায় অসাধারন একটা প্রোডাক্ট.,product_quality_positive
3547,53785160390425,ভালো হয়েছে অনেক অনেক সুন্দর,ভালো হয়েছে অনেক অনেক সুন্দর.,product_quality_positive
3548,52268315890425,Amazing Product. 2 Ta niyesi,Amazing Product. 2 Ta niyesi.,product_quality_positive
3549,54010135690425,AirPods টা আমার ভালো লাগছে।,AirPods টা আমার ভালো লাগছে.,product_quality_positive
3550,54029933490425,onk valo sobai neta paren,onk valo sobai neta paren.,product_quality_positive
3551,52480880790425,ভালোই সব কিছু নিতে পারেন,ভালোই সব কিছু নিতে পারেন.,product_quality_positive
3552,52646236390425,seller vai valo legese packing ta sob kisu intek silo tnx,seller vai valo legese packing ta sob kisu intek silo tnx.,seller_service_positive#packaging_positive
3553,52342697090425,"product ti haat e peyechi kintu
bass ekdom normal, bass ache abr nai obostha,
vocals gula clear shuna jay, sound o motamoti.
Overall thik ase product ta 
but ami 650 dia eita recommend korbo na","product ti haat e peyechi kintu bass ekdom normal, bass ache abr nai obostha, vocals gula clear shuna jay, sound o motamoti. Overall thik ase product ta but ami 650 dia eita recommend korbo na.",price_negative#product_quality_positive
3554,54798421990425,"bai jara onno room porjonto jaben airpod kane diye tara please etar teke dure taken,  aktu dure gelei 1 airpod off hoye jay, tasara aktu por por bam airpod ta off hoye jay..","bai jara onno room porjonto jaben airpod kane diye tara please etar teke dure taken, aktu dure gelei 1 airpod off hoye jay, tasara aktu por por bam airpod ta off hoye jay..",product_quality_negative
3555,54899869390425,মোটামুটি। তবে হাই বেস এর গান ফেটে ফেটে যায়,মোটামুটি তবে হাই বেস এর গান ফেটে ফেটে যায়.,product_quality_neutral
3556,54001995790425,"charge backup valo na ek tana 2hours use kora jai 2tah ek shate , 1tah movie deklei pr er movie tei offf hoye jai 
Not recommended","charge backup valo na ek tana 2hours use kora jai 2tah ek shate , 1tah movie deklei pr er movie tei off hoye jai Not recommended.",product_quality_negative
3557,53511895090425,"Charge thakena 2ghontao , ekta earbuds e charge thakle arekta off hoia jay , not recommended , bad product","Charge thakena 2ghontao , ekta earbuds e charge thakle arekta off hoia jay , not recommended , bad product.",product_quality_negative
3558,54880494090425,"১ মাস ব্যবহার শেষে রিভিউ:
শুরুতে Airpod মোটামুটি ভালোই চলছিল। কিন্তু কিছু সমস্যার কারণে আমি সন্তুষ্ট না:

সাউন্ড কোয়ালিটি: বেস/ট্রেবল খুবই লাউড, শোনার অভিজ্ঞতা ভালো নয়।

কমফোর্ট: Copy ভার্সন, তাই আসল airpod এর মত কানে কমফোর্ট হয় না, কিছুক্ষণ পরেই কানে ব্যথা হয়।

কোয়ালিটি: মাত্র ১ মাসের মধ্যেই বাম পাশের ইয়ারপিস একেবারেই কাজ করা বন্ধ করেছে।


আমি সাবধানে ব্যবহার করেছি, তবুও টেকেনি। দাম ৩০০০/- থেকে ডিসকাউন্টে ৭০০/- এ কিনেছিলাম, কিন্তু টাকার অপচয় হয়েছে। তাই কপি ভার্সন না নেয়া ভালো।","১ মাস ব্যবহার শেষে রিভিউ শুরুতে Airpod মোটামুটি ভালোই চলছিল কিন্তু কিছু সমস্যার কারণে আমি সন্তুষ্ট না সাউন্ড কোয়ালিটি বেস ট্রেবল খুবই লাউড, শোনার অভিজ্ঞতা ভালো নয় কমফোর্ট Copy ভার্সন, তাই আসল airpod এর মত কানে কমফোর্ট হয় না, কিছুক্ষণ পরেই কানে ব্যথা হয় কোয়ালিটি মাত্র ১ মাসের মধ্যেই বাম পাশের ইয়ারপিস একেবারেই কাজ করা বন্ধ করেছে আমি সাবধানে ব্যবহার করেছি, তবুও টেকেনি দাম ৩০০ - থেকে ডিসকাউন্টে ৭০০ - এ কিনেছিলাম, কিন্তু টাকার অপচয় হয়েছে তাই কপি ভার্সন না নেয়া ভালো.",price_negative#price_neutral#product_quality_negative
3559,52433065490425,একদম ফালতু একটা এয়ারপড এই টাকা দিয়ে আরো অনেক ভালো এয়ারপড পাওয়া যাবে কেউ নিয়ে না ভাই নিলে একদম মারা টা খাবেন,একদম ফালতু একটা এয়ারপড এই টাকা দিয়ে আরো অনেক ভালো এয়ারপড পাওয়া যাবে কেউ নিয়ে না ভাই নিলে একদম মারা টা খাবেন.,product_quality_negative
3560,54149701314268,"একেবারেই বাজে যেমনটা দেখেছিলাম ছবির সাথে কোন মিল নাই আর বড় কেবল দেওয়ার কথা ছিল আমাকে দিয়েছে ছোট্ট ক্যাবল ডেলিভারি চার্জসহ ৪০০ টাকা পড়েছে এগুলা মার্কেটে ১৫০ থেকে ২০০ টাকাতে এভেলেবেল পাওয়া যায়,,","একেবারেই বাজে যেমনটা দেখেছিলাম ছবির সাথে কোন মিল নাই আর বড় কেবল দেওয়ার কথা ছিল আমাকে দিয়েছে ছোট্ট ক্যাবল ডেলিভারি চার্জসহ ৪০০ টাকা পড়েছে এগুলা মার্কেটে ১৫০ থেকে ২০০ টাকাতে এভেলেবেল পাওয়া যায়,,.",price_negative#product_quality_negative
3561,54433822914268,"হাতে পাওয়ার একসপ্তাহ পর রিভিউ দিলাম 
এটা মুটামুটি গানের অডিও ঠিক আছে, কিন্তু পোনে কারো সঙ্গে  কলে কথা বলা যায় না। তিনি কথা শুনেন স্পষ্ট।","হাতে পাওয়ার একসপ্তাহ পর রিভিউ দিলাম এটা মুটামুটি গানের অডিও ঠিক আছে, কিন্তু পোনে কারো সঙ্গে কলে কথা বলা যায় না তিনি কথা শুনেন স্পষ্ট.",product_quality_positive
3562,54188691914268,"2 মাস ব্যবহার করার পর রিভিউ দিলাম ,, প্রোডাক্ট টা আমি যা আসা করছিলাম তার থেকে অনেক ভালো,, সাউন্ড কোয়ালিটি জোস চার্জ ব্যাকআপ অনেক ক্ষণ দেই অল্প টাকা বাজেট হলে এটা নিতে পারেন ,, ডেলিভারি ম্যান এর ব্যবহারটা অনেক ভালো ছিল✅","2 মাস ব্যবহার করার পর রিভিউ দিলাম ,, প্রোডাক্ট টা আমি যা আসা করছিলাম তার থেকে অনেক ভালো,, সাউন্ড কোয়ালিটি জোস চার্জ ব্যাকআপ অনেক ক্ষণ দেই অল্প টাকা বাজেট হলে এটা নিতে পারেন ,, ডেলিভারি ম্যান এর ব্যবহারটা অনেক ভালো ছিল.",delivery_positive#price_positive#product_quality_positive
3563,54410818514268,অসাধারণ কারন আমি অনলাইন থেকে নিতে ভয় পেয়েচ্ছিলাম পরে দেখি অসাধারণ সত্যি খুব সুন্দর খুব ভালো আপনারা চাইলে কিনতে পারেন,অসাধারণ কারন আমি অনলাইন থেকে নিতে ভয় পেয়েচ্ছিলাম পরে দেখি অসাধারণ সত্যি খুব সুন্দর খুব ভালো আপনারা চাইলে কিনতে পারেন.,product_quality_positive
3564,52990499914268,just wow Sound onk vlo bec ace kotaw clear boja jay akn koydin calate pari setay bisoy.but jay hok kob vlo porce sob tik tak perfect,just wow Sound onk vlo bec ace kotaw clear boja jay akn koydin calate pari setay bisoy.but jay hok kob vlo porce sob tik tak perfect.,product_quality_positive
3565,52763909714268,আমাকে যে হেডফোনটা দেওয়া আছে ব্লুটুথ একটা ইয়ারফোন নষ্ট হইছে এটা দয়া করে ঠিক কর নাই আপনারা আন্ত আমি ভালো পাই নাই আমি  দারাজ  অ্যাপস  প্রোডাক্টটা  ভালো দেয়নি,আমাকে যে হেডফোনটা দেওয়া আছে ব্লুটুথ একটা ইয়ারফোন নষ্ট হইছে এটা দয়া করে ঠিক কর নাই আপনারা আন্ত আমি ভালো পাই নাই আমি দারাজ অ্যাপস প্রোডাক্টটা ভালো দেয়নি.,product_quality_negative
3566,54147481014268,Live program er jonno newa.....Best lagse sound quality and record video valo result pelam....Emn price e eto valo product just wow🤌🤌🤌,Live program er jonno newa..Best lagse sound quality and record video valo result pelam..Emn price e eto valo product just wow.,price_positive#product_quality_positive
3567,52658638814268,"এয়ারপডস উচ্চ মানের অডিও প্রদান করে, যা সঙ্গীত, পডকাস্ট এবং ফোন কলের জন্য উপযুক্ত। এয়ারপডস প্রো মডেলগুলি অ্যাক্টিভ নয়েজ ক্যানসেলেশন (এএনসি) এবং ট্রান্সপারেন্সি মোডের সাথে আরও উন্নত অডিও
এয়ারপডস দীর্ঘস্থায়ী ব্যাটারি লাইফ প্রদান করে, যা ব্যবহারকারীদের দিনব্যাপী সঙ্গীত শোনা এবং কল করার সুবিধা দেয়","এয়ারপডস উচ্চ মানের অডিও প্রদান করে, যা সঙ্গীত, পডকাস্ট এবং ফোন কলের জন্য উপযুক্ত এয়ারপডস প্রো মডেলগুলি অ্যাক্টিভ নয়েজ ক্যানসেলেশন এএনসি এবং ট্রান্সপারেন্সি মোডের সাথে আরও উন্নত অডিও এয়ারপডস দীর্ঘস্থায়ী ব্যাটারি লাইফ প্রদান করে, যা ব্যবহারকারীদের দিনব্যাপী সঙ্গীত শোনা এবং কল করার সুবিধা দেয়.",product_quality_positive
3568,52893637314268,আলহামদুলিল্লাহ হাতে পেয়ে অনেক খুশি হলাম ব্লুটুথ অনেক ভালো আছে আপনারা চাইলে নিতে পারেন দামের দিকে ঠিক আছে আর ডেলিভারিও বেশি দিন লাগবে না থ্যাঙ্ক ইউ দারাজ,আলহামদুলিল্লাহ হাতে পেয়ে অনেক খুশি হলাম ব্লুটুথ অনেক ভালো আছে আপনারা চাইলে নিতে পারেন দামের দিকে ঠিক আছে আর ডেলিভারিও বেশি দিন লাগবে না থ্যাঙ্ক ইউ দারাজ.,product_quality_positive
3569,54261225614268,অর্ডার দিয়েছে একটা আর পর্ন পেয়েছি আর একটা আসলে দারাজ কখনো ভালো হবে না আমার টাকা দিয়ে যা **********। গালি দিলাম না যা,অর্ডার দিয়েছে একটা আর পর্ন পেয়েছি আর একটা আসলে দারাজ কখনো ভালো হবে না আমার টাকা দিয়ে যা গালি দিলাম না যা.,product_quality_negative
3570,54183662014268,এখান থেকে প্রোডাক্টটা কেউ কিনবেন না আমি অর্ডার দিয়েছি একটা আমারে দিছে আরেকটা আমি যেটা অর্ডার দিয়েছিলাম দেখেন সেটার পিক লাস্টে দেওয়া আছে স্ক্রিনশট আর আমারে যেটা দিছে সেটার দেখেন ভিডিও এবং ছবি দেয়া আছে কিন্তু এটা একদম বলল ভুল চাইছে একটা দিছে আরেকটা কিন্তু সাউন্ডটা যায় মোটামুটি চলার মতো আমি আপনাদেরকে সাবধান করে দিলাম এইবার আপনার ইচ্ছা  যদি কেউ কিনেন তাহলে ভেবেচিন্তে কিনবেন,এখান থেকে প্রোডাক্টটা কেউ কিনবেন না আমি অর্ডার দিয়েছি একটা আমারে দিছে আরেকটা আমি যেটা অর্ডার দিয়েছিলাম দেখেন সেটার পিক লাস্টে দেওয়া আছে স্ক্রিনশট আর আমারে যেটা দিছে সেটার দেখেন ভিডিও এবং ছবি দেয়া আছে কিন্তু এটা একদম বলল ভুল চাইছে একটা দিছে আরেকটা কিন্তু সাউন্ডটা যায় মোটামুটি চলার মতো আমি আপনাদেরকে সাবধান করে দিলাম এইবার আপনার ইচ্ছা যদি কেউ কিনেন তাহলে ভেবেচিন্তে কিনবেন.,seller_service_negative#product_quality_negative
3571,54223520114268,আলহামদুলিল্লাহ যেমনটা ভাবছিলাম তার থেকে অনেক অনেক গুণ বেশি ভালো জিনিসটা পেয়েছি আপনারা চাইলে নিতে পারেন খুবই ভালো খুবই ভালো সার্ভিস দেয় করে কিন্তু একদম দারুন,আলহামদুলিল্লাহ যেমনটা ভাবছিলাম তার থেকে অনেক অনেক গুণ বেশি ভালো জিনিসটা পেয়েছি আপনারা চাইলে নিতে পারেন খুবই ভালো খুবই ভালো সার্ভিস দেয় করে কিন্তু একদম দারুন.,product_quality_positive
3572,52832952914268,"আলহামদুলিল্লাহ খুব দ্রুত প্রোডাক্ট হাতে পেয়েছি,
ফোনের সাথে খুব দ্রুত কানেক্ট হয়েছে মনে হচ্ছে ভালো হবে চালিয়ে দেখি আগে আবার রিভিউ দিব","আলহামদুলিল্লাহ খুব দ্রুত প্রোডাক্ট হাতে পেয়েছি, ফোনের সাথে খুব দ্রুত কানেক্ট হয়েছে মনে হচ্ছে ভালো হবে চালিয়ে দেখি আগে আবার রিভিউ দিব.",product_quality_positive
3573,54748737614268,সো এয়ারপোর্টটা খুবই ভালো সাউন্ড কোয়ালিটি বেস্ট চাইলে আপনিও নিতে পারেন অ্যান্ড ধন্যবাদ জানাই ধার আজকে এন্ড ডেলিভারি ম্যানকে,সো এয়ারপোর্টটা খুবই ভালো সাউন্ড কোয়ালিটি বেস্ট চাইলে আপনিও নিতে পারেন অ্যান্ড ধন্যবাদ জানাই ধার আজকে এন্ড ডেলিভারি ম্যানকে.,delivery_positive#product_quality_positive
3574,54417872214268,"প্রোডাক্টির কোয়ালিটি অনেক ভালো কিন্তু চার্জারটি ছিল টাইপ সি। কথা ছিল চার্জার হবে ip। তাও কোনো সমস্যা নেই ভালো পেয়েছে।  ডেলিভারি ম্যানও ভালো ছিল। কিন্তু ঝুলানি ছিলনা। যাক  
সব মিলিয়ে ভালো",প্রোডাক্টির কোয়ালিটি অনেক ভালো কিন্তু চার্জারটি ছিল টাইপ সি কথা ছিল চার্জার হবে ip তাও কোনো সমস্যা নেই ভালো পেয়েছে ডেলিভারি ম্যানও ভালো ছিল কিন্তু ঝুলানি ছিলনা যাক সব মিলিয়ে ভালো.,delivery_positive#product_quality_positive
3575,50159808814268,মোটামুটি দামের জন্য ঠিক আছে কিন্তু সাউন্ড লেটে আছে শাওন মোটামুটি ভালো গেমিং করতে গেলে সাউন্ডটা পরে আছে |ভিডিওতে সাউন্ড পড়ে আছে প্রায় হাফ সেকেন্ড ধন্যবাদ দারাজ কে,মোটামুটি দামের জন্য ঠিক আছে কিন্তু সাউন্ড লেটে আছে শাওন মোটামুটি ভালো গেমিং করতে গেলে সাউন্ডটা পরে আছে ভিডিওতে সাউন্ড পড়ে আছে প্রায় হাফ সেকেন্ড ধন্যবাদ দারাজ কে.,price_positive#product_quality_positive
3576,49831125414268,"আলহামদুলিল্লাহ  যেমন চেয়েছি তেমনই পেয়েছি,, ধন্যবাদ সেলার,ও ডেলিভারী ম্যান কে👍। Soun Quality  ভালো আছে,, চাইলে সবাই নিতে পারেন।❤️❤️","আলহামদুলিল্লাহ যেমন চেয়েছি তেমনই পেয়েছি,, ধন্যবাদ সেলার,ও ডেলিভারী ম্যান কে Soun Quality ভালো আছে,, চাইলে সবাই নিতে পারেন.",delivery_positive#product_quality_positive
3577,53903314214268,"alhamdulillah.. prodak ta hate paisi...
onek valo akta bluetooth.. caile sobai nite paren....❤️thanks daraz... sell man ke",alhamdulillah.. prodak ta hate paisi.. onek valo akta bluetooth.. caile sobai nite paren.. thanks daraz.. sell man ke.,product_quality_positive
3578,50010026114268,আলহামদুলিল্লাহ খুবই ভালো ধন্যবাদ দারাজ খুবই ভালো প্রোডাক্ট না নিতে পারেন আরজে মোটামুটি ভালোই যায় অনুযায়ী ভালো,আলহামদুলিল্লাহ খুবই ভালো ধন্যবাদ দারাজ খুবই ভালো প্রোডাক্ট না নিতে পারেন আরজে মোটামুটি ভালোই যায় অনুযায়ী ভালো.,product_quality_positive
3579,54219610314268,2 ta order korsi onk vlo sound quality.... charging kmn jay ata use korla bhuja Jaba...and product ta onk Taratari pise.....vlo asa sobi chila meta paran...,2 ta order korsi onk vlo sound quality.. charging kmn jay ata use korla bhuja Jaba..and product ta onk Taratari pise..vlo asa sobi chila meta paran..,seller_service_positive#product_quality_positive
3580,54175164214268,"অণেক ভালো জিনিস চাইলে নিতে পারেন। কিন্ত  কথা ছিলো ওয়ারলেস হবে,ফিতা দেওয়ার কথা ছিলো কিছুই দেই নি। কম বাজেটে ভালো একটি পণ্য।","অণেক ভালো জিনিস চাইলে নিতে পারেন কিন্ত কথা ছিলো ওয়ারলেস হবে,ফিতা দেওয়ার কথা ছিলো কিছুই দেই নি কম বাজেটে ভালো একটি পণ্য.",price_positive
3581,54198336714268,"আলহামদুলিল্লাহ্, অনেক ভালো প্রোডাক্ট, সেলার অনেক তাড়াতাড়ি ডেলিভারি দিয়েছে, সাউন্ড কোয়ালিটিও অনেক ভালো, চার্জ ব্যাকাআপও ভালো, ওভারঅল সুন্দর একটা প্রোডাক্ট","আলহামদুলিল্লাহ্, অনেক ভালো প্রোডাক্ট, সেলার অনেক তাড়াতাড়ি ডেলিভারি দিয়েছে, সাউন্ড কোয়ালিটিও অনেক ভালো, চার্জ ব্যাকাআপও ভালো, ওভারঅল সুন্দর একটা প্রোডাক্ট.",seller_service_positive#product_quality_positive
3582,54432007914268,Ja dekaise tai dise  product valo onak dowar kotha cilo 14 tarik a kintu amak product dise 19 tarik a r message dile kono reply dai na ami na hole o 30 ta message dise kono reply daine kono response nai oder  gali dite mone caiselo but dilam na product ta valo dise tai,Ja dekaise tai dise product valo onak dowar kotha cilo 14 tarik a kintu amak product dise 19 tarik a r message dile kono reply dai na ami na hole o 30 ta message dise kono reply daine kono response nai oder gali dite mone caiselo but dilam na product ta valo dise tai.,seller_service_negative#product_quality_positive
3583,54628670214268,"যেমন টা দেখাইছে মোটেও ঐ রকম না সাথে নেই বেল্ড চারজিং পয়েন্টার টাইপ সি, ডেলিভারি করা পন্যের সাথে ছবিতে দেখানো পণ্যের কোনো মিল নেই তাও আবার পণ্যটি ডাকনা স্পিং  ভাঙ্গা 
চারজার কেবল দিয়ে চার্জ ও হয়,না","যেমন টা দেখাইছে মোটেও ঐ রকম না সাথে নেই বেল্ড চারজিং পয়েন্টার টাইপ সি, ডেলিভারি করা পন্যের সাথে ছবিতে দেখানো পণ্যের কোনো মিল নেই তাও আবার পণ্যটি ডাকনা স্পিং ভাঙ্গা চারজার কেবল দিয়ে চার্জ ও হয়,না.",product_quality_negative
3584,54034165814268,"Price onujai sound quality good but Battery Backup ek domi kom sorbochho 2 ghontaa.. ar box theke 3/4 bari charge korar moto backup paben.. Emon backup niye cholte parle nite pareen.. Tasara budget bariyee ar bhalo kichu newa lavjonok hobe mone kori..

Dhonnobad",Price onujai sound quality good but Battery Backup ek domi kom sorbochho 2 ghontaa.. ar box theke 3 4 bari charge korar moto backup paben.. Emon backup niye cholte parle nite pareen.. Tasara budget bariyee ar bhalo kichu newa lavjonok hobe mone kori.. Dhonnobad.,price_positive#product_quality_positive
3585,54238261914268,প্রোডাক্টের সাউন্ড কোয়ালিটি ভালো ছিল ।কিন্তু সেলার প্যাকেটিং টা আরেকটু উন্নত করা উচিত ছিল অন্ততপক্ষে একটা ছোট কাটনে দেওয়া উচিত ছিল ছয় পিস মাল যেহেতু ।পেকেট গুলো একবারে চুপসে গেছে।আর ভিতরে চার্জিং কট নাই কিন্তু ঝোলানোর জন্য ফিতা দেওয়া আছে এটা কোথায় লাগাবে,প্রোডাক্টের সাউন্ড কোয়ালিটি ভালো ছিল কিন্তু সেলার প্যাকেটিং টা আরেকটু উন্নত করা উচিত ছিল অন্ততপক্ষে একটা ছোট কাটনে দেওয়া উচিত ছিল ছয় পিস মাল যেহেতু পেকেট গুলো একবারে চুপসে গেছে আর ভিতরে চার্জিং কট নাই কিন্তু ঝোলানোর জন্য ফিতা দেওয়া আছে এটা কোথায় লাগাবে.,packaging_negative#product_quality_positive
3586,54159587514268,আলহামদুলিল্লাহ প্রোডাক্টটা হাতে পাইছি একদিন ব্যবহার করা বার বুঝতে পারব কেমন সার্ভিস দিচ্ছেএকটা ফিতা ফ্রি ছিল ওইটা দেয় নাই,আলহামদুলিল্লাহ প্রোডাক্টটা হাতে পাইছি একদিন ব্যবহার করা বার বুঝতে পারব কেমন সার্ভিস দিচ্ছেএকটা ফিতা ফ্রি ছিল ওইটা দেয় নাই.,product_quality_positive
3587,52723156714268,সাউন্ড কোয়ালিটি অনেক ভালো আনেক তারাতারি ডেলিভারি পাইছি এক কথায় বেস্ট আপনারাও চাইলে নিতে পারেন,সাউন্ড কোয়ালিটি অনেক ভালো আনেক তারাতারি ডেলিভারি পাইছি এক কথায় বেস্ট আপনারাও চাইলে নিতে পারেন.,product_quality_positive
