review_id,original_text,cleaned_text,label,sentiment,aspects,aspect_polarities
53576661316421,"খুব ভালো একটি প্রোডাক্ট । ভালো সাউন্ড কোয়ালিটি। চার্জ ও ভালো টিকে, লুক ও ভালো। কিন্তু অল্প সময়ে কানে ব্যাথা ধরে যায়।","খুব ভালো একটি প্রোডাক্ট । ভালো সাউন্ড কোয়ালি টি । চার্জ ও ভালো টিকে , লুক ও ভালো । কিন্তু অল্প সময়ে কানে ব্যাথা ধরে যায় ।",product_quality_positive,Positive,Product Quality,"{""Product Quality"": ""positive""}"
52724795316421,নষ্ট প্রোডাক্ট দিছে। বক্সে চার্জ হয় কিন্তু বার্ডে চার্জ ও হয় না ওন ও হয়না। প্যাকেজিং ও বাজে ছিলো। প্রোডাক্ট দেখেই মনে হচ্ছিল ইউজড। এখন রিটার্ন করা ছাড়া উপাই নাই।,নষ্ট প্রোডাক্ট দিছে । বক্সে চার্জ হয় কিন্তু বার্ডে চার্জ ও হয় না ওন ও হয়না । প্যাকেজিং ও বাজে ছিলো । প্রোডাক্ট দেখেই মনে হচ্ছিল ইউজড । এখন রিটার্ন করা ছাড়া উপাই নাই ।,packaging_negative#product_quality_negative,Negative,"Packaging, Product Quality","{""Packaging"": ""negative"", ""Product Quality"": ""negative""}"
52702994116421,"আলহামদুলিল্লাহ্। যেমন চেয়েছি তেমনই পেয়েছি 
এবং ডেলিভারি ম্যান ভাইটি অনেক ভালো ছিলো
সবাই নিতে পারেন",আলহামদুলিল্লাহ্ । যেমন চেয়েছি তেমনই পেয়েছি এবং ডেলিভারি ম্যান ভাই টি অনেক ভালো ছিলো সবাই নিতে পারেন,delivery_positive#product_quality_positive,Positive,"Delivery, Product Quality","{""Delivery"": ""positive"", ""Product Quality"": ""positive""}"
53392045716421,"খুবই ভালো এ দামের ভিতরে এর চেয়ে বেশি আশা করা যায় না সাউন কোয়ালিটি ভালোই ছিল, এখন চার্জ কিরকম থাকে এটা ইউজ করার পরে বুঝতে পারব তবে মোটামুটি অনেক ভালোই ছিল ধন্যবাদ সেলারকে।","খুবই ভালো এ দামের ভিতরে এর চেয়ে বেশি আশা করা যায় না সাউন কোয়ালি টি ভালোই ছিল , এখন চার্জ কিরকম থাকে এটা ইউজ করার পরে বুঝতে পারব তবে মোটামুটি অনেক ভালোই ছিল ধন্যবাদ সেলারকে ।",price_positive#product_quality_positive,Positive,"Price, Product Quality","{""Price"": ""positive"", ""Product Quality"": ""positive""}"
54826942616421,এই পন্য টা মোটামুটি ভালো কিন্তু ব্যটারি বেকাপ ভালো না সাউন্ড কোয়ালিটি ও কম। অনেক খন ব্যবহার করলে কান ব্যাথা করে তাই সবাই কে বলবো একটু বুঝে শুনে কিনুন ✅,এই পন্য টা মোটামুটি ভালো কিন্তু ব্যটারি বেকাপ ভালো না সাউন্ড কোয়ালি টি ও কম । অনেক খন ব্যবহার করলে কান ব্যাথা করে তাই সবাই কে বলবো একটু বুঝে শুনে কিনুন,product_quality_neutral,Neutral,Product Quality,"{""Product Quality"": ""neutral""}"
53860378216421,"ভাই এটা অনেক ভালো ছিল,কিন্তু আমি এটা প্রথমে আন করতে পারিনি এরপর আমি সব পলিথিন সরানোর পরে অন হয়েছে। আমি এটা পছন্দ করেছি কিন্তু আমার থেকে ডেলিভারিটা অনেক লেট হয়েছে। তাই রেটিং কম দিলাম 😅।","ভাই এটা অনেক ভালো ছিল , কিন্তু আমি এটা প্রথমে আন করতে পারিনি এরপর আমি সব পলিথিন সরানোর পরে অন হয়েছে । আমি এটা পছন্দ করেছি কিন্তু আমার থেকে ডেলিভারি টা অনেক লেট হয়েছে । তাই রেটিং কম দিলাম ।",delivery_negative#product_quality_positive,Neutral,"Delivery, Product Quality","{""Delivery"": ""negative"", ""Product Quality"": ""positive""}"
52751081516421,"যথেষ্ট ভালো প্রডাক্ট,,,  সাউন কয়ালিটি ও ডারুন,, কিন্তু চার্জ  কম থাকে😴।   টেনে টুনে সাড়ে তিন ঘন্টাই ব্যাকাপ পাওয়া যায় ,, এর ছাড়াও প্রড্যক্ট ভালো।  

চাইলে নিতে পারেন,,😘","যথেষ্ট ভালো প্রডাক্ট , সাউন কয়ালি টি ও ডারুন , , কিন্তু চার্জ কম থাকে । টেনে টুনে সাড়ে তিন ঘন্টাই ব্যাকাপ পাওয়া যায় , , এর ছাড়া ও প্রড্যক্ট ভালো । চাইলে নিতে পারেন , ,",product_quality_positive,Positive,Product Quality,"{""Product Quality"": ""positive""}"
52125341416421,আলহামদুলিল্লাহ অনেক ভালো চাইলে নিতে পারেন কোন সমস্যা নাই এই প্রোডাক্টটি পাঁচ দিনের মাথায় আমি আমার হাতে পেয়েছি হাতে পেয়ে দেখলাম অনেক ভালো,আলহামদুলিল্লাহ অনেক ভালো চাইলে নিতে পারেন কোন সমস্যা নাই এই প্রোডাক্ট টি পাঁচ দিনের মাথায় আমি আমার হাতে পেয়েছি হাতে পেয়ে দেখলাম অনেক ভালো,delivery_negative#product_quality_positive,Neutral,"Delivery, Product Quality","{""Delivery"": ""negative"", ""Product Quality"": ""positive""}"
52834515016421,"এর মতোন বাজ পোডাক্ট এর আগে কখনও দেখিনি 
১৫০ টাকার হেডফোন ৩-৪ ঘণ্টা চার্জ থাকে এটা ৩ মিনিট ও থকে না
৫ ষ্টার দিলাম জাতে সবাই দেখে",এর মতোন বাজ পোডাক্ট এর আগে কখন ও দেখিনি ১৫০ টাকার হেডফোন ৩-৪ ঘণ্টা চার্জ থাকে এটা ৩ মিনিট ও থকে না ৫ ষ্টার দিলাম জাতে সবাই দেখে,product_quality_negative,Negative,Product Quality,"{""Product Quality"": ""negative""}"
53821031516421,"জিনিস ভালই সুন্দর আছে জেহুতু গেমিং এর জন্য চাইলে নিতে পারেন।  আর এটা সুধু নামেই গেমিং কিন্তু  কাজে না এটা সাধরন এয়ারবাসের মতই এতে আলাদা কুনো গেমিং মড নাই।  ৩৪৫টাকায় ভালই। আর একটা কথা ১০০টা মাল কিনলে ৮০টাতেই পবলেম থাকে। যেমন আমারটা ডান কানের টার ২০-৩০ ছেগেনটের বেসি চলত না। তাই আমার আগের এয়ারবাসের বেটরি এড করেছি এরপর ভালই ব্যকাব দিচ্ছে ।  ৭দিন ইওজ কারার পর রিভিও দিলাম।   
    আল্লাহাফেজ ❤️‍🩹",জিনিস ভালই সুন্দর আছে জেহুতু গেমিং এর জন্য চাইলে নিতে পারেন । আর এটা সুধু নামেই গেমিং কিন্তু কাজে না এটা সাধরন এয়ারবাসের মতই এতে আলাদা কুনো গেমিং মড নাই । ৩৪৫টাকায় ভালই । আর একটা কথা ১০০ টা মাল কিনলে ৮০টাতেই পবলেম থাকে । যেমন আমার টা ডান কানের টার ২০-৩০ ছেগেনটের বেসি চলত না । তাই আমার আগের এয়ারবাসের বেটরি এড করেছি এরপর ভালই ব্যকাব দিচ্ছে । ৭দিন ইওজ কারার পর রিভি ও দিলাম । আল্লাহাফেজ,product_quality_positive,Positive,Product Quality,"{""Product Quality"": ""positive""}"
53547043316421,আলহামদুলিল্লাহ যেমনটা চেয়েছি তেমনটাই পেয়েছি প্রোডাক্টটি অনেক ভালো আপনারা চাইলে নিতে পারেন।আর ডেলিভারি ম্যান ভাইয়ের ব্যবহার ও আচরণ অনেক ভালো,আলহামদুলিল্লাহ যেমন টা চেয়েছি তেমনটাই পেয়েছি প্রোডাক্ট টি অনেক ভালো আপনারা চাইলে নিতে পারেন । আর ডেলিভারি ম্যান ভাইয়ের ব্যবহার ও আচরণ অনেক ভালো,product_quality_positive,Positive,Product Quality,"{""Product Quality"": ""positive""}"
52778760616421,ভালো চাইলে নিতে পারেন। কিন্তু একমাস গেলে কেসের ভিতরে থাকা ব্যাটারিতে চার্জ থাকে না একবারে ডেম হয়ে যায়।।।,ভালো চাইলে নিতে পারেন । কিন্তু একমাস গেলে কেসের ভিতরে থাকা ব্যাটারিতে চার্জ থাকে না একবারে ডেম হয়ে যায় ।,product_quality_positive,Positive,Product Quality,"{""Product Quality"": ""positive""}"
52265766516421,"গুড লুকিং 😍 সাউন্ড কোয়ালিটিও ভালোই, প্যাকেজিংও খুব ভালো ছিলো। তবে চার্জিং ব্যাকাপ আরও বেশি থাকলে ভালো হতো ওভারাল আর সব ঠিক আছে তবে চার্জিং কেবলের তারটা অনেক ছোট তাও আবার খারাপ। আমার ক্যাবল একটা আলাদা কেনা লাগছে।","গুড লুকিং সাউন্ড কোয়ালিটি ও ভালোই , প্যাকেজিং ও খুব ভালো ছিলো । তবে চার্জিং ব্যাকাপ আরও বেশি থাকলে ভালো হতো ওভারাল আর সব ঠিক আছে তবে চার্জিং কেবলের তার টা অনেক ছোট তাও আবার খারাপ । আমার ক্যাবল একটা আলাদা কেনা লাগছে ।",packaging_positive#product_quality_positive,Positive,"Packaging, Product Quality","{""Packaging"": ""positive"", ""Product Quality"": ""positive""}"
53150743216421,বিল্ড কোয়ালিটি বেশি ভারো না এমনে জিনিস টা ভালো ব্যাটারি টাও বেশি ভালো না এরোকম দামে ঠিক আছে আর বেশে আশা করা যায় না😔,বিল্ড কোয়ালি টি বেশি ভারো না এমনে জিনিস টা ভালো ব্যাটারি টা ও বেশি ভালো না এরোকম দামে ঠিক আছে আর বেশে আশা করা যায় না,price_negative#product_quality_positive,Neutral,"Price, Product Quality","{""Price"": ""negative"", ""Product Quality"": ""positive""}"
53122468816421,"আলহামদুলিল্লাহ ভালো একটা জিনিস পেলেম 
আজকেই পার্সেল টা হাতে পেলাম আর ডেলিভারি মেন টাও অনেক ভালো আপনারা চাইলে নিতে পারেন। সাউন্ড কোয়ালিটি ও অনেক ভালো।",আলহামদুলিল্লাহ ভালো একটা জিনিস পেলেম আজকেই পার্সেল টা হাতে পেলাম আর ডেলিভারি মেন টা ও অনেক ভালো আপনারা চাইলে নিতে পারেন । সাউন্ড কোয়ালি টি ও অনেক ভালো ।,delivery_positive#product_quality_positive,Positive,"Delivery, Product Quality","{""Delivery"": ""positive"", ""Product Quality"": ""positive""}"
53487023316421,"খুব খারাপ লাগলো যে বিশ্বাস করে একটা ব্লুটুথ অর্ডার করেছিলাম কিন্তু তারা নষ্ট একটা ব্লুটুথ দিয়েছে 😢 খুব ফালতু লোক দারাজ এর লোক গুলো, মানুষের হক এর টাকা ঠকিয়ে খাচ্ছে!😢 আল্লাহ কি বান্দার হক মাফ করবেন ? আহ্ মানুষ কেন যে বুঝে না?
টাকার পরিমাণ বেশি না তবে যথাযথ টাকা নিবে কিন্তু মাল ভালো দিবে না এটা তো ঠিক না ! আল্লাহ সবাইকে বুঝার তৌফিক দান করুক।
দয়া করে আপনারা কেউ নিবেন না না হয় আমার মতো ঠকবেন।
ধন্যবাদ","খুব খারাপ লাগলো যে বিশ্বাস করে একটা ব্লুটুথ অর্ডার করেছিলাম কিন্তু তারা নষ্ট একটা ব্লুটুথ দিয়েছে খুব ফালতু লোক দারাজ এর লোক গুলো , মানুষের হক এর টাকা ঠকিয়ে খাচ্ছে ! আল্লাহ কি বান্দার হক মাফ করবেন ? আহ্ মানুষ কেন যে বুঝে না ? টাকার পরিমাণ বেশি না তবে যথাযথ টাকা নিবে কিন্তু মাল ভালো দিবে না এটা তো ঠিক না ! আল্লাহ সবাইকে বুঝার তৌফিক দান করুক । দয়া করে আপনারা কেউ নিবেন না না হয় আমার মতো ঠকবেন । ধন্যবাদ",product_quality_negative,Negative,Product Quality,"{""Product Quality"": ""negative""}"
53541410016421,সবচেয়ে বাজে প্রোডাক্ট চার্জে দিলে চার্জে ওঠেনা হেডফোনে ভালো মতো সাউন্ড হয় না যার যে দুইদিন নিছি চার্জ হয় না এত ফালত পর একটা জীবনে দেখি নাই,সবচেয়ে বাজে প্রোডাক্ট চার্জে দিলে চার্জে ওঠেনা হেডফোনে ভালো মতো সাউন্ড হয় না যার যে দুইদিন নিছি চার্জ হয় না এত ফালত পর একটা জীবনে দেখি নাই,product_quality_negative,Negative,Product Quality,"{""Product Quality"": ""negative""}"
52730567816421,"ভাই এইটা নষ্ট কেন দিলেন টাকা তো নিয়ে নিলেন কিন্তু জিনিস তো টিক দিলেন না।চাজে দিলে লাইট জলে এমনে তে  কোন কিছু আসে না, এই টা কোন কথা ভাই","ভাই এই টা নষ্ট কেন দিলেন টাকা তো নিয়ে নিলেন কিন্তু জিনিস তো টিক দিলেন না । চাজে দিলে লাইট জলে এমনে তে কোন কিছু আসে না , এই টা কোন কথা ভাই",product_quality_negative,Negative,Product Quality,"{""Product Quality"": ""negative""}"
53386066116421,প্রোডাক্টটা ভালো ।কিন্তু আসার সময় প্যাকেটের অবস্থা খারাপ ছিল ।এবং সাউন্ড কোয়ালিটি টা একটু খারাপ।,প্রোডাক্ট টা ভালো । কিন্তু আসার সময় প্যাকেটের অবস্থা খারাপ ছিল । এবং সাউন্ড কোয়ালি টি টা একটু খারাপ ।,packaging_negative#product_quality_positive,Neutral,"Packaging, Product Quality","{""Packaging"": ""negative"", ""Product Quality"": ""positive""}"
53067719716421,অনেক বাজে কোয়ালিটি কেউ নিবেন না 😡 একটা চলে আরেকটা চলে না । তার পরে সাউড কোয়ালিটি অনেক বাজে 😡😡,অনেক বাজে কোয়ালি টি কেউ নিবেন না একটা চলে আরেক টা চলে না । তার পরে সাউড কোয়ালি টি অনেক বাজে,product_quality_negative,Negative,Product Quality,"{""Product Quality"": ""negative""}"
53164143316421,"প্রথমে ভেবেছিলাম নষ্ট প্রোডাক্ট, কিন্তু পরে চেক করে দেখলাম ঠিক আছে। দাম হিসাবে ভালোই বলা চলে।","প্রথমে ভেবেছিলাম নষ্ট প্রোডাক্ট , কিন্তু পরে চেক করে দেখলাম ঠিক আছে । দাম হিসাবে ভালোই বলা চলে ।",price_positive#product_quality_positive,Positive,"Price, Product Quality","{""Price"": ""positive"", ""Product Quality"": ""positive""}"
53814278016421,ওটা একটা একদমই ভালো না মাত্র এক ঘণ্টার মধ্যে চার্জ থাকে দয়া করে এটি কেউ কিনবেন আপনার ক্ষতি,ওটা একটা একদমই ভালো না মাত্র এক ঘণ্টার মধ্যে চার্জ থাকে দয়া করে এটি কেউ কিনবেন আপনার ক্ষতি,product_quality_negative,Negative,Product Quality,"{""Product Quality"": ""negative""}"
52144928816421,এক কথায় অসাধারণ একটি পোডাক্ট ধন্যবাদ এতো সুন্দর পোডাক্ট দেওয়ার জন্য🥰সব মিলাই ২৯০৳ পরছে,এক কথায় অসাধারণ একটি পোডাক্ট ধন্যবাদ এতো সুন্দর পোডাক্ট দেওয়ার জন্য সব মিলাই ২৯০৳ পরছে,product_quality_positive,Positive,Product Quality,"{""Product Quality"": ""positive""}"
52929763816421,প্রথমে রিভিউ দেখে ভয় ছিলাম মনে করেছিলাম খারাপ পরবে আমারও আলহামদুলিল্লাহ কোন সমস্যা নাই,প্রথমে রিভিউ দেখে ভয় ছিলাম মনে করেছিলাম খারাপ পরবে আমার ও আলহামদুলিল্লাহ কোন সমস্যা নাই,product_quality_positive,Positive,Product Quality,"{""Product Quality"": ""positive""}"
52596234116421,অনেক ভালো প্রোডাক্ট। আপনারা নিতে পারেন  ভাইয়া অনেক ভালো অনেক ভালো ব্যবহার করেছে।,অনেক ভালো প্রোডাক্ট । আপনারা নিতে পারেন ভাইয়া অনেক ভালো অনেক ভালো ব্যবহার করেছে ।,product_quality_positive,Positive,Product Quality,"{""Product Quality"": ""positive""}"
54054472516421,"আমি ১ মাস যাবত এটা ব্যাবহার করতেছি খুবই ভালো প্রোডাক্ট, আপনারা নিতে পারেন","আমি ১ মাস যাবত এটা ব্যাবহার করতেছি খুবই ভালো প্রোডাক্ট , আপনারা নিতে পারেন",product_quality_positive,Positive,Product Quality,"{""Product Quality"": ""positive""}"
52431964316421,"মুটামুটি চলে,, কিছু টাকা বেশি নিয়ে এর থেকে ভালো টাই কিনা ভালো হবে","মুটামু টি চলে , , কিছু টাকা বেশি নিয়ে এর থেকে ভালো টাই কিনা ভালো হবে",product_quality_neutral,Neutral,Product Quality,"{""Product Quality"": ""neutral""}"
53064837816421,"অনেক সুন্দর একটা এয়ারপোর্টে আমার খুব পছন্দ হয়েছে 
অনেক ভালো",অনেক সুন্দর একটা এয়ারপোর্টে আমার খুব পছন্দ হয়েছে অনেক ভালো,product_quality_positive,Positive,Product Quality,"{""Product Quality"": ""positive""}"
53997373716421,মোটামুটি ভালো আপনারা চাইলে নিতে পারেন দাম উনজাই ভালো,মোটামুটি ভালো আপনারা চাইলে নিতে পারেন দাম উনজাই ভালো,price_positive#product_quality_neutral,Positive,"Price, Product Quality","{""Price"": ""positive"", ""Product Quality"": ""neutral""}"
54514502216421,আলহামদুলিল্লাহ এটা  অত্যন্ত ভালো ছিল আওজ অনেক সুন্দর,আলহামদুলিল্লাহ এটা অত্যন্ত ভালো ছিল আওজ অনেক সুন্দর,product_quality_positive,Positive,Product Quality,"{""Product Quality"": ""positive""}"
53612500116421,এই দামা অনেক ভালো এয়ার পট সাওন কয়ালটিনঅনেক ভালো,এই দামা অনেক ভালো এয়ার পট সাওন কয়ালটিনঅনেক ভালো,price_positive#product_quality_positive,Positive,"Price, Product Quality","{""Price"": ""positive"", ""Product Quality"": ""positive""}"
53971921416421,একদম নষ্ট কাজ করে না। আমি কেমন করে রিফান্ড করবো,একদম নষ্ট কাজ করে না । আমি কেমন করে রিফান্ড করবো,price_positive#product_quality_positive,Positive,"Price, Product Quality","{""Price"": ""positive"", ""Product Quality"": ""positive""}"
54439120316421,মোটামুটি ভালো। রিসিভ বাটন নেই।থাকলে ভাল হতো।,মোটামুটি ভালো । রিসিভ বাটন নেই । থাকলে ভাল হতো ।,product_quality_positive,Positive,Product Quality,"{""Product Quality"": ""positive""}"
53312948116421,দাম হিসাবে খুব খারাপ না ভালই সবাই নিতে পারেন,দাম হিসাবে খুব খারাপ না ভালই সবাই নিতে পারেন,price_positive#product_quality_positive,Positive,"Price, Product Quality","{""Price"": ""positive"", ""Product Quality"": ""positive""}"
52741360716421,মতি ভালো বেশি একটা ভালো না সাজ টিকে কম,মতি ভালো বেশি একটা ভালো না সাজ টিকে কম,product_quality_negative,Negative,Product Quality,"{""Product Quality"": ""negative""}"
54002247316421,একটা ভালো একটা নষ্ট একদম ভালো না ফালতু,একটা ভালো একটা নষ্ট একদম ভালো না ফালতু,product_quality_negative,Negative,Product Quality,"{""Product Quality"": ""negative""}"
53325166216421,"অনেক ভালো ও,, আপনার ও চাইলে নিতে পারেন","অনেক ভালো ও , , আপনার ও চাইলে নিতে পারেন",product_quality_positive,Positive,Product Quality,"{""Product Quality"": ""positive""}"
53086010816421,দাম অনুযায়ী ভালো আসে নিতে পারেন 😊😊,দাম অনুযায়ী ভালো আসে নিতে পারেন,price_positive#product_quality_positive,Positive,"Price, Product Quality","{""Price"": ""positive"", ""Product Quality"": ""positive""}"
53752605516421,"আল হামদুলিল্লাহ্, লাইটা অনেক ভালো","আল হামদুলিল্লাহ্ , লাই টা অনেক ভালো",product_quality_positive,Positive,Product Quality,"{""Product Quality"": ""positive""}"
52817801116421,ওনেক সুন্দর  ওনেক ভালো পোডাক,ওনেক সুন্দর ওনেক ভালো পোডাক,product_quality_positive,Positive,Product Quality,"{""Product Quality"": ""positive""}"
54113999616421,খুবই রাগ হচ্ছে আর খুবই রাগান্বিত হই বলতে হচ্ছে প্রোডাক্টটা অত্যন্ত বাজে চাস তো থাকেই না এবং দুইটা কানেক্ট করলে একসঙ্গে বন্ধ হয়ে যায়,খুবই রাগ হচ্ছে আর খুবই রাগান্বিত হই বলতে হচ্ছে প্রোডাক্ট টা অত্যন্ত বাজে চাস তো থাকেই না এবং দুই টা কানেক্ট করলে একসঙ্গে বন্ধ হয়ে যায়,product_quality_negative,Negative,Product Quality,"{""Product Quality"": ""negative""}"
53450519016421,হেডফোনটা খুব সুন্দর ডেলিভারি ম্যান ভাইয়ের ব্যবহার খুব সুন্দর আমাকে ভালো লাগছে ধন্যবাদ ডেলিভারি ভাইকে,হেডফোন টা খুব সুন্দর ডেলিভারি ম্যান ভাইয়ের ব্যবহার খুব সুন্দর আমাকে ভালো লাগছে ধন্যবাদ ডেলিভারি ভাইকে,delivery_positive#product_quality_positive,Positive,"Delivery, Product Quality","{""Delivery"": ""positive"", ""Product Quality"": ""positive""}"
53842292716421,ভাই মোটা মোটি ভালো ৩৫০ টাকার মধ্যে  একদিন হইসে নিসি মোটা মোটি ভালোই লাগলো দেখি কয়দিন পরে কি হয় একটা সমস্যা আসে তা হোলো কান বেথা করে সারবিস খারাপ দিলে চেন্জ কইরা নিবো,ভাই মো টা মো টি ভালো ৩৫০ টাকার মধ্যে একদিন হইসে নিসি মো টা মো টি ভালোই লাগলো দেখি কয়দিন পরে কি হয় একটা সমস্যা আসে তা হোলো কান বেথা করে সারবিস খারাপ দিলে চেন্জ কইরা নিবো,product_quality_positive,Positive,Product Quality,"{""Product Quality"": ""positive""}"
52803539316421,"জঘন্য। আজকে হাতে পেলাম, আমি চেক না করে ডেলিভারি ম্যান থেকে নিয়ে যাই, পরে চেক করে দেখি একদম ই চার্জ থাকে না। এক কানেরটা চলে, আরেকটা নষ্ট। আমি খুবই হতাশ। আর কখনো অনলাইনে অর্ডার করব না।","জঘন্য । আজকে হাতে পেলাম , আমি চেক না করে ডেলিভারি ম্যান থেকে নিয়ে যাই , পরে চেক করে দেখি একদম ই চার্জ থাকে না । এক কানের টা চলে , আরেক টা নষ্ট । আমি খুবই হতাশ । আর কখনো অনলাইনে অর্ডার করব না ।",product_quality_negative,Negative,Product Quality,"{""Product Quality"": ""negative""}"
52989523216421,দয়া করে কেউ কিনবেন না। একদম বাজে প্রোডাক্ট। প্রোডাক্ট টির এয়ার বার্ডস গুলো অচল ও কাজ করে না।। মনে হয় নষ্ট মাল দিয়ে দিসে।। হেয়ার বাডস গুলো বাতি জ্বলে না কানেক্টেড ও হয় না। নষ্ট বাজে। আসলেই দারাজ থেকে কেউ কিছু কিনবেন না৷।।,দয়া করে কেউ কিনবেন না । একদম বাজে প্রোডাক্ট । প্রোডাক্ট টির এয়ার বার্ডস গুলো অচল ও কাজ করে না । । মনে হয় নষ্ট মাল দিয়ে দিসে । । হেয়ার বাডস গুলো বাতি জ্বলে না কানেক্টেড ও হয় না । নষ্ট বাজে । আসলেই দারাজ থেকে কেউ কিছু কিনবেন না৷ । ।,product_quality_negative,Negative,Product Quality,"{""Product Quality"": ""negative""}"
53080212816421,জিনিসটি খুবই ভালো লেগেছে যেমন দেখেছি তেমনি পেয়েছি এবার দেখা যাক কেমন ঠিক সই করে সমস্যা হলে রিটার্ন করে দিব সাত দিনের মধ্যে,জিনিস টি খুবই ভালো লেগেছে যেমন দেখেছি তেমনি পেয়েছি এবার দেখা যাক কেমন ঠিক সই করে সমস্যা হলে রিটার্ন করে দিব সাত দিনের মধ্যে,product_quality_positive,Positive,Product Quality,"{""Product Quality"": ""positive""}"
52875874916421,হ্যাঁ প্রোডাক্টটির যেরকম দেখেছি অনলাইনে সেরকমই পেয়েছি প্রোডাক্টটি অনেক ভালো সাউন্ড কোয়ালিটি ভালো,হ্যাঁ প্রোডাক্টটির যেরকম দেখেছি অনলাইনে সেরকমই পেয়েছি প্রোডাক্ট টি অনেক ভালো সাউন্ড কোয়ালি টি ভালো,product_quality_positive,Positive,Product Quality,"{""Product Quality"": ""positive""}"
53142524516421,একদম বাজে জিনিস।নষ্ট একটা প্রোডাক্ট দিয়েছে।আশা করছি কেউ কিনবেন না।তারা যেনে সুনে নষ্ট টা দিয়েছে,একদম বাজে জিনিস । নষ্ট একটা প্রোডাক্ট দিয়েছে । আশা করছি কেউ কিনবেন না । তারা যেনে সুনে নষ্ট টা দিয়েছে,product_quality_negative,Negative,Product Quality,"{""Product Quality"": ""negative""}"
52779930416421,এতোটাও ভালো না সামনে দুইটা লাইটের জন্য চার্জ থাকে না বেশিক্ষণ আর চার্জ হইতে অনেক বেশি দেরি লাগে,এতোটা ও ভালো না সামনে দুই টা লাইটের জন্য চার্জ থাকে না বেশিক্ষণ আর চার্জ হইতে অনেক বেশি দেরি লাগে,product_quality_neutral,Neutral,Product Quality,"{""Product Quality"": ""neutral""}"
52901362416421,অনেক সুন্দর একটা ব্লুটুথ ধন্যবাদ ভাইদের কে অনেক তাড়াতাড়ি প্রোডাক্টটা দেওয়ার জন্য,অনেক সুন্দর একটা ব্লুটুথ ধন্যবাদ ভাইদের কে অনেক তাড়াতাড়ি প্রোডাক্ট টা দেওয়ার জন্য,delivery_positive#product_quality_positive,Positive,"Delivery, Product Quality","{""Delivery"": ""positive"", ""Product Quality"": ""positive""}"
52829813116421,অনেক সুন্দর একটা ব্লুটু থ সাউন্ড আমি একটু নিয়েছি আপনারাও মিলে নিতে পারেন ধন্যবাদ,অনেক সুন্দর একটা ব্লুটু থ সাউন্ড আমি একটু নিয়েছি আপনারা ও মিলে নিতে পারেন ধন্যবাদ,product_quality_positive,Positive,Product Quality,"{""Product Quality"": ""positive""}"
52872625616421,খুবই বাজে। জাস্ট চার্জিং টাইমে লাইট জ্বলে। এবং একেবারে নন-ওয়ার্কিং। ডিজগাস্টিং।,খুবই বাজে । জাস্ট চার্জিং টাইমে লাইট জ্বলে । এবং একেবারে নন-ওয়ার্কিং । ডিজগাস্টিং ।,product_quality_negative,Negative,Product Quality,"{""Product Quality"": ""negative""}"
52672649716421,একদম ফালতু একটা জিনিস নষ্ট জিনিস দিসে  একদম  ভালো  না  কেও নিয়েন  না  ফালতু,একদম ফালতু একটা জিনিস নষ্ট জিনিস দিসে একদম ভালো না কে ও নিয়েন না ফালতু,product_quality_negative,Negative,Product Quality,"{""Product Quality"": ""negative""}"
54747373116421,একদম বাজে আপনার প্রতি অনুরোধ থাকবে এদের কাছ থেকে কেউ কোন পুণ্য নিবেন নাহ.,একদম বাজে আপনার প্রতি অনুরোধ থাকবে এদের কাছ থেকে কেউ কোন পুণ্য নিবেন নাহ.,product_quality_negative,Negative,Product Quality,"{""Product Quality"": ""negative""}"
52534215216421,প্রোডাক্ট ভালো না চার্জিং ব্যাকআপ খুব কম। চার্জ বেশিক্ষণ থাকে না।,প্রোডাক্ট ভালো না চার্জিং ব্যাকআপ খুব কম । চার্জ বেশিক্ষণ থাকে না ।,product_quality_negative,Negative,Product Quality,"{""Product Quality"": ""negative""}"
53413978916421,আলহামদুলিল্লাহ খুব ভালো কিন্তু ফাইভ ডি লাইটের কারণে চার্জ কম থাকে,আলহামদুলিল্লাহ খুব ভালো কিন্তু ফাইভ ডি লাইটের কারণে চার্জ কম থাকে,product_quality_positive,Positive,Product Quality,"{""Product Quality"": ""positive""}"
53558065416421,অনেক ভালো ডিজাইন সুন্দর হয়েছে আলহামদুলিল্লাহ,অনেক ভালো ডিজাইন সুন্দর হয়েছে আলহামদুলিল্লাহ,product_quality_positive,Positive,Product Quality,"{""Product Quality"": ""positive""}"
54334074016421,দুনিয়ার সবচেয়ে বাজে হেডফোন কেউ এটা কিনবেন না,দুনিয়ার সবচেয়ে বাজে হেডফোন কেউ এটা কিনবেন না,product_quality_negative,Negative,Product Quality,"{""Product Quality"": ""negative""}"
54420817616421,আপনারা চাইলে প্রোডাক্টটা নিতে পারেন অনেক ভালো,আপনারা চাইলে প্রোডাক্ট টা নিতে পারেন অনেক ভালো,product_quality_positive,Positive,Product Quality,"{""Product Quality"": ""positive""}"
53021282716421,প্রোডাক্ট অনেক ভালো সাউন্ড কোয়ালিটি ভালো অনেক,প্রোডাক্ট অনেক ভালো সাউন্ড কোয়ালি টি ভালো অনেক,product_quality_positive,Positive,Product Quality,"{""Product Quality"": ""positive""}"
52876234116421,সাউন্ড কোয়ালিটি ভালো আছে দেখতেও সুন্দর 👌,সাউন্ড কোয়ালি টি ভালো আছে দেখতে ও সুন্দর,product_quality_positive,Positive,Product Quality,"{""Product Quality"": ""positive""}"
52619683416421,"মোটা মুটি ভালো আছে এই দামে, বাট একদম হালকা!","মো টা মু টি ভালো আছে এই দামে , বাট একদম হালকা !",price_positive#product_quality_positive,Positive,"Price, Product Quality","{""Price"": ""positive"", ""Product Quality"": ""positive""}"
53874993816421,"একদম বাজে প্রডাক্ট একদম ফালতু
কানেক্ট হয়না",একদম বাজে প্রডাক্ট একদম ফালতু কানেক্ট হয়না,product_quality_negative,Negative,Product Quality,"{""Product Quality"": ""negative""}"
54370095116421,ভালো না।। নষ্ট ইয়ারপড দিছে।।।।😡😡😡😡,ভালো না । । নষ্ট ইয়ারপড দিছে ।,product_quality_negative,Negative,Product Quality,"{""Product Quality"": ""negative""}"
52553586016421,এভারেজ। বাট বেশি হালকা। সাউন্ড ভালই,এভারেজ । বাট বেশি হালকা । সাউন্ড ভালই,product_quality_neutral,Neutral,Product Quality,"{""Product Quality"": ""neutral""}"
52537208616421,ফালতু একটা বন্য ভাই এটা চলে না%,ফালতু একটা বন্য ভাই এটা চলে না,product_quality_negative,Negative,Product Quality,"{""Product Quality"": ""negative""}"
53114382116421,নষ্ট জিনিস দিসে কানেক্টই হয় না,নষ্ট জিনিস দিসে কানেক্টই হয় না,product_quality_negative,Negative,Product Quality,"{""Product Quality"": ""negative""}"
53100162116421,"আনার পরে দেখি চলেনা, অনেই হয়না","আনার পরে দেখি চলেনা , অনেই হয়না",product_quality_negative,Negative,Product Quality,"{""Product Quality"": ""negative""}"
53428440316421,ফালতু একটা জিনিস পুরাই নষ্ট।😡,ফালতু একটা জিনিস পুরাই নষ্ট ।,product_quality_negative,Negative,Product Quality,"{""Product Quality"": ""negative""}"
52341976016421,অনেক ভালো। সবাই নিতে পারেন🥰,অনেক ভালো । সবাই নিতে পারেন,product_quality_positive,Positive,Product Quality,"{""Product Quality"": ""positive""}"
53189440216421,একেবারে ফালতু কেউ নিয়েন না,একেবারে ফালতু কেউ নিয়েন না,product_quality_negative,Negative,Product Quality,"{""Product Quality"": ""negative""}"
52356364716421,খুভই বাজে কেউ নিয়ন না ভাি,খুভই বাজে কেউ নিয়ন না ভাি,product_quality_negative,Negative,Product Quality,"{""Product Quality"": ""negative""}"
52823831216421,দাম হিসাবে ওতোটা ভালো না,দাম হিসাবে ওতো টা ভালো না,price_neutral#product_quality_negative,Negative,"Price, Product Quality","{""Price"": ""neutral"", ""Product Quality"": ""negative""}"
54346942316421,হ্যাঁ সবকিছু ঠিক আছে দাম হিসেবে তেমন একটা খারাপ না কিন্তু কোয়ালিটি তার তেমন একটা ভালো লাগে নাই এই দাম হিসেবে ঠিক আছে এটা পাইনি,হ্যাঁ সবকিছু ঠিক আছে দাম হিসেবে তেমন একটা খারাপ না কিন্তু কোয়ালি টি তার তেমন একটা ভালো লাগে নাই এই দাম হিসেবে ঠিক আছে এটা পাইনি,price_neutral#product_quality_neutral,Neutral,"Price, Product Quality","{""Price"": ""neutral"", ""Product Quality"": ""neutral""}"
52741147716421,"কোয়ালেটি খুবই খারাপ এই দামে আরো ভাল এয়ারবার্ডস পাওয়া যাবে 

খুবই বাজে প্রডাক্ট না নিলে ভাল করবেন। 🤌",কোয়ালে টি খুবই খারাপ এই দামে আরো ভাল এয়ারবার্ডস পাওয়া যাবে খুবই বাজে প্রডাক্ট না নিলে ভাল করবেন ।,product_quality_negative,Negative,Product Quality,"{""Product Quality"": ""negative""}"
49392773400629,👉প্রোডাক্ট যেটা চাইছি সেটাই পাইছি কিন্তু 😪দুঃখজনক বেপার একটা ভালো একটা খারাপ আর কোন সমস্যা নাই সাউন্ড কোয়ালিটি খুবই ভালো আপনারা চাইলেই নিতে পারেন 👈,প্রোডাক্ট যে টা চাইছি সেটাই পাইছি কিন্তু দুঃখজনক বেপার একটা ভালো একটা খারাপ আর কোন সমস্যা নাই সাউন্ড কোয়ালি টি খুবই ভালো আপনারা চাইলেই নিতে পারেন,product_quality_positive,Positive,Product Quality,"{""Product Quality"": ""positive""}"
44205419400629,প্রোডাক্ট অনেক অনেক ভালো ব্যবহার করে রিভিউ দিছি আর সেলার এর ব্যবহার অনেক ভালো ছিল চোখ বন্ধ করে নিতে পারেন এই দামে অসাধারণ,প্রোডাক্ট অনেক অনেক ভালো ব্যবহার করে রিভিউ দিছি আর সেলার এর ব্যবহার অনেক ভালো ছিল চোখ বন্ধ করে নিতে পারেন এই দামে অসাধারণ,seller_service_positive#product_quality_positive,Positive,"Product Quality, Seller Service","{""Seller Service"": ""positive"", ""Product Quality"": ""positive""}"
42975935500629,আলহামদুলিল্লাহ অর্ডার করার টাইম এই যেমন আশা করেছি সম্পূর্ণ তেমনি পেয়েছি ১০/১০ ধন্যবাদ সেলার  ভাইকে আমি ওনার সাথে মেসেজ করে অর্ডার করেছি যেমনটা উনি বলেছেন ঠিক তেমনটাই দিয়েছেন ওনার কথা উনি  রেখেছেন ধন্যবাদ ভাই,আলহামদুলিল্লাহ অর্ডার করার টাইম এই যেমন আশা করেছি সম্পূর্ণ তেমনি পেয়েছি ১০ ১০ ধন্যবাদ সেলার ভাইকে আমি ওনার সাথে মেসেজ করে অর্ডার করেছি যেমন টা উনি বলেছেন ঠিক তেমনটাই দিয়েছেন ওনার কথা উনি রেখেছেন ধন্যবাদ ভাই,product_quality_positive,Positive,Product Quality,"{""Product Quality"": ""positive""}"
49883210500629,"প্রাই ২০দিনের মত ব্যবহার করেছি, 
মোটামুটি ভাল পছন্দ হলে নিতে পারেন।
হেবি ইউজে প্রায়ই দু'দিনের মত চার্জ থাকে।
মাস্টার কপি তাই সাউন্ড ভালোই।","প্রাই ২০দিনের মত ব্যবহার করেছি , মোটামুটি ভাল পছন্দ হলে নিতে পারেন । হেবি ইউজে প্রায়ই দু ' দিনের মত চার্জ থাকে । মাস্টার কপি তাই সাউন্ড ভালোই ।",product_quality_positive,Positive,Product Quality,"{""Product Quality"": ""positive""}"
50457054200629,আমার কাছে দাম হিসেবে ওভার ওয়াল ভালো লেগেছে।আমি ৩ দিন ব্যবহার করে রিভিউ দিলাম।চার্জিং ব্যাকআপ ভালো।তবে প্যাকেজিং টা আরো  ভালো করা উচিৎ  ছিলো ।,আমার কাছে দাম হিসেবে ওভার ওয়াল ভালো লেগেছে । আমি ৩ দিন ব্যবহার করে রিভিউ দিলাম । চার্জিং ব্যাকআপ ভালো । তবে প্যাকেজিং টা আরো ভালো করা উচিৎ ছিলো ।,packaging_neutral#price_positive#product_quality_positive,Positive,"Packaging, Price, Product Quality","{""Packaging"": ""neutral"", ""Price"": ""positive"", ""Product Quality"": ""positive""}"
54880093900629,ভাই যদি বলেন এক কথায় বলতে তাহলে আমি ১০/১০ দিব পেকেজিং সেরা ভিতরে সব কিছু আছে আবার এটা খুল্লে টুং করে একটা আওয়াজ করে এটা আরো ভালো লাগে আপনারা চাইলে নিতে পারেন সেরা সেরা,ভাই যদি বলেন এক কথায় বলতে তাহলে আমি ১০ ১০ দিব পেকেজিং সেরা ভিতরে সব কিছু আছে আবার এটা খুল্লে টুং করে একটা আওয়াজ করে এটা আরো ভালো লাগে আপনারা চাইলে নিতে পারেন সেরা সেরা,packaging_positive#product_quality_positive,Positive,"Packaging, Product Quality","{""Packaging"": ""positive"", ""Product Quality"": ""positive""}"
52432927900629,আলহামদুলিল্লাহ প্রোডাক্ট টা অনেক ভালো। আর ডেলিভারি ম্যান এর ব্যবহার ও অনেক ভালো ছিল ।আপনারা চাইলে নিতে পারেন নিঃসন্দেহে।,আলহামদুলিল্লাহ প্রোডাক্ট টা অনেক ভালো । আর ডেলিভারি ম্যান এর ব্যবহার ও অনেক ভালো ছিল । আপনারা চাইলে নিতে পারেন নিঃসন্দেহে ।,delivery_positive#product_quality_positive,Positive,"Delivery, Product Quality","{""Delivery"": ""positive"", ""Product Quality"": ""positive""}"
53600319100629,"ফালতু, ৩ ঘন্টা ও চাজ যায় না একটা এয়ার বাড গুলো, কলে কথা ক্লিয়ার আসে না , বেস বেশি , মিউজিক সাউন্ড কম","ফালতু , ৩ ঘন্টা ও চাজ যায় না একটা এয়ার বাড গুলো , কলে কথা ক্লিয়ার আসে না , বেস বেশি , মিউজিক সাউন্ড কম",product_quality_negative,Negative,Product Quality,"{""Product Quality"": ""negative""}"
53436122700629,"ভাইরে ভাই, দারাজ এটা আমাকে কি দিলো। আমি জাস্ট ফুল্লি স্যাটিসফাইড, এই দামে এর থেকে ভালো এয়ারপড মনে হয় না কোথাও পাবেন জাস্ট অসাধারণ একটা প্রোডাক্ট। অনেক ধন্যবাদ দারাজ কে অসংখ্য ধন্যবাদ সেলার ভাই কে।","ভাইরে ভাই , দারাজ এটা আমাকে কি দিলো । আমি জাস্ট ফুল্লি স্যাটিসফাইড , এই দামে এর থেকে ভালো এয়ারপড মনে হয় না কোথা ও পাবেন জাস্ট অসাধারণ একটা প্রোডাক্ট । অনেক ধন্যবাদ দারাজ কে অসংখ্য ধন্যবাদ সেলার ভাই কে ।",product_quality_positive,Positive,Product Quality,"{""Product Quality"": ""positive""}"
50556057000629,অবিশ্বাস্য ভাই আমি ২৪ ঘন্টার আগে পেয়ে গেছি এত তাড়াতাড়ি কিভাবে তা আমি জানিনা তবে প্রোডাক্টটিও আলহামদুলিল্লাহ  ভালো,অবিশ্বাস্য ভাই আমি ২৪ ঘন্টার আগে পেয়ে গেছি এত তাড়াতাড়ি কিভাবে তা আমি জানিনা তবে প্রোডাক্টটি ও আলহামদুলিল্লাহ ভালো,delivery_positive#product_quality_positive,Positive,"Delivery, Product Quality","{""Delivery"": ""positive"", ""Product Quality"": ""positive""}"
52868968200629,"আলহামদুলিল্লাহ অনেক সুন্দর ইয়ারপোট ।
সবাই চোখ বন্ধ করে নিতে পারেন। 
ইয়ারপোট চাজ সার্ভিস অনেক ভালো।
যেটা আশা করেছিলাম তার থেকে ভালো পাইছি।
ধন্যবাদ দারাজ কে। চার্জ দিবো কি করে বুঝতে পারছিনা। কটের দুই মাথা এক রকম।",আলহামদুলিল্লাহ অনেক সুন্দর ইয়ারপোট । সবাই চোখ বন্ধ করে নিতে পারেন । ইয়ারপোট চাজ সার্ভিস অনেক ভালো । যে টা আশা করেছিলাম তার থেকে ভালো পাইছি । ধন্যবাদ দারাজ কে । চার্জ দিবো কি করে বুঝতে পারছিনা । কটের দুই মাথা এক রকম ।,product_quality_positive,Positive,Product Quality,"{""Product Quality"": ""positive""}"
53597665900629,"এই বাজেটে এটি অনেক ভালো প্রিমিয়াম এবং ভালো কোয়ালিটিফুল। সাউন্ড কোয়ালিটিও ভালো। 
ডেলিভারি ম্যান এর ব্যবহার অনেক ভালো। ধন্যবাদ দারাজকে",এই বাজেটে এটি অনেক ভালো প্রিমিয়াম এবং ভালো কোয়ালিটিফুল । সাউন্ড কোয়ালিটি ও ভালো । ডেলিভারি ম্যান এর ব্যবহার অনেক ভালো । ধন্যবাদ দারাজকে,delivery_positive#product_quality_positive,Positive,"Delivery, Product Quality","{""Delivery"": ""positive"", ""Product Quality"": ""positive""}"
52801260600629,"অনেক ভালো প্রোডাক্ট, প্রথমে ভাবছিলাম অন্যদের মতো নিম্ন মানের কিছু ধরাই দিবে,,কিন্তু হাতে পেয়ে দেখলাম অসাধারণ জিনিস, এই দামে এরকম সাউন্ড কোয়ালিটি  সত্যিই অসাধারণ 🔥🔥 চার্জিং ব্যাকআপ ও ভালোই,এখন দেখা যাক কতদিন টিকে,,চাইলে নিতে পারেন অনেক ভালো প্রোডাক্ট","অনেক ভালো প্রোডাক্ট , প্রথমে ভাবছিলাম অন্যদের মতো নিম্ন মানের কিছু ধরাই দিবে , , কিন্তু হাতে পেয়ে দেখলাম অসাধারণ জিনিস , এই দামে এরকম সাউন্ড কোয়ালি টি সত্যিই অসাধারণ চার্জিং ব্যাকআপ ও ভালোই , এখন দেখা যাক কতদিন টিকে , , চাইলে নিতে পারেন অনেক ভালো প্রোডাক্ট",product_quality_positive,Positive,Product Quality,"{""Product Quality"": ""positive""}"
52980028200629,"ডেলিভারি ম্যান ভাইকে অনেক অনেক ধন্যবাদ। 
দারাজ এর পক্ষ থেকে অসংখ্য ধন্যবাদ। এই  প্রোডাক্ট  অনেক অনেক ভালো। এই দামের মধ্যে বেস্ট প্রডাক্ট আপনারা চাইলে সকলেই নিতে পারেন। 
আমি অরজিনাল প্রোডাক্ট পেয়েছি ৫ দিন ব্যবহার করার পর রিভিউ দিলাম। 
সেলার ভাইকে অনেক ধন্যবাদ।",ডেলিভারি ম্যান ভাইকে অনেক অনেক ধন্যবাদ । দারাজ এর পক্ষ থেকে অসংখ্য ধন্যবাদ । এই প্রোডাক্ট অনেক অনেক ভালো । এই দামের মধ্যে বেস্ট প্রডাক্ট আপনারা চাইলে সকলেই নিতে পারেন । আমি অরজিনাল প্রোডাক্ট পেয়েছি ৫ দিন ব্যবহার করার পর রিভিউ দিলাম । সেলার ভাইকে অনেক ধন্যবাদ ।,seller_service_positive#delivery_positive#price_positive#product_quality_positive,Positive,"Delivery, Price, Product Quality, Seller Service","{""Seller Service"": ""positive"", ""Delivery"": ""positive"", ""Price"": ""positive"", ""Product Quality"": ""positive""}"
50724039100629,আলহামদুলিল্লাহ ইয়াপোট টা অনেক ভালো এর আগে আমি ব্যাবহার করছি আপনারা চাইলে নিতে পারেন কোনো সমস্যা নাই আর ডেলিভারিটা ও অনেক তারা তারি পাইছি ডেলিভারি ম্যান ও অনেক ভালো 💞💞💞💞,আলহামদুলিল্লাহ ইয়াপোট টা অনেক ভালো এর আগে আমি ব্যাবহার করছি আপনারা চাইলে নিতে পারেন কোনো সমস্যা নাই আর ডেলিভারি টা ও অনেক তারা তারি পাইছি ডেলিভারি ম্যান ও অনেক ভালো,delivery_positive#product_quality_positive,Positive,"Delivery, Product Quality","{""Delivery"": ""positive"", ""Product Quality"": ""positive""}"
55028248800629,২ দিন পরে পেয়েছি ।খুব ভালো যেমন ছিল তেমন । প্যাকেট টা খুব সুন্দর । সাউন্ড খুব ভালো। আমার অনেক ভালো লাগছে,২ দিন পরে পেয়েছি । খুব ভালো যেমন ছিল তেমন । প্যাকেট টা খুব সুন্দর । সাউন্ড খুব ভালো । আমার অনেক ভালো লাগছে,delivery_positive#product_quality_positive,Positive,"Delivery, Product Quality","{""Delivery"": ""positive"", ""Product Quality"": ""positive""}"
51286319900629,খুবই ভালো । টাইপ সি চার্জিং । আইফোনে পপআপ আসে । বাট এয়ারবাডের চার্জ কত সেটা দেখায় না । বাট কেইসের টা দেখায় । ওভারঅল গুড,খুবই ভালো । টাইপ সি চার্জিং । আইফোনে পপআপ আসে । বাট এয়ারবাডের চার্জ কত সে টা দেখায় না । বাট কেইসের টা দেখায় । ওভারঅল গুড,product_quality_positive,Positive,Product Quality,"{""Product Quality"": ""positive""}"
54144520500629,কম দামে ভালোই সার্ভিস পাচ্ছি। দোকানে এর দাম ১৫০০ টাকা চায়।  দুই দিনের মধ্যে ডেলিভারি পেয়েছি।  ডারাজ ও সাপ্লায়ারকে ধন্যবাদ।,কম দামে ভালোই সার্ভিস পাচ্ছি । দোকানে এর দাম ১৫০০ টাকা চায় । দুই দিনের মধ্যে ডেলিভারি পেয়েছি । ডারাজ ও সাপ্লায়ারকে ধন্যবাদ ।,delivery_positive#price_positive#product_quality_positive,Positive,"Delivery, Price, Product Quality","{""Delivery"": ""positive"", ""Price"": ""positive"", ""Product Quality"": ""positive""}"
53616056500629,"দাম হিসেবে ভালোই আছে, সাউণ্ড কোয়ালিটি ৮/১০ এ এন সি সাপোর্ট করে না তবে সাউণ্ড তুলনামূলক কম বেস ভালো।
নিতে পারেন সবাই।","দাম হিসেবে ভালোই আছে , সাউণ্ড কোয়ালি টি ৮ ১০ এ এন সি সাপোর্ট করে না তবে সাউণ্ড তুলনামূলক কম বেস ভালো । নিতে পারেন সবাই ।",product_quality_positive,Positive,Product Quality,"{""Product Quality"": ""positive""}"
52725251200629,"বেস্ট প্রোডাক্ট । 
আপনাদের থেকে কম প্রাইসে এত ভালো কোয়ালিটি আমি অন্য কোথাও দেখি নাই । 
মার্কেটে যেগুলো ২০০০ টাকা সেল করে ওইগুলির কোয়ালিটি আর আপনাদের কোয়ালিটি একদম সেম । 
ধন্যবাদ আপনাদেরকে",বেস্ট প্রোডাক্ট । আপনাদের থেকে কম প্রাইসে এত ভালো কোয়ালি টি আমি অন্য কোথা ও দেখি নাই । মার্কেটে যে গুলো ২০ টাকা সেল করে ওইগুলির কোয়ালি টি আর আপনাদের কোয়ালি টি একদম সেম । ধন্যবাদ আপনাদেরকে,price_positive#product_quality_positive,Positive,"Price, Product Quality","{""Price"": ""positive"", ""Product Quality"": ""positive""}"
52371967700629,এ মালের রিভু আর কি দেব অসম্ভব সুন্দর এই দিয়ে দুইটা নিলাম এক সপ্তাহের মধ্যে বেশি কিছু লিখতে চাই না দারাজ এবং ডেলিভারি ম্যান সেলার সব্বার ব্যবহারটাই ছিল অসাধারণ বলার মতো না আর মালটা পাইছি একদম অরজিনাল আপনারা চাইলে নিতে পারেন নিঃসন্দেহে কোন দ্বিধাদ্বন্দের মধ্যে পড়ার দরকার নাই রিলা এক্সে নিয়ে নিন আমার প্রাইজটা একদমই অল্প পড়ছে মাত্র 649 টাকা মাত্র এত অল্প বাজেটে আর কোথাও পাবেন কিনা আমার জানা নাই যারা যারা নিতে চান এখনি অর্ডার দিয়ে দিন ডেলিভারি দু থেকে তিন দিনের মধ্যে চলে আসবে ইনশাআল্লাহ সবাই ভালো থাকবেন সুস্থ থাকবেন আমার জন্য দোয়া করবেন ।,এ মালের রিভু আর কি দেব অসম্ভব সুন্দর এই দিয়ে দুই টা নিলাম এক সপ্তাহের মধ্যে বেশি কিছু লিখতে চাই না দারাজ এবং ডেলিভারি ম্যান সেলার সব্বার ব্যবহারটাই ছিল অসাধারণ বলার মতো না আর মাল টা পাইছি একদম অরজিনাল আপনারা চাইলে নিতে পারেন নিঃসন্দেহে কোন দ্বিধাদ্বন্দের মধ্যে পড়ার দরকার নাই রিলা এক্সে নিয়ে নিন আমার প্রাইজ টা একদমই অল্প পড়ছে মাত্র 649 টাকা মাত্র এত অল্প বাজেটে আর কোথা ও পাবেন কিনা আমার জানা নাই যারা যারা নিতে চান এখনি অর্ডার দিয়ে দিন ডেলিভারি দু থেকে তিন দিনের মধ্যে চলে আসবে ইনশাআল্লাহ সবাই ভালো থাকবেন সুস্থ থাকবেন আমার জন্য দোয়া করবেন ।,seller_service_positive#product_quality_positive,Positive,"Product Quality, Seller Service","{""Seller Service"": ""positive"", ""Product Quality"": ""positive""}"
51201134700629,প্রোডাক্টটি ভালো কিন্তু চার্জার কেবিলটি একটুও ভালো না। পুরাই নষ্ট। চার্জার কেবল টা নষ্ট পাইছি। দয়া করে মানুষকে এভাবে খারাপ চার্জার কেবল দিবেন না । ভালো দেখে দিয়েন।,প্রোডাক্ট টি ভালো কিন্তু চার্জার কেবিল টি একটু ও ভালো না । পুরাই নষ্ট । চার্জার কেবল টা নষ্ট পাইছি । দয়া করে মানুষকে এভাবে খারাপ চার্জার কেবল দিবেন না । ভালো দেখে দিয়েন ।,product_quality_positive,Positive,Product Quality,"{""Product Quality"": ""positive""}"
53714126600629,"আলহামদুলিল্লাহ 
খুব ভালো একটা প্রোডাক্ট। আমি যেরকম চেয়েছি সেই রকম পেয়েছি আপনারাও নিতে পারেন।",আলহামদুলিল্লাহ খুব ভালো একটা প্রোডাক্ট । আমি যেরকম চেয়েছি সেই রকম পেয়েছি আপনারা ও নিতে পারেন ।,product_quality_positive,Positive,Product Quality,"{""Product Quality"": ""positive""}"
49710012600629,আলহামদুলিল্লাহ এইটা নিয়া ২ টা কিনলাম আগেরটা ভালো ছিল তাই আমার ফ্রেন্ড এর জন্য এইটা অর্ডার করলাম বাজেট হিসাবে আমার কাছে ঠিকঠাক লাগছে এই গেজেট টা আপনারও নিতে পারেন। ধন্যবাদ দারাজ 🥰🥰🫰,আলহামদুলিল্লাহ এই টা নিয়া ২ টা কিনলাম আগের টা ভালো ছিল তাই আমার ফ্রেন্ড এর জন্য এই টা অর্ডার করলাম বাজেট হিসাবে আমার কাছে ঠিকঠাক লাগছে এই গেজেট টা আপনার ও নিতে পারেন । ধন্যবাদ দারাজ,price_neutral#product_quality_positive,Positive,"Price, Product Quality","{""Price"": ""neutral"", ""Product Quality"": ""positive""}"
48878627500629,ভাই সত্যি বলতে কি এত কম বাজেটে এত ভালো হয়তোবা আর কেউ দিতে পারেনি ধন্যবাদ সেলার কে এবং ধন্যবাদ দারাজ কে এত সুন্দর আরে তো ভালো একটা প্রোডাক্ট দেওয়ার জন্য আপনি যদি প্রোডাক্টটিকে একবার চাষ দেন তাহলে অনায়েসে আপনি একদিনের থেকেও বেশি ইউজ করতে পারবে কোন ভাবনা চিন্তা না করে নিয়ে ফেলেন,ভাই সত্যি বলতে কি এত কম বাজেটে এত ভালো হয়তোবা আর কেউ দিতে পারেনি ধন্যবাদ সেলার কে এবং ধন্যবাদ দারাজ কে এত সুন্দর আরে তো ভালো একটা প্রোডাক্ট দেওয়ার জন্য আপনি যদি প্রোডাক্টটিকে একবার চাষ দেন তাহলে অনায়েসে আপনি একদিনের থেকে ও বেশি ইউজ করতে পারবে কোন ভাবনা চিন্তা না করে নিয়ে ফেলেন,product_quality_positive,Positive,Product Quality,"{""Product Quality"": ""positive""}"
49529181500629,"দাম অনুযায়ী প্রোডাক্ট অনেক ভালো। ❤️
ছেলার ভাইকে অসংখ্য ধন্যবাদ এক্সট্রা একটা চার্জিং কর্ট  দেওয়ার জন্য। 
সাউন্ড কোয়ালিটি অনেক ভালো👌,, চার্জিং ব্যাকআপ চেক করা হয় নাই😞
আশা করি চার্জিং ব্যাকআপ অনেক ভালো হবে ❤️❤️❤️","দাম অনুযায়ী প্রোডাক্ট অনেক ভালো । ছেলার ভাইকে অসংখ্য ধন্যবাদ এক্সট্রা একটা চার্জিং কর্ট দেওয়ার জন্য । সাউন্ড কোয়ালি টি অনেক ভালো , , চার্জিং ব্যাকআপ চেক করা হয় নাই আশা করি চার্জিং ব্যাকআপ অনেক ভালো হবে",price_positive#product_quality_positive,Positive,"Price, Product Quality","{""Price"": ""positive"", ""Product Quality"": ""positive""}"
49535161500629,"আলহামদুলিল্লাহ প্রোডাক্ট টা হাতে পেয়েছি। লএকদিন ব্যবহার করার পর রিভিউ দিচ্ছি। 
আমার কাছে তার সাউন্ড কোয়ালিটি খুবই ভালো লাগছে দাম হিসাবে একদম ঠিক ঠাকই মনে হচ্ছে। চার্জও মোটামুটি ভালোই থাকে এইদামে অন্যসব ইয়ারবাস্ট থেকে ভালোই। 
সবচেয়ে ভালো লাগার দিক হলো তার লুকটা এক কথায় অসাধারণ, অনেক টা প্রিমিয়াম টাইপের ফিল পাওয়া যায়।।। 
উল্লেখ্যঃ যারা গেমিং করেন তাদের জন্য এইটা না, গেমিং করার ক্ষেত্রে খুবই বাজে সাউন্ড দেয়।😞","আলহামদুলিল্লাহ প্রোডাক্ট টা হাতে পেয়েছি । লএকদিন ব্যবহার করার পর রিভিউ দিচ্ছি । আমার কাছে তার সাউন্ড কোয়ালি টি খুবই ভালো লাগছে দাম হিসাবে একদম ঠিক ঠাকই মনে হচ্ছে । চার্জ ও মোটামুটি ভালোই থাকে এইদামে অন্যসব ইয়ারবাস্ট থেকে ভালোই । সবচেয়ে ভালো লাগার দিক হলো তার লুক টা এক কথায় অসাধারণ , অনেক টা প্রিমিয়াম টাইপের ফিল পাওয়া যায় । উল্লেখ্যঃ যারা গেমিং করেন তাদের জন্য এই টা না , গেমিং করার ক্ষেত্রে খুবই বাজে সাউন্ড দেয় ।",price_positive#product_quality_positive,Positive,"Price, Product Quality","{""Price"": ""positive"", ""Product Quality"": ""positive""}"
49563673200629,"আলহামদুলিল্লাহ   আমি দুইটা অর্ডার করেছিলাম ১০০% অথেন্টিক প্রোডাক্ট আপনারা চাইলে চোখ বন্ধ করে নিতে পারেন .  (বিশেষভাবে ধন্যবাদ  স্টোর কে যিনি একটি কেবল ফ্রি দিয়েছেন)  
  ৬০০ টাকায় এত ভালো প্রোডাক্ট আশা করিনি.  আপনারা চাইলে নিতে পারেন.  ধন্যবাদ দারাজ কে",আলহামদুলিল্লাহ আমি দুই টা অর্ডার করেছিলাম ১০০ অথেন্টিক প্রোডাক্ট আপনারা চাইলে চোখ বন্ধ করে নিতে পারেন . বিশেষভাবে ধন্যবাদ স্টোর কে যিনি একটি কেবল ফ্রি দিয়েছেন ৬০০ টাকায় এত ভালো প্রোডাক্ট আশা করিনি. আপনারা চাইলে নিতে পারেন. ধন্যবাদ দারাজ কে,product_quality_positive,Positive,Product Quality,"{""Product Quality"": ""positive""}"
54771634700629,আমার কাছে এই দামে এই প্রোডাক্টস টা খুবি ভালো লেগেছে ধন্যবাদ দারাজ কে ধন্যবাদ সেলার ভাইকে,আমার কাছে এই দামে এই প্রোডাক্টস টা খুবি ভালো লেগেছে ধন্যবাদ দারাজ কে ধন্যবাদ সেলার ভাইকে,price_positive#product_quality_positive,Positive,"Price, Product Quality","{""Price"": ""positive"", ""Product Quality"": ""positive""}"
52881181700629,বলুন টা অনেক সুন্দর ওখানে অনেক সুন্দর করে সেট হয় পিকটা অনেক ভালো শাওনের গলভিটাও অসাম,বলুন টা অনেক সুন্দর ওখানে অনেক সুন্দর করে সেট হয় পিক টা অনেক ভালো শাওনের গলভিটা ও অসাম,product_quality_positive,Positive,Product Quality,"{""Product Quality"": ""positive""}"
49418988900629,"ব্যবহার করে যেটা লক্ষ্য করলাম, কথা বললে অপরজনের শুনতে সমস্যা হচ্ছে,ও ভয়েস টা অনেক মোটা শোনা যাচ্ছে, এছাড়া এ দামের মধ্যে সবকিছুই মোটামুটি ঠিক আছে।","ব্যবহার করে যে টা লক্ষ্য করলাম , কথা বললে অপরজনের শুনতে সমস্যা হচ্ছে , ও ভয়েস টা অনেক মো টা শোনা যাচ্ছে , এছাড়া এ দামের মধ্যে সবকিছুই মোটামুটি ঠিক আছে ।",price_neutral#product_quality_neutral,Neutral,"Price, Product Quality","{""Price"": ""neutral"", ""Product Quality"": ""neutral""}"
43784460800629,অনেক ভালো প্রোডাক্ট  নিতে পারে। সাউন্ড কোয়ালিটি  অনেক ভালো । গুণগতমান ঠিক আছে।,অনেক ভালো প্রোডাক্ট নিতে পারে । সাউন্ড কোয়ালি টি অনেক ভালো । গুণগতমান ঠিক আছে ।,product_quality_positive,Positive,Product Quality,"{""Product Quality"": ""positive""}"
42796857600629,আলহামদুলিল্লাহ যেমন টা চেয়েছি তার চেয়ে ভালো পেয়েছি পোডাক্ট এর সাউন্ড কুয়ালিটি অনেক ভালো সবাই চাইলে নিতে পারবেন,আলহামদুলিল্লাহ যেমন টা চেয়েছি তার চেয়ে ভালো পেয়েছি পোডাক্ট এর সাউন্ড কুয়ালি টি অনেক ভালো সবাই চাইলে নিতে পারবেন,product_quality_positive,Positive,Product Quality,"{""Product Quality"": ""positive""}"
49533086600629,অসাধারণ একটি প্রোডাক্ট যেভাবে চেয়েছিলাম সেভাবেই পাইছি সাউন্ড কোয়ালিটি খুবই সুন্দর অসাধারণ,অসাধারণ একটি প্রোডাক্ট যেভাবে চেয়েছিলাম সেভাবেই পাইছি সাউন্ড কোয়ালি টি খুবই সুন্দর অসাধারণ,product_quality_positive,Positive,Product Quality,"{""Product Quality"": ""positive""}"
52580456500629,"খুব ভালো,,পাইছ হিসেবে ঠিক আছে,,বাট একটা কানেটিব একটা হয় আরেক টা হয়ে না 💔🥺","খুব ভালো , , পাইছ হিসেবে ঠিক আছে , , বাট একটা কানেটিব একটা হয় আরেক টা হয়ে না",price_neutral#product_quality_positive,Positive,"Price, Product Quality","{""Price"": ""neutral"", ""Product Quality"": ""positive""}"
52817930000629,আলহামদুলিল্লাহ প্রডাক্ট খুব ভালো। ডেলিভারি সময়মতো পেয়েছি। ধন্যবাদ দারাজকে।,আলহামদুলিল্লাহ প্রডাক্ট খুব ভালো । ডেলিভারি সময়মতো পেয়েছি । ধন্যবাদ দারাজকে ।,delivery_positive#product_quality_positive,Positive,"Delivery, Product Quality","{""Delivery"": ""positive"", ""Product Quality"": ""positive""}"
52397114000629,এক কথায় এটা অনেক ভালো সাউন্ড কোয়ালিটি অনেক সুন্দর নিঃসন্দেহে নিতে পারেন 🖤,এক কথায় এটা অনেক ভালো সাউন্ড কোয়ালি টি অনেক সুন্দর নিঃসন্দেহে নিতে পারেন,product_quality_positive,Positive,Product Quality,"{""Product Quality"": ""positive""}"
53944160200629,অনেক  ভালো  হয়ছে  আলহামদুলিল্লাহ  আপনারাও নিতে পারেন চাইলে,অনেক ভালো হয়ছে আলহামদুলিল্লাহ আপনারা ও নিতে পারেন চাইলে,product_quality_positive,Positive,Product Quality,"{""Product Quality"": ""positive""}"
53375456000629,পন্যটি ভালো আছে নিতে পারেন। দাম হিসেবে ভালো সাউন্ড হয়।,পন্য টি ভালো আছে নিতে পারেন । দাম হিসেবে ভালো সাউন্ড হয় ।,price_positive#product_quality_positive,Positive,"Price, Product Quality","{""Price"": ""positive"", ""Product Quality"": ""positive""}"
53484933100629,ভালো পণ্য । গান শুনলে সুন্দর করে শোনা যায়। সুন্দর রং।,ভালো পণ্য । গান শুনলে সুন্দর করে শোনা যায় । সুন্দর রং ।,product_quality_positive,Positive,Product Quality,"{""Product Quality"": ""positive""}"
54755950100629,"খুবি ভালো একটা প্রোডাক্ট 
ডেলিভারি ম্যানটিও খুব ভালো",খুবি ভালো একটা প্রোডাক্ট ডেলিভারি ম্যানটি ও খুব ভালো,delivery_positive#product_quality_positive,Positive,"Delivery, Product Quality","{""Delivery"": ""positive"", ""Product Quality"": ""positive""}"
52093427700629,বাজেট হিসেবে ভালো তবে মাঝে মাঝে একটু বাইধা বাইধা যায়।,বাজেট হিসেবে ভালো তবে মাঝে মাঝে একটু বাইধা বাইধা যায় ।,product_quality_positive,Positive,Product Quality,"{""Product Quality"": ""positive""}"
50065427200629,"দাম হিসেবে এই পণ্যটি আমার কাছে ভালই লাগছে 
ধন্যবাদ",দাম হিসেবে এই পণ্য টি আমার কাছে ভালই লাগছে ধন্যবাদ,price_positive#product_quality_positive,Positive,"Price, Product Quality","{""Price"": ""positive"", ""Product Quality"": ""positive""}"
52389831700629,"অস্থির সাউন্ড, বেস্ট কোয়ালিটি,  চার্জও ভালো টিকে","অস্থির সাউন্ড , বেস্ট কোয়ালি টি , চার্জ ও ভালো টিকে",product_quality_positive,Positive,Product Quality,"{""Product Quality"": ""positive""}"
42657956400629,এতদিন পরে একটা মনের মত প্রোডাক্ট পেয়েছি ধন্যবাদ দারাজ,এতদিন পরে একটা মনের মত প্রোডাক্ট পেয়েছি ধন্যবাদ দারাজ,product_quality_positive,Positive,Product Quality,"{""Product Quality"": ""positive""}"
53741699000629,ভালই প্রোডাক্ট । সাউন্ড কোয়ালিটি ভালো আছে,ভালই প্রোডাক্ট । সাউন্ড কোয়ালি টি ভালো আছে,product_quality_positive,Positive,Product Quality,"{""Product Quality"": ""positive""}"
49830853300629,১০০ তে ১০০!!! প্রোডাক্ট ভালো কিনে ফেলেন।।,১০০ তে ১০০ ! প্রোডাক্ট ভালো কিনে ফেলেন । ।,product_quality_positive,Positive,Product Quality,"{""Product Quality"": ""positive""}"
49538312100629,অসাধারণ সেরা ভাই সেরা  সাউন্ড কয়ালিটি মনোমুগ্ধকর,অসাধারণ সেরা ভাই সেরা সাউন্ড কয়ালি টি মনোমুগ্ধকর,product_quality_positive,Positive,Product Quality,"{""Product Quality"": ""positive""}"
52446464300629,দাম হিসেবে ভালো প্রডাক্ট। নিতে পারেন।,দাম হিসেবে ভালো প্রডাক্ট । নিতে পারেন ।,price_positive#product_quality_positive,Positive,"Price, Product Quality","{""Price"": ""positive"", ""Product Quality"": ""positive""}"
53424588400629,"খুবই ভালো ছিল,আপনারা চাইলে নিতে পারেন।","খুবই ভালো ছিল , আপনারা চাইলে নিতে পারেন ।",product_quality_positive,Positive,Product Quality,"{""Product Quality"": ""positive""}"
52463031100629,খুব ভালো৷৷  আপনারা সবাই নিতে পারেন,খুব ভালো৷৷ আপনারা সবাই নিতে পারেন,product_quality_positive,Positive,Product Quality,"{""Product Quality"": ""positive""}"
49710556000629,আলহামদুলিল্লাহ সাউন্ড কোয়ালিটি অনেকটাই ভালো,আলহামদুলিল্লাহ সাউন্ড কোয়ালি টি অনেকটাই ভালো,product_quality_positive,Positive,Product Quality,"{""Product Quality"": ""positive""}"
53487551500629,আমি ৪টা নিচি ভালোই চলে দাম হিসেবে,আমি ৪টা নিচি ভালোই চলে দাম হিসেবে,price_positive#product_quality_positive,Positive,"Price, Product Quality","{""Price"": ""positive"", ""Product Quality"": ""positive""}"
53401218700629,ভালো আছে চাইলে সবাই নিতে পারেন,ভালো আছে চাইলে সবাই নিতে পারেন,product_quality_positive,Positive,Product Quality,"{""Product Quality"": ""positive""}"
49272728000629,মোটামুটি ভালো। কোয়ালিটি ১০ এর মধ্যে ৭ দেওয়া যায়।,মোটামুটি ভালো । কোয়ালি টি ১০ এর মধ্যে ৭ দেওয়া যায় ।,product_quality_neutral,Neutral,Product Quality,"{""Product Quality"": ""neutral""}"
53337491800629,টাইপ সি ক্যাবল নষ্ট 😕এছাড়া প্রোডাক্ট টা খুবই ভালো। ভালো ওয়েট ও আছে।  এখন দেখার বিষয় কত দিন টিকে। বারকোড স্কান করলে কাজ করে না।  কপির ও কপি 😪😪😪,টাইপ সি ক্যাবল নষ্ট এছাড়া প্রোডাক্ট টা খুবই ভালো । ভালো ওয়েট ও আছে । এখন দেখার বিষয় কত দিন টিকে । বারকোড স্কান করলে কাজ করে না । কপির ও কপি,product_quality_positive,Positive,Product Quality,"{""Product Quality"": ""positive""}"
45974785000629,আলহামদুলিল্লাহ এয়ারপডস টা খুবই ভালো। বন্ধুর জন্য অর্ডার দিয়েছিলাম ওর খুবই পছন্দ হয়েছে। ওজনেও বেশ ভারী সাথে টাইপসি ক্যাবল ও দিয়েছে।,আলহামদুলিল্লাহ এয়ারপডস টা খুবই ভালো । বন্ধুর জন্য অর্ডার দিয়েছিলাম ওর খুবই পছন্দ হয়েছে । ওজনে ও বেশ ভারী সাথে টাইপসি ক্যাবল ও দিয়েছে ।,product_quality_positive,Positive,Product Quality,"{""Product Quality"": ""positive""}"
42669922700629,দেখতে যেমন সুন্দর সাউন্ড তেমন সুন্দর ধন্যবাদ,দেখতে যেমন সুন্দর সাউন্ড তেমন সুন্দর ধন্যবাদ,product_quality_positive,Positive,Product Quality,"{""Product Quality"": ""positive""}"
44493385900629,"এয়ারপোর্টটা খুব ভালো ব্ল্যাক কালার টা অনেক সুন্দর 
সেলার এর ব্যবহার অনেক সুন্দর 
ডেলিভারি ম্যান সোহেল ভাই এর ব্যবহার অনেক চমৎকার 
দারাজ অ্যাপটা আসলে অনেক ভালো",এয়ারপোর্ট টা খুব ভালো ব্ল্যাক কালার টা অনেক সুন্দর সেলার এর ব্যবহার অনেক সুন্দর ডেলিভারি ম্যান সোহেল ভাই এর ব্যবহার অনেক চমৎকার দারাজ অ্যাপ টা আসলে অনেক ভালো,seller_service_positive#delivery_positive#product_quality_positive,Positive,"Delivery, Product Quality, Seller Service","{""Seller Service"": ""positive"", ""Delivery"": ""positive"", ""Product Quality"": ""positive""}"
44484767200629,"যেমন চেয়েছিলাম তাঁর থেকেও অনেক বেশি ভালো 
সেলার এর ব্যবহার অনেক ভালো 
ডেলিভারি ম্যান এর ব্যবহার সেই",যেমন চেয়েছিলাম তাঁর থেকে ও অনেক বেশি ভালো সেলার এর ব্যবহার অনেক ভালো ডেলিভারি ম্যান এর ব্যবহার সেই,seller_service_positive#delivery_positive#product_quality_positive,Positive,"Delivery, Product Quality, Seller Service","{""Seller Service"": ""positive"", ""Delivery"": ""positive"", ""Product Quality"": ""positive""}"
42877861700629,অসাধারণ একটি প্রোডাক্ট সাউন্ড কোয়ালিটি অনেক ভালো ব্যাস অনেক ভালো দেয় চাইলে সবাই নিতে পারেন দাম অনুযায়ী ভালো একটি প্রোডাক্ট ধন্যবাদ দারাজ ধন্যবাদ সেলার ভাই এত সুন্দর একটি প্রোডাক্ট দেওয়ার জন্য,অসাধারণ একটি প্রোডাক্ট সাউন্ড কোয়ালি টি অনেক ভালো ব্যাস অনেক ভালো দেয় চাইলে সবাই নিতে পারেন দাম অনুযায়ী ভালো একটি প্রোডাক্ট ধন্যবাদ দারাজ ধন্যবাদ সেলার ভাই এত সুন্দর একটি প্রোডাক্ট দেওয়ার জন্য,price_positive#product_quality_positive,Positive,"Price, Product Quality","{""Price"": ""positive"", ""Product Quality"": ""positive""}"
45703748000629,না নেওয়ার কোন কারণ নেই।নেওয়ার অনেক কারণ আছে।।।,না নেওয়ার কোন কারণ নেই । নেওয়ার অনেক কারণ আছে ।,product_quality_positive,Positive,Product Quality,"{""Product Quality"": ""positive""}"
45751738600629,প্রোডাক্টটি অনেক ভালো চাইলে সবাই নিতে পারেন,প্রোডাক্ট টি অনেক ভালো চাইলে সবাই নিতে পারেন,product_quality_positive,Positive,Product Quality,"{""Product Quality"": ""positive""}"
50332369500629,"দাম অনুযায়ী মোটামুটি ভালো,,, কিন্তু নয়েজ ক্যালকুলেশন নাই ,, যারা চাচ্ছেন একটু কম দামের ভিতরে ব্লুটুথ আছেন ভালো ব্যাটারি ব্যাকআপ তারা শুধুমাত্র নিতে পারেন দাম অনুযায়ী ভালই আছে,,, এরকম একটি ব্লু টু মার্কেটে কিনতে গেলে ৭০০ থেকে ৭৫০ টাকা নিয়ে থাকবে,,, আমার কাছে দাম হিসেবে মোটামুটি ভালই আছে খারাপ না আপনারা নিতে পারেন।। ❤️","দাম অনুযায়ী মোটামুটি ভালো , কিন্তু নয়েজ ক্যালকুলেশন নাই , , যারা চাচ্ছেন একটু কম দামের ভিতরে ব্লুটুথ আছেন ভালো ব্যাটারি ব্যাকআপ তারা শুধুমাত্র নিতে পারেন দাম অনুযায়ী ভালই আছে , এরকম একটি ব্লু টু মার্কেটে কিনতে গেলে ৭০০ থেকে ৭৫০ টাকা নিয়ে থাকবে , আমার কাছে দাম হিসেবে মোটামুটি ভালই আছে খারাপ না আপনারা নিতে পারেন । ।",price_neutral#product_quality_neutral,Neutral,"Price, Product Quality","{""Price"": ""neutral"", ""Product Quality"": ""neutral""}"
49778170000629,"ফালতু প্রোডাক্ট,, চার্জ থাকে না,, বিক্রেতার কথার সাথে কাজের কোন মিল নাই,, কেউ নিবেন না,, রিটার্ন করে দিতে চাচ্ছি সেটাও পেন্ডিং দেখাচ্ছে,,, বলছিল ৩ থেকে ৪ ঘন্টা চার্জ থাকবে উল্টা দুই ঘন্টা চার্জ থাকে না ফালতু একটা প্রোডাক্ট,,, চার্জ ওঠার কোন মিল নাই একটা হান্ডেট পার্সেন্ট চার্জ হয় আর একটা ৮০% চার্জ হয়ে থাকে,, খুবই খারাপ এক্সপেরিয়েন্স","ফালতু প্রোডাক্ট , , চার্জ থাকে না , , বিক্রেতার কথার সাথে কাজের কোন মিল নাই , , কেউ নিবেন না , , রিটার্ন করে দিতে চাচ্ছি সেটা ও পেন্ডিং দেখাচ্ছে , বলছিল ৩ থেকে ৪ ঘন্টা চার্জ থাকবে উল্টা দুই ঘন্টা চার্জ থাকে না ফালতু একটা প্রোডাক্ট , চার্জ ওঠার কোন মিল নাই একটা হান্ডেট পার্সেন্ট চার্জ হয় আর একটা ৮০ চার্জ হয়ে থাকে , , খুবই খারাপ এক্সপেরিয়েন্স",product_quality_negative,Negative,Product Quality,"{""Product Quality"": ""negative""}"
51398725400629,"প্রোডাক্টটি অনেক ভাল ছিল।  হাতে নেওয়ার পর খুব প্রিমিয়াম একটা ফিল পাইছি। সাউন্ড কোয়ালিটি ও অসাধারণ। আপনারা যারা নিতে চান, নির্দ্বিধায় নিতে পারেন। এছাড়াও, সেলারের ব্যবহার খুব ভালো ছিল। ডেলিভারিও ঠিকঠাক ছিল।","প্রোডাক্ট টি অনেক ভাল ছিল । হাতে নেওয়ার পর খুব প্রিমিয়াম একটা ফিল পাইছি । সাউন্ড কোয়ালি টি ও অসাধারণ । আপনারা যারা নিতে চান , নির্দ্বিধায় নিতে পারেন । এছাড়া ও , সেলারের ব্যবহার খুব ভালো ছিল । ডেলিভারি ও ঠিকঠাক ছিল ।",seller_service_positive#delivery_neutral#product_quality_positive,Positive,"Delivery, Product Quality, Seller Service","{""Seller Service"": ""positive"", ""Delivery"": ""neutral"", ""Product Quality"": ""positive""}"
52413003200629,এক্কেবারে খারাপ। প্যাকেজিং এভাবে একটা জিনিস কাউকে ডেলিভারি দিতে নেই। মূল্য অনুযায়ী নরমাল প্যাকেটে করে কাস্টমারের কাছে ডেলিভারি দিয়েছে আসলে এটা আমি কখনো আশা করিনি। বক্সটা ছেরা ছিল। প্রথমে দেখে আমি খুব মর্মাহত। দাম হিসেবে চার্জ ঠিক আছে কিন্তু। তাস এডজাস্টমেন্ট খুবই খারাপ কান থেকে খুললে অটোমেটিকলি কাজ করে এটা আমার খুব একটা ভালো লাগলো।,এক্কেবারে খারাপ । প্যাকেজিং এভাবে একটা জিনিস কাউকে ডেলিভারি দিতে নেই । মূল্য অনুযায়ী নরমাল প্যাকেটে করে কাস্টমারের কাছে ডেলিভারি দিয়েছে আসলে এটা আমি কখনো আশা করিনি । বক্স টা ছেরা ছিল । প্রথমে দেখে আমি খুব মর্মাহত । দাম হিসেবে চার্জ ঠিক আছে কিন্তু । তাস এডজাস্টমেন্ট খুবই খারাপ কান থেকে খুললে অটোমেটিকলি কাজ করে এটা আমার খুব একটা ভালো লাগলো ।,packaging_negative,Negative,Packaging,"{""Packaging"": ""negative""}"
49520117800629,"ভালই বাট কথা বলতে একটু প্রব্লেম হয়,,  আর গেম খেলতে অসুবিধা হয় আওয়াজ একটু পরে আসে,,,  আর অভার অল ভালই","ভালই বাট কথা বলতে একটু প্রব্লেম হয় , , আর গেম খেলতে অসুবিধা হয় আওয়াজ একটু পরে আসে , আর অভার অল ভালই",product_quality_positive,Positive,Product Quality,"{""Product Quality"": ""positive""}"
52340354400629,আলহামদুলিল্লাহ ভালো ব্যাটারি ব্যাকআপ খুবই ভালো ব্যবহার করার প্রায় ১৫ দিন পর রিভিউ দিতেছি খুব ভালো নিতে পারেন,আলহামদুলিল্লাহ ভালো ব্যাটারি ব্যাকআপ খুবই ভালো ব্যবহার করার প্রায় ১৫ দিন পর রিভিউ দিতেছি খুব ভালো নিতে পারেন,product_quality_positive,Positive,Product Quality,"{""Product Quality"": ""positive""}"
50325221900629,"প্রোডাক্ট টি খুবই ভালো।তবে ডেলিভারি ম্যান আমাকে প্রায় তিন চার দিন ঘুরিয়েছে। এদিকে নজর রাখার  জোর দাবি জানাচ্ছি, ডেলিভারি ম্যান এর হাতে কেনো প্রোডাক্ট চার থেকে পাঁচ দিন  থাকবে। তাদের ডেলিভারি ব্যবস্থা খুবই বাজে।","প্রোডাক্ট টি খুবই ভালো । তবে ডেলিভারি ম্যান আমাকে প্রায় তিন চার দিন ঘুরিয়েছে । এদিকে নজর রাখার জোর দাবি জানাচ্ছি , ডেলিভারি ম্যান এর হাতে কেনো প্রোডাক্ট চার থেকে পাঁচ দিন থাকবে । তাদের ডেলিভারি ব্যবস্থা খুবই বাজে ।",delivery_negative#product_quality_positive,Neutral,"Delivery, Product Quality","{""Delivery"": ""negative"", ""Product Quality"": ""positive""}"
50438325400629,"প্রায় ৭ দিন ব্যাবহারের পর রিভিও দিতেছি, সেলার রসপন্স ভাল। প্যাকেজিং ও ভালই ছিল। টাইপ-সি দিতে বলছিলাম টাইপ-সি পোর্টের টাই দিয়েছে। সাউন্ড কোয়ালিটি দাম অনুযায়ী ভালই ক্লিয়ার ও লাউড। কলে কথা বলার সময় একটু প্যারা খেতে হয় মাঝেমাঝে। বাডস গুলোতে চার্জ ভালই থাকে ৭০% ভলিউম এ ৪-৪.৫ ঘন্টা চার্জ থাকে। আর বক্স থেকে ২ বার বাডসগুলো চার্জ দেওয়া যায়।","প্রায় ৭ দিন ব্যাবহারের পর রিভি ও দিতেছি , সেলার রসপন্স ভাল । প্যাকেজিং ও ভালই ছিল । টাইপ-সি দিতে বলছিলাম টাইপ-সি পোর্টের টাই দিয়েছে । সাউন্ড কোয়ালি টি দাম অনুযায়ী ভালই ক্লিয়ার ও লাউড । কলে কথা বলার সময় একটু প্যারা খেতে হয় মাঝেমাঝে । বাডস গুলোতে চার্জ ভালই থাকে ৭০ ভলিউম এ ৪-৪.৫ ঘন্টা চার্জ থাকে । আর বক্স থেকে ২ বার বাডস গুলো চার্জ দেওয়া যায় ।",seller_service_positive#packaging_positive#product_quality_positive,Positive,"Packaging, Product Quality, Seller Service","{""Seller Service"": ""positive"", ""Packaging"": ""positive"", ""Product Quality"": ""positive""}"
52574522500629,আজই প্রোডাক্টটি হাতে পেলাম। মাত্র ২ দিনে ডেলিভারি দিল। আলহামদুলিল্লাহ ভালো অবস্থায় পেয়েছি। সাউন্ড কোয়ালিটি দাম অনুযায়ী বেশ ভালো।,আজই প্রোডাক্ট টি হাতে পেলাম । মাত্র ২ দিনে ডেলিভারি দিল । আলহামদুলিল্লাহ ভালো অবস্থায় পেয়েছি । সাউন্ড কোয়ালি টি দাম অনুযায়ী বেশ ভালো ।,delivery_positive#price_positive#product_quality_positive,Positive,"Delivery, Price, Product Quality","{""Delivery"": ""positive"", ""Price"": ""positive"", ""Product Quality"": ""positive""}"
50494039800629,"আলহামদুলিল্লাহ!! প্রোডাক্ট হাতে পাইলাম প্রোডাক্টটি মিসিং হওয়ার পর পুনরায় আবার পাইলাম।
 ধন্যবাদ দারাজ ব্যবস্থাপনাকে! ❤️💝
টাকা অনুযায়ী পণ্যটি আলহামদুলিল্লাহ অনেক ভালো🎉",আলহামদুলিল্লাহ ! ! প্রোডাক্ট হাতে পাইলাম প্রোডাক্ট টি মিসিং হওয়ার পর পুনরায় আবার পাইলাম । ধন্যবাদ দারাজ ব্যবস্থাপনাকে ! টাকা অনুযায়ী পণ্য টি আলহামদুলিল্লাহ অনেক ভালো,price_positive#product_quality_positive,Positive,"Price, Product Quality","{""Price"": ""positive"", ""Product Quality"": ""positive""}"
53747506100629,"খুব সুন্দর একটা প্রোডাক্ট যেমনটা চেয়েছি তেমন টা পেয়েছি। 
কেউ নিতে চাইলে নিতে পারেন। 
ধন্যবাদ ডেলিভারি ম্যানকে।",খুব সুন্দর একটা প্রোডাক্ট যেমন টা চেয়েছি তেমন টা পেয়েছি । কেউ নিতে চাইলে নিতে পারেন । ধন্যবাদ ডেলিভারি ম্যানকে ।,product_quality_positive,Positive,Product Quality,"{""Product Quality"": ""positive""}"
50530501200629,আলহামদুলিল্লাহ প্রোডাক্ট যেমন চেয়েছি ঠিক তেমনি পেয়েছি। অসংখ্য ধন্যবাদ আপনাকে। ❤️❤️,আলহামদুলিল্লাহ প্রোডাক্ট যেমন চেয়েছি ঠিক তেমনি পেয়েছি । অসংখ্য ধন্যবাদ আপনাকে ।,product_quality_positive,Positive,Product Quality,"{""Product Quality"": ""positive""}"
54052988600629,আলহামদুলিল্লাহ অনেক  ভালো মানের একটা প্রোডাক্ট সবাই নিতে পারেন,আলহামদুলিল্লাহ অনেক ভালো মানের একটা প্রোডাক্ট সবাই নিতে পারেন,product_quality_positive,Positive,Product Quality,"{""Product Quality"": ""positive""}"
51206448900629,আলহামদুলিল্লাহ প্রোডাক্ট অনেক সুন্দর আপনারা চাইলে নিতে পারেন,আলহামদুলিল্লাহ প্রোডাক্ট অনেক সুন্দর আপনারা চাইলে নিতে পারেন,product_quality_positive,Positive,Product Quality,"{""Product Quality"": ""positive""}"
49719119900629,নিতে পারেন এটা অনেক ভালো দাম অনুযায়ী - হাইলি রিকমেন্ডেড ❤️❤️,নিতে পারেন এটা অনেক ভালো দাম অনুযায়ী - হাইলি রিকমেন্ডেড,price_positive#product_quality_positive,Positive,"Price, Product Quality","{""Price"": ""positive"", ""Product Quality"": ""positive""}"
51995106800629,আলহামদুলিল্লাহ যেটা চেয়েছি যেমনটা চেয়েছি তেমন টা  পেয়েছি,আলহামদুলিল্লাহ যে টা চেয়েছি যেমন টা চেয়েছি তেমন টা পেয়েছি,product_quality_positive,Positive,Product Quality,"{""Product Quality"": ""positive""}"
49618680000629,ধন্যবাদ সেলার কে প্রোডাক্টগুলো আলহামদুলিল্লাহ ভালো  ছিল,ধন্যবাদ সেলার কে প্রোডাক্ট গুলো আলহামদুলিল্লাহ ভালো ছিল,price_positive,Positive,Price,"{""Price"": ""positive""}"
50768761900629,প্রডাক্ট কোয়ালিটি মোটামুটি দাম অনুযায়ী সন্তুষ্টজনক না।,প্রডাক্ট কোয়ালি টি মোটামুটি দাম অনুযায়ী সন্তুষ্টজনক না ।,price_negative#product_quality_neutral,Negative,"Price, Product Quality","{""Price"": ""negative"", ""Product Quality"": ""neutral""}"
43945357100629,সাউন্ড ও ভালো আছে।। সেলার এর ব্যাবহার খুব ভালো ও আন্তরিক খুব তাড়াতাড়ি জিনিস টা বুঝে পাইছি।।,সাউন্ড ও ভালো আছে । । সেলার এর ব্যাবহার খুব ভালো ও আন্তরিক খুব তাড়াতাড়ি জিনিস টা বুঝে পাইছি । ।,seller_service_positive#delivery_positive#product_quality_positive,Positive,"Delivery, Product Quality, Seller Service","{""Seller Service"": ""positive"", ""Delivery"": ""positive"", ""Product Quality"": ""positive""}"
49518305000629,"অনেক ব্যবহার করতেছি, অনেক ভালো,  কম দামে  ভালো জিনিস","অনেক ব্যবহার করতেছি , অনেক ভালো , কম দামে ভালো জিনিস",product_quality_positive,Positive,Product Quality,"{""Product Quality"": ""positive""}"
49634923200629,অনেক সুন্দর হয়েছে প্যাকেজিং অনেক ভালো একটা আইপড।,অনেক সুন্দর হয়েছে প্যাকেজিং অনেক ভালো একটা আইপড ।,product_quality_positive,Positive,Product Quality,"{""Product Quality"": ""positive""}"
50192975400629,মাশা-আল্লাহ অনেক ভালো জিনিস সবাই নিতে পারেন,মাশা-আল্লাহ অনেক ভালো জিনিস সবাই নিতে পারেন,product_quality_positive,Positive,Product Quality,"{""Product Quality"": ""positive""}"
49514081400629,আলহামদুলিল্লাহ মোটামুটি ভালো নিতে পারেন,আলহামদুলিল্লাহ মোটামুটি ভালো নিতে পারেন,product_quality_neutral,Neutral,Product Quality,"{""Product Quality"": ""neutral""}"
54178023900629,অনেক ভালো হয়েছে আমি ৪ টা নিয়েছি 🥰🥰🥰🥰,অনেক ভালো হয়েছে আমি ৪ টা নিয়েছি,product_quality_positive,Positive,Product Quality,"{""Product Quality"": ""positive""}"
49983415900629,অনেক সুন্দর সবাই নিতে পারেন,অনেক সুন্দর সবাই নিতে পারেন,product_quality_positive,Positive,Product Quality,"{""Product Quality"": ""positive""}"
49706302000629,ভালো ছিলো তবে হাতে পাইছি ৫ দিন পরে,ভালো ছিলো তবে হাতে পাইছি ৫ দিন পরে,delivery_negative#product_quality_positive,Neutral,"Delivery, Product Quality","{""Delivery"": ""negative"", ""Product Quality"": ""positive""}"
49361157800629,ভালো না এক কানের হেডফোন ভালো না,ভালো না এক কানের হেডফোন ভালো না,product_quality_negative,Negative,Product Quality,"{""Product Quality"": ""negative""}"
52538221500629,প্রোডাক্টটি ভালো চাইলে নিতে পারেন,প্রোডাক্ট টি ভালো চাইলে নিতে পারেন,product_quality_positive,Positive,Product Quality,"{""Product Quality"": ""positive""}"
45693824100629,"ভাই এককথায় জোশ,,,সাউন্ড,বেজ ও টেকসই। হাই কোয়ালিটি জিনিস একটা 💗💗","ভাই এককথায় জোশ , সাউন্ড , বেজ ও টেকসই । হাই কোয়ালি টি জিনিস একটা",product_quality_positive,Positive,Product Quality,"{""Product Quality"": ""positive""}"
44417501500629,অনেক ভালো প্রডাক্ট দেয়ার জন্য ধন্যবাদ সেলার এবং ডেলিভারি ম্যানকে।,অনেক ভালো প্রডাক্ট দেয়ার জন্য ধন্যবাদ সেলার এবং ডেলিভারি ম্যানকে ।,product_quality_positive,Positive,Product Quality,"{""Product Quality"": ""positive""}"
49340721900629,এইখানে দেখাচ্ছে এক রকম আর দিচ্ছে আরেক রকম এবার প্রথম দারাজ থেকে কিছু কিনে ঠকে গেলাম। আর সেইলার উদ্দেশ্য একটি কথা যেটা দেখাবেন সেটাই দিবেন।,এইখানে দেখাচ্ছে এক রকম আর দিচ্ছে আরেক রকম এবার প্রথম দারাজ থেকে কিছু কিনে ঠকে গেলাম । আর সেইলার উদ্দেশ্য একটি কথা যে টা দেখাবেন সেটাই দিবেন ।,product_quality_negative,Negative,Product Quality,"{""Product Quality"": ""negative""}"
45719401600629,সব কিছু মোটামুটি!  কিন্তু চার্জিং ব্যাক আপ একটুও ভালো না,সব কিছু মোটামুটি ! কিন্তু চার্জিং ব্যাক আপ একটু ও ভালো না,product_quality_neutral,Neutral,Product Quality,"{""Product Quality"": ""neutral""}"
52280773800629,গুড কোয়ালিটি সাউন্ড অত্যন্ত ভালো,গুড কোয়ালি টি সাউন্ড অত্যন্ত ভালো,product_quality_positive,Positive,Product Quality,"{""Product Quality"": ""positive""}"
45823322000629,"ভালো না ১টা নসট ১টা অনেক সাওনড আরেক টা অল্প বাজে,,,বাম টা ঠিক আছে ডানটা অল্প বাজে,","ভালো না ১টা নসট ১টা অনেক সাওনড আরেক টা অল্প বাজে , বাম টা ঠিক আছে ডান টা অল্প বাজে ,",product_quality_negative,Negative,Product Quality,"{""Product Quality"": ""negative""}"
49710155600629,ঠিক আছে কোনো সমস্যা নেই। নিতে পারেন। তবে আমি চেয়েছিলাম আইফোন চাজার মতো এয়ার বাট্ টা।,ঠিক আছে কোনো সমস্যা নেই । নিতে পারেন । তবে আমি চেয়েছিলাম আইফোন চাজার মতো এয়ার বাট্ টা ।,product_quality_positive,Positive,Product Quality,"{""Product Quality"": ""positive""}"
48864121886345,আলহামদুলিল্লাহ আমি প্রোডাক্ট হাতে পেলাম ৩দিনের ভিতরে এই প্রোডাক্ট টি খুব এই ভালো আপনারা প্রোডাক্ট টি নিরভয়ে নিতে পাড়েন,আলহামদুলিল্লাহ আমি প্রোডাক্ট হাতে পেলাম ৩দিনের ভিতরে এই প্রোডাক্ট টি খুব এই ভালো আপনারা প্রোডাক্ট টি নিরভয়ে নিতে পাড়েন,delivery_positive#product_quality_positive,Positive,"Delivery, Product Quality","{""Delivery"": ""positive"", ""Product Quality"": ""positive""}"
49059725186345,মোটামুটি ভালোই সবাই নিতে পারে 🖤ডেলিভারি দেওয়ার সময় ছিল ১৮ তারিখে কিন্তু এসেছে ১৭ তারিখে🖤,মোটামুটি ভালোই সবাই নিতে পারে ডেলিভারি দেওয়ার সময় ছিল ১৮ তারিখে কিন্তু এসেছে ১৭ তারিখে,delivery_positive#product_quality_neutral,Positive,"Delivery, Product Quality","{""Delivery"": ""positive"", ""Product Quality"": ""neutral""}"
41927370586345,"৩ দিন পরে রিভিউ দিলাম,জিনিস টা অনেক ভালো,যেমন চেয়েছি তেমন টাই পেয়েছি, প্যাকিং টা অনেক ভালো ছিলো,সেলার কে ধন্যবাদ ❤️।ডেলিভারি ভাই টারও ব্যাবহার অনেক ভালো।","৩ দিন পরে রিভিউ দিলাম , জিনিস টা অনেক ভালো , যেমন চেয়েছি তেমন টাই পেয়েছি , প্যাকিং টা অনেক ভালো ছিলো , সেলার কে ধন্যবাদ । ডেলিভারি ভাই টার ও ব্যাবহার অনেক ভালো ।",delivery_positive#packaging_positive#product_quality_positive,Positive,"Delivery, Packaging, Product Quality","{""Delivery"": ""positive"", ""Packaging"": ""positive"", ""Product Quality"": ""positive""}"
41376726786345,"- দাম অনুযায়ী মোটামুটি চলে ভালোই আছে কোয়ালিটি, কিন্তু চার্জ একটু কম থাকে সমস্যা এটাই 🥺🥺 আর ওভারঅল সব ঠিক আছে।","- দাম অনুযায়ী মোটামুটি চলে ভালোই আছে কোয়ালি টি , কিন্তু চার্জ একটু কম থাকে সমস্যা এটাই আর ওভারঅল সব ঠিক আছে ।",price_neutral#product_quality_neutral,Neutral,"Price, Product Quality","{""Price"": ""neutral"", ""Product Quality"": ""neutral""}"
48230657286345,প্রোডাক্ট যেমন আসা করেছি তেমন পেয়েছি। প্রোডাক্ট নিয়ে আমার কোন অভিযোগ নেই। তবে ডেলিভারি সারভিস খুবই বাজে পেয়েছি। বিকাশ এ পেমেন্ট করে অর্ডার করেছিলাম। ডেলিভারির লোক আসার পর আমি বাসায় ছিলাম না তাই তিনি বল্লো আমার বাসার সিকুরেটি লোক এর কাছে পারসেল রেখে যাচ্ছে। বাসায় আসার পর জানতে পারলাম আমার বাসায় কোন পারসেল দেন নি। এবং তাকে জিজ্ঞেস করলে সে বলে যে সে নাকি সেটা আমার বাসায় দিয়ে গেছে।পরবর্তীতে আমি দারাজ কাস্টোমার কেয়ার এ অভিজোগ এর কথা বল্লে সে পারসেল এনে দিল।এমন মানুষদের কাজ এ রাখা একদম উচিৎ না,প্রোডাক্ট যেমন আসা করেছি তেমন পেয়েছি । প্রোডাক্ট নিয়ে আমার কোন অভিযোগ নেই । তবে ডেলিভারি সারভিস খুবই বাজে পেয়েছি । বিকাশ এ পেমেন্ট করে অর্ডার করেছিলাম । ডেলিভারির লোক আসার পর আমি বাসায় ছিলাম না তাই তিনি বল্লো আমার বাসার সিকুরে টি লোক এর কাছে পারসেল রেখে যাচ্ছে । বাসায় আসার পর জানতে পারলাম আমার বাসায় কোন পারসেল দেন নি । এবং তাকে জিজ্ঞেস করলে সে বলে যে সে নাকি সে টা আমার বাসায় দিয়ে গেছে । পরবর্তীতে আমি দারাজ কাস্টোমার কেয়ার এ অভিজোগ এর কথা বল্লে সে পারসেল এনে দিল । এমন মানুষদের কাজ এ রাখা একদম উচিৎ না,delivery_negative#product_quality_positive,Neutral,"Delivery, Product Quality","{""Delivery"": ""negative"", ""Product Quality"": ""positive""}"
41141120786345,"আমি এটি ৩ দিন ব্যবহার করার পরে  রিভিউ দিতেছি 
এটি দাম অনুযায়ী ভালো খারাপ না সাউন্ড কোয়ালিটি ভালো এবং চার্জ মোটামুটি ভালো সার্ভিস দিচ্ছে তবে হেডফোনটি কয়দিন এরকম ভালো সার্ভিস দিবে সেটাই দেখার বিষয় 
তবে একটি বাজে অভিজ্ঞতা আমার হয়েছে এটা আমি আর প্রথম আরেকবার অর্ডার করেছিলাম ওই সময় এটা একটু সমস্যা ছিল পরবর্তীতে রিফান্ড করে আবার নতুন করে অর্ডার করলাম এটা ভালো",আমি এটি ৩ দিন ব্যবহার করার পরে রিভিউ দিতেছি এটি দাম অনুযায়ী ভালো খারাপ না সাউন্ড কোয়ালি টি ভালো এবং চার্জ মোটামুটি ভালো সার্ভিস দিচ্ছে তবে হেডফোন টি কয়দিন এরকম ভালো সার্ভিস দিবে সেটাই দেখার বিষয় তবে একটি বাজে অভিজ্ঞতা আমার হয়েছে এটা আমি আর প্রথম আরেকবার অর্ডার করেছিলাম ওই সময় এটা একটু সমস্যা ছিল পরবর্তীতে রিফান্ড করে আবার নতুন করে অর্ডার করলাম এটা ভালো,price_positive#product_quality_positive,Positive,"Price, Product Quality","{""Price"": ""positive"", ""Product Quality"": ""positive""}"
40639174086345,এয়ার বাডসটি দেখতে অনেক সুন্দর কিন্তু চার্জ ব্যাকআপ একটুও বেশি দেওয়া দরকার ছিল। যাহোক ওভারঅল অনেক ভালো ডেলিভারি খুব দ্রুত ছিল।,এয়ার বাডস টি দেখতে অনেক সুন্দর কিন্তু চার্জ ব্যাকআপ একটু ও বেশি দেওয়া দরকার ছিল । যাহোক ওভারঅল অনেক ভালো ডেলিভারি খুব দ্রুত ছিল ।,delivery_positive#product_quality_positive,Positive,"Delivery, Product Quality","{""Delivery"": ""positive"", ""Product Quality"": ""positive""}"
40364858386345,"এই প্রাইসে খুব বেশি খারাপ বলার সুযোগ নেই, কথা বলার সময় নয়েজ আসে, সাইজ টা তুলনামূলক অনেক বড়। পরিশেষে বলতে পারি আমার কাছে ভালই লেগেছে।","এই প্রাইসে খুব বেশি খারাপ বলার সুযোগ নেই , কথা বলার সময় নয়েজ আসে , সাইজ টা তুলনামূলক অনেক বড় । পরিশেষে বলতে পারি আমার কাছে ভালই লেগেছে ।",price_positive#product_quality_neutral,Positive,"Price, Product Quality","{""Price"": ""positive"", ""Product Quality"": ""neutral""}"
40177429686345,"যেমন অর্ডার করেছিলাম তেমনটাই পেয়েছি এবং খুবই অল্প দিনের মধ্যেই পেয়েছি ‌।
দাম অনুযায়ী প্রোডাক্টটা ভালই  সবাই কিনতে পারেন",যেমন অর্ডার করেছিলাম তেমনটাই পেয়েছি এবং খুবই অল্প দিনের মধ্যেই পেয়েছি । দাম অনুযায়ী প্রোডাক্ট টা ভালই সবাই কিনতে পারেন,delivery_positive#price_positive#product_quality_positive,Positive,"Delivery, Price, Product Quality","{""Delivery"": ""positive"", ""Price"": ""positive"", ""Product Quality"": ""positive""}"
40747066286345,"আলহামদুলিল্লাহ অনেক ভালো একটা প্রডাক্ট চাইলে যে কেও নিতে পারেন, আর সবচাইতে ভালো লাগছে ডেলিভারি ভাই দের ব্যাবহার, ,,","আলহামদুলিল্লাহ অনেক ভালো একটা প্রডাক্ট চাইলে যে কে ও নিতে পারেন , আর সবচাইতে ভালো লাগছে ডেলিভারি ভাই দের ব্যাবহার , , ,",delivery_positive#product_quality_positive,Positive,"Delivery, Product Quality","{""Delivery"": ""positive"", ""Product Quality"": ""positive""}"
40272938686345,১ দিন ব্যবহার করে রিভিউ দিচ্ছি। প্রডাক্টি খুব ভালো এক চর্জে প্রায় ১০ ঘটনা চলে চার্জ হতে বেশি সময় লাগেনা প্রা ১-১.৫ ঘটনা লাগে সাউন্ড ভালো কিন্তু গেমিং একেবারে বাজে তবে আমার এক বন্ধ বলেছে ব্লুটুথ হেডফোনে গেম এর সাউন্ড নাই প্রথম এমন করে ২-৩ দিন পড়ে ঠিক হয়ে যায় এখন শুধু দেখার পালা ঠিক হয় কিনা। প্রথমে আমি ভয় পেয়ে ছিলাম চার্জ ছিলো না কিছুতেই ভাবছিলাম কপি প্রডাক্ট দিছে পরে  চার্জ করি আর সব ঠিক হয়ে গেলো  এমনিতে সব ঠিক পেয়েছে ডেলিভারিও সময় মতো পেয়ে গেছি🥰,১ দিন ব্যবহার করে রিভিউ দিচ্ছি । প্রডাক্ টি খুব ভালো এক চর্জে প্রায় ১০ ঘটনা চলে চার্জ হতে বেশি সময় লাগেনা প্রা ১-১.৫ ঘটনা লাগে সাউন্ড ভালো কিন্তু গেমিং একেবারে বাজে তবে আমার এক বন্ধ বলেছে ব্লুটুথ হেডফোনে গেম এর সাউন্ড নাই প্রথম এমন করে ২-৩ দিন পড়ে ঠিক হয়ে যায় এখন শুধু দেখার পালা ঠিক হয় কিনা । প্রথমে আমি ভয় পেয়ে ছিলাম চার্জ ছিলো না কিছুতেই ভাবছিলাম কপি প্রডাক্ট দিছে পরে চার্জ করি আর সব ঠিক হয়ে গেলো এমনিতে সব ঠিক পেয়েছে ডেলিভারি ও সময় মতো পেয়ে গেছি,delivery_positive#product_quality_positive,Positive,"Delivery, Product Quality","{""Delivery"": ""positive"", ""Product Quality"": ""positive""}"
41323267386345,এই বাজেটের মধ্যে এই এয়ারবাট টি অনেক ভালো।আপনারা চাইলে নিতে পারেন। ধন্যবাদ দারাজকে,এই বাজেটের মধ্যে এই এয়ারবাট টি অনেক ভালো । আপনারা চাইলে নিতে পারেন । ধন্যবাদ দারাজকে,price_positive#product_quality_positive,Positive,"Price, Product Quality","{""Price"": ""positive"", ""Product Quality"": ""positive""}"
41162805486345,প্রোডাক্ট ভালো আছে। ব্লুটুথ ঠিকঠাক মতোই কানেক্ট পায় চার্জের কোন সমস্যা দেখা দেয় নাই,প্রোডাক্ট ভালো আছে । ব্লুটুথ ঠিকঠাক মতোই কানেক্ট পায় চার্জের কোন সমস্যা দেখা দেয় নাই,product_quality_positive,Positive,Product Quality,"{""Product Quality"": ""positive""}"
50467724986345,আলহামদুলিল্লাহ অরিজিনাল প্রোডাক্ট পেয়েছি।দেখতে অনেক প্রিমিয়াম। দুইদিন ব্যবহারের পর রিভিউ দিচ্ছি। দাম অনুযায়ী সাউন্ড কোয়ালিটি ভালো। একটানা 2.5-3 ঘন্টা মতো সার্ভিস পাইছি তবে দুইবার চার্জ দিলে বক্সের চার্জ শেষ হয়ে যায়। আর বক্স ফুল চার্জ হতে মিনিমাম 2 ঘন্টার উপর লাগে।চাইলে আপনারা নিতে পারেন।,আলহামদুলিল্লাহ অরিজিনাল প্রোডাক্ট পেয়েছি । দেখতে অনেক প্রিমিয়াম । দুইদিন ব্যবহারের পর রিভিউ দিচ্ছি । দাম অনুযায়ী সাউন্ড কোয়ালি টি ভালো । একটানা 2.5-3 ঘন্টা মতো সার্ভিস পাইছি তবে দুইবার চার্জ দিলে বক্সের চার্জ শেষ হয়ে যায় । আর বক্স ফুল চার্জ হতে মিনিমাম 2 ঘন্টার উপর লাগে । চাইলে আপনারা নিতে পারেন ।,price_positive#product_quality_positive,Positive,"Price, Product Quality","{""Price"": ""positive"", ""Product Quality"": ""positive""}"
53801499886345,সাউন্ড কোয়ালিটি খুবই বাজে সাউন্ড কম এবং কি একটা স্পিকার মাঝে মাঝে ডিস্টার্ব দেয় চার্জ একদমই কম থাকে স্পিকারের সাউন্ড কম থাকার কারণে ফুল ভলিউম দিয়ে ব্যবহার করতে হয় এই কারণে চার্জ একেবারেই কম থাকে জিনিস নেওয়ার আগে যাচাই-বাছাই করে নিন ধন্যবাদ সবাইকে,সাউন্ড কোয়ালি টি খুবই বাজে সাউন্ড কম এবং কি একটা স্পিকার মাঝে মাঝে ডিস্টার্ব দেয় চার্জ একদমই কম থাকে স্পিকারের সাউন্ড কম থাকার কারণে ফুল ভলিউম দিয়ে ব্যবহার করতে হয় এই কারণে চার্জ একেবারেই কম থাকে জিনিস নেওয়ার আগে যাচাই-বাছাই করে নিন ধন্যবাদ সবাইকে,product_quality_negative,Negative,Product Quality,"{""Product Quality"": ""negative""}"
54193387986345,"একদম ভালো না তারা নতুন মালের জায়গায় পুরাতন দিছে।
আপনারে কেউ নিয়েন না। 
সাথে সাউন্ড কোয়ালিটি খারাপ কম শোনা যায় আর একেবারে বক্স  পুরান আর কিভাবে যে প্যাকিং করছে এটার কোন ঠিক ঠিকানা নাই মানুষ মনে হয় নষ্ট কিছু এভাবে প্যাকিং করে না। আনার পর আরো আমার এগুলা পরিষ্কার করা লাগছে এখন একটু চকচকা বানাইছি দেখেন।",একদম ভালো না তারা নতুন মালের জায়গায় পুরাতন দিছে । আপনারে কেউ নিয়েন না । সাথে সাউন্ড কোয়ালি টি খারাপ কম শোনা যায় আর একেবারে বক্স পুরান আর কিভাবে যে প্যাকিং করছে এটার কোন ঠিক ঠিকানা নাই মানুষ মনে হয় নষ্ট কিছু এভাবে প্যাকিং করে না । আনার পর আরো আমার এগুলা পরিষ্কার করা লাগছে এখন একটু চকচকা বানাইছি দেখেন ।,packaging_negative#product_quality_positive,Neutral,"Packaging, Product Quality","{""Packaging"": ""negative"", ""Product Quality"": ""positive""}"
50998791786345,"দেখতে যেমন অসাধারণ কোয়ালিটি খুবই ভালো। যেমনটি ছবিতে দেওয়া ছিল হুবহু সে রকমই হাতে পেয়েছি। ধন্যবাদ সেলার কে, এবং ধন্যবাদ দরাজকে।","দেখতে যেমন অসাধারণ কোয়ালি টি খুবই ভালো । যেমন টি ছবিতে দেওয়া ছিল হুবহু সে রকমই হাতে পেয়েছি । ধন্যবাদ সেলার কে , এবং ধন্যবাদ দরাজকে ।",product_quality_positive,Positive,Product Quality,"{""Product Quality"": ""positive""}"
54090218386345,এই সাইট থেকে আমার প্রথম ক্রয় আর প্রথমেই একটা জঘন্য প্রোডাক্ট পেলাম। সাউন্ড কোয়ালিটি একদম বাজে। জানিনা কেন এমন হলো। কার ভুল। পন্য ডেলিভারির আগে চেক দিয়ে দিছে কিনা সন্দেহ।,এই সাইট থেকে আমার প্রথম ক্রয় আর প্রথমেই একটা জঘন্য প্রোডাক্ট পেলাম । সাউন্ড কোয়ালি টি একদম বাজে । জানিনা কেন এমন হলো । কার ভুল । পন্য ডেলিভারির আগে চেক দিয়ে দিছে কিনা সন্দেহ ।,product_quality_positive,Positive,Product Quality,"{""Product Quality"": ""positive""}"
48595305686345,অসাধারণ একটি ব্লুটুথ খুব সুন্দর আমার খুব পছন্দ হইছে,অসাধারণ একটি ব্লুটুথ খুব সুন্দর আমার খুব পছন্দ হইছে,product_quality_positive,Positive,Product Quality,"{""Product Quality"": ""positive""}"
41192878386345,এতো ভালো প্রডাক্ট উপহার দেওয়ার জন্য সেলার ভাইকে ধন্যবাদ।,এতো ভালো প্রডাক্ট উপহার দেওয়ার জন্য সেলার ভাইকে ধন্যবাদ ।,product_quality_positive,Positive,Product Quality,"{""Product Quality"": ""positive""}"
40111001086345,"একদম ভালো না.....একটায় চার্জ উঠে না 😈
কী সব নষ্ট জিনিস সেল দেন🤕",একদম ভালো না.একটায় চার্জ উঠে না কী সব নষ্ট জিনিস সেল দেন,product_quality_negative,Negative,Product Quality,"{""Product Quality"": ""negative""}"
48219460286345,"যেমন টা চাইছিলাম তেমন টা পাইছি, ধন্যবাদ সেলার কে, ধন্যবাদ দারাজকে।","যেমন টা চাইছিলাম তেমন টা পাইছি , ধন্যবাদ সেলার কে , ধন্যবাদ দারাজকে ।",product_quality_positive,Positive,Product Quality,"{""Product Quality"": ""positive""}"
46907508886345,"২দিন পরে রিভিউ দিলাম।🙂
জিনিসটা দাম হিসেবে ভালো চলছে😍
সাউন্ড কোয়ালিটি অনেক ভালো আর চার্জটাও মোটামুটি যায়।
১ঘন্টা ৪৫ মিনিট মত লাগছে ০% থেকে ১০০% হতে। 
চাইলে নিতে পারেন।
তবে এই দামে খুব ভালো সার্ভিস পাওয়ার মত এই ধরনের প্রডাক্ট পাওয়া যায় না এটা মাথায় রেখে অর্ডার করবেন।
পরিশেষে সেলারকে ধন্যবাদ সঠিক জিনিস আর ভালো প্রডাক্ট টি দেওয়া জন্য।",২দিন পরে রিভিউ দিলাম । জিনিস টা দাম হিসেবে ভালো চলছে সাউন্ড কোয়ালি টি অনেক ভালো আর চার্জটা ও মোটামুটি যায় । ১ঘন্ টা ৪৫ মিনিট মত লাগছে ০ থেকে ১০০ হতে । চাইলে নিতে পারেন । তবে এই দামে খুব ভালো সার্ভিস পাওয়ার মত এই ধরনের প্রডাক্ট পাওয়া যায় না এটা মাথায় রেখে অর্ডার করবেন । পরিশেষে সেলারকে ধন্যবাদ সঠিক জিনিস আর ভালো প্রডাক্ট টি দেওয়া জন্য ।,price_positive#product_quality_positive,Positive,"Price, Product Quality","{""Price"": ""positive"", ""Product Quality"": ""positive""}"
48216598786345,ধন্যবাদ জানাই আপনাদের সুন্দর একটা প্রোডাক্ট সবাই নিতে পারেন,ধন্যবাদ জানাই আপনাদের সুন্দর একটা প্রোডাক্ট সবাই নিতে পারেন,product_quality_positive,Positive,Product Quality,"{""Product Quality"": ""positive""}"
54320973486345,"একদম বাজে দিছেন,চার্জ ২ ঘন্টাও থাকে না।আর চার্জার বক্স ২০ মিনিটের মধ্যে চার্জ শেষ হয়ে যায়।","একদম বাজে দিছেন , চার্জ ২ ঘন্টা ও থাকে না । আর চার্জার বক্স ২০ মিনিটের মধ্যে চার্জ শেষ হয়ে যায় ।",product_quality_negative,Negative,Product Quality,"{""Product Quality"": ""negative""}"
49091991986345,প্রোডাক্ট দাম অনুযায়ী খুব ভাল,প্রোডাক্ট দাম অনুযায়ী খুব ভাল,price_positive#product_quality_positive,Positive,"Price, Product Quality","{""Price"": ""positive"", ""Product Quality"": ""positive""}"
39966280686345,"সবাই নিসন্দেহে নিতে পারেন খুব ভালো মানের একটা প্রডাক্ট, দাম অনুযায়ী অনেক অনেক ভালো","সবাই নিসন্দেহে নিতে পারেন খুব ভালো মানের একটা প্রডাক্ট , দাম অনুযায়ী অনেক অনেক ভালো",price_positive#product_quality_positive,Positive,"Price, Product Quality","{""Price"": ""positive"", ""Product Quality"": ""positive""}"
54464946986345,অনেক সুন্দর একটা প্রডাক্ট অনেক ভালো চার্জ টিকে অনেক খোন 8ঘনটা মতো সবাই নিতে পারেন,অনেক সুন্দর একটা প্রডাক্ট অনেক ভালো চার্জ টিকে অনেক খোন 8ঘন টা মতো সবাই নিতে পারেন,product_quality_positive,Positive,Product Quality,"{""Product Quality"": ""positive""}"
40085981086345,"আলহামদুল্লিলাহ
খুব তারা তারি একদম ইনটেক পাইছি এখন দেখার বিষয় কত দিন ভালো থাকে",আলহামদুল্লিলাহ খুব তারা তারি একদম ইনটেক পাইছি এখন দেখার বিষয় কত দিন ভালো থাকে,delivery_positive,Positive,Delivery,"{""Delivery"": ""positive""}"
48440775086345,এই ব্লুটুথ টা অনেক ভালো। 🤩,এই ব্লুটুথ টা অনেক ভালো ।,product_quality_positive,Positive,Product Quality,"{""Product Quality"": ""positive""}"
54919292386345,খুব ভালো মানের প্রোডাক্ট নিতে পারেন আমি ১০ দিন ইউজ করে রিভিউ দিলাম,খুব ভালো মানের প্রোডাক্ট নিতে পারেন আমি ১০ দিন ইউজ করে রিভিউ দিলাম,product_quality_positive,Positive,Product Quality,"{""Product Quality"": ""positive""}"
40585047286345,যেমন দেখছি একদম একুরেট গুড,যেমন দেখছি একদম একুরেট গুড,product_quality_positive,Positive,Product Quality,"{""Product Quality"": ""positive""}"
46551733986345,আমি কিনেছি আলহামদুলিল্লাহ অনেক ভালো পোডাক্ট আপনারা চাইলে কিনতে পারেন ❤️‍🩹❤️‍🩹❤️‍🩹,আমি কিনেছি আলহামদুলিল্লাহ অনেক ভালো পোডাক্ট আপনারা চাইলে কিনতে পারেন,product_quality_positive,Positive,Product Quality,"{""Product Quality"": ""positive""}"
40088426086345,"ভালোই ছিল। 
রেটিং - ৯/১০.",ভালোই ছিল । রেটিং - ৯ ১০.,product_quality_positive,Positive,Product Quality,"{""Product Quality"": ""positive""}"
46113624586345,প্রোডাক্ট মোটামোটি ভালোই। জেমন দেখেছিলাম ঠিক তেমন।❤️❤️। সবকিছু ঠিকঠাক ছিল।,প্রোডাক্ট মোটামো টি ভালোই । জেমন দেখেছিলাম ঠিক তেমন । । সবকিছু ঠিকঠাক ছিল ।,product_quality_positive,Positive,Product Quality,"{""Product Quality"": ""positive""}"
45233686086345,"খুব ভালো মানের প্রডাক্ট। এত কম দামে, এত ভালো প্রডাক্ট আাশা করা যায় না।  ধন্যবাদ সেলার কে।🥰🥰🥰","খুব ভালো মানের প্রডাক্ট । এত কম দামে , এত ভালো প্রডাক্ট আাশা করা যায় না । ধন্যবাদ সেলার কে ।",price_positive#product_quality_positive,Positive,"Price, Product Quality","{""Price"": ""positive"", ""Product Quality"": ""positive""}"
48874598386345,"ভালো 
প্রায় ২,৩ ঘন্টার মতো চার্জ থাকে।","ভালো প্রায় ২ , ৩ ঘন্টার মতো চার্জ থাকে ।",product_quality_positive,Positive,Product Quality,"{""Product Quality"": ""positive""}"
41039549686345,"এটা মোটামুটি ভালো সব কিছু টিক টাক পাইছি আমি
আপনারা চাইলে নিতে পারেন ধন্যবাদ দারাজ কে",এটা মোটামুটি ভালো সব কিছু টিক টাক পাইছি আমি আপনারা চাইলে নিতে পারেন ধন্যবাদ দারাজ কে,product_quality_neutral,Neutral,Product Quality,"{""Product Quality"": ""neutral""}"
44004217786345,"অনেক ভালো জিনিস টা, ধন্যবাদ সেলার ভাইকে, আমার টা ফ্রেন্ডের নিয়ে ফেলছে।তাই আমি আরেকটা অর্ডা রং করেছি । ইনশাআল্লাহ কেউ চাইলে  নিতে পারেন।","অনেক ভালো জিনিস টা , ধন্যবাদ সেলার ভাইকে , আমার টা ফ্রেন্ডের নিয়ে ফেলছে । তাই আমি আরেক টা অর্ডা রং করেছি । ইনশাআল্লাহ কেউ চাইলে নিতে পারেন ।",product_quality_positive,Positive,Product Quality,"{""Product Quality"": ""positive""}"
43580067586345,আলহামদুলিল্লাহ যেমন চেয়েছি তেমনই পেয়েছি ধন্যবাদ দারাজ সলেলার ও দারাজ এর যে  প্রতিনিধি কে ভালো পন্য সঠীক সময় মতন হাতে পৌঁছানোর জন্য।❤️,আলহামদুলিল্লাহ যেমন চেয়েছি তেমনই পেয়েছি ধন্যবাদ দারাজ সলেলার ও দারাজ এর যে প্রতিনিধি কে ভালো পন্য সঠীক সময় মতন হাতে পৌঁছানোর জন্য ।,delivery_positive#product_quality_positive,Positive,"Delivery, Product Quality","{""Delivery"": ""positive"", ""Product Quality"": ""positive""}"
48042543986345,যেমন আশা করেছিলাম তেমনি পেয়েছি টাকা হিসাবে বেস্ট ইয়ার বার্ড আপনারাও কিনতে পারেন।,যেমন আশা করেছিলাম তেমনি পেয়েছি টাকা হিসাবে বেস্ট ইয়ার বার্ড আপনারা ও কিনতে পারেন ।,price_positive#product_quality_positive,Positive,"Price, Product Quality","{""Price"": ""positive"", ""Product Quality"": ""positive""}"
43171657986345,"আলহামদুলিল্লাহ কোয়ালিটি দাম অনুযায়ী ঠিক আছে
সাউন্ড কোয়ালিটিও মোটামুটি ভালোই আমার ভালো লেগেছে,নিতে পারেন","আলহামদুলিল্লাহ কোয়ালি টি দাম অনুযায়ী ঠিক আছে সাউন্ড কোয়ালিটি ও মোটামুটি ভালোই আমার ভালো লেগেছে , নিতে পারেন",price_positive#product_quality_positive,Positive,"Price, Product Quality","{""Price"": ""positive"", ""Product Quality"": ""positive""}"
45814544986345,এটি অনেক ভাল অনেক সময় চলে এক চাজে,এটি অনেক ভাল অনেক সময় চলে এক চাজে,product_quality_positive,Positive,Product Quality,"{""Product Quality"": ""positive""}"
42192308286345,"খুবই ভালো প্রোডাক্ট, এক কথায় অসাধারণ।
সেলার কে অসংখ্য ধন্যবাদ। 
আপনাদের মত সেলার আছে বলেই, আমরা অনলাইন এ কেনাকাটা করতে স্বাচ্ছন্দবোদ করি,,,
আল্লাহ আপনার ব্যাবসায় রহমত দান করুক,,, আমিন।
দারাজ কে ও অসংখ্য ধন্যবাদ,, সুপার ফাস্ট ডেলিভারির জন্য,,,
আবার ও সেলারকে ধন্যবাদ জানাই,,,।
আগ্রহী চাইলে নিতে পারেন খুবই ভালো প্রোডাক্ট। 💗💗💗","খুবই ভালো প্রোডাক্ট , এক কথায় অসাধারণ । সেলার কে অসংখ্য ধন্যবাদ । আপনাদের মত সেলার আছে বলেই , আমরা অনলাইন এ কেনাকা টা করতে স্বাচ্ছন্দবোদ করি , আল্লাহ আপনার ব্যাবসায় রহমত দান করুক , আমিন । দারাজ কে ও অসংখ্য ধন্যবাদ , , সুপার ফাস্ট ডেলিভারির জন্য , আবার ও সেলারকে ধন্যবাদ জানাই , । আগ্রহী চাইলে নিতে পারেন খুবই ভালো প্রোডাক্ট ।",delivery_positive#product_quality_positive,Positive,"Delivery, Product Quality","{""Delivery"": ""positive"", ""Product Quality"": ""positive""}"
41863601486345,"চারদিন ব্যবহার করে রিভিউ দিচ্ছি 😊😊
অসংখ্য ধন্যবাদ দারাজ কে, ধন্যবাদ জানাই সেই বিক্রেতাকে যিনি আমার জন্য প্রোডাক্টটা পাঠিয়েছেন দারাজ এর মাধ্যমে, প্রোডাক্টটা খুবই ভালো ছিল প্যাকেটের মান ও ভালো ছিল, সার্ভিস মোটামুটি ভালোই দিচ্ছে, ধন্যবাদ দারাজ এবং বিক্রেতাকে একটা ভালো প্রোডাক্ট দেওয়ার জন্য, ডেলিভারি ম্যান এর কথা না বললেই নয়। খুবই ভালো সার্ভিস দিয়েছেন। তার হাসিমুখে ডেলিভারি টা দেখে খুবই ভালো লাগলো। তাকে ও ধন্যবাদ 🫡😊","চারদিন ব্যবহার করে রিভিউ দিচ্ছি অসংখ্য ধন্যবাদ দারাজ কে , ধন্যবাদ জানাই সেই বিক্রেতাকে যিনি আমার জন্য প্রোডাক্ট টা পাঠিয়েছেন দারাজ এর মাধ্যমে , প্রোডাক্ট টা খুবই ভালো ছিল প্যাকেটের মান ও ভালো ছিল , সার্ভিস মোটামুটি ভালোই দিচ্ছে , ধন্যবাদ দারাজ এবং বিক্রেতাকে একটা ভালো প্রোডাক্ট দেওয়ার জন্য , ডেলিভারি ম্যান এর কথা না বললেই নয় । খুবই ভালো সার্ভিস দিয়েছেন । তার হাসিমুখে ডেলিভারি টা দেখে খুবই ভালো লাগলো । তাকে ও ধন্যবাদ",seller_service_neutral#delivery_positive#packaging_positive#product_quality_positive,Positive,"Delivery, Packaging, Product Quality, Seller Service","{""Seller Service"": ""neutral"", ""Delivery"": ""positive"", ""Packaging"": ""positive"", ""Product Quality"": ""positive""}"
43206449886345,এয়ার বাডস মোটামুটি ভালোই ছিলো।কিন্তু সাইজটা অনেক বড় যা ক্যারি করতে প্রবলেম হয়।,এয়ার বাডস মোটামুটি ভালোই ছিলো । কিন্তু সাইজ টা অনেক বড় যা ক্যারি করতে প্রবলেম হয় ।,product_quality_neutral,Neutral,Product Quality,"{""Product Quality"": ""neutral""}"
41126206086345,ভালো সেলার। ইন্টেক প্যাকেট ছিলো। সাউন্ড কোয়ালিটি ভাল আছে সবাই নিতে পারেন। এই দামে বেস্ট প্রোডাক্ট।  বেস্ট সেলার।,ভালো সেলার । ইন্টেক প্যাকেট ছিলো । সাউন্ড কোয়ালি টি ভাল আছে সবাই নিতে পারেন । এই দামে বেস্ট প্রোডাক্ট । বেস্ট সেলার ।,packaging_positive#price_positive#product_quality_positive,Positive,"Packaging, Price, Product Quality","{""Packaging"": ""positive"", ""Price"": ""positive"", ""Product Quality"": ""positive""}"
44586309486345,অনেক সুন্দর একটা জিনিস এক কথায় অসম,অনেক সুন্দর একটা জিনিস এক কথায় অসম,product_quality_positive,Positive,Product Quality,"{""Product Quality"": ""positive""}"
40886111386345,সেলারকে এবং দারাজ কে ধন্যবাদ প্রোডাক্টটি অনেক খুব সুন্দর ছিল চার্জ ভেকাবো ভালো সাউন্ড খুব সুন্দর যেরকম চেয়েছিলাম সেরকমই পেয়েছি এত সুন্দর একটা জিনিস অসংখ্য ধন্যবাদ আপনারা চাইলে নিতে পারেন,সেলারকে এবং দারাজ কে ধন্যবাদ প্রোডাক্ট টি অনেক খুব সুন্দর ছিল চার্জ ভেকাবো ভালো সাউন্ড খুব সুন্দর যেরকম চেয়েছিলাম সেরকমই পেয়েছি এত সুন্দর একটা জিনিস অসংখ্য ধন্যবাদ আপনারা চাইলে নিতে পারেন,product_quality_positive,Positive,Product Quality,"{""Product Quality"": ""positive""}"
43713836486345,দাম হিসেবে ঠিকই আছে আপনারা চাইলে নিতে পারেন,দাম হিসেবে ঠিকই আছে আপনারা চাইলে নিতে পারেন,price_neutral#product_quality_neutral,Neutral,"Price, Product Quality","{""Price"": ""neutral"", ""Product Quality"": ""neutral""}"
40768000486345,"এই দামে এত সুন্দর প্রোডাক্ট আসলেই দারুন!!!ডেলিভারিম্যানের ব্যবহার ভালো ছিল, সময়জ্ঞান ভালো ছিল।","এই দামে এত সুন্দর প্রোডাক্ট আসলেই দারুন ! ডেলিভারিম্যানের ব্যবহার ভালো ছিল , সময়জ্ঞান ভালো ছিল ।",delivery_positive#product_quality_positive,Positive,"Delivery, Product Quality","{""Delivery"": ""positive"", ""Product Quality"": ""positive""}"
41337211486345,প্রোডাক্টটি অনেক ভালো 👌এক সপ্তাহ ব্যবহার করার পর রিভিউ দিচ্ছি 🔥প্রোডাক্টটি পুরাই আগুন,প্রোডাক্ট টি অনেক ভালো এক সপ্তাহ ব্যবহার করার পর রিভিউ দিচ্ছি প্রোডাক্ট টি পুরাই আগুন,product_quality_positive,Positive,Product Quality,"{""Product Quality"": ""positive""}"
40620930286345,আলহামদুলিল্লাহ প্রোডাক্টটি অনেক ভালো চাইলে আপনারে নিতে পারেন! ধন্যবাদ সেলার কে ❤️,আলহামদুলিল্লাহ প্রোডাক্ট টি অনেক ভালো চাইলে আপনারে নিতে পারেন ! ধন্যবাদ সেলার কে,product_quality_positive,Positive,Product Quality,"{""Product Quality"": ""positive""}"
40961848086345,অসাধারণ একটি প্রোডাক্ট কয়েকদিন ইউজ করে রিভিউ দিচ্ছি। ডেলিভারি ম্যান আরো বেশি অসাধারণ ছিল,অসাধারণ একটি প্রোডাক্ট কয়েকদিন ইউজ করে রিভিউ দিচ্ছি । ডেলিভারি ম্যান আরো বেশি অসাধারণ ছিল,delivery_positive#product_quality_positive,Positive,"Delivery, Product Quality","{""Delivery"": ""positive"", ""Product Quality"": ""positive""}"
43227498286345,"কোয়ালিটি মোটামুটি ভালো। ভালোই চলছে,,,","কোয়ালি টি মোটামুটি ভালো । ভালোই চলছে ,",product_quality_neutral,Neutral,Product Quality,"{""Product Quality"": ""neutral""}"
48382143886345,অনেক দিন ধরে ব্যাবহার করলাম আসলেই এটি ভালো সাউন্ড কোয়ালিটি অনেক ভালো সবাই নিশ্চিত করে ভালো ভাবে দেখে নিতে পারেন,অনেক দিন ধরে ব্যাবহার করলাম আসলেই এটি ভালো সাউন্ড কোয়ালি টি অনেক ভালো সবাই নিশ্চিত করে ভালো ভাবে দেখে নিতে পারেন,product_quality_positive,Positive,Product Quality,"{""Product Quality"": ""positive""}"
40115796386345,প্রডাক্টটি ভালো হয়েছে তবে চাজ যদি আরো বেশি সময় থাকতো তাহলে অনেক ভালো হতো,প্রডাক্ট টি ভালো হয়েছে তবে চাজ যদি আরো বেশি সময় থাকতো তাহলে অনেক ভালো হতো,product_quality_positive,Positive,Product Quality,"{""Product Quality"": ""positive""}"
41202898186345,প্রডাক্ট টা অনেক সুন্দর চার্জ ভালো থাকে সেলারও ভাই কে ধন্যবাদ 😊😊,প্রডাক্ট টা অনেক সুন্দর চার্জ ভালো থাকে সেলার ও ভাই কে ধন্যবাদ,product_quality_positive,Positive,Product Quality,"{""Product Quality"": ""positive""}"
41514164486345,আলহামদুলিল্লাহ খুব মানসম্মত চাইলে আপনারাও নিতে পারেন,আলহামদুলিল্লাহ খুব মানসম্মত চাইলে আপনারা ও নিতে পারেন,product_quality_positive,Positive,Product Quality,"{""Product Quality"": ""positive""}"
41249718786345,"ভালোই,এই দামে বেস্ট,আমি ২দিন ইউজ করে রিভিউ দিলাম,","ভালোই , এই দামে বেস্ট , আমি ২দিন ইউজ করে রিভিউ দিলাম ,",price_positive#product_quality_positive,Positive,"Price, Product Quality","{""Price"": ""positive"", ""Product Quality"": ""positive""}"
48173753286345,কিছুদিন ব্যবহার করে রিভিউ দিলাম ভালো লাগছে। কিন্তু কানেকশন রেঞ্জ আমার মতে একটু কম,কিছুদিন ব্যবহার করে রিভিউ দিলাম ভালো লাগছে । কিন্তু কানেকশন রেঞ্জ আমার মতে একটু কম,product_quality_positive,Positive,Product Quality,"{""Product Quality"": ""positive""}"
44823392886345,এতো অল্প দামের মধ্যে ভালো মানের একটি হেডফোন ভাবতেই পারিনি আমি,এতো অল্প দামের মধ্যে ভালো মানের একটি হেডফোন ভাবতেই পারিনি আমি,price_positive#product_quality_positive,Positive,"Price, Product Quality","{""Price"": ""positive"", ""Product Quality"": ""positive""}"
48172333486345,আপনাটা চাইলে নিতে পারেন প্রোডাক্টটি ভালো তবে সাউন্ড  কোয়ালিটি মোটামুটি ভালো।,আপনা টা চাইলে নিতে পারেন প্রোডাক্ট টি ভালো তবে সাউন্ড কোয়ালি টি মোটামুটি ভালো ।,product_quality_positive,Positive,Product Quality,"{""Product Quality"": ""positive""}"
48875576786345,"অনেক ভালো মানের ব্লু টুথ,, সবাই কিনতে পারেন","অনেক ভালো মানের ব্লু টুথ , , সবাই কিনতে পারেন",product_quality_positive,Positive,Product Quality,"{""Product Quality"": ""positive""}"
53471582986345,"যদিও বাম কানের টা একটু ড্যামেজ পাইছি, তার পরেও এর স্পিকার অনেক ভালো।  বেস এবং বিট অনেক পরিষ্কার   কোনো সমস্যা নাই।","যদি ও বাম কানের টা একটু ড্যামেজ পাইছি , তার পরে ও এর স্পিকার অনেক ভালো । বেস এবং বিট অনেক পরিষ্কার কোনো সমস্যা নাই ।",product_quality_positive,Positive,Product Quality,"{""Product Quality"": ""positive""}"
48845330686345,ভাই পাঁচ মাস ব্যবহার করে রিভিউ দিলাম এখনো চলছে আলহামদুলিল্লাহ তবে ব্যাটারি একটু চার্জ কম থাকে এ বার্ডসগুলো দুইবার করে চার্জ দেয়া যায় এক চার্জে,ভাই পাঁচ মাস ব্যবহার করে রিভিউ দিলাম এখনো চলছে আলহামদুলিল্লাহ তবে ব্যাটারি একটু চার্জ কম থাকে এ বার্ডস গুলো দুইবার করে চার্জ দেয়া যায় এক চার্জে,product_quality_positive,Positive,Product Quality,"{""Product Quality"": ""positive""}"
53137615586345,"আলহামদুলিল্লাহ প্রোডাক্টটা খুবই ভালো পেয়েছি আমি প্রোডাক্ট  এক মাস ধরে ব্যবহার করতেছি তারপর রিভিউ  দিতেছি  আলহামদুলিল্লাহ খুবই ভালো একটা প্রোডাক্ট পেয়েছি আমি দারাজ থেকে আরো অনেক কিছু এনেছি এই পর্যন্ত সবকিছু আমার মন মতো নি পেয়েছি ধন্যবাদ দারাজ  এবং সেলসম্যানকে  
❤️",আলহামদুলিল্লাহ প্রোডাক্ট টা খুবই ভালো পেয়েছি আমি প্রোডাক্ট এক মাস ধরে ব্যবহার করতেছি তারপর রিভিউ দিতেছি আলহামদুলিল্লাহ খুবই ভালো একটা প্রোডাক্ট পেয়েছি আমি দারাজ থেকে আরো অনেক কিছু এনেছি এই পর্যন্ত সবকিছু আমার মন মতো নি পেয়েছি ধন্যবাদ দারাজ এবং সেলসম্যানকে,product_quality_positive,Positive,Product Quality,"{""Product Quality"": ""positive""}"
48038503286345,"ভালো পণ্য, তবে ডেলিভারিতে আমার সারাদিন সময় নস্ট করেছে।","ভালো পণ্য , তবে ডেলিভারিতে আমার সারাদিন সময় নস্ট করেছে ।",delivery_negative#product_quality_positive,Neutral,"Delivery, Product Quality","{""Delivery"": ""negative"", ""Product Quality"": ""positive""}"
51468444786345,আলহামদুলিল্লাহ ভালোই চলে কিন্তু মাঝে মাঝে একা একা বন্ধ হয়ে যাই সাউন কোয়ালিটি ভালোই,আলহামদুলিল্লাহ ভালোই চলে কিন্তু মাঝে মাঝে একা একা বন্ধ হয়ে যাই সাউন কোয়ালি টি ভালোই,product_quality_positive,Positive,Product Quality,"{""Product Quality"": ""positive""}"
48464615886345,মোটামুটি ভালই এই দামের মধ্যে,মোটামুটি ভালই এই দামের মধ্যে,price_neutral#product_quality_neutral,Neutral,"Price, Product Quality","{""Price"": ""neutral"", ""Product Quality"": ""neutral""}"
50166377886345,"একদম বাজেট প্রোডাক্ট 
এরকম নষ্ট প্রোডাক্ট কেন দিলেন আমাকে 
একটা ভালো একটা নষ্ট",একদম বাজেট প্রোডাক্ট এরকম নষ্ট প্রোডাক্ট কেন দিলেন আমাকে একটা ভালো একটা নষ্ট,product_quality_negative,Negative,Product Quality,"{""Product Quality"": ""negative""}"
48979974086345,"জিনিস ভালো যারা নিতে চাও তো নিতে পারো আমি দুইটি অর্ডার করেছি দুটোই ভালো, কিন্তু একটা সমস্যা দুইটার ব্লুটু একটা মোবাইলে কানেক্টেড হয়ে যায় একটা বন্ধ করলে আরও একটায় কানেক্টেড হয়ে যায় যা সমস্যা হয় তা বলার মতো না কি করবো এখন একটা পরামর্শ দেন  .?.?","জিনিস ভালো যারা নিতে চাও তো নিতে পারো আমি দুই টি অর্ডার করেছি দুটোই ভালো , কিন্তু একটা সমস্যা দুইটার ব্লুটু একটা মোবাইলে কানেক্টেড হয়ে যায় একটা বন্ধ করলে আরও একটায় কানেক্টেড হয়ে যায় যা সমস্যা হয় তা বলার মতো না কি করবো এখন একটা পরামর্শ দেন . ? . ?",product_quality_positive,Positive,Product Quality,"{""Product Quality"": ""positive""}"
41277809286345,"মোটামুটি ভালই,তবে  চার্জিং ব্যাকাপ আরেকটু ভালো আশা করছিলাম।","মোটামুটি ভালই , তবে চার্জিং ব্যাকাপ আরেকটু ভালো আশা করছিলাম ।",product_quality_neutral,Neutral,Product Quality,"{""Product Quality"": ""neutral""}"
48457753986345,ডেলিভারি তারাতারি পেয়েছি কিন্তু বক্সটা অনেকটাই ডেমেজ ছিলো ভিতরে এয়ারফোনের প্রব্লেম হয় নাই।,ডেলিভারি তারাতারি পেয়েছি কিন্তু বক্স টা অনেকটাই ডেমেজ ছিলো ভিতরে এয়ারফোনের প্রব্লেম হয় নাই ।,delivery_positive#packaging_negative,Neutral,"Delivery, Packaging","{""Delivery"": ""positive"", ""Packaging"": ""negative""}"
48067414486345,পুরাই ফালতু একটা প্রোডাক্ট।। ডিসক্রিপ্সনে বলা ছিলো ৩-৪ ঘন্টা গান শুনা যাবে।।কিন্তু ৩০ মিনিট বাজার পর লো ব্যাটারি সিগন্যাল দেয়।।।বক্সে রেখে ইয়ারবাড চার্জ দিলে ৮০%এর উপরে চার্জ হয় না।।।,পুরাই ফালতু একটা প্রোডাক্ট । । ডিসক্রিপ্সনে বলা ছিলো ৩-৪ ঘন্টা গান শুনা যাবে । । কিন্তু ৩০ মিনিট বাজার পর লো ব্যাটারি সিগন্যাল দেয় । বক্সে রেখে ইয়ারবাড চার্জ দিলে ৮০ এর উপরে চার্জ হয় না ।,product_quality_negative,Negative,Product Quality,"{""Product Quality"": ""negative""}"
54161898886345,যেমন চেয়েছিলাম ঠিক তেমন পেয়েছি আলহামদুলিল্লাহ।,যেমন চেয়েছিলাম ঠিক তেমন পেয়েছি আলহামদুলিল্লাহ ।,product_quality_positive,Positive,Product Quality,"{""Product Quality"": ""positive""}"
53288283486345,আলহামদুলিল্লাহ ভালো আমি খুব তারাতাড়ি পেয়েছি,আলহামদুলিল্লাহ ভালো আমি খুব তারাতাড়ি পেয়েছি,delivery_positive#product_quality_positive,Positive,"Delivery, Product Quality","{""Delivery"": ""positive"", ""Product Quality"": ""positive""}"
46813781286345,এক কথায় অসাধারণ একটি পণ্য,এক কথায় অসাধারণ একটি পণ্য,product_quality_positive,Positive,Product Quality,"{""Product Quality"": ""positive""}"
46293598486345,"ভালো প্রডাক্ট, চাইলে নিতে পারেন","ভালো প্রডাক্ট , চাইলে নিতে পারেন",product_quality_positive,Positive,Product Quality,"{""Product Quality"": ""positive""}"
44967185286345,পুরা বাজে একটা জিনিস জা বলার মতো না সত্যি,পুরা বাজে একটা জিনিস জা বলার মতো না সত্যি,product_quality_negative,Negative,Product Quality,"{""Product Quality"": ""negative""}"
44301520386345,কম দামে এর চেয়ে হয়তো আর ভালো হবে না ১৫ দিন ব্যাবহার করে দেখলাম অনেক ভালো,কম দামে এর চেয়ে হয়তো আর ভালো হবে না ১৫ দিন ব্যাবহার করে দেখলাম অনেক ভালো,price_positive#product_quality_positive,Positive,"Price, Product Quality","{""Price"": ""positive"", ""Product Quality"": ""positive""}"
48923773586345,"সবচেয়ে খারাপ জিনিস ধরিয়ে দেওয়া হলো আমাকে,রিটার্ন করছি যাইহোক রিফান্ড পাইছি।","সবচেয়ে খারাপ জিনিস ধরিয়ে দেওয়া হলো আমাকে , রিটার্ন করছি যাইহোক রিফান্ড পাইছি ।",product_quality_negative,Negative,Product Quality,"{""Product Quality"": ""negative""}"
52950328286345,আলহামদুলিল্লাহ। বাজেট হিসেবে অনেক ভালো।,আলহামদুলিল্লাহ । বাজেট হিসেবে অনেক ভালো ।,price_positive#product_quality_positive,Positive,"Price, Product Quality","{""Price"": ""positive"", ""Product Quality"": ""positive""}"
40404184586345,"আমি 1 মাস পরে রিভিউ দিচ্ছি।
জিনিস টা আমার কাছে সেই লাগছে
চার্জ বেকাপ অনেক ভালো্ সাউন্ড
কোয়ালিটি খারাপ অনেক বেশি সাউন তাই
অল্প সাউন্ড দিয়ে শোনা লাগে 
তা না হলে বাইরের কিছুই শোনো যায় না।",আমি 1 মাস পরে রিভিউ দিচ্ছি । জিনিস টা আমার কাছে সেই লাগছে চার্জ বেকাপ অনেক ভালো্ সাউন্ড কোয়ালি টি খারাপ অনেক বেশি সাউন তাই অল্প সাউন্ড দিয়ে শোনা লাগে তা না হলে বাইরের কিছুই শোনো যায় না ।,product_quality_positive,Positive,Product Quality,"{""Product Quality"": ""positive""}"
45847357886345,"দাম অনুযায়ী, চলে।সাউন্ড ভালোই।","দাম অনুযায়ী , চলে । সাউন্ড ভালোই ।",price_neutral#product_quality_neutral,Neutral,"Price, Product Quality","{""Price"": ""neutral"", ""Product Quality"": ""neutral""}"
43680404786345,"প্রোডাক্ট টা খুব ভালো পেয়েছি।
আপনারা নিশ্চিন্তে নিতে পারেন।
ধন্যবাদ দারাজ।",প্রোডাক্ট টা খুব ভালো পেয়েছি । আপনারা নিশ্চিন্তে নিতে পারেন । ধন্যবাদ দারাজ ।,product_quality_positive,Positive,Product Quality,"{""Product Quality"": ""positive""}"
44640824586345,আলহামদুলিল্লাহ তিনদিন পর আমি দিচ্ছি অনেক ভালো প্রোডাক্ট,আলহামদুলিল্লাহ তিনদিন পর আমি দিচ্ছি অনেক ভালো প্রোডাক্ট,product_quality_positive,Positive,Product Quality,"{""Product Quality"": ""positive""}"
48251929586345,চার্জ থাকে না তাছারা সব ঠিক আছ,চার্জ থাকে না তাছারা সব ঠিক আছ,product_quality_positive,Positive,Product Quality,"{""Product Quality"": ""positive""}"
48381586286345,খুব ভালো প্রোডাক্ট। কিনতে পারেন।,খুব ভালো প্রোডাক্ট । কিনতে পারেন ।,product_quality_positive,Positive,Product Quality,"{""Product Quality"": ""positive""}"
53427186386345,ভালো আছে চাইলে নিতে  পারেন,ভালো আছে চাইলে নিতে পারেন,product_quality_positive,Positive,Product Quality,"{""Product Quality"": ""positive""}"
40351526186345,"ভালো মানের প্রডাক্ট 
ভেবেছিলাম তেমন ভালো  হবে না কিন্তু না ভালোই সারভিস পাচ্ছি 
দাম অনুযায়ী ভালো ই আমার কেনা পরেছে ছাড় দিয়ে ৪৬৯ ৳  এই মুল্যে হলে নিতে পারেন
৭ দিন পরে রিভিউ  দিচ্ছি",ভালো মানের প্রডাক্ট ভেবেছিলাম তেমন ভালো হবে না কিন্তু না ভালোই সারভিস পাচ্ছি দাম অনুযায়ী ভালো ই আমার কেনা পরেছে ছাড় দিয়ে ৪৬৯ ৳ এই মুল্যে হলে নিতে পারেন ৭ দিন পরে রিভিউ দিচ্ছি,price_positive#product_quality_positive,Positive,"Price, Product Quality","{""Price"": ""positive"", ""Product Quality"": ""positive""}"
40595417586345,"সত্যি বলতে ভালই সবাই নিতে পারেন❤️‍🔥❤️‍🔥❤️‍🔥❤️‍🔥
দা অনুযায়ী একদম পারফেক্ট ❤️❤️❤️
ভাবছিলাম টাকা জলে যাই নাকি কিন্তু না ভালই🥰
যেই কিনবেন আগে ২ঘন্টা চার্জ দিয়ে ইউজ করবেন তাইলে মন হই না সমস্যা হবে বেটারি তে❤️‍🔥",সত্যি বলতে ভালই সবাই নিতে পারেন দা অনুযায়ী একদম পারফেক্ট ভাবছিলাম টাকা জলে যাই নাকি কিন্তু না ভালই যেই কিনবেন আগে ২ঘন্ টা চার্জ দিয়ে ইউজ করবেন তাইলে মন হই না সমস্যা হবে বেটারি তে,price_positive#product_quality_positive,Positive,"Price, Product Quality","{""Price"": ""positive"", ""Product Quality"": ""positive""}"
40367255786345,জিনিসটা খুব সুন্দর হইছে। এবং ডেলিভারি ম্যানটা খুব ভালো। আশা করি দারাজ এরকম সঠিক পণ্যই দিবে।,জিনিস টা খুব সুন্দর হইছে । এবং ডেলিভারি ম্যান টা খুব ভালো । আশা করি দারাজ এরকম সঠিক পণ্যই দিবে ।,delivery_positive#product_quality_positive,Positive,"Delivery, Product Quality","{""Delivery"": ""positive"", ""Product Quality"": ""positive""}"
44301304686345,"পন্যটি ভালো, কিন্তু ডেলিভারিতে ডিস্টার্ব ছিল","পন্য টি ভালো , কিন্তু ডেলিভারিতে ডিস্টার্ব ছিল",delivery_negative#product_quality_positive,Neutral,"Delivery, Product Quality","{""Delivery"": ""negative"", ""Product Quality"": ""positive""}"
43726130586345,ভালো। কিন্তু কথা বলার সময় কিলিয়ার কথা বুজতে পারেনা,ভালো । কিন্তু কথা বলার সময় কিলিয়ার কথা বুজতে পারেনা,product_quality_positive,Positive,Product Quality,"{""Product Quality"": ""positive""}"
42389232186345,এখন পর্যন্ত ভালোই সার্ভিস দিচ্ছে। তবে কতদিন টিকে সেটা মুখ্য বিষয়,এখন পর্যন্ত ভালোই সার্ভিস দিচ্ছে । তবে কতদিন টিকে সে টা মুখ্য বিষয়,product_quality_positive,Positive,Product Quality,"{""Product Quality"": ""positive""}"
49005901086345,মুটামুটি ভালো কম দাম হিসেবে চলে নিতে পারেন,মুটামু টি ভালো কম দাম হিসেবে চলে নিতে পারেন,price_neutral#product_quality_neutral,Neutral,"Price, Product Quality","{""Price"": ""neutral"", ""Product Quality"": ""neutral""}"
49576718086345,ভাই আমার জিনিস টা নষ্ট ভাই,ভাই আমার জিনিস টা নষ্ট ভাই,product_quality_negative,Negative,Product Quality,"{""Product Quality"": ""negative""}"
40084879686345,"প্রডাক্টি ভালো, হাতে পেয়ে প্রথমে চিন্তিত ছিলাম,কানেক্ট হয়তেছিলনা চার্য্জ দেওয়ার পর সব ওকে","প্রডাক্ টি ভালো , হাতে পেয়ে প্রথমে চিন্তিত ছিলাম , কানেক্ট হয়তেছিলনা চার্য্জ দেওয়ার পর সব ওকে",product_quality_positive,Positive,Product Quality,"{""Product Quality"": ""positive""}"
41489973586345,"অনেক ভালো। ব্যাবহার করেও ভালো কিন্তু সাউন্ড কম।
সাউন্ড কোয়াটি ভালো।",অনেক ভালো । ব্যাবহার করে ও ভালো কিন্তু সাউন্ড কম । সাউন্ড কোয়া টি ভালো ।,product_quality_positive,Positive,Product Quality,"{""Product Quality"": ""positive""}"
48136737886345,ধন্যবাদ দারাজ কে যে রকম অর্ডার করছি সে রকম ই পেয়েছি।,ধন্যবাদ দারাজ কে যে রকম অর্ডার করছি সে রকম ই পেয়েছি ।,product_quality_positive,Positive,Product Quality,"{""Product Quality"": ""positive""}"
48559782686345,মোটামুটি চলে কোয়ালিটি খুব বেশি একটা ভালো না।,মোটামুটি চলে কোয়ালি টি খুব বেশি একটা ভালো না ।,product_quality_neutral,Neutral,Product Quality,"{""Product Quality"": ""neutral""}"
40426507086345,"খুবই ভালো লেগেছে ...সাউন্ড কোয়ালিটি খুবই ভালো
চাজ ভালো টিকে। সবাই নিতে পারেন",খুবই ভালো লেগেছে .সাউন্ড কোয়ালি টি খুবই ভালো চাজ ভালো টিকে । সবাই নিতে পারেন,product_quality_positive,Positive,Product Quality,"{""Product Quality"": ""positive""}"
40162144686345,সত্যি ভাই  অনেক ভালো। একবার চার্জ দিলেও প্রায় চার পাঁচ ঘন্টা থাকে,সত্যি ভাই অনেক ভালো । একবার চার্জ দিলে ও প্রায় চার পাঁচ ঘন্টা থাকে,product_quality_positive,Positive,Product Quality,"{""Product Quality"": ""positive""}"
41816942586345,"যেমনটা চেয়েছি, তােমনটাই খুবই ভালো👌👌👌👌👌","যেমন টা চেয়েছি , তােমনটাই খুবই ভালো",product_quality_positive,Positive,Product Quality,"{""Product Quality"": ""positive""}"
41365181786345,এটার কোয়ালিটি ভালো কিন্তু দুইটা ইয়ারবাট বেশিক্ষণ চাষ টিকে না এম ১০ এবং এম ২৮ এগুলা অনেক চার্জ টিকে,এটার কোয়ালি টি ভালো কিন্তু দুই টা ইয়ারবাট বেশিক্ষণ চাষ টিকে না এম ১০ এবং এম ২৮ এগুলা অনেক চার্জ টিকে,product_quality_positive,Positive,Product Quality,"{""Product Quality"": ""positive""}"
40547648386345,"প্রডাক্ট কোয়ালিটি ভালো ছিলো,
সাউন্ডটা কানে লাগেনা।অনেক স্মুথ সাউন্ড,
তবে সাউন্ডটা আর একটু বেশি হইলে ভালো হইতো","প্রডাক্ট কোয়ালি টি ভালো ছিলো , সাউন্ড টা কানে লাগেনা । অনেক স্মুথ সাউন্ড , তবে সাউন্ড টা আর একটু বেশি হইলে ভালো হইতো",product_quality_positive,Positive,Product Quality,"{""Product Quality"": ""positive""}"
48547333386345,ভালো তবে সাইজে কিছুটা বড়।আমার কানে ব্যথা করে।চার্জ কম থাকে,ভালো তবে সাইজে কিছুটা বড় । আমার কানে ব্যথা করে । চার্জ কম থাকে,product_quality_positive,Positive,Product Quality,"{""Product Quality"": ""positive""}"
54918401686345,এই প্রথম আমি দারাজ এর কাছে এত খারাপ একটি প্রোডাক্ট পেলাম। যেটি আমি কল্পনাও করিনি। এজন্য দারাজের প্রতি আমার বিশ্বাস অনেকটাই কমে গেল। ইয়ারফোনে চার্জ হয় না। আমি দুই ঘন্টা চার্জে দিয়ে রাখছি কিন্তু তাও ডিসপ্লেতে কিছু আসে না,এই প্রথম আমি দারাজ এর কাছে এত খারাপ একটি প্রোডাক্ট পেলাম । যে টি আমি কল্পনা ও করিনি । এজন্য দারাজের প্রতি আমার বিশ্বাস অনেকটাই কমে গেল । ইয়ারফোনে চার্জ হয় না । আমি দুই ঘন্টা চার্জে দিয়ে রাখছি কিন্তু তাও ডিসপ্লেতে কিছু আসে না,product_quality_negative,Negative,Product Quality,"{""Product Quality"": ""negative""}"
48623090686345,"ব্যাটারী ব্যাকাপ যতটুকু ভেবেছি তা পায়নি এছাড়া মুল বক্সের ব্যাটারী ৪০% আসলে একটু পরে ০% হয়ে যায়।আমারটা পুরাই কপি,  ফালতু একটা জিনিস। অন্যদের না নেওয়ার পরামর্শ থাকবে।","ব্যাটারী ব্যাকাপ যতটুকু ভেবেছি তা পায়নি এছাড়া মুল বক্সের ব্যাটারী ৪০ আসলে একটু পরে ০ হয়ে যায় । আমার টা পুরাই কপি , ফালতু একটা জিনিস । অন্যদের না নেওয়ার পরামর্শ থাকবে ।",product_quality_negative,Negative,Product Quality,"{""Product Quality"": ""negative""}"
48533458086345,দাম অনুযায়ী হিসেব করলেও সাউন্ড কোয়ালিটি অনেক খারাপ। এক পাশে কম শোনা যায়।,দাম অনুযায়ী হিসেব করলে ও সাউন্ড কোয়ালি টি অনেক খারাপ । এক পাশে কম শোনা যায় ।,price_negative#product_quality_negative,Negative,"Price, Product Quality","{""Price"": ""negative"", ""Product Quality"": ""negative""}"
48108169486345,"জিনিসটা হাতে পাওয়ার পর থেকে দুনিয়ার সমস্যা। 
কানেক্টিং দেখায় কিছু হেডফোনে শব্দ শুনা যায়না।
একদম ফালতু প্রোডাক্ট পড়েছে আমারটা",জিনিস টা হাতে পাওয়ার পর থেকে দুনিয়ার সমস্যা । কানেক্টিং দেখায় কিছু হেডফোনে শব্দ শুনা যায়না । একদম ফালতু প্রোডাক্ট পড়েছে আমার টা,product_quality_negative,Negative,Product Quality,"{""Product Quality"": ""negative""}"
48236725086345,"প্রাডাক্ট এর কোয়ালিটি খুবই ভালো 😊 
কিন্তু  সমস্যা হল চার্জ থাকেনা সর্বোচ্চ ২ ঘণ্টা থাকে 😑",প্রাডাক্ট এর কোয়ালি টি খুবই ভালো কিন্তু সমস্যা হল চার্জ থাকেনা সর্বোচ্চ ২ ঘণ্টা থাকে,product_quality_positive,Positive,Product Quality,"{""Product Quality"": ""positive""}"
48734621986345,"এক দম ভুকা মাল চলেনা ভাই 
আর চারেজ থাকেনা ভাই এক বার চারেজ দেওয়া জাই ভাই",এক দম ভুকা মাল চলেনা ভাই আর চারেজ থাকেনা ভাই এক বার চারেজ দেওয়া জাই ভাই,product_quality_negative,Negative,Product Quality,"{""Product Quality"": ""negative""}"
48782383886345,আলহামদুলিল্লাহ খুবই ভালো একটি প্রোডাক্ট কম টাকার ভিতরে,আলহামদুলিল্লাহ খুবই ভালো একটি প্রোডাক্ট কম টাকার ভিতরে,price_positive#product_quality_positive,Positive,"Price, Product Quality","{""Price"": ""positive"", ""Product Quality"": ""positive""}"
48721156986345,বাজে একটা প্রোডাক্ট নিছিলাম দুইদিনও চলতে পারিনি,বাজে একটা প্রোডাক্ট নিছিলাম দুইদিন ও চলতে পারিনি,product_quality_negative,Negative,Product Quality,"{""Product Quality"": ""negative""}"
48151335186345,বেশি একটা ভালো না ভিট নাই তাই 🙄🙄,বেশি একটা ভালো না ভিট নাই তাই,product_quality_negative,Negative,Product Quality,"{""Product Quality"": ""negative""}"
45546006591610,"দাম হিসাবে ভালোই আমার লেগেছে ৩৩০ টাকা মোট মিলিয়ে আর আমি এর থেকে ভালো কোয়ালিটির টা ব্যবহার করি এটা আমি আমার আপুর জন্য আনাইছি এই দামে বলতে গেলে এটা ভালো এখন দেখা যাক এটা কতদিন ব্যবহার যোগ্য বা কতদিন টিকে, 🥀🖤","দাম হিসাবে ভালোই আমার লেগেছে ৩৩০ টাকা মোট মিলিয়ে আর আমি এর থেকে ভালো কোয়ালিটির টা ব্যবহার করি এটা আমি আমার আপুর জন্য আনাইছি এই দামে বলতে গেলে এটা ভালো এখন দেখা যাক এটা কতদিন ব্যবহার যোগ্য বা কতদিন টিকে ,",price_positive#product_quality_positive,Positive,"Price, Product Quality","{""Price"": ""positive"", ""Product Quality"": ""positive""}"
44907336891610,"অসাধারণ একটি প্রোডাক্ট। হাই পাওয়ার ব্যাস এন্ড চার্জ কোয়ালিটি। এত কম টাকায় এত সুন্দর জিনিস কল্পনাতীত।  মাইক্রো স্পিকারটাও ভাল কাজ করে, সেলারের ব্যাবহার ভাল। কেউ যদি নিতে চান টেনসন ফ্রী অরডার করতে পারেন।","অসাধারণ একটি প্রোডাক্ট । হাই পাওয়ার ব্যাস এন্ড চার্জ কোয়ালি টি । এত কম টাকায় এত সুন্দর জিনিস কল্পনাতীত । মাইক্রো স্পিকারটা ও ভাল কাজ করে , সেলারের ব্যাবহার ভাল । কেউ যদি নিতে চান টেনসন ফ্রী অরডার করতে পারেন ।",seller_service_positive#price_positive#product_quality_positive,Positive,"Price, Product Quality, Seller Service","{""Seller Service"": ""positive"", ""Price"": ""positive"", ""Product Quality"": ""positive""}"
45207279691610,"১ সপ্তাহ ব্যবহার করে বলছি,,জিনিসটা সত্যিই অসাধারন,,আপনারা চাইলে নিতে পারেন","১ সপ্তাহ ব্যবহার করে বলছি , , জিনিস টা সত্যিই অসাধারন , , আপনারা চাইলে নিতে পারেন",product_quality_positive,Positive,Product Quality,"{""Product Quality"": ""positive""}"
43617686791610,ধন্যবাদ দারাজ কোম্পানিকে এত তাড়াতাড়ি ডেলিভারি দেয়ার জন্য সময় মত হাতে পেয়েছি তিন দিনের মধ্যে ধন্যবাদ সেলার কে এত তাড়াতাড়ি পাঠানোর জন্য 😊🙂🥰😌 সবাই কিনতে পারেন প্রোডাক্টটি অনেক ভালো 💙😌,ধন্যবাদ দারাজ কোম্পানিকে এত তাড়াতাড়ি ডেলিভারি দেয়ার জন্য সময় মত হাতে পেয়েছি তিন দিনের মধ্যে ধন্যবাদ সেলার কে এত তাড়াতাড়ি পাঠানোর জন্য সবাই কিনতে পারেন প্রোডাক্ট টি অনেক ভালো,delivery_positive#product_quality_positive,Positive,"Delivery, Product Quality","{""Delivery"": ""positive"", ""Product Quality"": ""positive""}"
49039017391610,"জ্বী আলহামদুলিল্লাহ ! প্রোডাক্টটি ভাল ছিল। ১০ এর ভিতর ৯ পয়েন্ট ৯ দিলাম, প্রাইস অনুযায়ী। ওভার অল ওকে।","জ্বী আলহামদুলিল্লাহ ! প্রোডাক্ট টি ভাল ছিল । ১০ এর ভিতর ৯ পয়েন্ট ৯ দিলাম , প্রাইস অনুযায়ী । ওভার অল ওকে ।",price_positive#product_quality_positive,Positive,"Price, Product Quality","{""Price"": ""positive"", ""Product Quality"": ""positive""}"
48686436991610,"কম দামের মধ্যে খুবই ভালো একটা প্রোডাক্ট। সাউন্ড কোয়ালিটি ভালো। সবকিছু মিলিয়ে আমার ভালো লাগছে।
আপনারা চাইলে নিতে পারেন। আর প্যাকেজিং টা ও ভালো ছিল। ডেলিভারি টা খুব দ্রুত হয়েছে 4 দিনের মধ্যেই পেয়েছি।
দারাজ কে ধন্যবাদ।",কম দামের মধ্যে খুবই ভালো একটা প্রোডাক্ট । সাউন্ড কোয়ালি টি ভালো । সবকিছু মিলিয়ে আমার ভালো লাগছে । আপনারা চাইলে নিতে পারেন । আর প্যাকেজিং টা ও ভালো ছিল । ডেলিভারি টা খুব দ্রুত হয়েছে 4 দিনের মধ্যেই পেয়েছি । দারাজ কে ধন্যবাদ ।,delivery_positive#packaging_positive#price_positive#product_quality_positive,Positive,"Delivery, Packaging, Price, Product Quality","{""Delivery"": ""positive"", ""Packaging"": ""positive"", ""Price"": ""positive"", ""Product Quality"": ""positive""}"
48962747791610,বেশি ভালো বলবো নাহ তবে দামের কথা চিন্তা করলে  অনেকটা ভালো আপনারা চাইলে নিতে পারেন,বেশি ভালো বলবো নাহ তবে দামের কথা চিন্তা করলে অনেক টা ভালো আপনারা চাইলে নিতে পারেন,price_positive#product_quality_positive,Positive,"Price, Product Quality","{""Price"": ""positive"", ""Product Quality"": ""positive""}"
48239342291610,প্রোডাক্টটি অনেক ভালো সেলার ভাই অনেক ভাল আমি ৮ তারিখ আমাকে ১০ তারিখের মধ্যে দিয়ে দিয়েছে দারাজ কে অনেক ধন্যবাদ চাইলে আপনারা নিতে পারেন অনেক ভালো একটি প্রোডাক্ট,প্রোডাক্ট টি অনেক ভালো সেলার ভাই অনেক ভাল আমি ৮ তারিখ আমাকে ১০ তারিখের মধ্যে দিয়ে দিয়েছে দারাজ কে অনেক ধন্যবাদ চাইলে আপনারা নিতে পারেন অনেক ভালো একটি প্রোডাক্ট,delivery_positive#product_quality_positive,Positive,"Delivery, Product Quality","{""Delivery"": ""positive"", ""Product Quality"": ""positive""}"
49382178891610,"এতোটা ভালো হবে কখনোই আশা
 করিনি দামে কম মানে ভালো ❤️",এতো টা ভালো হবে কখনোই আশা করিনি দামে কম মানে ভালো,price_positive#product_quality_positive,Positive,"Price, Product Quality","{""Price"": ""positive"", ""Product Quality"": ""positive""}"
44965593091610,"প্রোডাক্ট এর মান ভালো.... কিন্তু প্যাকেজিং এমন বাজে কেন ভাই?🙂
ডেলিভারি ও অনেক দেরি করে।
প্যাকেজ দেখে মনে হচ্ছে উপর দিয়ে ট্রাক চালাইছে🐸
প্যাকেজিং আর সার্ভিস ভালো হয়নি তবে এয়ারবাডস টা মোটামুটি ভালো।
শুধু মাঝে মধ্যে একাই ডিসকানেকটেড হয়ে যায় কোনো কারণ ছাড়া।
দাম হিসাব করলে ঠিকই আছে। 🎧🥲",প্রোডাক্ট এর মান ভালো. কিন্তু প্যাকেজিং এমন বাজে কেন ভাই ? ডেলিভারি ও অনেক দেরি করে । প্যাকেজ দেখে মনে হচ্ছে উপর দিয়ে ট্রাক চালাইছে প্যাকেজিং আর সার্ভিস ভালো হয়নি তবে এয়ারবাডস টা মোটামুটি ভালো । শুধু মাঝে মধ্যে একাই ডিসকানেকটেড হয়ে যায় কোনো কারণ ছাড়া । দাম হিসাব করলে ঠিকই আছে ।,delivery_negative#packaging_negative#price_positive#product_quality_positive,Neutral,"Delivery, Packaging, Price, Product Quality","{""Delivery"": ""negative"", ""Packaging"": ""negative"", ""Price"": ""positive"", ""Product Quality"": ""positive""}"
48434980291610,"সেলার ভাইকে ধন্যবাদ খুব তাড়াতাড়ি প্রোডাক্টটি পেয়েছি। 
কোয়ালি অনেক ভালো।",সেলার ভাইকে ধন্যবাদ খুব তাড়াতাড়ি প্রোডাক্ট টি পেয়েছি । কোয়ালি অনেক ভালো ।,delivery_positive#product_quality_positive,Positive,"Delivery, Product Quality","{""Delivery"": ""positive"", ""Product Quality"": ""positive""}"
51128576291610,"দুই দিনের মধ্যে হাতে পেয়েছি, সাউন্ড ভালো, এখন ব্যবহার করে দেখি কত ঘন্টা চার্জ থাকে,,,দারাজ ও সেলার ভাই কে ধন্যবাদ।","দুই দিনের মধ্যে হাতে পেয়েছি , সাউন্ড ভালো , এখন ব্যবহার করে দেখি কত ঘন্টা চার্জ থাকে , দারাজ ও সেলার ভাই কে ধন্যবাদ ।",delivery_positive#product_quality_positive,Positive,"Delivery, Product Quality","{""Delivery"": ""positive"", ""Product Quality"": ""positive""}"
50202739591610,বন্ধুরে বলছিলাম অনলাইনে এসব নিস না তবুও নিলো  যাইহোক জিনিসটা খুব একটা ভালো না সবাই যেমন বলছে এরকম কিছু না দাম অনুযায়ী অন্য মডেল ভালো হতো ডিসপ্লে ওয়ালা দেখেছিলাম একটা 😐,বন্ধুরে বলছিলাম অনলাইনে এসব নিস না তবু ও নিলো যাইহোক জিনিস টা খুব একটা ভালো না সবাই যেমন বলছে এরকম কিছু না দাম অনুযায়ী অন্য মডেল ভালো হতো ডিসপ্লে ওয়ালা দেখেছিলাম একটা,product_quality_negative,Negative,Product Quality,"{""Product Quality"": ""negative""}"
54708102091610,প্রোডাক্টটি আসলে অনেক ভালো এক কথায় অসাধারণ এটাকে ১০/১০ দেয়া যায় কারণ এটা কোয়ালিটি যেরকম সাউন্ড কোয়ালিটি সেরকম কোন সাউন্ড নিয়ে কোন অভিযোগ নাই উপরে পিকচার দেওয়া আছে সাউন্ড অনেক কমে মনে হচ্ছে আমি ফুল দেখতে চাই এরকম মনে হয় চাইলে আপনার নিতে পারেন খুব দ্রুত সময় হাতে পেয়েছি এটার প্রশংসা যতই করব তার কম হবে না ব্যবহার করে বলছি তবে এটার বক্সের ব্যাটারি ব্যাকআপ টা একটু বেশি হলে ভালো হতো গেমিং ও বেস্ট সাউন্ড আসে সব ধরনের গান প্লে করে দেখেছি ভালো পারফরম্যান্স করতে,প্রোডাক্ট টি আসলে অনেক ভালো এক কথায় অসাধারণ এটাকে ১০ ১০ দেয়া যায় কারণ এটা কোয়ালি টি যেরকম সাউন্ড কোয়ালি টি সেরকম কোন সাউন্ড নিয়ে কোন অভিযোগ নাই উপরে পিকচার দেওয়া আছে সাউন্ড অনেক কমে মনে হচ্ছে আমি ফুল দেখতে চাই এরকম মনে হয় চাইলে আপনার নিতে পারেন খুব দ্রুত সময় হাতে পেয়েছি এটার প্রশংসা যতই করব তার কম হবে না ব্যবহার করে বলছি তবে এটার বক্সের ব্যাটারি ব্যাকআপ টা একটু বেশি হলে ভালো হতো গেমিং ও বেস্ট সাউন্ড আসে সব ধরনের গান প্লে করে দেখেছি ভালো পারফরম্যান্স করতে,delivery_positive#product_quality_positive,Positive,"Delivery, Product Quality","{""Delivery"": ""positive"", ""Product Quality"": ""positive""}"
53120491491610,আমি আজকে প্রায় চারদিন ব্যবহার করে রিভিউ দিচ্ছি আলহামদুলিল্লাহ প্রোডাক্টটা ভালো। কিন্তু ডেলিভারি হতে অনেক সময় লেগেছে। প্রায় ৭দিনের মতো সময় লেগেছে।আর আগের দারাজ এর ডেলিভারি হতো মাত্র দুই-তিন দিনে আর এখন অনেক সময় লাগে। প্রোডাক্টের প্যাকেজিং খুবই ভালো এবং প্রিমিয়াম ফিল দেয়। কিন্তু ভিতরে শুধুমাত্র একটা চার্জার ক্যাব দিয়েছে আমি ভেবেছিলাম এই এয়ার বার্ডস এর রাবারের বার্ডস গুলো এক্সটা সাথে দেওয়া হয়নি। ভেবেছিলাম সাথে এক্সট্রা দিবে কারণ এই প্রাইজে অন্যান্য এয়ার বার্ডস  দিয়ে থাকে। তাই বলবো এক্সট্রা কিছু দিলে ভালো হয়। কারণ রাবারের এগুলো দীর্ঘস্থায়ী নয় নষ্ট হয়ে যাওয়ার সম্ভাবনা রয়েছে। ও এর ব্যাটারি পারফরম্যান্স খুবই ভালো আমি মাত্র তিনবার চার্জ দিয়েছি। ধন্যবাদ,আমি আজকে প্রায় চারদিন ব্যবহার করে রিভিউ দিচ্ছি আলহামদুলিল্লাহ প্রোডাক্ট টা ভালো । কিন্তু ডেলিভারি হতে অনেক সময় লেগেছে । প্রায় ৭দিনের মতো সময় লেগেছে । আর আগের দারাজ এর ডেলিভারি হতো মাত্র দুই-তিন দিনে আর এখন অনেক সময় লাগে । প্রোডাক্টের প্যাকেজিং খুবই ভালো এবং প্রিমিয়াম ফিল দেয় । কিন্তু ভিতরে শুধুমাত্র একটা চার্জার ক্যাব দিয়েছে আমি ভেবেছিলাম এই এয়ার বার্ডস এর রাবারের বার্ডস গুলো এক্স টা সাথে দেওয়া হয়নি । ভেবেছিলাম সাথে এক্সট্রা দিবে কারণ এই প্রাইজে অন্যান্য এয়ার বার্ডস দিয়ে থাকে । তাই বলবো এক্সট্রা কিছু দিলে ভালো হয় । কারণ রাবারের এ গুলো দীর্ঘস্থায়ী নয় নষ্ট হয়ে যাওয়ার সম্ভাবনা রয়েছে । ও এর ব্যাটারি পারফরম্যান্স খুবই ভালো আমি মাত্র তিনবার চার্জ দিয়েছি । ধন্যবাদ,delivery_negative#packaging_positive#product_quality_positive,Positive,"Delivery, Packaging, Product Quality","{""Delivery"": ""negative"", ""Packaging"": ""positive"", ""Product Quality"": ""positive""}"
53676098191610,"জাস্ট অসাধারণ. সাউন্ড এর কোয়ালিটি অনেক অনেক ভালো,
এতো কম টাকায় এত সুন্দর একটা হেডফোন পাবো কখনও ভাবতে পারি নাই,।ধন্যবাদ দরাজ কে।","জাস্ট অসাধারণ. সাউন্ড এর কোয়ালি টি অনেক অনেক ভালো , এতো কম টাকায় এত সুন্দর একটা হেডফোন পাবো কখন ও ভাবতে পারি নাই , । ধন্যবাদ দরাজ কে ।",price_positive#product_quality_positive,Positive,"Price, Product Quality","{""Price"": ""positive"", ""Product Quality"": ""positive""}"
50781698191610,"আলহামদুলিল্লাহ ;
 প্রোডাক্টটি রিসিভ করে তিন দিন ব্যবহার করে রিভিউ দিলাম। দাম অনুযায়ী ভালই ছিল। প্রোডাক্টটি ভালোভাবেই চলছিল।সাউন্ড কোয়ালিটি ঠিক ছিল  কোন প্রকার সমস্যা দেখা দেয়নি, আপনারা চাইলে নিতে পারেন

ধন্যবাদ দারাজ এবং সেলারকে","আলহামদুলিল্লাহ প্রোডাক্ট টি রিসিভ করে তিন দিন ব্যবহার করে রিভিউ দিলাম । দাম অনুযায়ী ভালই ছিল । প্রোডাক্ট টি ভালোভাবেই চলছিল । সাউন্ড কোয়ালি টি ঠিক ছিল কোন প্রকার সমস্যা দেখা দেয়নি , আপনারা চাইলে নিতে পারেন ধন্যবাদ দারাজ এবং সেলারকে",price_positive#product_quality_positive,Positive,"Price, Product Quality","{""Price"": ""positive"", ""Product Quality"": ""positive""}"
52592571091610,"আলহামদুলিল্লাহ অর্ডারের এক সপ্তা একদিন পরে পেলাম।
কম দামে অনেক ভালো প্রোডাক্ট..... যারা নিতে চাচ্ছেন চোখ বুজে কিনতে পারেন 🙂 দা অনুযায়ী সাউন্ড লাউড এন্ড ক্লিন ।
আর রিবুটা জুতার উপর দিচ্ছি কারণ কি ডেলিভারি ম্যানকে জুতা মারা উচিত ছিল 🤣🥲🐶",আলহামদুলিল্লাহ অর্ডারের এক সপ্তা একদিন পরে পেলাম । কম দামে অনেক ভালো প্রোডাক্ট. যারা নিতে চাচ্ছেন চোখ বুজে কিনতে পারেন দা অনুযায়ী সাউন্ড লাউড এন্ড ক্লিন । আর রিবু টা জুতার উপর দিচ্ছি কারণ কি ডেলিভারি ম্যানকে জুতা মারা উচিত ছিল,delivery_negative#price_positive#product_quality_positive,Positive,"Delivery, Price, Product Quality","{""Delivery"": ""negative"", ""Price"": ""positive"", ""Product Quality"": ""positive""}"
50009059791610,"ভালোই মনে হচ্ছে, কিন্তু অন হচ্ছে না ‌ চার্জে লাগিয়েছি এখন দেখা যাক। প্যাকেজিং অতএকটা ভালো ছিল না।
কম দামে ভালোই জিনিস। 
এখন দেখা যাক কতদিন চলে।","ভালোই মনে হচ্ছে , কিন্তু অন হচ্ছে না চার্জে লাগিয়েছি এখন দেখা যাক । প্যাকেজিং অতএক টা ভালো ছিল না । কম দামে ভালোই জিনিস । এখন দেখা যাক কতদিন চলে ।",packaging_neutral#price_positive#product_quality_positive,Positive,"Packaging, Price, Product Quality","{""Packaging"": ""neutral"", ""Price"": ""positive"", ""Product Quality"": ""positive""}"
52969142491610,"দাম অনুযায়ী খারাপ না ভালোই , কিন্তু মতে হচ্ছে। সাউন্ড কোয়ালিটি ও ভালো কিন্তু আর একটু বেশি সাউন্ড থাকা উচিত ছিল যেমনই,তার পর ও বলবো যে এই দমে ব্লুটুথ হেডফোন পাওয়া গেছে এইটাই ভালো।
তাও আবার চার্জার পয়েন্ট টাইপ-ছি কেবল দিয়ে।

ধন্যবাদ ভাই আপনাকে অসংখ্য,,আর ঈদের শুভেচ্ছা রইল।।।

২ দিন এর ভিতর ডেলিভারি দেওয়া জন্য দারাজকে ও ধন্যবাদ 😻😻😻😻","দাম অনুযায়ী খারাপ না ভালোই , কিন্তু মতে হচ্ছে । সাউন্ড কোয়ালি টি ও ভালো কিন্তু আর একটু বেশি সাউন্ড থাকা উচিত ছিল যেমনই , তার পর ও বলবো যে এই দমে ব্লুটুথ হেডফোন পাওয়া গেছে এইটাই ভালো । তাও আবার চার্জার পয়েন্ট টাইপ-ছি কেবল দিয়ে । ধন্যবাদ ভাই আপনাকে অসংখ্য , , আর ঈদের শুভেচ্ছা রইল । ২ দিন এর ভিতর ডেলিভারি দেওয়া জন্য দারাজকে ও ধন্যবাদ",delivery_positive#price_positive#product_quality_positive,Positive,"Delivery, Price, Product Quality","{""Delivery"": ""positive"", ""Price"": ""positive"", ""Product Quality"": ""positive""}"
54355202291610,"প্যাকেটের অবস্থা খারাপ ছিলো। 

সাউন্ড কোয়ালিটি ভালোই আছে। 

মাত্র হাতে পেলাম চার্জ কেমন থাকে সেটা কিছুক্ষণ চালানোর পরেই বুঝতে পারবো",প্যাকেটের অবস্থা খারাপ ছিলো । সাউন্ড কোয়ালি টি ভালোই আছে । মাত্র হাতে পেলাম চার্জ কেমন থাকে সে টা কিছুক্ষণ চালানোর পরেই বুঝতে পারবো,packaging_negative,Negative,Packaging,"{""Packaging"": ""negative""}"
51010949191610,"প্রোডাক্টটি সত্যিই অমায়িক.... পুরাই এক এর ক..... আপনারা চাইলে নিতে পারেন 

ধন্যবাদ ডেলিভারি ম্যান ও সেলারকে....",প্রোডাক্ট টি সত্যিই অমায়িক. পুরাই এক এর ক. আপনারা চাইলে নিতে পারেন ধন্যবাদ ডেলিভারি ম্যান ও সেলারকে.,product_quality_positive,Positive,Product Quality,"{""Product Quality"": ""positive""}"
50680739091610,"এক কথায় অসাধারণ , সাউন্ড কোয়ালিটি খুব ভালো ।

শুধু একটা অভিযোগ আছে সেটা হলো আপনারা ডেলিভারি চার্জ রাখেন ৬০ বা ৭০ টাকা ভালো কথা সেটার পর ক্যাশ অন ডেলিভারিতে দশ টাকার এক্সট্রা কেন নেন???? তো দেখা যায় কোন কিছু কিনতে গেলে সেটার দাম যদি ১০০ বা ২০০ বা ৩০০ টাকা হয় ডেলিভারি চার্জই আসে ৬০ বা ৬৫ টাকা এরপর আবার ক্যাশ অন ডেলিভারিতে আরো দশ টাকা এক্সট্রা । এটা খুবই কষ্ট লাগে । এই অতিরিক্ত ডেলিভারি চার্জ এবং ডেলিভারিতে দশ টাকা এক্সট্রা হওয়ার কারণে আমি অর্ডার দিতে পারি না । ২০২২-২০২৩ এর দিকে ডেলিভারি চার্জ কম ছিল তখন আমি প্রচুর পরিমাণে অর্ডার করতাম । আপনাদের প্রত্যেকটা সেলার কেই বলছি দয়া করে একটু ডেলিভারি চার্জ টা কমান, প্লিজ 😢","এক কথায় অসাধারণ , সাউন্ড কোয়ালি টি খুব ভালো । শুধু একটা অভিযোগ আছে সে টা হলো আপনারা ডেলিভারি চার্জ রাখেন ৬০ বা ৭০ টাকা ভালো কথা সেটার পর ক্যাশ অন ডেলিভারিতে দশ টাকার এক্সট্রা কেন নেন ? তো দেখা যায় কোন কিছু কিনতে গেলে সেটার দাম যদি ১০০ বা ২০০ বা ৩০০ টাকা হয় ডেলিভারি চার্জই আসে ৬০ বা ৬৫ টাকা এরপর আবার ক্যাশ অন ডেলিভারিতে আরো দশ টাকা এক্সট্রা । এটা খুবই কষ্ট লাগে । এই অতিরিক্ত ডেলিভারি চার্জ এবং ডেলিভারিতে দশ টাকা এক্সট্রা হওয়ার কারণে আমি অর্ডার দিতে পারি না । ২০২২-২০২৩ এর দিকে ডেলিভারি চার্জ কম ছিল তখন আমি প্রচুর পরিমাণে অর্ডার করতাম । আপনাদের প্রত্যেক টা সেলার কেই বলছি দয়া করে একটু ডেলিভারি চার্জ টা কমান , প্লিজ",product_quality_positive,Positive,Product Quality,"{""Product Quality"": ""positive""}"
53995629491610,"অনেক দিন চালিয়ে রিভিউ দিলাম, 
খুবই বাজে প্রোডাক্ট। অটোমেটিক অন অফ হয়, ফিঙ্গারপ্রিন্ট অটোমেটিক কাজ করে। আর মনে হয় ভিতরে কোন ব্যাটারি নেই একেবারে হালকা। 🤬🤬","অনেক দিন চালিয়ে রিভিউ দিলাম , খুবই বাজে প্রোডাক্ট । অটোমেটিক অন অফ হয় , ফিঙ্গারপ্রিন্ট অটোমেটিক কাজ করে । আর মনে হয় ভিতরে কোন ব্যাটারি নেই একেবারে হালকা ।",product_quality_negative,Negative,Product Quality,"{""Product Quality"": ""negative""}"
50208880291610,"প্রাইসের তুলনায় অনেক ভালো একটি প্রোডাক্ট।
চার্জ ও অনেক সময় থাকে এবং সাউন্ড কোয়ালিটি অন্তত সুন্দর 
জিনিস টাও দামি দামি মনে হয়। কানে লাগালে স্মার্ট স্মার্ট ফিল হয়।
ধন্যবাদ সেলার ভাইকে পন্য টি দ্বিতীয় দিনেও আমার কাছে ভালো ভাবে পৌছে দেওয়ার জন্য।।",প্রাইসের তুলনায় অনেক ভালো একটি প্রোডাক্ট । চার্জ ও অনেক সময় থাকে এবং সাউন্ড কোয়ালি টি অন্তত সুন্দর জিনিস টা ও দামি দামি মনে হয় । কানে লাগালে স্মার্ট স্মার্ট ফিল হয় । ধন্যবাদ সেলার ভাইকে পন্য টি দ্বিতীয় দিনে ও আমার কাছে ভালো ভাবে পৌছে দেওয়ার জন্য । ।,delivery_positive#price_positive#product_quality_positive,Positive,"Delivery, Price, Product Quality","{""Delivery"": ""positive"", ""Price"": ""positive"", ""Product Quality"": ""positive""}"
51204311891610,"অল্প সময়ের মধ্যে ডেলিভারি দিয়েছেন এই জন্য অসংখ্য ধন্যবাদ। ডেলিভারি ম্যান রিপন ভাই অতন্ত ভদ্র মানুষ। রিপন ভাই  কে অনেকক্ষণ অপেক্ষায় রাখার পর পন্য সংগ্রহ করছি কিন্তু রিপন ভাই একটু বিরক্ত বোধ করেন নি। এই জন্য আবার ধন্যবাদ 
সবশেষে প্রোডাক্ট টি দাম হিসাবে ঠিক আছে। আপনারা সবাই প্রোডাক্ট টি নিতে পারেন।",অল্প সময়ের মধ্যে ডেলিভারি দিয়েছেন এই জন্য অসংখ্য ধন্যবাদ । ডেলিভারি ম্যান রিপন ভাই অতন্ত ভদ্র মানুষ । রিপন ভাই কে অনেকক্ষণ অপেক্ষায় রাখার পর পন্য সংগ্রহ করছি কিন্তু রিপন ভাই একটু বিরক্ত বোধ করেন নি । এই জন্য আবার ধন্যবাদ সবশেষে প্রোডাক্ট টি দাম হিসাবে ঠিক আছে । আপনারা সবাই প্রোডাক্ট টি নিতে পারেন ।,delivery_positive#price_positive#product_quality_positive,Positive,"Delivery, Price, Product Quality","{""Delivery"": ""positive"", ""Price"": ""positive"", ""Product Quality"": ""positive""}"
49645705591610,"প্রোডাক্ট টা খুবই ভালো। ৩৩২ টাকায় সাউন্ড কোয়ালিটি এবং চার্জ খুবই ভালো।
আমি এক সপ্তাহ যাবত রাফ ইউজ করতেছি, চার্জ নিতে খুব কম সময় লাগে। এয়ারপড এ ২-২:৩০ ঘন্টা চলে যায় ৬০% সাউন্ডে।  
আর কেস এ দুইবার চার্জ দেয়া যায়।  
প্রোডাক্ট খুবই ভালো নিতে পারেন।","প্রোডাক্ট টা খুবই ভালো । ৩৩২ টাকায় সাউন্ড কোয়ালি টি এবং চার্জ খুবই ভালো । আমি এক সপ্তাহ যাবত রাফ ইউজ করতেছি , চার্জ নিতে খুব কম সময় লাগে । এয়ারপড এ ২-২ ৩০ ঘন্টা চলে যায় ৬০ সাউন্ডে । আর কেস এ দুইবার চার্জ দেয়া যায় । প্রোডাক্ট খুবই ভালো নিতে পারেন ।",product_quality_positive,Positive,Product Quality,"{""Product Quality"": ""positive""}"
49776354091610,আসলে স্বল্প দামের মধ্যে কেউ যদি এরকম ইয়ারবাড নিতে চায় তাহলে এটা বেস্ট হবে ।এটি পড়তে এবং দেখতে দুটোই ভালো ।দাম কম হওয়ার পরও যেটি দিছে সেই হিসেবে অনেক ভালো ।,আসলে স্বল্প দামের মধ্যে কেউ যদি এরকম ইয়ারবাড নিতে চায় তাহলে এটা বেস্ট হবে । এটি পড়তে এবং দেখতে দুটোই ভালো । দাম কম হওয়ার পর ও যে টি দিছে সেই হিসেবে অনেক ভালো ।,price_positive#product_quality_positive,Positive,"Price, Product Quality","{""Price"": ""positive"", ""Product Quality"": ""positive""}"
50867865491610,"কিনা পর আজ ২দিন পর রিভিউ দিলাম ২-২.৩০ চার্জ থাকে। কেসিং ৩ বার চার্জ দেওয়া যাই,  বলা চলে তেমন ভালো না","কিনা পর আজ ২দিন পর রিভিউ দিলাম ২-২.৩০ চার্জ থাকে । কেসিং ৩ বার চার্জ দেওয়া যাই , বলা চলে তেমন ভালো না",product_quality_negative,Negative,Product Quality,"{""Product Quality"": ""negative""}"
49885869091610,"৩দিন ব্যবহার করে রিভিউ দিচ্ছি একদম বাজে প্রডাক্ট ফুল চার্জ করার পরেও বোক্স থেকে একবার চার্জ করা যায় না,,,,,, চার্জ তারাতাড়ি শেষ হয়ে যায়","৩দিন ব্যবহার করে রিভিউ দিচ্ছি একদম বাজে প্রডাক্ট ফুল চার্জ করার পরে ও বোক্স থেকে একবার চার্জ করা যায় না , চার্জ তারাতাড়ি শেষ হয়ে যায়",product_quality_negative,Negative,Product Quality,"{""Product Quality"": ""negative""}"
53421197891610,যেমনটা অর্ডার করেছিলাম ঠিক তেমনই দিয়েছে সাউন্ড কোয়ালিটি খুব সুন্দর শুধু ডেলিভারি চার্জ একটু বেশি।,যেমন টা অর্ডার করেছিলাম ঠিক তেমনই দিয়েছে সাউন্ড কোয়ালি টি খুব সুন্দর শুধু ডেলিভারি চার্জ একটু বেশি ।,product_quality_positive,Positive,Product Quality,"{""Product Quality"": ""positive""}"
48601848791610,দাম অনুযায়ী আলহামদুলিল্লাহ ভালোই।এখন দেখি কতদিন যাই।🤞,দাম অনুযায়ী আলহামদুলিল্লাহ ভালোই । এখন দেখি কতদিন যাই ।,price_positive#product_quality_positive,Positive,"Price, Product Quality","{""Price"": ""positive"", ""Product Quality"": ""positive""}"
48841692991610,"মোটামুটি চলো সবাই নিতে পাড়েন 
অসাধারণ",মোটামুটি চলো সবাই নিতে পাড়েন অসাধারণ,product_quality_neutral,Neutral,Product Quality,"{""Product Quality"": ""neutral""}"
50746891091610,"কিছুক্ষন আগে পেলাম খুব ভালো প্রোডাক্ট, যেমন চাইসি তেমনই পেলাম, সাউন্ড কোয়ালিটি অস্থির 🦋","কিছুক্ষন আগে পেলাম খুব ভালো প্রোডাক্ট , যেমন চাইসি তেমনই পেলাম , সাউন্ড কোয়ালি টি অস্থির",product_quality_positive,Positive,Product Quality,"{""Product Quality"": ""positive""}"
53970044691610,বন্ধুদের জন্য তিনটা অর্ডার দিছিলাম।এর আগে নিজের জন্য একটা আনছিলাম।আলহামদুলিল্লাহ ভালোই।,বন্ধুদের জন্য তিন টা অর্ডার দিছিলাম । এর আগে নিজের জন্য একটা আনছিলাম । আলহামদুলিল্লাহ ভালোই ।,product_quality_positive,Positive,Product Quality,"{""Product Quality"": ""positive""}"
49899565391610,"দাম অনুযায়ী প্রোডাক্ট মোটামুটি ভালই আপনারা চাইলে নিতে পারেন।
সেলারের ব্যবহার খুবই ভালো।",দাম অনুযায়ী প্রোডাক্ট মোটামুটি ভালই আপনারা চাইলে নিতে পারেন । সেলারের ব্যবহার খুবই ভালো ।,seller_service_positive#price_neutral#product_quality_neutral,Positive,"Price, Product Quality, Seller Service","{""Seller Service"": ""positive"", ""Price"": ""neutral"", ""Product Quality"": ""neutral""}"
51192605291610,সাউন্ড কোয়ালিটি ভালোই। দাম অনুযায়ী খারাপ না। ব্যবহার করলে বুঝা যাবে চার্জ কতক্ষণ থাকে।,সাউন্ড কোয়ালি টি ভালোই । দাম অনুযায়ী খারাপ না । ব্যবহার করলে বুঝা যাবে চার্জ কতক্ষণ থাকে ।,price_positive#product_quality_positive,Positive,"Price, Product Quality","{""Price"": ""positive"", ""Product Quality"": ""positive""}"
48700033791610,সব ভালোই ব্যাটারি ব্যাকআপ একটু কম,সব ভালোই ব্যাটারি ব্যাকআপ একটু কম,product_quality_positive,Positive,Product Quality,"{""Product Quality"": ""positive""}"
49889569491610,একদম বাজে চার্জ থাকে না বললেই চলে কেস থেকেও চার্জ হয় না 10 মিনিটও চার্জ থাকে না,একদম বাজে চার্জ থাকে না বললেই চলে কেস থেকে ও চার্জ হয় না 10 মিনিট ও চার্জ থাকে না,product_quality_negative,Negative,Product Quality,"{""Product Quality"": ""negative""}"
50959967391610,"প্লাস্টিক বোডি..!

ভালই দাম হিসাবে। আজকে 7 দিন পর রিভিও দিচ্ছি।চার্জ চলে 2 দিন।",প্লাস্টিক বোডি.. ! ভালই দাম হিসাবে । আজকে 7 দিন পর রিভি ও দিচ্ছি । চার্জ চলে 2 দিন ।,price_positive#product_quality_positive,Positive,"Price, Product Quality","{""Price"": ""positive"", ""Product Quality"": ""positive""}"
49568038091610,"কিছু খারাপ বলার নাই,,, এক কথায় সেই👀🥵।।এই প্রথম দারাজের মতন বাটপার সাইট থিকা ভালো জিনিস পাইলাম ✅✅","কিছু খারাপ বলার নাই , এক কথায় সেই । । এই প্রথম দারাজের মতন বাটপার সাইট থিকা ভালো জিনিস পাইলাম",product_quality_positive,Positive,Product Quality,"{""Product Quality"": ""positive""}"
50362782891610,প্রথমে ভেবেছিলাম নষ্ট চার্জ দেওয়ার পর কাজ করছে ভালোই দাম অনুযায়ি খুব ভালো।,প্রথমে ভেবেছিলাম নষ্ট চার্জ দেওয়ার পর কাজ করছে ভালোই দাম অনুযায়ি খুব ভালো ।,price_positive#product_quality_positive,Positive,"Price, Product Quality","{""Price"": ""positive"", ""Product Quality"": ""positive""}"
50164788591610,অনেক ভালো সবাই‌ নিতে পারেন ।কোন সমস্যা নেই এতো কম‌ দামে অনেক ভালো প্রোডাক্ট,অনেক ভালো সবাই নিতে পারেন । কোন সমস্যা নেই এতো কম দামে অনেক ভালো প্রোডাক্ট,price_positive#product_quality_positive,Positive,"Price, Product Quality","{""Price"": ""positive"", ""Product Quality"": ""positive""}"
53490205291610,"ডেলিভারি দিতে অনেক দেরি করছে

কিন্তু মালটা করা
 সবাই নিশ্চিতে নিতে পারেন",ডেলিভারি দিতে অনেক দেরি করছে কিন্তু মাল টা করা সবাই নিশ্চিতে নিতে পারেন,delivery_negative#product_quality_positive,Neutral,"Delivery, Product Quality","{""Delivery"": ""negative"", ""Product Quality"": ""positive""}"
50708418691610,"*প্যাকেজিং ভালো ছিলো না 
 *একটা কম শোনা যায় 
*তাছাড়া সব ঠিক ঠাক আছে",প্যাকেজিং ভালো ছিলো না এক টা কম শোনা যায় তাছাড়া সব ঠিক ঠাক আছে,packaging_negative#product_quality_positive,Neutral,"Packaging, Product Quality","{""Packaging"": ""negative"", ""Product Quality"": ""positive""}"
50257906591610,"প্রোডাক্ট ভালো!
দাম অনুসারে সাউন্ড কোয়ালিটি ও ব্যাটারি টাইম যথেষ্ট।",প্রোডাক্ট ভালো ! দাম অনুসারে সাউন্ড কোয়ালি টি ও ব্যাটারি টাইম যথেষ্ট ।,price_positive#product_quality_positive,Positive,"Price, Product Quality","{""Price"": ""positive"", ""Product Quality"": ""positive""}"
53917969491610,"মাশাল্লাহ, খুবই ভালো একটি প্রোডাক্ট।আপনারাও নিসন্দেহে নিতে পারেন।","মাশাল্লাহ , খুবই ভালো একটি প্রোডাক্ট । আপনারা ও নিসন্দেহে নিতে পারেন ।",product_quality_positive,Positive,Product Quality,"{""Product Quality"": ""positive""}"
50416332491610,আমি একদিন চালিয়ে রিভিউ দিচ্ছি এটা অনেক ভালো চার্জ  ৩ ঘন্টা টিকে,আমি একদিন চালিয়ে রিভিউ দিচ্ছি এটা অনেক ভালো চার্জ ৩ ঘন্টা টিকে,product_quality_positive,Positive,Product Quality,"{""Product Quality"": ""positive""}"
49909314691610,ডেলিভারি চার্জসহ ৪৩৫ টাকা পড়েছে মোটামুটি ভালই  নীলে নিতে পারেন,ডেলিভারি চার্জসহ ৪৩৫ টাকা পড়েছে মোটামুটি ভালই নীলে নিতে পারেন,product_quality_neutral,Neutral,Product Quality,"{""Product Quality"": ""neutral""}"
50940210791610,"এত কম দামে এত ভালো প্রোডাক্ট, আলহামদুলিল্লাহ, অসংখ্য ধন্যবাদ।","এত কম দামে এত ভালো প্রোডাক্ট , আলহামদুলিল্লাহ , অসংখ্য ধন্যবাদ ।",price_positive#product_quality_positive,Positive,"Price, Product Quality","{""Price"": ""positive"", ""Product Quality"": ""positive""}"
51171181391610,ভালোই ব্যবহার করছি কিন্তু হুটহাট কারণ ছাড়াই ঝিরঝির সাউন্ড হয়☹️,ভালোই ব্যবহার করছি কিন্তু হুটহাট কারণ ছাড়াই ঝিরঝির সাউন্ড হয়,product_quality_positive,Positive,Product Quality,"{""Product Quality"": ""positive""}"
49590013891610,১০ দিন ব্যবহার করে রিভিউ দিলাম খুব ভালো সাউন্ড কোয়ালিটি ভালো😐,১০ দিন ব্যবহার করে রিভিউ দিলাম খুব ভালো সাউন্ড কোয়ালি টি ভালো,product_quality_positive,Positive,Product Quality,"{""Product Quality"": ""positive""}"
51210135791610,৩৪০ টাকা হিসাবে ভালো। ডেলিভারি ম্যানের ব্যবহারও অনেক ভালো।,৩৪০ টাকা হিসাবে ভালো । ডেলিভারি ম্যানের ব্যবহার ও অনেক ভালো ।,delivery_positive#price_positive#product_quality_positive,Positive,"Delivery, Price, Product Quality","{""Delivery"": ""positive"", ""Price"": ""positive"", ""Product Quality"": ""positive""}"
46721275891610,২.৫ ঘন্টার ব্যাকআপ পেয়েছি । মোটামুটি ভালো। প্যাকেজিংটা অনেক খারাপ ছিল 😭😭।,২.৫ ঘন্টার ব্যাকআপ পেয়েছি । মোটামুটি ভালো । প্যাকেজিং টা অনেক খারাপ ছিল ।,packaging_negative#product_quality_neutral,Negative,"Packaging, Product Quality","{""Packaging"": ""negative"", ""Product Quality"": ""neutral""}"
54218156391610,প্রোডাক্টটি খুব ভালো সাউন্ড কোয়ালিটি আপনারা নিতে পারেন,প্রোডাক্ট টি খুব ভালো সাউন্ড কোয়ালি টি আপনারা নিতে পারেন,product_quality_positive,Positive,Product Quality,"{""Product Quality"": ""positive""}"
51002981991610,ভালো  না বন্ধ হয় চালু হয়   দারাজের লোকদের মাইর  দরকার,ভালো না বন্ধ হয় চালু হয় দারাজের লোকদের মাইর দরকার,product_quality_negative,Negative,Product Quality,"{""Product Quality"": ""negative""}"
45574875191610,"প্রোডাক্ট আলহামদুলিল্লাহ ভালো ধন্যবাদ দারাজকে 😊
কিন্তু প্রডাক্ট ইনটেক ছিলো না তাই ওই চ্যাপটা টেপ দিয়ে আটকিয়ে দেওয়া হইছে🥲
আশা করি পরেরবার এমনটা হবে না👍",প্রোডাক্ট আলহামদুলিল্লাহ ভালো ধন্যবাদ দারাজকে কিন্তু প্রডাক্ট ইনটেক ছিলো না তাই ওই চ্যাপ টা টেপ দিয়ে আটকিয়ে দেওয়া হইছে আশা করি পরেরবার এমন টা হবে না,product_quality_positive,Positive,Product Quality,"{""Product Quality"": ""positive""}"
50405615791610,"আলহামদুলিল্লাহ, পণ্য ভালই আছে,যে কেউ নিতে পারেন💕💕💕","আলহামদুলিল্লাহ , পণ্য ভালই আছে , যে কেউ নিতে পারেন",product_quality_positive,Positive,Product Quality,"{""Product Quality"": ""positive""}"
51303377191610,সাউন্ড কোয়ালিটি অনেক বেশি। এককথায় বলতে গেলে খুব ভালো।,সাউন্ড কোয়ালি টি অনেক বেশি । এককথায় বলতে গেলে খুব ভালো ।,product_quality_positive,Positive,Product Quality,"{""Product Quality"": ""positive""}"
45230211691610,"একদম যেমন চেয়েছিলাম ঠিক তেমনি..  
অনেক অনেক ধন্যবাদ সেলার এবং ডেলিভারি ম্যান ভাই কেও অনেক  ভালো একজন মানুষ ডেলিভারি বয়..
জাই হক আপনারা চাইলেই চখ বন্ধ করে নিতে পারেন ১০০℅ অনেক ভালো  একটি প্রডাক্ট..সাউন্ড ও মারাত্তক..
 ধন্যবাদ..❤️",একদম যেমন চেয়েছিলাম ঠিক তেমনি.. অনেক অনেক ধন্যবাদ সেলার এবং ডেলিভারি ম্যান ভাই কে ও অনেক ভালো একজন মানুষ ডেলিভারি বয়.. জাই হক আপনারা চাইলেই চখ বন্ধ করে নিতে পারেন ১০০ অনেক ভালো একটি প্রডাক্ট..সাউন্ড ও মারাত্তক.. ধন্যবাদ..,delivery_positive#product_quality_positive,Positive,"Delivery, Product Quality","{""Delivery"": ""positive"", ""Product Quality"": ""positive""}"
45296439991610,ব্যাটারি কত পারসেন্ট চার্জ হয়েছে এই লোগোটা থাকলে খুবই ভালো হতো। তা ছাড়া ১০০ তে ১০০। তাছাড়া অন্য সব ঠিক আছে। আপনারা সবাই নিতে পারেন কোন সমস্যা নাই।,ব্যাটারি কত পারসেন্ট চার্জ হয়েছে এই লোগো টা থাকলে খুবই ভালো হতো । তা ছাড়া ১০০ তে ১০০ । তাছাড়া অন্য সব ঠিক আছে । আপনারা সবাই নিতে পারেন কোন সমস্যা নাই ।,product_quality_positive,Positive,Product Quality,"{""Product Quality"": ""positive""}"
49920127691610,নিসন্দেহে নিতে পারেন।❤️❤️বেশি কিছু বলতে হবে না।,নিসন্দেহে নিতে পারেন । বেশি কিছু বলতে হবে না ।,product_quality_positive,Positive,Product Quality,"{""Product Quality"": ""positive""}"
50944349291610,ধন্যবাদ সেলার কে ভালো প্রোডাক্ট দেওয়ার জন্য।,ধন্যবাদ সেলার কে ভালো প্রোডাক্ট দেওয়ার জন্য ।,product_quality_positive,Positive,Product Quality,"{""Product Quality"": ""positive""}"
49540051491610,কুতার বাচ্ছারা নষ্ট পণ্য দিছে। ব্যাটারি চার্জ নেয় না,কুতার বাচ্ছারা নষ্ট পণ্য দিছে । ব্যাটারি চার্জ নেয় না,product_quality_negative,Negative,Product Quality,"{""Product Quality"": ""negative""}"
49966788891610,এয়ারবার্ট টা  আসলেই অনেক ভালো কোয়ালিটির।,এয়ারবার্ট টা আসলেই অনেক ভালো কোয়ালিটির ।,product_quality_positive,Positive,Product Quality,"{""Product Quality"": ""positive""}"
54596336491610,খুবই ভালো হয়েছে আপনারা সবাই নিতে পারেন ।,খুবই ভালো হয়েছে আপনারা সবাই নিতে পারেন ।,product_quality_positive,Positive,Product Quality,"{""Product Quality"": ""positive""}"
55068216391610,মোটা মোটি ভালো। আরো কয়দিন চালানোর পর বোঝবো,মো টা মো টি ভালো । আরো কয়দিন চালানোর পর বোঝবো,product_quality_neutral,Neutral,Product Quality,"{""Product Quality"": ""neutral""}"
51407831691610,আলহামদুলিল্লাহ অল্প টাকায় অনেক ভালো পণ্য,আলহামদুলিল্লাহ অল্প টাকায় অনেক ভালো পণ্য,price_positive#product_quality_positive,Positive,"Price, Product Quality","{""Price"": ""positive"", ""Product Quality"": ""positive""}"
50980594291610,জিনিস টা অনেক ভালো এবং কোয়ালিটি ও ভালো,জিনিস টা অনেক ভালো এবং কোয়ালি টি ও ভালো,product_quality_positive,Positive,Product Quality,"{""Product Quality"": ""positive""}"
49622996691610,দাম অনুযায়ী ভালোই কিন্তু চার্জ থাকে দুই ঘন্টা,দাম অনুযায়ী ভালোই কিন্তু চার্জ থাকে দুই ঘন্টা,price_positive#product_quality_positive,Positive,"Price, Product Quality","{""Price"": ""positive"", ""Product Quality"": ""positive""}"
50542928591610,মোটামুটি ৬০০ টাকার জিনিস হিসেবে ভালো,মোটামুটি ৬০০ টাকার জিনিস হিসেবে ভালো,price_positive#product_quality_positive,Positive,"Price, Product Quality","{""Price"": ""positive"", ""Product Quality"": ""positive""}"
53451202291610,সাউন্ড কোয়ালিটি মোটামুটি ভালোই আছে।,সাউন্ড কোয়ালি টি মোটামুটি ভালোই আছে ।,product_quality_positive,Positive,Product Quality,"{""Product Quality"": ""positive""}"
52387014991610,বোলোরোক্তি ভালই আপনারা নিতে পারেন,বোলোরোক্তি ভালই আপনারা নিতে পারেন,product_quality_positive,Positive,Product Quality,"{""Product Quality"": ""positive""}"
51261334191610,দামের হিসেবে মান খুবই ভালো।,দামের হিসেবে মান খুবই ভালো ।,price_positive#product_quality_positive,Positive,"Price, Product Quality","{""Price"": ""positive"", ""Product Quality"": ""positive""}"
51609849991610,একদম বাজে কানেক্ট হয় না।,একদম বাজে কানেক্ট হয় না ।,product_quality_negative,Negative,Product Quality,"{""Product Quality"": ""negative""}"
49635309391610,বাজেটের মধ্যে বেশ ভালো একটি প্রোডাক্ট,বাজেটের মধ্যে বেশ ভালো একটি প্রোডাক্ট,price_positive#product_quality_positive,Positive,"Price, Product Quality","{""Price"": ""positive"", ""Product Quality"": ""positive""}"
49542132791610,"অনেক ভালো প্রডাক্ট,, নিলে নিতে পারেন","অনেক ভালো প্রডাক্ট , , নিলে নিতে পারেন",product_quality_positive,Positive,Product Quality,"{""Product Quality"": ""positive""}"
45608056191610,"পণ্যটি অনেক ভালো সবাই নিতে পারেন 🙃☺️
থ্যাংকস টু সেলার",পণ্য টি অনেক ভালো সবাই নিতে পারেন থ্যাংকস টু সেলার,product_quality_positive,Positive,Product Quality,"{""Product Quality"": ""positive""}"
48779673891610,খারাপ না দাম অনুযায়ী ঠিক আছে,খারাপ না দাম অনুযায়ী ঠিক আছে,price_neutral#product_quality_neutral,Neutral,"Price, Product Quality","{""Price"": ""neutral"", ""Product Quality"": ""neutral""}"
43790087691610,অনেক অনেক অনেক ভালো একটা জিনিস পেলাম। ডেলিভারি অনেক তারাতারি পেয়েছি।। ধন্যবাদ সেলারকে💖,অনেক অনেক অনেক ভালো একটা জিনিস পেলাম । ডেলিভারি অনেক তারাতারি পেয়েছি । । ধন্যবাদ সেলারকে,delivery_positive#product_quality_positive,Positive,"Delivery, Product Quality","{""Delivery"": ""positive"", ""Product Quality"": ""positive""}"
54058808991610,"এই দামে এই প্রোডাক্ট বেস্ট।কিছু প্রোবলেম হয়, যেমন ব্লুটুথ কানেক্ট হতে সমস্যা হয় মাঝে মধ্যে,আবার এক কানে কাজ ও করে না।","এই দামে এই প্রোডাক্ট বেস্ট । কিছু প্রোবলেম হয় , যেমন ব্লুটুথ কানেক্ট হতে সমস্যা হয় মাঝে মধ্যে , আবার এক কানে কাজ ও করে না ।",price_positive#product_quality_positive,Positive,"Price, Product Quality","{""Price"": ""positive"", ""Product Quality"": ""positive""}"
50060639691610,"৫ দিন পর রিভিউ দিলাম। দাম হিসেবে চলে !! চার্জ ৫/৬ ঘন্টা বক্স সহ । আর এয়ার বাড থেকে ১/১.৫ ঘন্টা 😐 !, তা ছাড়া সব ঠিক 😵‍💫","৫ দিন পর রিভিউ দিলাম । দাম হিসেবে চলে ! ! চার্জ ৫ ৬ ঘন্টা বক্স সহ । আর এয়ার বাড থেকে ১ ১.৫ ঘন্টা ! , তা ছাড়া সব ঠিক",price_neutral#product_quality_neutral,Neutral,"Price, Product Quality","{""Price"": ""neutral"", ""Product Quality"": ""neutral""}"
49585768991610,যেমনটা মনে করেছিলাম সাউন্ড কোয়ালিটি তেমন না বাট বাজেট চিন্তা ভাবনা করলে ঠিক আছে এই বাজেটে এর থেকে বেশি আশা করা ঠিক না,যেমন টা মনে করেছিলাম সাউন্ড কোয়ালি টি তেমন না বাট বাজেট চিন্তা ভাবনা করলে ঠিক আছে এই বাজেটে এর থেকে বেশি আশা করা ঠিক না,price_neutral#product_quality_neutral,Neutral,"Price, Product Quality","{""Price"": ""neutral"", ""Product Quality"": ""neutral""}"
48977764791610,আমি গত কয়েক সপ্তাহ ইউজ করে আপনাদের কে জানাচ্ছি এই প্রোডাক্ট টা ভালো না হাতে নিলে লাগে প্র্যাকটিস নিয়ে আছি আর চার্জ বেশিক্ষণ থাকে না মাঝে মাঝে ব্যাটস এ চার্জ থাকে না শুধু মনে হয়েছে ওয়েস্ট অফ মানি,আমি গত কয়েক সপ্তাহ ইউজ করে আপনাদের কে জানাচ্ছি এই প্রোডাক্ট টা ভালো না হাতে নিলে লাগে প্র্যাকটিস নিয়ে আছি আর চার্জ বেশিক্ষণ থাকে না মাঝে মাঝে ব্যাটস এ চার্জ থাকে না শুধু মনে হয়েছে ওয়েস্ট অফ মানি,product_quality_negative,Negative,Product Quality,"{""Product Quality"": ""negative""}"
46730737291610,"আলহামদুলিল্লাহ দাম অনুযায়ী ভালো মানের প্রডাক্ট 
সবাই নিতে পাড়েন",আলহামদুলিল্লাহ দাম অনুযায়ী ভালো মানের প্রডাক্ট সবাই নিতে পাড়েন,price_positive#product_quality_positive,Positive,"Price, Product Quality","{""Price"": ""positive"", ""Product Quality"": ""positive""}"
50009144991610,খুব একটা ভালো নয়। লেফট সাইডেরটায় সাউন্ড নেই বললেই চলে। ৬/১০.,খুব একটা ভালো নয় । লেফট সাইডেরটায় সাউন্ড নেই বললেই চলে । ৬ ১০.,product_quality_negative,Negative,Product Quality,"{""Product Quality"": ""negative""}"
51211424891610,দাম অনুযায়ী মোটামুটি ভালো জিনিস পাইছি ☺️,দাম অনুযায়ী মোটামুটি ভালো জিনিস পাইছি,price_neutral#product_quality_neutral,Neutral,"Price, Product Quality","{""Price"": ""neutral"", ""Product Quality"": ""neutral""}"
49958529391610,মোটামুটি ভালো চার্জ 1 ঘন্টা থাকে,মোটামুটি ভালো চার্জ 1 ঘন্টা থাকে,product_quality_neutral,Neutral,Product Quality,"{""Product Quality"": ""neutral""}"
45637630591610,দাম অনুযায়ী সাউন্ড কোয়ালিটি মোটামুটি ভালো,দাম অনুযায়ী সাউন্ড কোয়ালি টি মোটামুটি ভালো,price_neutral#product_quality_neutral,Neutral,"Price, Product Quality","{""Price"": ""neutral"", ""Product Quality"": ""neutral""}"
48942095091610,এটা খুব সুন্দর একটি প্রোডাক্ট। আপনারা চাইলে নিতে পারেন,এটা খুব সুন্দর একটি প্রোডাক্ট । আপনারা চাইলে নিতে পারেন,product_quality_positive,Positive,Product Quality,"{""Product Quality"": ""positive""}"
48819238991610,মোটামুটি ভালোই বলা চলে। নিতে পারেন সবাই🙂,মোটামুটি ভালোই বলা চলে । নিতে পারেন সবাই,product_quality_positive,Positive,Product Quality,"{""Product Quality"": ""positive""}"
46868891491610,"চার্জ ২ ঘন্টা বেকআপ দেয়, সাউন্ড কম অনেক 
একটা কভারও কিনতাম। 
ডেলিভারি ম্যান ভাই অনেক ভালো","চার্জ ২ ঘন্টা বেকআপ দেয় , সাউন্ড কম অনেক একটা কভার ও কিনতাম । ডেলিভারি ম্যান ভাই অনেক ভালো",delivery_positive,Positive,Delivery,"{""Delivery"": ""positive""}"
50533522191610,দাম হিসাবে প্রোডাক্টটা  অনেক ভালো শুধু চার্জ একটু কম থাকে আর একটা কথা না বললেই নয় ডেলিভারি ম্যান সরোয়ার ভাই উনি খুব ভালো আমিও ওনার সাকসেস জীবন কামনা করছি,দাম হিসাবে প্রোডাক্ট টা অনেক ভালো শুধু চার্জ একটু কম থাকে আর একটা কথা না বললেই নয় ডেলিভারি ম্যান সরোয়ার ভাই উনি খুব ভালো আমি ও ওনার সাকসেস জীবন কামনা করছি,delivery_positive#price_positive#product_quality_positive,Positive,"Delivery, Price, Product Quality","{""Delivery"": ""positive"", ""Price"": ""positive"", ""Product Quality"": ""positive""}"
50169460591610,"ফালতু একটি প্রোডাক্ট।  কেনার পরে দুইদিন মাত্র ব্যবহার করেছি এখন আর চার্জ নিচ্ছে না, এবং যে দুইদিন ব্যবহার করেছি সর্বোচ্চ ৩০/৩৫ মিনিট চার্জ থেকেছে। আমার সাজেশন হচ্ছে টাকা দিয়ে এই ফালতু প্রোডাক্ট কেনার কোন প্রয়োজন নেই।","ফালতু একটি প্রোডাক্ট । কেনার পরে দুইদিন মাত্র ব্যবহার করেছি এখন আর চার্জ নিচ্ছে না , এবং যে দুইদিন ব্যবহার করেছি সর্বোচ্চ ৩০ ৩৫ মিনিট চার্জ থেকেছে । আমার সাজেশন হচ্ছে টাকা দিয়ে এই ফালতু প্রোডাক্ট কেনার কোন প্রয়োজন নেই ।",product_quality_negative,Negative,Product Quality,"{""Product Quality"": ""negative""}"
50079781591610,"খুবই জঘন্যমানের প্রোডাক্ট। একটা বাজে আর একটা তো বাজেই না। চেয়েছি সাদা কালার দিয়েছে কালো কালার। আর খুবই লো কোয়ালিটি 😠😠
জীবনের প্রথম দারাজ থেকে কোন প্রোডাক্ট নিয়ে এভাবে বাঁশ খেলাম",খুবই জঘন্যমানের প্রোডাক্ট । একটা বাজে আর একটা তো বাজেই না । চেয়েছি সাদা কালার দিয়েছে কালো কালার । আর খুবই লো কোয়ালি টি জীবনের প্রথম দারাজ থেকে কোন প্রোডাক্ট নিয়ে এভাবে বাঁশ খেলাম,product_quality_negative,Negative,Product Quality,"{""Product Quality"": ""negative""}"
50730323491610,আলহামদুলিল্লাহ সাউন্ড খুবই ভালো কিন্তু চার্জ বেশিক্ষন থাকেনা ২ ঘন্টা যায় একবার চার্জ দিলে বাকি দাম অনুযায় ঠিক আছে,আলহামদুলিল্লাহ সাউন্ড খুবই ভালো কিন্তু চার্জ বেশিক্ষন থাকেনা ২ ঘন্টা যায় একবার চার্জ দিলে বাকি দাম অনুযায় ঠিক আছে,price_neutral#product_quality_neutral,Neutral,"Price, Product Quality","{""Price"": ""neutral"", ""Product Quality"": ""neutral""}"
51729170391610,"ফালতু একটা প্রোডাক্ট দিচে,  ভিতরে ময়লা জমে ছিলো,🤮  ইউজ করা প্রোডাক্ট দিচে, কতক্ষণ পর পর এয়ার বাডর্স  গুলো নিজে নিজে অফ হয়ে জায়, পুরা  টাকাটাই লস","ফালতু একটা প্রোডাক্ট দিচে , ভিতরে ময়লা জমে ছিলো , ইউজ করা প্রোডাক্ট দিচে , কতক্ষণ পর পর এয়ার বাডর্স গুলো নিজে নিজে অফ হয়ে জায় , পুরা টাকাটাই লস",product_quality_negative,Negative,Product Quality,"{""Product Quality"": ""negative""}"
50495038191610,"যদি টাকা নষ্ট না করতে চান তাহলে এটা নিবেন না। আমি চেয়েছি সাদা কালার আমাকে দিয়েছে কালো , তাও মেনে নিলাম কিন্তু চার্জার ক্যাবল নষ্ট চার্জ হয় না অন্য ক্যাবল দিয়েও হয় না, আমাকে নষ্ট নিজিস দিছে। সাউন্ড কোয়ালিটি বেশি ভালো না। একা একা ডিসকানেট হয়ে যায়। 
আমার টাকা টাই পানিতে দিলাম। 
এটা কে কিনবেন না ।।।।।","যদি টাকা নষ্ট না করতে চান তাহলে এটা নিবেন না । আমি চেয়েছি সাদা কালার আমাকে দিয়েছে কালো , তাও মেনে নিলাম কিন্তু চার্জার ক্যাবল নষ্ট চার্জ হয় না অন্য ক্যাবল দিয়ে ও হয় না , আমাকে নষ্ট নিজিস দিছে । সাউন্ড কোয়ালি টি বেশি ভালো না । একা একা ডিসকানেট হয়ে যায় । আমার টাকা টাই পানিতে দিলাম । এটা কে কিনবেন না ।",product_quality_negative,Negative,Product Quality,"{""Product Quality"": ""negative""}"
51728606691610,অনেক শখ করে আনছিলাম কিন্তু আমার মন রাখতে পারে নি আমাকে অন্যের ব্যবহার করা প্রডাক্ট দেওয়া হয়েছে।সাউন্ড কোয়ালিটি অনেক খারাপ।হটাৎ ডিসকানেকটেড হয়ে যায়। যদি টাকা অপচয় করতে চান তাহলে অর্ডার করতে পারেন।,অনেক শখ করে আনছিলাম কিন্তু আমার মন রাখতে পারে নি আমাকে অন্যের ব্যবহার করা প্রডাক্ট দেওয়া হয়েছে । সাউন্ড কোয়ালি টি অনেক খারাপ । হটাৎ ডিসকানেকটেড হয়ে যায় । যদি টাকা অপচয় করতে চান তাহলে অর্ডার করতে পারেন ।,product_quality_negative,Negative,Product Quality,"{""Product Quality"": ""negative""}"
51472139691610,খুব সুন্দর একটা প্রোডাক্ট ১০ দিন ব্যবহার করার পর রিভিউ দিচ্ছি চার্জ খুব ভালো থাকে। সবদিক থেকে খুব ভালো,খুব সুন্দর একটা প্রোডাক্ট ১০ দিন ব্যবহার করার পর রিভিউ দিচ্ছি চার্জ খুব ভালো থাকে । সবদিক থেকে খুব ভালো,product_quality_positive,Positive,Product Quality,"{""Product Quality"": ""positive""}"
52284815191610,একদম বাজে একটা মাল সেলার বলছে ২ ঘন্টা চাজ থাকবে কিন্তু ১০ মিনিট ও চাজ থাকে না। আর মাল ১৭ দিন পড় ডেলিভারি পেয়েছি।,একদম বাজে একটা মাল সেলার বলছে ২ ঘন্টা চাজ থাকবে কিন্তু ১০ মিনিট ও চাজ থাকে না । আর মাল ১৭ দিন পড় ডেলিভারি পেয়েছি ।,delivery_negative#product_quality_negative,Negative,"Delivery, Product Quality","{""Delivery"": ""negative"", ""Product Quality"": ""negative""}"
49538999091610,দাম অনুযায় জিনিস টা ভালো তিন দিন ব্যাবহার করার পর রিভিউ দিচ্ছি যারা গেমিং আর এডিটিং করার জন্য নিবে তারদের একটু সমস্যা হবে বাকি সব ওকে আছে,দাম অনুযায় জিনিস টা ভালো তিন দিন ব্যাবহার করার পর রিভিউ দিচ্ছি যারা গেমিং আর এডিটিং করার জন্য নিবে তারদের একটু সমস্যা হবে বাকি সব ওকে আছে,price_positive#product_quality_positive,Positive,"Price, Product Quality","{""Price"": ""positive"", ""Product Quality"": ""positive""}"
49523855991610,"আলহামদুলিল্লাহ অনেক ভালো একটা এয়ারপডস।৯ দিন ইউস করার পর।রিভিউ দিচ্ছি। ডেলিভারি ৮ দিন পরে পেয়েছিলাম, ডেলিভারি আরও দ্রুত করার অনুরোধ করছি।তারপরও ধন্যবাদ সেলারকে।","আলহামদুলিল্লাহ অনেক ভালো একটা এয়ারপডস । ৯ দিন ইউস করার পর । রিভিউ দিচ্ছি । ডেলিভারি ৮ দিন পরে পেয়েছিলাম , ডেলিভারি আরও দ্রুত করার অনুরোধ করছি । তারপর ও ধন্যবাদ সেলারকে ।",delivery_negative#product_quality_positive,Neutral,"Delivery, Product Quality","{""Delivery"": ""negative"", ""Product Quality"": ""positive""}"
50617883491610,এয়ারপোর্ট এর সাউন্ড কাওয়ালী টিতা অস্থির সাউন্ড ধন্যবাদ ভাই এরকম একটা এয়ারপোর্টের জন্য 💖💖💝,এয়ারপোর্ট এর সাউন্ড কাওয়ালী টিতা অস্থির সাউন্ড ধন্যবাদ ভাই এরকম একটা এয়ারপোর্টের জন্য,product_quality_positive,Positive,Product Quality,"{""Product Quality"": ""positive""}"
45745763791610,নিয়ে সন্তুষ্ট হতে পারলাম না যেমনটা আশা করছিলাম তা মোটেও এরকম না সবাইকে না নেওয়ার সাজেস্ট করব,নিয়ে সন্তুষ্ট হতে পারলাম না যেমন টা আশা করছিলাম তা মোটে ও এরকম না সবাইকে না নেওয়ার সাজেস্ট করব,product_quality_negative,Negative,Product Quality,"{""Product Quality"": ""negative""}"
50034923191610,"প্রাইস অনুযায়ী ভালো,তবে প্যাকেটিং অনেক লো কোয়ালিটি ছিলো প্রোডাক্ট এর ক্ষতি হওয়ার সম্ভাবনা ছিলো","প্রাইস অনুযায়ী ভালো , তবে প্যাকেটিং অনেক লো কোয়ালি টি ছিলো প্রোডাক্ট এর ক্ষতি হওয়ার সম্ভাবনা ছিলো",packaging_negative#price_positive#product_quality_positive,Positive,"Packaging, Price, Product Quality","{""Packaging"": ""negative"", ""Price"": ""positive"", ""Product Quality"": ""positive""}"
49023090291610,"ভলো,  চার্জ ও ভালো থাকে","ভলো , চার্জ ও ভালো থাকে",product_quality_positive,Positive,Product Quality,"{""Product Quality"": ""positive""}"
48215976591610,খুব ভালো প্রোডাক্ট।।।। ৪ মাস ধরে ব্যবহার করতেছি❤️,খুব ভালো প্রোডাক্ট । ৪ মাস ধরে ব্যবহার করতেছি,product_quality_positive,Positive,Product Quality,"{""Product Quality"": ""positive""}"
49430441091610,"৪দিন পরে আজ রিভিউ দিচ্ছি।🤬বিস্তারিত…

প্রথমত, ডেলিভারিতে অনেক প্যারা খাইছি,আমি আশাই ছেড়ে দিছিলাম।কাস্টমস কেয়ার,ডেলিভারি ম্যানকে কল দিতে দিতে ৫০টাকা ফোনের শেষ।তার পরেও ১৩দিন পরে হাতে পাইছি।

দিত্বীয়ত ,বলা হইছে কথা বলা যাবে কিন্তু ভয়েস সেন্সর নেই এইটাতে।কথা বলতে হলে ফোন ওর মাউত এর কাছে গিয়ে কথা বলতে হবে,নাহলে কথা অন্যজনের কাছে যাবে না।

তৃতীয়ত,ডান পাশেরটির সাউন্ড মোটামুটি বলা যায় কিন্তু বা পাশেরটি সাউন্ড তুলনামূলক ভাবে অনেকটাই কম। দুটি এক সাথে কানে দিলে স্পষ্ট বুঝা যায়।আবার একটি একটি করে দিলেও বুঝা যায়। 

চতুর্থত,মিউজিক এর সাউন্ড আপ-ডাউন করা যায় না।

এক কথায় যদি বলি শুধুমাত্র গান সুনতেই পারবেন।৩০০+টাকা দিয়ে গান সুনার থেকে ৫০০দিয়ে এর থেকে ভালো কিচজু পাবেন আশা করি।

নিশোয়াস। 
১৬ই আগষ্ট ,২০২৪","৪দিন পরে আজ রিভিউ দিচ্ছি । বিস্তারিত প্রথমত , ডেলিভারিতে অনেক প্যারা খাইছি , আমি আশাই ছেড়ে দিছিলাম । কাস্টমস কেয়ার , ডেলিভারি ম্যানকে কল দিতে দিতে ৫০টাকা ফোনের শেষ । তার পরে ও ১৩দিন পরে হাতে পাইছি । দিত্বীয়ত , বলা হইছে কথা বলা যাবে কিন্তু ভয়েস সেন্সর নেই এইটাতে । কথা বলতে হলে ফোন ওর মাউত এর কাছে গিয়ে কথা বলতে হবে , নাহলে কথা অন্যজনের কাছে যাবে না । তৃতীয়ত , ডান পাশেরটির সাউন্ড মোটামুটি বলা যায় কিন্তু বা পাশের টি সাউন্ড তুলনামূলক ভাবে অনেকটাই কম । দু টি এক সাথে কানে দিলে স্পষ্ট বুঝা যায় । আবার একটি একটি করে দিলে ও বুঝা যায় । চতুর্থত , মিউজিক এর সাউন্ড আপ-ডাউন করা যায় না । এক কথায় যদি বলি শুধুমাত্র গান সুনতেই পারবেন । ৩০০ টাকা দিয়ে গান সুনার থেকে ৫০০দিয়ে এর থেকে ভালো কিচজু পাবেন আশা করি । নিশোয়াস । ১৬ই আগষ্ট , ২০২৪",delivery_negative#product_quality_negative,Negative,"Delivery, Product Quality","{""Delivery"": ""negative"", ""Product Quality"": ""negative""}"
51498675991610,খুব ভালো কেউ চাইলে নিতে পারেন ৩৭০টাকায় সাউন্ড কোয়ালিটি চার্জার কোয়ালিটি সবকিছুই ভালো,খুব ভালো কেউ চাইলে নিতে পারেন ৩৭০টাকায় সাউন্ড কোয়ালি টি চার্জার কোয়ালি টি সবকিছুই ভালো,product_quality_positive,Positive,Product Quality,"{""Product Quality"": ""positive""}"
53968582491610,"মোটামোটি ভালো আপনারা চাইলে নিতে পারেন। 
কথা বলার সাইন্ড তা অনেক কম সেই তা আশা করি নাই।",মোটামো টি ভালো আপনারা চাইলে নিতে পারেন । কথা বলার সাইন্ড তা অনেক কম সেই তা আশা করি নাই ।,product_quality_neutral,Neutral,Product Quality,"{""Product Quality"": ""neutral""}"
52597860191610,পণ্যটির দাম অনুযায়ী সাউন্ড কোয়ালিটি ভালো।চার্জ টা কত সময় যাবে সেইটা এখন দেখা যাক।,পণ্যটির দাম অনুযায়ী সাউন্ড কোয়ালি টি ভালো । চার্জ টা কত সময় যাবে সেই টা এখন দেখা যাক ।,price_positive#product_quality_positive,Positive,"Price, Product Quality","{""Price"": ""positive"", ""Product Quality"": ""positive""}"
49949575291610,অল্প টাকায় ভালো পোডাক্ষ্ আর ধন্যবাদ সেলার এত  সুন্দরকরে ডেলিভারি দেওয়ার জন্য,অল্প টাকায় ভালো পোডাক্ষ্ আর ধন্যবাদ সেলার এত সুন্দরকরে ডেলিভারি দেওয়ার জন্য,packaging_positive#price_positive#product_quality_positive,Positive,"Packaging, Price, Product Quality","{""Packaging"": ""positive"", ""Price"": ""positive"", ""Product Quality"": ""positive""}"
51091861491610,আমার ভালো লেগেছে। চাইলে নিতে পারেন। সব ঠিকটাক। কয়দিন চলে সেটা দেখার বিষয়।।,আমার ভালো লেগেছে । চাইলে নিতে পারেন । সব ঠিকটাক । কয়দিন চলে সে টা দেখার বিষয় । ।,product_quality_positive,Positive,Product Quality,"{""Product Quality"": ""positive""}"
50065531391610,দিয়েছিলাম সাদা আসছে কালো😡 কিন্তু দাম অনুযায়ী ভালো খারাপ না ভালো চলে ☺️,দিয়েছিলাম সাদা আসছে কালো কিন্তু দাম অনুযায়ী ভালো খারাপ না ভালো চলে,price_positive#product_quality_positive,Positive,"Price, Product Quality","{""Price"": ""positive"", ""Product Quality"": ""positive""}"
49588608791610,আলহামদুলিল্লাহ যা চেয়েছি তাই পেয়েছি ধন্যবাদ দারাজ ও ডেলিভারি ম্যান ভাইকে,আলহামদুলিল্লাহ যা চেয়েছি তাই পেয়েছি ধন্যবাদ দারাজ ও ডেলিভারি ম্যান ভাইকে,product_quality_positive,Positive,Product Quality,"{""Product Quality"": ""positive""}"
51125362091610,কম দামে এর থেকে বেশি কিছু আশা করা যায় না। সাউন্ড কোয়ালিটি ভালই।,কম দামে এর থেকে বেশি কিছু আশা করা যায় না । সাউন্ড কোয়ালি টি ভালই ।,price_positive#product_quality_positive,Positive,"Price, Product Quality","{""Price"": ""positive"", ""Product Quality"": ""positive""}"
50262855491610,এই প্রোডাক্ট  একদম বাজে চার্জ থাকে না আর ফিনিশিং  তেমন ভালো না,এই প্রোডাক্ট একদম বাজে চার্জ থাকে না আর ফিনিশিং তেমন ভালো না,product_quality_negative,Negative,Product Quality,"{""Product Quality"": ""negative""}"
50953902491610,বাজে আরেকজনের ব্যাবহার করা হেডফোন ধরায়া দিসে। কেউ নিবেন না 😡😡,বাজে আরেকজনের ব্যাবহার করা হেডফোন ধরায়া দিসে । কেউ নিবেন না,product_quality_negative,Negative,Product Quality,"{""Product Quality"": ""negative""}"
50953889891610,"একে বারে অসাধারণ, সাউন্ড কলেটি অনেক ভালো সব দিক দিয়েই অসাধারণ","একে বারে অসাধারণ , সাউন্ড কলে টি অনেক ভালো সব দিক দিয়েই অসাধারণ",product_quality_positive,Positive,Product Quality,"{""Product Quality"": ""positive""}"
50797793191610,আলহামদুলিল্লাহ খুব ভালো প্রোডাক্ট। যে কেউ চাইলে নিতে পারেন।,আলহামদুলিল্লাহ খুব ভালো প্রোডাক্ট । যে কেউ চাইলে নিতে পারেন ।,product_quality_positive,Positive,Product Quality,"{""Product Quality"": ""positive""}"
53385705291610,এটা মোটামুটি ভালো ছিল দুইটাই চলতেছিল কোন নষ্ট হয় না একটাও।,এটা মোটামুটি ভালো ছিল দুইটাই চলতেছিল কোন নষ্ট হয় না একটা ও ।,product_quality_neutral,Neutral,Product Quality,"{""Product Quality"": ""neutral""}"
51249332691610,আলহামদুলিল্লাহ ব্লুতুথ টা অনেক ভালো চাজ সারভ্রিজ অনেক ভালো,আলহামদুলিল্লাহ ব্লুতুথ টা অনেক ভালো চাজ সারভ্রিজ অনেক ভালো,product_quality_positive,Positive,Product Quality,"{""Product Quality"": ""positive""}"
45660960691610,লোটোটির দাম অনুযায়ী অনেক ভালো হয়েছে দারাজ কে অনেক ধন্যবাদ,লোটোটির দাম অনুযায়ী অনেক ভালো হয়েছে দারাজ কে অনেক ধন্যবাদ,price_positive#product_quality_positive,Positive,"Price, Product Quality","{""Price"": ""positive"", ""Product Quality"": ""positive""}"
51022328691610,ভালো কিন্ত ফোন কথা বলতে গেলে একটু সমস্যা হয় এমনি ভালো,ভালো কিন্ত ফোন কথা বলতে গেলে একটু সমস্যা হয় এমনি ভালো,product_quality_positive,Positive,Product Quality,"{""Product Quality"": ""positive""}"
51546942091610,খুবই সুন্দর একটি প্রোডাক্ট। আপনার নিতে পারেন ভালো হবে।,খুবই সুন্দর একটি প্রোডাক্ট । আপনার নিতে পারেন ভালো হবে ।,product_quality_positive,Positive,Product Quality,"{""Product Quality"": ""positive""}"
49913756591610,প্রোডাক্ট টা মোটা মুটি ভালো দাম হিসাবে পুরো ১০০/১০০🔥,প্রোডাক্ট টা মো টা মু টি ভালো দাম হিসাবে পুরো ১০০ ১০০,price_positive#product_quality_neutral,Positive,"Price, Product Quality","{""Price"": ""positive"", ""Product Quality"": ""neutral""}"
48771371691610,ব্লুটুথ হেডফোনটা অনেক সুন্দর আপনারা চাইলে নিতে পারেন,ব্লুটুথ হেডফোন টা অনেক সুন্দর আপনারা চাইলে নিতে পারেন,product_quality_positive,Positive,Product Quality,"{""Product Quality"": ""positive""}"
50032866491610,"লাইট প্রোডাক্টটা অত্যান্ত খারাপ, চার্জ একদম ঠিকেনা","লাইট প্রোডাক্ট টা অত্যান্ত খারাপ , চার্জ একদম ঠিকেনা",product_quality_negative,Negative,Product Quality,"{""Product Quality"": ""negative""}"
53290344491610,হেডফোনের সাউন্ড অনেক ভালো সবাই কিনতে পারেন...,হেডফোনের সাউন্ড অনেক ভালো সবাই কিনতে পারেন.,product_quality_positive,Positive,Product Quality,"{""Product Quality"": ""positive""}"
50450771791610,হেডফোনটা অনেক ভালো সবার ব্যবহার করতে পারেন,হেডফোন টা অনেক ভালো সবার ব্যবহার করতে পারেন,product_quality_positive,Positive,Product Quality,"{""Product Quality"": ""positive""}"
51108840991610,ধন্যবাদ ভাই আমি যেমন চাইছি তেমনি পাইছি 😄😄,ধন্যবাদ ভাই আমি যেমন চাইছি তেমনি পাইছি,product_quality_positive,Positive,Product Quality,"{""Product Quality"": ""positive""}"
50751513691610,আসলেই এতো অল্প টাকার মধ্যে এটা অনেক ভালো।,আসলেই এতো অল্প টাকার মধ্যে এটা অনেক ভালো ।,price_positive#product_quality_positive,Positive,"Price, Product Quality","{""Price"": ""positive"", ""Product Quality"": ""positive""}"
53373895691610,এই মাত্র পেলাম খুব সুন্দর সাউন্ড কোয়ালেটি,এই মাত্র পেলাম খুব সুন্দর সাউন্ড কোয়ালে টি,product_quality_positive,Positive,Product Quality,"{""Product Quality"": ""positive""}"
44176711091610,"দাম অনুযায়ী অনেক ভালো,, আমি ৩১৪ টাকায় পেয়েছি,, ডেলিভারি সহ,,, ধধন্যবাদ,,,,","দাম অনুযায়ী অনেক ভালো , , আমি ৩১৪ টাকায় পেয়েছি , , ডেলিভারি সহ , ধধন্যবাদ ,",price_positive#product_quality_positive,Positive,"Price, Product Quality","{""Price"": ""positive"", ""Product Quality"": ""positive""}"
53223451591610,খুব ভালো❤️ সাউন্ড কোয়ালিটিও যথেষ্ট ভালো,খুব ভালো সাউন্ড কোয়ালিটি ও যথেষ্ট ভালো,product_quality_positive,Positive,Product Quality,"{""Product Quality"": ""positive""}"
48748462291610,এই দামে অনেক বেশি ভালো জিনিস চার্জ অনেক খন থাকে,এই দামে অনেক বেশি ভালো জিনিস চার্জ অনেক খন থাকে,price_positive#product_quality_positive,Positive,"Price, Product Quality","{""Price"": ""positive"", ""Product Quality"": ""positive""}"
51011211091610,একদম বাজে একদিন চালানোর পর আর চলে না,একদম বাজে একদিন চালানোর পর আর চলে না,product_quality_negative,Negative,Product Quality,"{""Product Quality"": ""negative""}"
54809577291610,একেবারেই ফালতু একটুও চার্জ থাকে না,একেবারেই ফালতু একটু ও চার্জ থাকে না,product_quality_negative,Negative,Product Quality,"{""Product Quality"": ""negative""}"
51042924291610,খুব ভালো একটা হেডফোন নিতে পারেন,খুব ভালো একটা হেডফোন নিতে পারেন,product_quality_positive,Positive,Product Quality,"{""Product Quality"": ""positive""}"
50980347991610,খুবুই খারাপ এক দমি ভালো না 😩😩,খুবুই খারাপ এক দমি ভালো না,product_quality_negative,Negative,Product Quality,"{""Product Quality"": ""negative""}"
49657089391610,ভালো ওই ৩ -৪ ঘন্টা  বেকাপ দেয়,ভালো ওই ৩ -৪ ঘন্টা বেকাপ দেয়,product_quality_positive,Positive,Product Quality,"{""Product Quality"": ""positive""}"
50999621891610,এটা ভালো নয়। না নিলেই পারেন,এটা ভালো নয় । না নিলেই পারেন,product_quality_negative,Negative,Product Quality,"{""Product Quality"": ""negative""}"
51156271491610,অনেক ভালো এত কম টাকার মধ্যে,অনেক ভালো এত কম টাকার মধ্যে,product_quality_positive,Positive,Product Quality,"{""Product Quality"": ""positive""}"
53580917391610,"ফালতু জিনিস, টাকাই নষ্ট আমার","ফালতু জিনিস , টাকাই নষ্ট আমার",product_quality_negative,Negative,Product Quality,"{""Product Quality"": ""negative""}"
45582110991610,"ভালোই, ১ বছর হয় ইউজ করতেসি","ভালোই , ১ বছর হয় ইউজ করতেসি",product_quality_positive,Positive,Product Quality,"{""Product Quality"": ""positive""}"
54218360091610,বেশি ভালো না চাজ থাকে না,বেশি ভালো না চাজ থাকে না,product_quality_neutral,Neutral,Product Quality,"{""Product Quality"": ""neutral""}"
46176172091610,আমার মতে ভালো না। চার্জ থাকে না। এবং স্পিকার সমস্যা। এই টাকার মধ্যে এর চেয়ে ভালো কিছু পাওয়া যাবে।,আমার মতে ভালো না । চার্জ থাকে না । এবং স্পিকার সমস্যা । এই টাকার মধ্যে এর চেয়ে ভালো কিছু পাওয়া যাবে ।,price_negative#product_quality_negative,Negative,"Price, Product Quality","{""Price"": ""negative"", ""Product Quality"": ""negative""}"
49564715291610,এই দামের মধ্যে অনেক ভালো,এই দামের মধ্যে অনেক ভালো,price_positive#product_quality_positive,Positive,"Price, Product Quality","{""Price"": ""positive"", ""Product Quality"": ""positive""}"
51415790691610,চার্জ খুব কম থাকে। কানেকশন প্রবলেম হয় একসাথে দুটো কানেক্ট করতে গেলে। দাম হিসেবে প্রোডাক্ট একদম খারাপ না।,চার্জ খুব কম থাকে । কানেকশন প্রবলেম হয় একসাথে দুটো কানেক্ট করতে গেলে । দাম হিসেবে প্রোডাক্ট একদম খারাপ না ।,price_neutral#product_quality_neutral,Neutral,"Price, Product Quality","{""Price"": ""neutral"", ""Product Quality"": ""neutral""}"
46759059891610,খুবই বাজে প্রডাক্ট কেউ নিবেন না ভাই চাইছি একটা  দিছে আরেকটা কেউ নিবেন না,খুবই বাজে প্রডাক্ট কেউ নিবেন না ভাই চাইছি একটা দিছে আরেক টা কেউ নিবেন না,product_quality_negative,Negative,Product Quality,"{""Product Quality"": ""negative""}"
44538803391610,"অর্ডার করা পণ্যটির পরিবর্তে অন্য প্রোডাক্ট পাঠিয়েছে এছাড়া ও প্রোডাক্ট এর লোগো তে দাগ পড়া সঙ্গে এইটা কানেক্ট হচ্ছে না ব্যাটারি ড্যামেজ। জন্মদিনের উপহার জন্য কিনেছিলাম কিন্তু এই মালামালের জন্য অপমানিত হয়েছি


ধিক্কার জানাই এমন সেলারের",অর্ডার করা পণ্যটির পরিবর্তে অন্য প্রোডাক্ট পাঠিয়েছে এছাড়া ও প্রোডাক্ট এর লোগো তে দাগ পড়া সঙ্গে এই টা কানেক্ট হচ্ছে না ব্যাটারি ড্যামেজ । জন্মদিনের উপহার জন্য কিনেছিলাম কিন্তু এই মালামালের জন্য অপমানিত হয়েছি ধিক্কার জানাই এমন সেলারের,product_quality_negative,Negative,Product Quality,"{""Product Quality"": ""negative""}"
45955867291610,"ভাল ছিল, দাম অনুযায়ী ঠিক আছে, আমি ব্যাবহার করে খুশি।","ভাল ছিল , দাম অনুযায়ী ঠিক আছে , আমি ব্যাবহার করে খুশি ।",price_positive#product_quality_positive,Positive,"Price, Product Quality","{""Price"": ""positive"", ""Product Quality"": ""positive""}"
49933354391610,আলহামদুলিল্লাহ পণ্যটি খুবই ভালো চাইলে আপনারও নিতে পারেন,আলহামদুলিল্লাহ পণ্য টি খুবই ভালো চাইলে আপনার ও নিতে পারেন,product_quality_positive,Positive,Product Quality,"{""Product Quality"": ""positive""}"
44334926191610,ফালতু ছিলো কেউ নিয়ে প্রতারিত হবেন না।,ফালতু ছিলো কেউ নিয়ে প্রতারিত হবেন না ।,product_quality_negative,Negative,Product Quality,"{""Product Quality"": ""negative""}"
49823004091610,ভালো না তেমন। হঠাৎ করে চার্জ ৪০/৫০% থেকে ০% হয়ে যায়। আমি ১ সপ্তাহের বেশি সময় ব্যবহার করে রিভিউ দিচ্ছি। আর মাঝেমধ্যে ১ কানের টা বন্ধ হয়ে যায় আবার একাই চালু হয়।,ভালো না তেমন । হঠাৎ করে চার্জ ৪০ ৫০ থেকে ০ হয়ে যায় । আমি ১ সপ্তাহের বেশি সময় ব্যবহার করে রিভিউ দিচ্ছি । আর মাঝেমধ্যে ১ কানের টা বন্ধ হয়ে যায় আবার একাই চালু হয় ।,product_quality_negative,Negative,Product Quality,"{""Product Quality"": ""negative""}"
53749182491610,এগুলা ফালতু প্রোডাক্ট কেউ কখনো ক্রয় করবেন না 16 ঘন্টার কথা বলা আছে অথচ চার্জ থাকে মাত্র আধা ঘন্টা,এগুলা ফালতু প্রোডাক্ট কেউ কখনো ক্রয় করবেন না 16 ঘন্টার কথা বলা আছে অথচ চার্জ থাকে মাত্র আধা ঘন্টা,product_quality_negative,Negative,Product Quality,"{""Product Quality"": ""negative""}"
48660166091610,ডেলিবেরি মেন ভালো না আজকে আমাকে বিষ্টির বিতরে  ষোলো কিলো মিটার আপ ডাউন করাইচে,ডেলিবেরি মেন ভালো না আজকে আমাকে বিষ্টির বিতরে ষোলো কিলো মিটার আপ ডাউন করাইচে,delivery_negative,Negative,Delivery,"{""Delivery"": ""negative""}"
50387822591610,রাইট সাইট এর টা নষ্ট ফালতু একটা জিনিস 😒,রাইট সাইট এর টা নষ্ট ফালতু একটা জিনিস,product_quality_negative,Negative,Product Quality,"{""Product Quality"": ""negative""}"
52736588991610,ফালতু ১ কানের বাডস নষ্ট 🤬,ফালতু ১ কানের বাডস নষ্ট,product_quality_negative,Negative,Product Quality,"{""Product Quality"": ""negative""}"
48242839091610,ভালো না চাজ থাকে না কেন যে কিনলাম 😑,ভালো না চাজ থাকে না কেন যে কিনলাম,product_quality_negative,Negative,Product Quality,"{""Product Quality"": ""negative""}"
49762442291610,ভাই কেউ কিনবেন না একদম ফেক আর বাজে একটা পন্য আমি বেক করছি টাকাটাও দিচ্ছে না চোর বাটপার এরা এক তো ফেক পন্য বিক্রি করে তার পর আাবার টাকা৷ মেরে দেয় কেউ কিনবেন না একদমি বাজে পন্য আর চোর ⚠️⚠️,ভাই কেউ কিনবেন না একদম ফেক আর বাজে একটা পন্য আমি বেক করছি টাকাটা ও দিচ্ছে না চোর বাটপার এরা এক তো ফেক পন্য বিক্রি করে তার পর আাবার টাকা৷ মেরে দেয় কেউ কিনবেন না একদমি বাজে পন্য আর চোর,product_quality_negative,Negative,Product Quality,"{""Product Quality"": ""negative""}"
46723193091610,প্রোডাক টা ভালোই এই দামের মধ্যে। আমার টা ৪ মাস পর্যন্ত ভাল ছিলো।,প্রোডাক টা ভালোই এই দামের মধ্যে । আমার টা ৪ মাস পর্যন্ত ভাল ছিলো ।,price_positive#product_quality_positive,Positive,"Price, Product Quality","{""Price"": ""positive"", ""Product Quality"": ""positive""}"
49942861391610,এই দামের ভিতরে খালি গান শোনার নিগা পারফেক্ট ঠিকই এই ব্লুটুথ দিয়ে কথা শোনা যায় না,এই দামের ভিতরে খালি গান শোনার নিগা পারফেক্ট ঠিকই এই ব্লুটুথ দিয়ে কথা শোনা যায় না,price_positive#product_quality_positive,Positive,"Price, Product Quality","{""Price"": ""positive"", ""Product Quality"": ""positive""}"
49981513591610,সাউন্ড কোয়ালিটি ভালো। কিন্তু চার্জ ব্যাকআপ খুবই খারাপ। ৩০ মিনিটের মত চার্জ থাকে। আমার মতে এই দামে এটা না কোনায়  ভালো।,সাউন্ড কোয়ালি টি ভালো । কিন্তু চার্জ ব্যাকআপ খুবই খারাপ । ৩০ মিনিটের মত চার্জ থাকে । আমার মতে এই দামে এটা না কোনায় ভালো ।,price_negative#product_quality_negative,Negative,"Price, Product Quality","{""Price"": ""negative"", ""Product Quality"": ""negative""}"
49799816291610,"ভালোই আছে, খুব হাইফাই না, দাম হিসেবে আরেকটু ভালো হলে ঠিক হতো।","ভালোই আছে , খুব হাইফাই না , দাম হিসেবে আরেকটু ভালো হলে ঠিক হতো ।",price_neutral#product_quality_positive,Positive,"Price, Product Quality","{""Price"": ""neutral"", ""Product Quality"": ""positive""}"
48918734953054,প্রোডাক্টটা খুব সুন্দর হয়েছে ব্যবহার করে দেখলাম অনেক ভালো সাউন্ড কোয়ালিটি ও ভালো প্রচুর পরিমাণে বেশ দেয়। চার্জও ভালো থাকে আপনারা চাইলে নিতে পারেন 😍😍😍😍,প্রোডাক্ট টা খুব সুন্দর হয়েছে ব্যবহার করে দেখলাম অনেক ভালো সাউন্ড কোয়ালি টি ও ভালো প্রচুর পরিমাণে বেশ দেয় । চার্জ ও ভালো থাকে আপনারা চাইলে নিতে পারেন,product_quality_positive,Positive,Product Quality,"{""Product Quality"": ""positive""}"
48689496153054,আলহামদুলিল্লাহ এই প্রথম দারাজ থেকে অর্ডার দেওয়ার পর ওরজিনাল প্রোডাক্টটা পেলাম 🥰🥰১০০% এনসি নয়েজ  ক্যান্সিলেশন কাজ করে 🥰কথা বলা যায় অনেক সুন্দর করে 🥰🥰ধন্যবাদ দারাজ 🥰🥰সবাই চোখ বন্ধ করে নিতে পারেন 🥰,আলহামদুলিল্লাহ এই প্রথম দারাজ থেকে অর্ডার দেওয়ার পর ওরজিনাল প্রোডাক্ট টা পেলাম ১০০ এনসি নয়েজ ক্যান্সিলেশন কাজ করে কথা বলা যায় অনেক সুন্দর করে ধন্যবাদ দারাজ সবাই চোখ বন্ধ করে নিতে পারেন,product_quality_positive,Positive,Product Quality,"{""Product Quality"": ""positive""}"
48689681353054,আজ প্রায় 7-8 মাস ব্যাবহারের পর রিভিউ দিচ্ছি। অনেক ভাল একটা প্রোডাক্ট। একদম বলতে আসাধারণ।.,আজ প্রায় 7-8 মাস ব্যাবহারের পর রিভিউ দিচ্ছি । অনেক ভাল একটা প্রোডাক্ট । একদম বলতে আসাধারণ । .,product_quality_positive,Positive,Product Quality,"{""Product Quality"": ""positive""}"
48689960153054,অনেক ভালো ধন্যবাদ ভাইয়া কম দামে ভালো কিছু দেওয়ার জন্য 😌💝সামনে আরো ও নিবো🥰,অনেক ভালো ধন্যবাদ ভাইয়া কম দামে ভালো কিছু দেওয়ার জন্য সামনে আরো ও নিবো,price_positive#product_quality_positive,Positive,"Price, Product Quality","{""Price"": ""positive"", ""Product Quality"": ""positive""}"
54516158253054,"আমি কিছুদিন আগে এই এয়ারপডটা কিনেছি, এখন পর্যন্ত ব্যবহার করে বেশ সন্তুষ্ট। সাউন্ড কোয়ালিটি ক্লিয়ার এবং বেসটা যথেষ্ট ভালো। কলের সময়ও কোনো সমস্যা হয়নি। চার্জও ভালোই থাকে
সেলার খুবই হেল্পফুল, ডেলিভারিও সময়মতো পেয়েছি। প্যাকেটিংও ঠিকঠাক ছিল। এই দামে এমন প্রোডাক্ট সত্যি ভালো লেগেছে।","আমি কিছুদিন আগে এই এয়ারপড টা কিনেছি , এখন পর্যন্ত ব্যবহার করে বেশ সন্তুষ্ট । সাউন্ড কোয়ালি টি ক্লিয়ার এবং বেস টা যথেষ্ট ভালো । কলের সময় ও কোনো সমস্যা হয়নি । চার্জ ও ভালোই থাকে সেলার খুবই হেল্পফুল , ডেলিভারি ও সময়মতো পেয়েছি । প্যাকেটিং ও ঠিকঠাক ছিল । এই দামে এমন প্রোডাক্ট সত্যি ভালো লেগেছে ।",seller_service_positive#delivery_positive#price_positive#product_quality_positive,Positive,"Delivery, Price, Product Quality, Seller Service","{""Seller Service"": ""positive"", ""Delivery"": ""positive"", ""Price"": ""positive"", ""Product Quality"": ""positive""}"
54726903753054,দুই সপ্তাহ পরে রিভিউ দিচ্ছি৷ প্রোডাক্টটি প্রথম চার্জ থাকত না তারপর রিসেট মারার পর ঠিক হয়ে যায়। আলহামদুলিল্লাহ এখন অনেক ভালো চলতাছে (ডেলিভারি ম্যান এর ব্যবহারটা একদমই ভালো লাগেনি),দুই সপ্তাহ পরে রিভিউ দিচ্ছি৷ প্রোডাক্ট টি প্রথম চার্জ থাকত না তারপর রিসেট মারার পর ঠিক হয়ে যায় । আলহামদুলিল্লাহ এখন অনেক ভালো চলতাছে ডেলিভারি ম্যান এর ব্যবহার টা একদমই ভালো লাগেনি,delivery_negative#product_quality_positive,Neutral,"Delivery, Product Quality","{""Delivery"": ""negative"", ""Product Quality"": ""positive""}"
51928722053054,সত্যি ভালো একটা হেডফোন বিশেষ করে কথা বলার ক্ষেত্রে।  খুবই স্মুথ সাউন্ড এবং ব্যাটারি ব্যাকআপ অনেক ভালো।,সত্যি ভালো একটা হেডফোন বিশেষ করে কথা বলার ক্ষেত্রে । খুবই স্মুথ সাউন্ড এবং ব্যাটারি ব্যাকআপ অনেক ভালো ।,product_quality_positive,Positive,Product Quality,"{""Product Quality"": ""positive""}"
54752269553054,"অর্ডার দিছিলাম হোয়াইট, দিছে ব্লেক। তারপরেও সমস্যা নেই অনেক ভালো প্রোডাক্ট ৯/১০। রিকমেন্ডেড সবাই নিতে পারেন।","অর্ডার দিছিলাম হোয়াইট , দিছে ব্লেক । তারপরে ও সমস্যা নেই অনেক ভালো প্রোডাক্ট ৯ ১০ । রিকমেন্ডেড সবাই নিতে পারেন ।",product_quality_positive,Positive,Product Quality,"{""Product Quality"": ""positive""}"
54225297753054,একদিনের মধ্যেই হাতে পেয়েছি।  ১০মিনিট ব্যাবহার করে ভালোই মনে হলো। কিছু দিন ব্যাবহার করে ভালো মন্দ বিষয়টা আরেকটা রিভিউয়ে জানাবো।,একদিনের মধ্যেই হাতে পেয়েছি । ১০মিনিট ব্যাবহার করে ভালোই মনে হলো । কিছু দিন ব্যাবহার করে ভালো মন্দ বিষয় টা আরেক টা রিভিউয়ে জানাবো ।,delivery_positive#product_quality_positive,Positive,"Delivery, Product Quality","{""Delivery"": ""positive"", ""Product Quality"": ""positive""}"
54812531253054,"এয়ারপড টা ভালো ছিলো,সব ফিচার কাজ করত এবং লাইভ লিস্টেনিং ও কাজ করছিল।কিন্তু এই সব কিছু ভালোর মধ্যে সেলার আমায় যেই কেবল দিয়েছে এই কেবল দেওয়ার কোনো মনে হয় না,এয়ারপড এর চার্জিং পোর্ট হলো টাইপ সি এর কিন্তু আমায় দিয়েছে টাইপ সি তো লাইটনিং!মানে এটা কোনও কথা?কেবল তা ভালো ও না, আইফোন চার্জ এ লাগিয়ে দেখি চার্জ উঠে না!
যাইহোক ওভারঅল প্রোডাক্ট ভালো ছিলো।","এয়ারপড টা ভালো ছিলো , সব ফিচার কাজ করত এবং লাইভ লিস্টেনিং ও কাজ করছিল । কিন্তু এই সব কিছু ভালোর মধ্যে সেলার আমায় যেই কেবল দিয়েছে এই কেবল দেওয়ার কোনো মনে হয় না , এয়ারপড এর চার্জিং পোর্ট হলো টাইপ সি এর কিন্তু আমায় দিয়েছে টাইপ সি তো লাইটনিং ! মানে এটা কোন ও কথা ? কেবল তা ভালো ও না , আইফোন চার্জ এ লাগিয়ে দেখি চার্জ উঠে না ! যাইহোক ওভারঅল প্রোডাক্ট ভালো ছিলো ।",product_quality_positive,Positive,Product Quality,"{""Product Quality"": ""positive""}"
54786419353054,আলহামদুলিল্লাহ ভালোই আছে 😊 খুব তাড়াতাড়ি পেয়েছি। ডেলিভারি ম্যান এর ব্যবহার অনেক ভালো আমার বাসায় এসে দিয়ে গেছে। প্রডাক্ট টা অনেক ভালো অল্প টাকায় অনেক ভালো একটা প্রডাক্ট পেয়েছি ধন্যবাদ সেলার ভাইকে 😊🥰🌹এতো সুন্দর একটা প্রডাক্ট দেবার জন্য। আর আপনারা চাইলে এটা নিতে পারেন অনেক ভালো,আলহামদুলিল্লাহ ভালোই আছে খুব তাড়াতাড়ি পেয়েছি । ডেলিভারি ম্যান এর ব্যবহার অনেক ভালো আমার বাসায় এসে দিয়ে গেছে । প্রডাক্ট টা অনেক ভালো অল্প টাকায় অনেক ভালো একটা প্রডাক্ট পেয়েছি ধন্যবাদ সেলার ভাইকে এতো সুন্দর একটা প্রডাক্ট দেবার জন্য । আর আপনারা চাইলে এটা নিতে পারেন অনেক ভালো,delivery_positive#price_positive#product_quality_positive,Positive,"Delivery, Price, Product Quality","{""Delivery"": ""positive"", ""Price"": ""positive"", ""Product Quality"": ""positive""}"
53752027653054,আলহামদুলিল্লাহ প্রোডাক্টটা খুবই সুন্দর আপনারা চাইলে নিতে পারেন আমি এ প্রোডাক্টটা একে একে চাইর বার কিনলাম আপনারা নিলে নিতে পারেন ইনশাল্লাহ খুবই ভালো প্রোডাক্ট চার্জ  খুবই ভালো চলে আলহামদুলিল্লাহ দাম সাড়ে ৭৫০ টাকা,আলহামদুলিল্লাহ প্রোডাক্ট টা খুবই সুন্দর আপনারা চাইলে নিতে পারেন আমি এ প্রোডাক্ট টা একে একে চাইর বার কিনলাম আপনারা নিলে নিতে পারেন ইনশাল্লাহ খুবই ভালো প্রোডাক্ট চার্জ খুবই ভালো চলে আলহামদুলিল্লাহ দাম সাড়ে ৭৫০ টাকা,product_quality_positive,Positive,Product Quality,"{""Product Quality"": ""positive""}"
53800454453054,"এক কথায় অসাধারন 👌 আমি বলবো এই বাজেটে সেরা একটা জিনিস, যারা বেস ভালোবাসেন তারা অবশ্যই নিবেন 🥰 ক্লিয়ার সাউন্ড এবং ডিপ বেস অসাধারন, 🥰","এক কথায় অসাধারন আমি বলবো এই বাজেটে সেরা একটা জিনিস , যারা বেস ভালোবাসেন তারা অবশ্যই নিবেন ক্লিয়ার সাউন্ড এবং ডিপ বেস অসাধারন ,",price_positive#product_quality_positive,Positive,"Price, Product Quality","{""Price"": ""positive"", ""Product Quality"": ""positive""}"
54264265453054,আলহামদুলিল্লাহ পাইছি।কিন্তু সময় একটু বেশি লাগছে। সাউন্ড কোয়ালিটি মোটামুটি ঠিক আছে দেখা যাক চার্জ কিরকম থাকে ।,আলহামদুলিল্লাহ পাইছি । কিন্তু সময় একটু বেশি লাগছে । সাউন্ড কোয়ালি টি মোটামুটি ঠিক আছে দেখা যাক চার্জ কিরকম থাকে ।,delivery_negative,Negative,Delivery,"{""Delivery"": ""negative""}"
54863035653054,এই প্রোডাক্টের কোয়ালিটি খুবই ভালো। এই বক্সটা যখন আনবক্স করতে গেছি তখন একটা প্রিমিয়াম ফিল আসছে। এত সুন্দর প্যাকেজিং আর ভিতরে যে একটা কেবল পাব এটাও আশা করিনি। সাউন্ড কোয়ালিটি বেস্ট। আমার কাছে খুবই ভালো লাগছে। এত কম দামে এত ভাল একটি জিনিস পাব কল্পনাও করতে পারিনি। অনেক অনেক ধন্যবাদ সেলারকে❤️,এই প্রোডাক্টের কোয়ালি টি খুবই ভালো । এই বক্স টা যখন আনবক্স করতে গেছি তখন একটা প্রিমিয়াম ফিল আসছে । এত সুন্দর প্যাকেজিং আর ভিতরে যে একটা কেবল পাব এটা ও আশা করিনি । সাউন্ড কোয়ালি টি বেস্ট । আমার কাছে খুবই ভালো লাগছে । এত কম দামে এত ভাল একটি জিনিস পাব কল্পনা ও করতে পারিনি । অনেক অনেক ধন্যবাদ সেলারকে,packaging_positive#price_positive#product_quality_positive,Positive,"Packaging, Price, Product Quality","{""Packaging"": ""positive"", ""Price"": ""positive"", ""Product Quality"": ""positive""}"
54838964153054,"প্রথমেই মনে হয় নি এত কম প্রেইস এমন একটি ভালো প্রোডাক্ট পাবো, প্রাইস অনুযায়ী ভালোই লেগেছে জিনিস টা, ধন্যবাদ","প্রথমেই মনে হয় নি এত কম প্রেইস এমন একটি ভালো প্রোডাক্ট পাবো , প্রাইস অনুযায়ী ভালোই লেগেছে জিনিস টা , ধন্যবাদ",price_positive#product_quality_positive,Positive,"Price, Product Quality","{""Price"": ""positive"", ""Product Quality"": ""positive""}"
54254071953054,"৭ তারিখ অর্ডার দেওয়া ১০ তারিখ পণ্য হাতে পাওয়া 
সেলারের এই এত দ্রুত পণ্য পাঠানোটা ভালো লাগলো 
এখন পর্যন্ত একদিনের ব্যবহার এ ব্যাটারি ব্যাকআপ সাউন্ড 
৫৫০ টাকা তুলনায় খুব ভালো 
তবে লম্বা সময় এ কি করে সেটা স্রষ্টা ভালো বলতে পারবে 
সেলার কে জিগিয়েছিলাম এএনসি আছে কিনা উনি সহজ সরলভাবে না করেছে 
তবে আশ্চর্যজনকভাবে এ পণ্যটাই এএনসি কাজ করছিল 
দুটা কানে  একসাথে দিলে বাহির থেকে সাউন্ড মোটামুটি আসেইনা যা দাম বিবেচনায় অসাধারণ 

তবে চ্যটবক্সে সেলার কে জানিয়েছিলাম যেহেতু সাদা কালার
দ্রুত ময়লা পড়বে তাই একটা কাভার দিয়ে দিলে কৃতজ্ঞ থাকব

সেটা দেয়নি 

আর হ্য পন্যটার খোললে লাগালে ছোট্ট বাতির
 অংশ এটা কাজ একবারেই কাজ করছে না

এখন আরো লং টাইম ইউজ করে 
আরেকটা রিভিউ দেবো প্রাথমিক মন্দ লাগেনি",৭ তারিখ অর্ডার দেওয়া ১০ তারিখ পণ্য হাতে পাওয়া সেলারের এই এত দ্রুত পণ্য পাঠানো টা ভালো লাগলো এখন পর্যন্ত একদিনের ব্যবহার এ ব্যাটারি ব্যাকআপ সাউন্ড ৫৫০ টাকা তুলনায় খুব ভালো তবে লম্বা সময় এ কি করে সে টা স্রষ্ টা ভালো বলতে পারবে সেলার কে জিগিয়েছিলাম এএনসি আছে কিনা উনি সহজ সরলভাবে না করেছে তবে আশ্চর্যজনকভাবে এ পণ্যটাই এএনসি কাজ করছিল দু টা কানে একসাথে দিলে বাহির থেকে সাউন্ড মোটামুটি আসেইনা যা দাম বিবেচনায় অসাধারণ তবে চ্যটবক্সে সেলার কে জানিয়েছিলাম যেহেতু সাদা কালার দ্রুত ময়লা পড়বে তাই একটা কাভার দিয়ে দিলে কৃতজ্ঞ থাকব সে টা দেয়নি আর হ্য পন্যটার খোললে লাগালে ছোট্ট বাতির অংশ এটা কাজ একবারেই কাজ করছে না এখন আরো লং টাইম ইউজ করে আরেক টা রিভিউ দেবো প্রাথমিক মন্দ লাগেনি,delivery_positive#product_quality_positive,Positive,"Delivery, Product Quality","{""Delivery"": ""positive"", ""Product Quality"": ""positive""}"
54784215553054,"ম্যাট ফিনিশিং হাতে ধরলে একটা প্রিমিয়াম প্রিমিয়াম  লাগে , সাউন্ড কোয়ালিটি মোটামুটি ভালই বেসটাও ভালো, প্যাকেটের গায়ে মেড ইন দুবাই লেখা , যেমনটি চেয়েছিলাম তেমনটাই পেয়েছি, ধন্যবাদ সেলার এবং দারাজ কে ।","ম্যাট ফিনিশিং হাতে ধরলে একটা প্রিমিয়াম প্রিমিয়াম লাগে , সাউন্ড কোয়ালি টি মোটামুটি ভালই বেসটা ও ভালো , প্যাকেটের গায়ে মেড ইন দুবাই লেখা , যেমন টি চেয়েছিলাম তেমনটাই পেয়েছি , ধন্যবাদ সেলার এবং দারাজ কে ।",product_quality_positive,Positive,Product Quality,"{""Product Quality"": ""positive""}"
52044328653054,মাত্র হাতে পাইছি। প্যাকেজিং খুব ভালো ছিলো। সাউন্ড কোয়ালিটি খুব ভালো। এখন কতদিন এমন ভালো সার্ভিস পাই সেটাই দেখার বিষয়। ধন্যবাদ।,মাত্র হাতে পাইছি । প্যাকেজিং খুব ভালো ছিলো । সাউন্ড কোয়ালি টি খুব ভালো । এখন কতদিন এমন ভালো সার্ভিস পাই সেটাই দেখার বিষয় । ধন্যবাদ ।,packaging_positive#product_quality_positive,Positive,"Packaging, Product Quality","{""Packaging"": ""positive"", ""Product Quality"": ""positive""}"
54668734853054,খুবই ভালো প্রোডাক্ট। এই দামে এটা সত্যিই পয়সা উসুল জিনিস।আপ্নারা চাইলে নিতে পারেন।বাট দারাজের পাকেজিং কোয়ালিটি বাজে।,খুবই ভালো প্রোডাক্ট । এই দামে এটা সত্যিই পয়সা উসুল জিনিস । আপ্নারা চাইলে নিতে পারেন । বাট দারাজের পাকেজিং কোয়ালি টি বাজে ।,packaging_negative#price_positive#product_quality_positive,Positive,"Packaging, Price, Product Quality","{""Packaging"": ""negative"", ""Price"": ""positive"", ""Product Quality"": ""positive""}"
54750883453054,"আলহামদুলিল্লাহ খুবই ভালো প্রোডাক্ট 
যা বলেছে প্রোডাক্ট সেটাই দিয়েছে।।
সেলার এর ব্যবহার ও আলহামদুলিল্লাহ অনেক ভালো ছিল।",আলহামদুলিল্লাহ খুবই ভালো প্রোডাক্ট যা বলেছে প্রোডাক্ট সেটাই দিয়েছে । । সেলার এর ব্যবহার ও আলহামদুলিল্লাহ অনেক ভালো ছিল ।,seller_service_positive#product_quality_positive,Positive,"Product Quality, Seller Service","{""Seller Service"": ""positive"", ""Product Quality"": ""positive""}"
54582791453054,প্রডাক্টের কথা পরে বলি আগে বলি ডেলিভার মেনের কথা এক কথায় ওনি একজন  অমায়িক মানুষ আর প্রডাক্ট জাজ ওয়াও এক হেডফোনে প্রায় চার ঘন্টার উপরে জায়গা আমি খুব খুশি ধন্যবাদ দারাজকে।,প্রডাক্টের কথা পরে বলি আগে বলি ডেলিভার মেনের কথা এক কথায় ওনি একজন অমায়িক মানুষ আর প্রডাক্ট জাজ ওয়াও এক হেডফোনে প্রায় চার ঘন্টার উপরে জায়গা আমি খুব খুশি ধন্যবাদ দারাজকে ।,delivery_positive#product_quality_positive,Positive,"Delivery, Product Quality","{""Delivery"": ""positive"", ""Product Quality"": ""positive""}"
52618488053054,প্রডাক্ট এর সাউন্ড পুরাই অস্তির চোখ বুজে নিতে পারেন। আর মজার ব্যাপার হলো ডেলিভারি ম্যান আমার বন্ধু ছিল 🥰🥰🥰।,প্রডাক্ট এর সাউন্ড পুরাই অস্তির চোখ বুজে নিতে পারেন । আর মজার ব্যাপার হলো ডেলিভারি ম্যান আমার বন্ধু ছিল ।,product_quality_positive,Positive,Product Quality,"{""Product Quality"": ""positive""}"
54344846553054,"১.৫ মাস ব্যবহার করে রিভিউ দিচ্ছি,  কোন সমস্যা দেখা দিচ্ছে না, কিন্তু একটা গম্ভীর সাউন্ট, কান ব্যথা করে, দেখি কত দিন টিকে, পরে রিভিউ এড করে দিবো বা ফলোআপ দিয়ে দিবো।","১.৫ মাস ব্যবহার করে রিভিউ দিচ্ছি , কোন সমস্যা দেখা দিচ্ছে না , কিন্তু একটা গম্ভীর সাউন্ট , কান ব্যথা করে , দেখি কত দিন টিকে , পরে রিভিউ এড করে দিবো বা ফলোআপ দিয়ে দিবো ।",product_quality_positive,Positive,Product Quality,"{""Product Quality"": ""positive""}"
54138576753054,"বাজেট অনুযায়ী ভালো, তবে চার্জ ব্রেকাপ টা আরেকটু হইলে ভালো হতো,, তবে যা আছে ভালোই খারাপ না,, মোটামুটি চলার মতো","বাজেট অনুযায়ী ভালো , তবে চার্জ ব্রেকাপ টা আরেকটু হইলে ভালো হতো , , তবে যা আছে ভালোই খারাপ না , , মোটামুটি চলার মতো",price_positive#product_quality_positive,Positive,"Price, Product Quality","{""Price"": ""positive"", ""Product Quality"": ""positive""}"
54992293453054,"সেলার ভাইকে অনেক ধন্যবাদ। সময়ের আগেই হাতে পেয়েছি 
চার্জিং ব্যাকআপ অনেক ভালো। 

সাউন্ড কোয়ালিটি খুব সুন্দর।
আমার ডিসকাউন্ট ছিল আমি খুব কমের মধ্যে নিতে পেরেছি চাইলে আপনারা নিতে পারেন সত্যি খুব সুন্দর একটি প্রোডাক্ট😊😊😊",সেলার ভাইকে অনেক ধন্যবাদ । সময়ের আগেই হাতে পেয়েছি চার্জিং ব্যাকআপ অনেক ভালো । সাউন্ড কোয়ালি টি খুব সুন্দর । আমার ডিসকাউন্ট ছিল আমি খুব কমের মধ্যে নিতে পেরেছি চাইলে আপনারা নিতে পারেন সত্যি খুব সুন্দর একটি প্রোডাক্ট,delivery_positive#product_quality_positive,Positive,"Delivery, Product Quality","{""Delivery"": ""positive"", ""Product Quality"": ""positive""}"
54752373653054,"প্রোডাক্ট কোয়ালিটি অনেক প্রিমিয়াম।  দারুণ সাউন্ড বেজ এবং চার্জ ব্যাকাপও অসাধারণ!  এই নিয়ে আমার ২ টা। 
ধন্যবাদ সেলার👍",প্রোডাক্ট কোয়ালি টি অনেক প্রিমিয়াম । দারুণ সাউন্ড বেজ এবং চার্জ ব্যাকাপ ও অসাধারণ ! এই নিয়ে আমার ২ টা । ধন্যবাদ সেলার,product_quality_positive,Positive,Product Quality,"{""Product Quality"": ""positive""}"
54876799653054,সাউন্ড কোয়ালিটি এক কথায় দারুন। তিন দিন চালানোর পর মনে হলো ভালোই। চার্জ  3 ঘন্টার মতো থাকে। সব মিলিয়ে এবং দাম অনুযায়ী অসাধারণ।,সাউন্ড কোয়ালি টি এক কথায় দারুন । তিন দিন চালানোর পর মনে হলো ভালোই । চার্জ 3 ঘন্টার মতো থাকে । সব মিলিয়ে এবং দাম অনুযায়ী অসাধারণ ।,price_positive#product_quality_positive,Positive,"Price, Product Quality","{""Price"": ""positive"", ""Product Quality"": ""positive""}"
53726782353054,দাম অনুযায়ী মোটামুটি ভালো। বিশেষ করে সাউন্ড কোয়ালিটি ভালো। তবে অন্যান্য ফাংশন তেমন একটা ভালো না।,দাম অনুযায়ী মোটামুটি ভালো । বিশেষ করে সাউন্ড কোয়ালি টি ভালো । তবে অন্যান্য ফাংশন তেমন একটা ভালো না ।,price_neutral#product_quality_neutral,Neutral,"Price, Product Quality","{""Price"": ""neutral"", ""Product Quality"": ""neutral""}"
54842561853054,কম প্রাইজে এত ভালো প্রোডাক্ট কখনো আশা করিনি। ডেলিভারি ম্যান এর ব্যবহার অনেক ভালো ছিল। থ্যাংক ইউ,কম প্রাইজে এত ভালো প্রোডাক্ট কখনো আশা করিনি । ডেলিভারি ম্যান এর ব্যবহার অনেক ভালো ছিল । থ্যাংক ইউ,delivery_positive#price_positive#product_quality_positive,Positive,"Delivery, Price, Product Quality","{""Delivery"": ""positive"", ""Price"": ""positive"", ""Product Quality"": ""positive""}"
54966698753054,"অনেক ভালো একটা প্রোডাক্ট সবাই নিতে পারেন, আমারটা দেখে আমার বন্ধুরা ৩ জন একসাথে অর্ডার দিয়েছে","অনেক ভালো একটা প্রোডাক্ট সবাই নিতে পারেন , আমার টা দেখে আমার বন্ধুরা ৩ জন একসাথে অর্ডার দিয়েছে",product_quality_positive,Positive,Product Quality,"{""Product Quality"": ""positive""}"
54255799453054,"আলহামদুলিল্লাহ,সুন্দর প্রোডাক্ট। এতো কম প্রাইসে এতো এতো ভালো একটা প্রোডাক্ট পাবো ভাবি নাই।","আলহামদুলিল্লাহ , সুন্দর প্রোডাক্ট । এতো কম প্রাইসে এতো এতো ভালো একটা প্রোডাক্ট পাবো ভাবি নাই ।",price_positive#product_quality_positive,Positive,"Price, Product Quality","{""Price"": ""positive"", ""Product Quality"": ""positive""}"
48917892653054,এই বাজেটের পারফেক্ট একটা জিনিস❤️‍🔥,এই বাজেটের পারফেক্ট একটা জিনিস,price_positive#product_quality_positive,Positive,"Price, Product Quality","{""Price"": ""positive"", ""Product Quality"": ""positive""}"
55104234653054,"অমায়িক একটা গ্যাজেট  🥰
ইউজ করেই রিভিউ দিলাম। চার্জ এবং সাউন্ড কোয়ালিটি অনেক অনেক ভালো।",অমায়িক একটা গ্যাজেট ইউজ করেই রিভিউ দিলাম । চার্জ এবং সাউন্ড কোয়ালি টি অনেক অনেক ভালো ।,product_quality_positive,Positive,Product Quality,"{""Product Quality"": ""positive""}"
54932463753054,"মাথা নষ্ট করা বেজ দেয়। সবাই নিতে পারো সুযোগ হাতছাড়া করো না।
আমি 483 টাকায় নিয়েছি।",মাথা নষ্ট করা বেজ দেয় । সবাই নিতে পারো সুযোগ হাতছাড়া করো না । আমি 483 টাকায় নিয়েছি ।,product_quality_positive,Positive,Product Quality,"{""Product Quality"": ""positive""}"
54070435153054,অনেক দিন হলো ব্যবহার করছি তবে আজ পর্যন্ত এখনো ডিস্টার্ব দেয় নাই। আশা করি ভালো হবে।,অনেক দিন হলো ব্যবহার করছি তবে আজ পর্যন্ত এখনো ডিস্টার্ব দেয় নাই । আশা করি ভালো হবে ।,product_quality_positive,Positive,Product Quality,"{""Product Quality"": ""positive""}"
53882319953054,"দাম অনুযায়ী খুবই ভালো জিনিস পেয়েছি, সেলার কে ধন্যবাদ, আপনারা চাইলে নিতে পারেন ।","দাম অনুযায়ী খুবই ভালো জিনিস পেয়েছি , সেলার কে ধন্যবাদ , আপনারা চাইলে নিতে পারেন ।",price_positive#product_quality_positive,Positive,"Price, Product Quality","{""Price"": ""positive"", ""Product Quality"": ""positive""}"
54183879853054,"প্রচুর বাজে একটা জিনিস, একটার চার্জিং সিস্টেম নেই আমি রিটার্ন দিতে চাই","প্রচুর বাজে একটা জিনিস , একটার চার্জিং সিস্টেম নেই আমি রিটার্ন দিতে চাই",product_quality_negative,Negative,Product Quality,"{""Product Quality"": ""negative""}"
55022450053054,"যেই রকম চেয়েছিলাম ঠিক সেইরকম পেয়েছি, কোয়ালিটি গুড। আপনারাও নিতে পারেন","যেই রকম চেয়েছিলাম ঠিক সেইরকম পেয়েছি , কোয়ালি টি গুড । আপনারা ও নিতে পারেন",product_quality_positive,Positive,Product Quality,"{""Product Quality"": ""positive""}"
53908643353054,"দাম অনুযায়ী এর চেয়ে ভালো প্রোডাক্ট এক্সপেক্ট করা যায়না। 
১০ এ ১০ 😊",দাম অনুযায়ী এর চেয়ে ভালো প্রোডাক্ট এক্সপেক্ট করা যায়না । ১০ এ ১০,price_positive#product_quality_positive,Positive,"Price, Product Quality","{""Price"": ""positive"", ""Product Quality"": ""positive""}"
54758596053054,"প্রোডাক্ট কোয়ালিটি ৯/১০
সাউন্ড কোয়ালিটি ৭/১০
সার্ভিস ৯/১০
রিকমন্ডেড।",প্রোডাক্ট কোয়ালি টি ৯ ১০ সাউন্ড কোয়ালি টি ৭ ১০ সার্ভিস ৯ ১০ রিকমন্ডেড ।,product_quality_positive,Positive,Product Quality,"{""Product Quality"": ""positive""}"
55108504453054,"আলহামদুলিল্লাহ ভালো প্রোডাক্ট,যেমনটা আশা‌ করেছিলাম তেমন পেয়েছি...।","আলহামদুলিল্লাহ ভালো প্রোডাক্ট , যেমন টা আশা করেছিলাম তেমন পেয়েছি. ।",product_quality_positive,Positive,Product Quality,"{""Product Quality"": ""positive""}"
55096776053054,"আলহামদুলিল্লাহ, 
অনেক ভালো কোয়ালিটি। সাউন্ড কোয়ালিটি অসাধারণ।","আলহামদুলিল্লাহ , অনেক ভালো কোয়ালি টি । সাউন্ড কোয়ালি টি অসাধারণ ।",product_quality_positive,Positive,Product Quality,"{""Product Quality"": ""positive""}"
54603029853054,"টাকা অনুযায়ী খারাপ না,,,  তবে কিছুদিন ব্যাবহার করে বোঝা যাবে।","টাকা অনুযায়ী খারাপ না , তবে কিছুদিন ব্যাবহার করে বোঝা যাবে ।",price_positive#product_quality_positive,Positive,"Price, Product Quality","{""Price"": ""positive"", ""Product Quality"": ""positive""}"
55119326053054,এত অল্প দামে এত ভালো একটা এয়ারবার্টস পাবো কখনোই কল্পনা করিনি,এত অল্প দামে এত ভালো একটা এয়ারবার্টস পাবো কখনোই কল্পনা করিনি,price_positive#product_quality_positive,Positive,"Price, Product Quality","{""Price"": ""positive"", ""Product Quality"": ""positive""}"
53883437053054,মোটামুটি ভালো আমি সব কিছু ঠিকঠাক পাইছি। সেলার ভাইকে ধন্যবাদ।,মোটামুটি ভালো আমি সব কিছু ঠিকঠাক পাইছি । সেলার ভাইকে ধন্যবাদ ।,product_quality_neutral,Neutral,Product Quality,"{""Product Quality"": ""neutral""}"
54098421353054,দাম অনুযায়ী ভালই ছিল মোটামুটি কিন্তু বিট কোয়ালিটি ভালো না,দাম অনুযায়ী ভালই ছিল মোটামুটি কিন্তু বিট কোয়ালি টি ভালো না,price_neutral#product_quality_neutral,Neutral,"Price, Product Quality","{""Price"": ""neutral"", ""Product Quality"": ""neutral""}"
54780400253054,খুব ভালো এটা সবাই নিতে পারেন আমি ৪ টা নিয়েছি সব ভালো হয়েছে,খুব ভালো এটা সবাই নিতে পারেন আমি ৪ টা নিয়েছি সব ভালো হয়েছে,product_quality_positive,Positive,Product Quality,"{""Product Quality"": ""positive""}"
54932283853054,"প্রাইজ বিবেচনায় অনেক ভালো কোয়ালিটি 🥰
সবাই নিতে পারেন..!👍",প্রাইজ বিবেচনায় অনেক ভালো কোয়ালি টি সবাই নিতে পারেন.. !,price_positive#product_quality_positive,Positive,"Price, Product Quality","{""Price"": ""positive"", ""Product Quality"": ""positive""}"
54015168453054,"দুই সপ্তাহ ব্যবহারে পর রিভিউ দিচ্ছি, আলহামদুলিল্লাহ ভাল","দুই সপ্তাহ ব্যবহারে পর রিভিউ দিচ্ছি , আলহামদুলিল্লাহ ভাল",product_quality_positive,Positive,Product Quality,"{""Product Quality"": ""positive""}"
53501151253054,- দাম হিসাবে যথেষ্ট ভালো! চাইলে আপনারাও নিতে পারেন!🧡,- দাম হিসাবে যথেষ্ট ভালো ! চাইলে আপনারা ও নিতে পারেন !,price_positive#product_quality_positive,Positive,"Price, Product Quality","{""Price"": ""positive"", ""Product Quality"": ""positive""}"
54782106753054,"আলহামদুলিল্লাহ, অনেক ভালো একটা প্রর্ডাক। সব মিলিয়ে","আলহামদুলিল্লাহ , অনেক ভালো একটা প্রর্ডাক । সব মিলিয়ে",product_quality_positive,Positive,Product Quality,"{""Product Quality"": ""positive""}"
55092420553054,"অনেক ভাল,  ৪/৬ ঘন্টা চার্জ  যায়, সবাই নিতে পারেন।","অনেক ভাল , ৪ ৬ ঘন্টা চার্জ যায় , সবাই নিতে পারেন ।",product_quality_positive,Positive,Product Quality,"{""Product Quality"": ""positive""}"
54037266953054,খুব ভালো একটি প্রোডাক্ট সবাই নিশ্চিন্তে নিতে পারেন,খুব ভালো একটি প্রোডাক্ট সবাই নিশ্চিন্তে নিতে পারেন,product_quality_positive,Positive,Product Quality,"{""Product Quality"": ""positive""}"
54167205453054,"ভালো তবে দাম টা বেশি,কিন্তু সাউন্ড কোয়ালিটি ভালোই","ভালো তবে দাম টা বেশি , কিন্তু সাউন্ড কোয়ালি টি ভালোই",price_negative#product_quality_positive,Neutral,"Price, Product Quality","{""Price"": ""negative"", ""Product Quality"": ""positive""}"
52242330053054,অনেক অনেক ধ্যনবাদ ভালো একটা জিনিস দেয়ার জন্য,অনেক অনেক ধ্যনবাদ ভালো একটা জিনিস দেয়ার জন্য,product_quality_positive,Positive,Product Quality,"{""Product Quality"": ""positive""}"
54532558153054,সাউন্ড কোয়ালিটি অনেক ভালো চাইলে নিতে পারেন,সাউন্ড কোয়ালি টি অনেক ভালো চাইলে নিতে পারেন,product_quality_positive,Positive,Product Quality,"{""Product Quality"": ""positive""}"
53932051653054,খুব ভালো একটা প্রোডাক্ট আপনার নিতে পারেন,খুব ভালো একটা প্রোডাক্ট আপনার নিতে পারেন,product_quality_positive,Positive,Product Quality,"{""Product Quality"": ""positive""}"
54808181253054,দাম হিসাবে ঠিক আছে। নিতে পারেন। ঠকবেন না,দাম হিসাবে ঠিক আছে । নিতে পারেন । ঠকবেন না,price_neutral#product_quality_neutral,Neutral,"Price, Product Quality","{""Price"": ""neutral"", ""Product Quality"": ""neutral""}"
53902872153054,সাউন্ড  একদম ভালো না। একটু বিট নেই 😡😡,সাউন্ড একদম ভালো না । একটু বিট নেই,product_quality_negative,Negative,Product Quality,"{""Product Quality"": ""negative""}"
52375305653054,খুবই সুন্দর মিস কইরেন না কেউ নিয়ে নেন,খুবই সুন্দর মিস কইরেন না কেউ নিয়ে নেন,product_quality_positive,Positive,Product Quality,"{""Product Quality"": ""positive""}"
54795728753054,ভালো ছিলো। চার্জিং ব্যাকাপ ভালো থাকে,ভালো ছিলো । চার্জিং ব্যাকাপ ভালো থাকে,product_quality_positive,Positive,Product Quality,"{""Product Quality"": ""positive""}"
54894522353054,ভালো প্রোডাক্টটা আপনারা নিতে পারেন,ভালো প্রোডাক্ট টা আপনারা নিতে পারেন,product_quality_positive,Positive,Product Quality,"{""Product Quality"": ""positive""}"
54751093653054,অল্প বাজেটে অনেক সুন্দর অগ্রিমিয়া,অল্প বাজেটে অনেক সুন্দর অগ্রিমিয়া,product_quality_positive,Positive,Product Quality,"{""Product Quality"": ""positive""}"
53403367353054,"সবকিছু ঠিকঠাক ছিল, ধন্যবাদ দারাজ","সবকিছু ঠিকঠাক ছিল , ধন্যবাদ দারাজ",product_quality_positive,Positive,Product Quality,"{""Product Quality"": ""positive""}"
54749397553054,খুব ভালো এটা সবাই নিতে পারেন,খুব ভালো এটা সবাই নিতে পারেন,product_quality_positive,Positive,Product Quality,"{""Product Quality"": ""positive""}"
54920619953054,"প্রোডাক্ট টি ঠিকঠাক ই পেয়েছি।ভালোই কাজ করছে। কিন্তু সাউন্ড কোয়ালিটি আমার কাছে ভালো লাগেনি।অনেক বেশি মোটা টাইপ এর সাউন্ড দেয় যেটা এক প্রকার বিরক্তিকর। গান এর কথা গুলো ক্লিয়ার হয়না মোটা সাউন্ড এর জন্য।
এ ছাড়া বাকি সব ঠিকঠাক। দাম হিসেবে এমন সাউন্ড একদম আশা করিনি😔",প্রোডাক্ট টি ঠিকঠাক ই পেয়েছি । ভালোই কাজ করছে । কিন্তু সাউন্ড কোয়ালি টি আমার কাছে ভালো লাগেনি । অনেক বেশি মো টা টাইপ এর সাউন্ড দেয় যে টা এক প্রকার বিরক্তিকর । গান এর কথা গুলো ক্লিয়ার হয়না মো টা সাউন্ড এর জন্য । এ ছাড়া বাকি সব ঠিকঠাক । দাম হিসেবে এমন সাউন্ড একদম আশা করিনি,price_negative#product_quality_positive,Neutral,"Price, Product Quality","{""Price"": ""negative"", ""Product Quality"": ""positive""}"
54402256253054,"সহ সবকিছু ঠিক আছে যেটা দেখাইতেছে এরকম না ৩০ ঘন্টা না। আমি ইউস করছি সর্বোচ্চ ৬ ঘন্টা ব্রেকআপ পাওয়া যায়,

 নয়েজ ক্যান্সেলিং অপশন নাই। 

সাউন্ড কোয়ালিটি ভালো,","সহ সবকিছু ঠিক আছে যে টা দেখাইতেছে এরকম না ৩০ ঘন্টা না । আমি ইউস করছি সর্বোচ্চ ৬ ঘন্টা ব্রেকআপ পাওয়া যায় , নয়েজ ক্যান্সেলিং অপশন নাই । সাউন্ড কোয়ালি টি ভালো ,",product_quality_positive,Positive,Product Quality,"{""Product Quality"": ""positive""}"
53971696053054,"তিনদিন ব্যবহার করে রিভিউ দিচ্ছি । আলহামদুলিল্লাহ অনেক ভালো ।দুইটা অর্ডার করছিলাম,দুইটাই ভালো সার্ভিস দিচ্ছে।তবে ডেলিভারি ম্যানের ব্যবহার একটু কর্কশ টাইপের,আচরন ভঙ্গিমা ও তেমন ভদ্র ছিলো না।উনার আচরন আরো হাই কোয়ালিটির দরকার ছিলো।","তিনদিন ব্যবহার করে রিভিউ দিচ্ছি । আলহামদুলিল্লাহ অনেক ভালো । দুই টা অর্ডার করছিলাম , দুইটাই ভালো সার্ভিস দিচ্ছে । তবে ডেলিভারি ম্যানের ব্যবহার একটু কর্কশ টাইপের , আচরন ভঙ্গিমা ও তেমন ভদ্র ছিলো না । উনার আচরন আরো হাই কোয়ালিটির দরকার ছিলো ।",delivery_negative#product_quality_positive,Neutral,"Delivery, Product Quality","{""Delivery"": ""negative"", ""Product Quality"": ""positive""}"
54134194853054,প্রাইস অনুযায়ী ভালই তবে সাউন্ড অনকে বেশি লাগে,প্রাইস অনুযায়ী ভালই তবে সাউন্ড অনকে বেশি লাগে,price_positive#product_quality_positive,Positive,"Price, Product Quality","{""Price"": ""positive"", ""Product Quality"": ""positive""}"
53916009853054,আহামরি খুব একটা ভালো না তবে মোটামুটি ভালই আছে,আহামরি খুব একটা ভালো না তবে মোটামুটি ভালই আছে,product_quality_neutral,Neutral,Product Quality,"{""Product Quality"": ""neutral""}"
54613270453054,এএনসি কাজ করে না। বাকি সব মোটামুটি এভারেজ,এএনসি কাজ করে না । বাকি সব মোটামুটি এভারেজ,product_quality_neutral,Neutral,Product Quality,"{""Product Quality"": ""neutral""}"
54729447953054,আমার এয়ারপডগুলোতে সমস্যা। কিন্তু সেলার এর ব্যবহার খুবি আন্তরিক। তাদের কাছে আমার সমস্যাটা বলি এবং তারা খুব তারাতারি রিসপ্নস  করে। সত্যি তাদদের সার্ভিস অসাধারন।,আমার এয়ারপডগুলোতে সমস্যা । কিন্তু সেলার এর ব্যবহার খুবি আন্তরিক । তাদের কাছে আমার সমস্যা টা বলি এবং তারা খুব তারাতারি রিসপ্নস করে । সত্যি তাদদের সার্ভিস অসাধারন ।,seller_service_positive#product_quality_negative,Neutral,"Product Quality, Seller Service","{""Seller Service"": ""positive"", ""Product Quality"": ""negative""}"
54982208953054,খুবই ভালো জিনিস ভাই ২০ ঘন্টা মতন চার্জ টিকে আমি গত তিনদিন ধরে ব্যবহার করতেছি আপনারাও চালিয়ে নিতে পারেন অনেক ভাল পর্ব,খুবই ভালো জিনিস ভাই ২০ ঘন্টা মতন চার্জ টিকে আমি গত তিনদিন ধরে ব্যবহার করতেছি আপনারা ও চালিয়ে নিতে পারেন অনেক ভাল পর্ব,product_quality_positive,Positive,Product Quality,"{""Product Quality"": ""positive""}"
54787420053054,প্রথমে সেলারকে অসংখ্য ধন্যবাদ তার ব্যবহারের জন্য। ধন্যবাদ দারাজকে। প্রডাকটি আমার কাছে ভালো লেগেছে হাতে পাওয়ার পর। এখন দেখার বিষয় চার্জ কতক্ষণ যায়।আপনারা চাইলে নিতে পারেন।,প্রথমে সেলারকে অসংখ্য ধন্যবাদ তার ব্যবহারের জন্য । ধন্যবাদ দারাজকে । প্রডাক টি আমার কাছে ভালো লেগেছে হাতে পাওয়ার পর । এখন দেখার বিষয় চার্জ কতক্ষণ যায় । আপনারা চাইলে নিতে পারেন ।,seller_service_positive#product_quality_positive,Positive,"Product Quality, Seller Service","{""Seller Service"": ""positive"", ""Product Quality"": ""positive""}"
54957312253054,"খুব সুন্দর একটা পোডাক্ট ছিলো যেমন চেযেছি তেমনি পেযেছি,
সাউন্ড কোয়ালিটিও সুন্দর 
এক কথায় অসাধারণ একটা পোডাক্ট","খুব সুন্দর একটা পোডাক্ট ছিলো যেমন চেযেছি তেমনি পেযেছি , সাউন্ড কোয়ালিটি ও সুন্দর এক কথায় অসাধারণ একটা পোডাক্ট",product_quality_positive,Positive,Product Quality,"{""Product Quality"": ""positive""}"
54151176253054,"সব কিছু ঠিক আছে বিশেষ করে এটা খোলার সময় টিং করে আওয়াজ করে কানেক্ট হওয়ার সময় ও আওয়াজ করে আর ব্যাটারি ব্যাকআপ ও অত্যন্ত ভালো এবং এটার ওজন অনেক ভারী ,,নিতে পারেন যে কেউ🖤","সব কিছু ঠিক আছে বিশেষ করে এটা খোলার সময় টিং করে আওয়াজ করে কানেক্ট হওয়ার সময় ও আওয়াজ করে আর ব্যাটারি ব্যাকআপ ও অত্যন্ত ভালো এবং এটার ওজন অনেক ভারী , , নিতে পারেন যে কেউ",product_quality_positive,Positive,Product Quality,"{""Product Quality"": ""positive""}"
54283973953054,"এক সপ্তাহ ইউজ করার পর রিভিউ দিচ্ছি। আলহামদুলিল্লাহ, যেমন চেয়েছি তেমনি পেয়েছি। এক চার্জে চলছে এখনো। যদিও আমি কম ইউজ করি।এই প্রোডাক্ট আপনারা নিশ্চিন্তে নিতে পারেন।","এক সপ্তাহ ইউজ করার পর রিভিউ দিচ্ছি । আলহামদুলিল্লাহ , যেমন চেয়েছি তেমনি পেয়েছি । এক চার্জে চলছে এখনো । যদি ও আমি কম ইউজ করি । এই প্রোডাক্ট আপনারা নিশ্চিন্তে নিতে পারেন ।",product_quality_positive,Positive,Product Quality,"{""Product Quality"": ""positive""}"
53993646153054,সত্যিই বলতে প্রোডাক্টটি অনেক ভালো. অসাধারণ বেজ সাউন্ড কোয়ালিটি অনেক ভালো আমি ইনটেক প্যাকেট পেয়েছি. সেলারকে অনেক ধন্যবাদ আমাকে ভালো একটি প্রোডাক্ট দেয়ার জন্য ৩ দিনের মধ্যে ডেলিভারি পেয়েছি.🥰 ডেলিভারি ম্যানের ব্যবহার খুব ভালো ছিলো❤️🥰,সত্যিই বলতে প্রোডাক্ট টি অনেক ভালো. অসাধারণ বেজ সাউন্ড কোয়ালি টি অনেক ভালো আমি ইনটেক প্যাকেট পেয়েছি. সেলারকে অনেক ধন্যবাদ আমাকে ভালো একটি প্রোডাক্ট দেয়ার জন্য ৩ দিনের মধ্যে ডেলিভারি পেয়েছি. ডেলিভারি ম্যানের ব্যবহার খুব ভালো ছিলো,delivery_positive#product_quality_positive,Positive,"Delivery, Product Quality","{""Delivery"": ""positive"", ""Product Quality"": ""positive""}"
54119750253054,"এটা ব্যবহার করে দেখলাম 
প্রোডাক্টটা ভালো আছে 
আপনারা নিতে পারেন 
সাউন্ড কোয়ালিটি ও ভালো 
চার্জিং ব্যাকআপ ও ভালো
 তিন মাস যাবত ব্যবহার করতেছি",এটা ব্যবহার করে দেখলাম প্রোডাক্ট টা ভালো আছে আপনারা নিতে পারেন সাউন্ড কোয়ালি টি ও ভালো চার্জিং ব্যাকআপ ও ভালো তিন মাস যাবত ব্যবহার করতেছি,product_quality_positive,Positive,Product Quality,"{""Product Quality"": ""positive""}"
54950295053054,২ দিন হলো ব্যবহার করছি।।ভালই মনে হচ্ছে। সাউন্ড কোয়ালিটি খুবই ভাল।ব্যটারি ব্যকআপও ভালই দিচ্ছে।আফাটর সার্ভিস কেমন হবে সেটাই দেখার বিষয়।,২ দিন হলো ব্যবহার করছি । । ভালই মনে হচ্ছে । সাউন্ড কোয়ালি টি খুবই ভাল । ব্যটারি ব্যকআপ ও ভালই দিচ্ছে । আফাটর সার্ভিস কেমন হবে সেটাই দেখার বিষয় ।,product_quality_positive,Positive,Product Quality,"{""Product Quality"": ""positive""}"
54639847653054,এই দামে এটা বেশ ভালো প্রোডাক্ট আমি সেলার কে রিকুয়েস্ট করেছিলাম একটু ফাস্ট ডেলিভারি দেওয়ার জন্য এবং সে ডেলিভারি টাইম এর আগেই ডেলিভারি দিয়েছে ধন্যবাদ সেলার কে,এই দামে এটা বেশ ভালো প্রোডাক্ট আমি সেলার কে রিকুয়েস্ট করেছিলাম একটু ফাস্ট ডেলিভারি দেওয়ার জন্য এবং সে ডেলিভারি টাইম এর আগেই ডেলিভারি দিয়েছে ধন্যবাদ সেলার কে,delivery_positive#price_positive#product_quality_positive,Positive,"Delivery, Price, Product Quality","{""Delivery"": ""positive"", ""Price"": ""positive"", ""Product Quality"": ""positive""}"
54290150053054,আলহামদুলিল্লাহ প্রোডাক্টটা খুবই ভালো কিন্তু একটা সমস্যা আছে সেটা হল এটার নাইস ক্যান্সেল মুড নাই জোর কমানো বাড়ানো যায় না এবং অন্যান্য ফিউচার নাই কিন্তু প্রোডাক্টটা ভালো চালায় খুবই ভালো মনে হয়েছে কিন্তু এগুলো থাকলে আরো ভালো হতো যে ডেলিভারি ম্যান এটা দিছে তার ব্যবহার ও আচরণ অত্যন্ত ভালো,আলহামদুলিল্লাহ প্রোডাক্ট টা খুবই ভালো কিন্তু একটা সমস্যা আছে সে টা হল এটার নাইস ক্যান্সেল মুড নাই জোর কমানো বাড়ানো যায় না এবং অন্যান্য ফিউচার নাই কিন্তু প্রোডাক্ট টা ভালো চালায় খুবই ভালো মনে হয়েছে কিন্তু এ গুলো থাকলে আরো ভালো হতো যে ডেলিভারি ম্যান এটা দিছে তার ব্যবহার ও আচরণ অত্যন্ত ভালো,delivery_positive#product_quality_positive,Positive,"Delivery, Product Quality","{""Delivery"": ""positive"", ""Product Quality"": ""positive""}"
53928329653054,"অসাধারণ ২টা গ্লাস, ১টা রাতে গাড়ি চালানোর জন্য আরেকটা দিনে সূর্যের আলো থেকে রক্ষার জন্য। খুবই ভালো প্রোডাক্ট....","অসাধারণ ২টা গ্লাস , ১টা রাতে গাড়ি চালানোর জন্য আরেক টা দিনে সূর্যের আলো থেকে রক্ষার জন্য । খুবই ভালো প্রোডাক্ট.",product_quality_positive,Positive,Product Quality,"{""Product Quality"": ""positive""}"
55110213853054,"প্রোডাক্ট ভালোই , ডেলিভারি খুব তাড়াতাড়ি পাইছি , তবে ব্যাটারি ব্যাকআপ আরো ভালো হলে ভালো হতো","প্রোডাক্ট ভালোই , ডেলিভারি খুব তাড়াতাড়ি পাইছি , তবে ব্যাটারি ব্যাকআপ আরো ভালো হলে ভালো হতো",delivery_positive#product_quality_positive,Positive,"Delivery, Product Quality","{""Delivery"": ""positive"", ""Product Quality"": ""positive""}"
53879261453054,মোটামোটি ভালো। এটা সমস্যা হলো ডান কানের শব্দ বাম কানে আর বাম কানের শব্দ ডান কানে শোনা যায়,মোটামো টি ভালো । এটা সমস্যা হলো ডান কানের শব্দ বাম কানে আর বাম কানের শব্দ ডান কানে শোনা যায়,product_quality_neutral,Neutral,Product Quality,"{""Product Quality"": ""neutral""}"
54813788053054,"প্রোডাক্ট টা আসলে অনেক ভালো চার্জ বেকাপ সেই😍😍 সবাই নিতে পারেন,,,আমি ভাবছি আরেকটা নিবো😍","প্রোডাক্ট টা আসলে অনেক ভালো চার্জ বেকাপ সেই সবাই নিতে পারেন , আমি ভাবছি আরেক টা নিবো",product_quality_positive,Positive,Product Quality,"{""Product Quality"": ""positive""}"
55002464953054,এক সপ্তাহ পর মেসেজ দিচ্ছি প্রোডাক্টটি ভালো আছে সাউন্ড কোয়ালিটি মোটামুটি ভালো,এক সপ্তাহ পর মেসেজ দিচ্ছি প্রোডাক্ট টি ভালো আছে সাউন্ড কোয়ালি টি মোটামুটি ভালো,product_quality_positive,Positive,Product Quality,"{""Product Quality"": ""positive""}"
54679066153054,"সাউন্ড কোয়ালিটি ভালো। 
সবাই নিতে পারনে। 
তবে চার্যারটা সাথে দিলে আরো ভালো হত",সাউন্ড কোয়ালি টি ভালো । সবাই নিতে পারনে । তবে চার্যার টা সাথে দিলে আরো ভালো হত,product_quality_positive,Positive,Product Quality,"{""Product Quality"": ""positive""}"
54741543253054,অনেক সুন্দর মানের একটা ব্লুটুথ আরেকটু ভালো হতো চার্জার দিত ধন্যবাদ দারাজ কে,অনেক সুন্দর মানের একটা ব্লুটুথ আরেকটু ভালো হতো চার্জার দিত ধন্যবাদ দারাজ কে,product_quality_positive,Positive,Product Quality,"{""Product Quality"": ""positive""}"
54415507653054,"অনেক ভালো একটা প্রোডাক্ট, এক বারে একের,অসাধারণ, আপনারা নিতে পারেন।","অনেক ভালো একটা প্রোডাক্ট , এক বারে একের , অসাধারণ , আপনারা নিতে পারেন ।",product_quality_positive,Positive,Product Quality,"{""Product Quality"": ""positive""}"
54826771753054,যেমন দেখেছি সব ঠিকঠাক পেয়েছি। বাকিটা ব্যবহার করে দেখি কি অবস্থা,যেমন দেখেছি সব ঠিকঠাক পেয়েছি । বাকি টা ব্যবহার করে দেখি কি অবস্থা,product_quality_positive,Positive,Product Quality,"{""Product Quality"": ""positive""}"
54121254553054,"আলহামদুলিল্লাহ,,, 
যেমন টা আশা করছিলাম তার থেকে ভালো কিছু পেয়েছি","আলহামদুলিল্লাহ , যেমন টা আশা করছিলাম তার থেকে ভালো কিছু পেয়েছি",product_quality_positive,Positive,Product Quality,"{""Product Quality"": ""positive""}"
54596813553054,"আলহামদুলিল্লাহ প্রোডাক্ট খুব একটা ভালো, সাউন্ড অনেক ভালো।","আলহামদুলিল্লাহ প্রোডাক্ট খুব একটা ভালো , সাউন্ড অনেক ভালো ।",product_quality_positive,Positive,Product Quality,"{""Product Quality"": ""positive""}"
54145503253054,"ভালো প্রোডাক্ট সবাই নিতে পারেন, আমার কাছে ভালো লেগেছে👍🌟","ভালো প্রোডাক্ট সবাই নিতে পারেন , আমার কাছে ভালো লেগেছে",product_quality_positive,Positive,Product Quality,"{""Product Quality"": ""positive""}"
51595158753054,আছে মোটামুটি ভালোই বাকিটুকু ব্যবহার করার পর বুঝতে পারব,আছে মোটামুটি ভালোই বাকিটুকু ব্যবহার করার পর বুঝতে পারব,product_quality_neutral,Neutral,Product Quality,"{""Product Quality"": ""neutral""}"
54754407353054,ডেলিভারিটা অনেক ভালোভাবে দিয়েছে দারাজ কে অনেক ধন্যবাদ,ডেলিভারি টা অনেক ভালোভাবে দিয়েছে দারাজ কে অনেক ধন্যবাদ,delivery_positive,Positive,Delivery,"{""Delivery"": ""positive""}"
54233920053054,খুবই ভালো কোয়ালিটি সবাই নিতে পারেন আলহামদুলিল্লাহ,খুবই ভালো কোয়ালি টি সবাই নিতে পারেন আলহামদুলিল্লাহ,product_quality_positive,Positive,Product Quality,"{""Product Quality"": ""positive""}"
54389727953054,এটাই হলো অবস্থা।  তও আবার পুরাতন প্রোডাক্ট এবং নষ্ট।,এটাই হলো অবস্থা । তও আবার পুরাতন প্রোডাক্ট এবং নষ্ট ।,product_quality_negative,Negative,Product Quality,"{""Product Quality"": ""negative""}"
54326572153054,হেডফোন টা খুব ভালো পেয়ে ছি সবাই নিতে পারেন,হেডফোন টা খুব ভালো পেয়ে ছি সবাই নিতে পারেন,product_quality_positive,Positive,Product Quality,"{""Product Quality"": ""positive""}"
54175865053054,"আলহামদুলিল্লাহ ভাল 
এই নিয়ে তিনটা নিলাম❤️",আলহামদুলিল্লাহ ভাল এই নিয়ে তিন টা নিলাম,product_quality_positive,Positive,Product Quality,"{""Product Quality"": ""positive""}"
54669623353054,আলহামদুলিল্লাহ খুব ভালো প্রোডাক্ট পেয়েছি,আলহামদুলিল্লাহ খুব ভালো প্রোডাক্ট পেয়েছি,product_quality_positive,Positive,Product Quality,"{""Product Quality"": ""positive""}"
54709369953054,আমার খুব পছন্দ হয়েছে দারুণ একটা প্রডকৈ,আমার খুব পছন্দ হয়েছে দারুণ একটা প্রডকৈ,product_quality_positive,Positive,Product Quality,"{""Product Quality"": ""positive""}"
54725165853054,খুবই ভালো প্রোডাক্ট খুব ভালো বেজ দেয়।,খুবই ভালো প্রোডাক্ট খুব ভালো বেজ দেয় ।,product_quality_positive,Positive,Product Quality,"{""Product Quality"": ""positive""}"
54490760153054,"আলহামদুলিল্লাহ,,, খুব ভালো মনের ছিলো","আলহামদুলিল্লাহ , খুব ভালো মনের ছিলো",product_quality_positive,Positive,Product Quality,"{""Product Quality"": ""positive""}"
54582638853054,"জিনিস টা অনেক ভালো।
সবাই নিতে পারেন",জিনিস টা অনেক ভালো । সবাই নিতে পারেন,product_quality_positive,Positive,Product Quality,"{""Product Quality"": ""positive""}"
55076961653054,অনেক ভালো ভাই ব্যবহার করে মজা পাইছি,অনেক ভালো ভাই ব্যবহার করে মজা পাইছি,product_quality_positive,Positive,Product Quality,"{""Product Quality"": ""positive""}"
54858193153054,আফাতত ভালোয় চলতিছে দেখা যাক কি হয়।,আফাতত ভালোয় চলতিছে দেখা যাক কি হয় ।,product_quality_positive,Positive,Product Quality,"{""Product Quality"": ""positive""}"
54562662753054,খুব ভালো প্রডাক্ট সবাই নিতে পারেন,খুব ভালো প্রডাক্ট সবাই নিতে পারেন,product_quality_positive,Positive,Product Quality,"{""Product Quality"": ""positive""}"
54375435453054,দাম অনুযায়ী প্রোডাক্ট অনেক ভালো,দাম অনুযায়ী প্রোডাক্ট অনেক ভালো,price_positive#product_quality_positive,Positive,"Price, Product Quality","{""Price"": ""positive"", ""Product Quality"": ""positive""}"
54772038453054,"প্রোডাক্ট 
অনেক ভালো ছিল ধন্যবাদ",প্রোডাক্ট অনেক ভালো ছিল ধন্যবাদ,product_quality_positive,Positive,Product Quality,"{""Product Quality"": ""positive""}"
54678024853054,কম দামে একটি ভালো প্রডাক্ট,কম দামে একটি ভালো প্রডাক্ট,product_quality_positive,Positive,Product Quality,"{""Product Quality"": ""positive""}"
54907206053054,বাজে জিনিস দিছে।চার্জ হয় না,বাজে জিনিস দিছে । চার্জ হয় না,product_quality_negative,Negative,Product Quality,"{""Product Quality"": ""negative""}"
53947692953054,একদম বাজে! কেও নিবেন না আমি কিনে রাম ধরা খাইলাম ১টা ভালো একটা নষ্ট এদেরকে বের করে দেওয়া উচিত এপ থেকে,একদম বাজে ! কে ও নিবেন না আমি কিনে রাম ধরা খাইলাম ১টা ভালো একটা নষ্ট এদেরকে বের করে দেওয়া উচিত এপ থেকে,product_quality_negative,Negative,Product Quality,"{""Product Quality"": ""negative""}"
54838882353054,মোটামুটি ভালো কিন্তু গেমিং এর জন্য না। গেইম খেলতে গেলে শব্দ টা একটু পড়ে আসে।চার্জ মোটামুটি ভালোই থাকে👍চাইলে নিতে পারেন,মোটামুটি ভালো কিন্তু গেমিং এর জন্য না । গেইম খেলতে গেলে শব্দ টা একটু পড়ে আসে । চার্জ মোটামুটি ভালোই থাকে চাইলে নিতে পারেন,product_quality_neutral,Neutral,Product Quality,"{""Product Quality"": ""neutral""}"
54022607953054,"একদম বাজে পণ্য! সময়, টাকা দুইই নষ্ট!

এই এয়ারপোডসটা একদমই ব্যবহার করার মতো না।
চার্জ নেয় না, কয়েক মিনিট পরেই বন্ধ হয়ে গেলো।
এরচেয়ে খারাপ হলো কলে কথা বললেই কিছু শোনা যায় না, ভয়েস অনেক দূরে শূনা যায় মাঝেমধ্যে একদমই আসে না।
এরকম একটা ফালতু প্রডাক্ট বিক্রি করে দারাজ নিজের সুনাম নষ্ট করছে।
আমি ভেবেছিলাম ভালো কিছু পাব, কিন্তু একেবারে ঠকেছি।

কাউকে একদম রিকমেন্ড করবো না এই প্রডাক্ট।
যারা এটা বিক্রি করছে, তারা আগে নিজেরা একবার ব্যবহার করে দেখুক।
দয়া করে এমন নষ্ট মাল বিক্রি বন্ধ করুন।","একদম বাজে পণ্য ! সময় , টাকা দুইই নষ্ট ! এই এয়ারপোডস টা একদমই ব্যবহার করার মতো না । চার্জ নেয় না , কয়েক মিনিট পরেই বন্ধ হয়ে গেলো । এরচেয়ে খারাপ হলো কলে কথা বললেই কিছু শোনা যায় না , ভয়েস অনেক দূরে শূনা যায় মাঝেমধ্যে একদমই আসে না । এরকম একটা ফালতু প্রডাক্ট বিক্রি করে দারাজ নিজের সুনাম নষ্ট করছে । আমি ভেবেছিলাম ভালো কিছু পাব , কিন্তু একেবারে ঠকেছি । কাউকে একদম রিকমেন্ড করবো না এই প্রডাক্ট । যারা এটা বিক্রি করছে , তারা আগে নিজেরা একবার ব্যবহার করে দেখুক । দয়া করে এমন নষ্ট মাল বিক্রি বন্ধ করুন ।",product_quality_negative,Negative,Product Quality,"{""Product Quality"": ""negative""}"
54742807396758,প্রায় পাঁচ থেকে ছয় ঘন্টা ইউজ করার পর রিভিউ দিচ্ছি। বাজেট অনুযায়ী প্রোডাক্টটি ঠিকঠাক হয়ে আছে সাউন্ড কোয়ালিটি পারফেক্ট আশা করি সবার কাছের সাউন্ড কোয়ালিটি অনেক ভালো লাগবে তবে অ্যাক্টিভ নয়েস ক্যান্সলেশন টা যদি থাকতো তো অনেক ভালো হতো এছাড়া এটা বাদে এই বাজেটে আমার কাছে প্রোডাক্টটি ভালই মনে হয়েছে 🙂😌,প্রায় পাঁচ থেকে ছয় ঘন্টা ইউজ করার পর রিভিউ দিচ্ছি । বাজেট অনুযায়ী প্রোডাক্ট টি ঠিকঠাক হয়ে আছে সাউন্ড কোয়ালি টি পারফেক্ট আশা করি সবার কাছের সাউন্ড কোয়ালি টি অনেক ভালো লাগবে তবে অ্যাক্টিভ নয়েস ক্যান্সলেশন টা যদি থাকতো তো অনেক ভালো হতো এছাড়া এটা বাদে এই বাজেটে আমার কাছে প্রোডাক্ট টি ভালই মনে হয়েছে,price_positive#product_quality_positive,Positive,"Price, Product Quality","{""Price"": ""positive"", ""Product Quality"": ""positive""}"
54342805296758,প্রডাক্ট অনেক সুন্দর নিতে পারেন সাউন্ড কোয়ালিটিও অনেক হাই।  ব্যবহার করার পরেই রিভিউ দিচ্ছি চার্জ কোয়ালিটি অনেক লংটার্ম চলে।  মিনিমাম ৪-৫ ঘন্টার বেশি।  সেলার অনেক ভাল দ্রুত রেসপ্নস করে সাথে সকল কিছুই সমস্যায় সহায়তাও করে।,প্রডাক্ট অনেক সুন্দর নিতে পারেন সাউন্ড কোয়ালিটি ও অনেক হাই । ব্যবহার করার পরেই রিভিউ দিচ্ছি চার্জ কোয়ালি টি অনেক লংটার্ম চলে । মিনিমাম ৪-৫ ঘন্টার বেশি । সেলার অনেক ভাল দ্রুত রেসপ্নস করে সাথে সকল কিছুই সমস্যায় সহায়তা ও করে ।,seller_service_positive#product_quality_positive,Positive,"Product Quality, Seller Service","{""Seller Service"": ""positive"", ""Product Quality"": ""positive""}"
54244004396758,"পণ্যটি তেমন ভালো না,  ডেলিভারি ম্যান এর আচরণে আমি সন্তুষ্ট নয়। আমি অর্ডারের সাথে টাকা পেইড করেছি কিন্তু পন্যটি আমার কাছে আসার আগে ফোন করে আমার কাছে ওটিপি চাওয়া হয়েছিল, ডেলিভারি ম্যান বলছে আগামীকাল পার্সেল আমাকে দিবে তাকে এখনই ওটিপি দিয়ে দেওয়ার জন্য কিন্তু আমি দেইনি সেজন্য আমার সাথে অগ্র মেজাজ ভাব দেখিয়েছে।পার্সেলটির পলিথিন আগে থেকে খোলা ছিল কিন্তু সুন্দরভাবে কাটা মনে হচ্ছিল কেউ  ব্যবহার করেছে।","পণ্য টি তেমন ভালো না , ডেলিভারি ম্যান এর আচরণে আমি সন্তুষ্ট নয় । আমি অর্ডারের সাথে টাকা পেইড করেছি কিন্তু পন্য টি আমার কাছে আসার আগে ফোন করে আমার কাছে ওটিপি চাওয়া হয়েছিল , ডেলিভারি ম্যান বলছে আগামীকাল পার্সেল আমাকে দিবে তাকে এখনই ওটিপি দিয়ে দেওয়ার জন্য কিন্তু আমি দেইনি সেজন্য আমার সাথে অগ্র মেজাজ ভাব দেখিয়েছে । পার্সেলটির পলিথিন আগে থেকে খোলা ছিল কিন্তু সুন্দরভাবে কা টা মনে হচ্ছিল কেউ ব্যবহার করেছে ।",delivery_negative#product_quality_negative,Negative,"Delivery, Product Quality","{""Delivery"": ""negative"", ""Product Quality"": ""negative""}"
53877728796758,"আলহামদুলিল্লাহ সব কিছু ঠিক ছিলো, কিন্তু বক্স টা আগে থেকেই খোলা ছিলো 😅 কিন্তু এই বাজেটের মধ্যে ভালো নিতে পারেন 🥰 ধন্যবাদ 🥀","আলহামদুলিল্লাহ সব কিছু ঠিক ছিলো , কিন্তু বক্স টা আগে থেকেই খোলা ছিলো কিন্তু এই বাজেটের মধ্যে ভালো নিতে পারেন ধন্যবাদ",price_positive#product_quality_positive,Positive,"Price, Product Quality","{""Price"": ""positive"", ""Product Quality"": ""positive""}"
54944631396758,"আলহামদুলিল্লাহ,  সময়মতএবং দাম হিসাবে যথেষ্ট ভালো প্রোডাক্ট দিসে,,ডেলিভারি ম্যান,সেলার এবং দারাজ সার্ভিস খারাপ দেয়নি,, 
ধন্যবাদ,, 🥰","আলহামদুলিল্লাহ , সময়মতএবং দাম হিসাবে যথেষ্ট ভালো প্রোডাক্ট দিসে , , ডেলিভারি ম্যান , সেলার এবং দারাজ সার্ভিস খারাপ দেয়নি , , ধন্যবাদ , ,",seller_service_positive#delivery_positive#price_positive#product_quality_positive,Positive,"Delivery, Price, Product Quality, Seller Service","{""Seller Service"": ""positive"", ""Delivery"": ""positive"", ""Price"": ""positive"", ""Product Quality"": ""positive""}"
54258165696758,প্যাকেট খোলা দেখে আমি তো প্রথমে ভেবেছিলাম যে ইউজ প্রোডাক্ট দিছে .কিন্তু না এখন দেখি সেলার ভাই অনেক ভালো প্যাকেট ইনটেক কেটে তিনি সবকিছু চেক করে দিছে। এয়ারপোর্টটা অনেক ভালো সুন্দর সাউন্ড কোয়ালিটি ।আমাকে তো এর রেটিং 10/9 চার্জ অনেকক্ষণ থাকে বিল কোয়ালিটি অসাম। এখানে লেখা আছে এসেম্বল বাই ক্যালিফোর্নিয়া মেডিন দুবাই সেকেন্ড জেনারেশন।,প্যাকেট খোলা দেখে আমি তো প্রথমে ভেবেছিলাম যে ইউজ প্রোডাক্ট দিছে .কিন্তু না এখন দেখি সেলার ভাই অনেক ভালো প্যাকেট ইনটেক কেটে তিনি সবকিছু চেক করে দিছে । এয়ারপোর্ট টা অনেক ভালো সুন্দর সাউন্ড কোয়ালি টি । আমাকে তো এর রেটিং 10 9 চার্জ অনেকক্ষণ থাকে বিল কোয়ালি টি অসাম । এখানে লেখা আছে এসেম্বল বাই ক্যালিফোর্নিয়া মেডিন দুবাই সেকেন্ড জেনারেশন ।,product_quality_positive,Positive,Product Quality,"{""Product Quality"": ""positive""}"
54811972296758,অপূর্ব সুন্দর হেড ফোনটি এক কথায় অসাধারণ । আমার অনেক ভালো লেগেছে বন্ধুরা আপনারাও চাইলে নিতে পারেন। এই হেড ফোনটি সাউন্ড চার্জ।  18 2025 আমাকে সকাল বেলা  ডেলিভারি দিয়েছে।হেট ফোন পার্সেল দিয়ে গেছে সবকিছুই নতুন  ঠিক আছে আমার এত ভালো লেগেছে আমি আরো একটা কিনবো হেডফোনটি এতই ভালো । আমি সকাল থেকেই হেডফোন কানে নিয়ে মিউজিক শুনি ।এখন রাত দশটা এখনো একটি হেডফোনের চার্জ শেষ হয়নি তাই বলতেছি বন্ধুরা। তোমরাও কিনতে পারো ভালো হবে আশা করি আপনারা ঠকবেন না আমি কিনেছি যারা আমার এই হেডফোন ডেলিভারি পার্সেল সব কিছুই ক্লিয়ার ভাবে আমার কাছে পৌঁছে দিয়েছে ।তাদেরকে জানাই অসংখ্য ধন্যবাদ,অপূর্ব সুন্দর হেড ফোন টি এক কথায় অসাধারণ । আমার অনেক ভালো লেগেছে বন্ধুরা আপনারা ও চাইলে নিতে পারেন । এই হেড ফোন টি সাউন্ড চার্জ । 18 2025 আমাকে সকাল বেলা ডেলিভারি দিয়েছে । হেট ফোন পার্সেল দিয়ে গেছে সবকিছুই নতুন ঠিক আছে আমার এত ভালো লেগেছে আমি আরো একটা কিনবো হেডফোন টি এতই ভালো । আমি সকাল থেকেই হেডফোন কানে নিয়ে মিউজিক শুনি । এখন রাত দশ টা এখনো একটি হেডফোনের চার্জ শেষ হয়নি তাই বলতেছি বন্ধুরা । তোমরা ও কিনতে পারো ভালো হবে আশা করি আপনারা ঠকবেন না আমি কিনেছি যারা আমার এই হেডফোন ডেলিভারি পার্সেল সব কিছুই ক্লিয়ার ভাবে আমার কাছে পৌঁছে দিয়েছে । তাদেরকে জানাই অসংখ্য ধন্যবাদ,product_quality_positive,Positive,Product Quality,"{""Product Quality"": ""positive""}"
54837853296758,চোখ বন্ধ কইরা নেন অনেক অনেক ভালো কোয়ালিটি আমি আশা করি নাই এতো কমে এমন ভালো একটা প্রোডাক্ট পেয়ে যাবো ❤️,চোখ বন্ধ কইরা নেন অনেক অনেক ভালো কোয়ালি টি আমি আশা করি নাই এতো কমে এমন ভালো একটা প্রোডাক্ট পেয়ে যাবো,price_positive#product_quality_positive,Positive,"Price, Product Quality","{""Price"": ""positive"", ""Product Quality"": ""positive""}"
54277504996758,"এক কথাই বলতে গেলে এতো কম টাকা অনুযায়ী অনেক ভালো পোডাক্ট। 🫶 সাউন্ড অনেক ভালো। চার্জিং বেকাপ কেমন তা বলতে পারতেসি না, আগে কয়দিন ব্যবহার করি পরে জানাবো।
কিন্তু এক কথাই অস্তির একটা জিনিস। আপনারা সবাই নিতে পারেন 😊🫶","এক কথাই বলতে গেলে এতো কম টাকা অনুযায়ী অনেক ভালো পোডাক্ট । সাউন্ড অনেক ভালো । চার্জিং বেকাপ কেমন তা বলতে পারতেসি না , আগে কয়দিন ব্যবহার করি পরে জানাবো । কিন্তু এক কথাই অস্তির একটা জিনিস । আপনারা সবাই নিতে পারেন",price_positive#product_quality_positive,Positive,"Price, Product Quality","{""Price"": ""positive"", ""Product Quality"": ""positive""}"
54305242396758,"১০/১০ অনেকে সুন্দর সাউন্ড গান শুনে মজা আছে,  
সব কিছু  মিলিয়ে  অনেক ভালো , ওজন আছে, বিপ সাউন্ড হয় ওপেন করলে,  ✅🎵💯","১০ ১০ অনেকে সুন্দর সাউন্ড গান শুনে মজা আছে , সব কিছু মিলিয়ে অনেক ভালো , ওজন আছে , বিপ সাউন্ড হয় ওপেন করলে ,",product_quality_positive,Positive,Product Quality,"{""Product Quality"": ""positive""}"
54001029196758,গতকালকে অর্ডার করছিলাম আলহামদুলিল্লাহ আজ দুপুর 1 টায় হাতে পেয়েছি। যেমন চাইছিলাম ঠিক তেমনই পাইছি। সাউন্ড সিস্টেম অনেক ভালো। ধন্যবাদ যে ভাই ডেলিভারি দিয়েছেন অনেক যত্ন সহকারে। ধন্যবাদ দারাজ 🥰🥰🥰,গতকালকে অর্ডার করছিলাম আলহামদুলিল্লাহ আজ দুপুর 1 টায় হাতে পেয়েছি । যেমন চাইছিলাম ঠিক তেমনই পাইছি । সাউন্ড সিস্টেম অনেক ভালো । ধন্যবাদ যে ভাই ডেলিভারি দিয়েছেন অনেক যত্ন সহকারে । ধন্যবাদ দারাজ,delivery_positive#product_quality_positive,Positive,"Delivery, Product Quality","{""Delivery"": ""positive"", ""Product Quality"": ""positive""}"
55046278696758,"আলহামদুলিল্লাহ, যেমন চেয়েছি তেমনি পেয়েছি,,,,আর অনেকে ভয় পায় যে যদি খারাপ পণ্য দিয়ে দেয় সেটা ভুল ধারণা,,,, ওরা প্রতিটি পণ্য চেক করে দেয়,,,সব থেকে ভালো যে দিকটা আমি ১ দিনে ডেলিভারি পেয়েছি,,,আপনারা চাইলে নিতে পারেন,,, অনেক ভালো এটা,,,, আর সাউন্ড কোয়ালিটি অসাধারণ,,,","আলহামদুলিল্লাহ , যেমন চেয়েছি তেমনি পেয়েছি , আর অনেকে ভয় পায় যে যদি খারাপ পণ্য দিয়ে দেয় সে টা ভুল ধারণা , ওরা প্রতি টি পণ্য চেক করে দেয় , সব থেকে ভালো যে দিক টা আমি ১ দিনে ডেলিভারি পেয়েছি , আপনারা চাইলে নিতে পারেন , অনেক ভালো এটা , আর সাউন্ড কোয়ালি টি অসাধারণ ,",delivery_positive#product_quality_positive,Positive,"Delivery, Product Quality","{""Delivery"": ""positive"", ""Product Quality"": ""positive""}"
54504013196758,"বাজেটের মধ্যে প্রিমিয়াম ফিল! সত্যিই সন্তুষ্ট!

আমি এই প্রোডাক্টটি হাতে পেয়েছি সময়মতো, এবং ব্যবহার করে সত্যিই খুবই সন্তুষ্ট। নিচে আমার অভিজ্ঞতা শেয়ার করছি:

✅ ডিজাইন ও কোয়ালিটি:
ম্যাট ব্ল্যাক ফিনিশ দেখতে একেবারে প্রিমিয়াম। হাতে নেয়ার পরেই বুঝা যায় এটা সস্তা কোয়ালিটির না। কেসের সাথে স্টাইলিশ হ্যান্ড-স্ট্র্যাপও ছিল।","বাজেটের মধ্যে প্রিমিয়াম ফিল ! সত্যিই সন্তুষ্ট ! আমি এই প্রোডাক্ট টি হাতে পেয়েছি সময়মতো , এবং ব্যবহার করে সত্যিই খুবই সন্তুষ্ট । নিচে আমার অভিজ্ঞতা শেয়ার করছি ডিজাইন ও কোয়ালিটি ম্যাট ব্ল্যাক ফিনিশ দেখতে একেবারে প্রিমিয়াম । হাতে নেয়ার পরেই বুঝা যায় এটা সস্তা কোয়ালিটির না । কেসের সাথে স্টাইলিশ হ্যান্ড-স্ট্র্যাপ ও ছিল ।",delivery_positive#price_positive#product_quality_positive,Positive,"Delivery, Price, Product Quality","{""Delivery"": ""positive"", ""Price"": ""positive"", ""Product Quality"": ""positive""}"
53879456796758,অসাধারণ একটি জিনিস পেয়েছি আপনারা নিশ্চিন্তে নিতে পারেন আমি সাত দিন ইউজ করার পর রিভিউ দিলাম। আলহামদুলিল্লাহ অনেক ভালো একটা প্রোডাক্ট। 😻🎀❤️ ধন্যবাদ সেলার ভাইকে ❤️❤️,অসাধারণ একটি জিনিস পেয়েছি আপনারা নিশ্চিন্তে নিতে পারেন আমি সাত দিন ইউজ করার পর রিভিউ দিলাম । আলহামদুলিল্লাহ অনেক ভালো একটা প্রোডাক্ট । ধন্যবাদ সেলার ভাইকে,product_quality_positive,Positive,Product Quality,"{""Product Quality"": ""positive""}"
54246882796758,সাউন্ড কোয়ালিটি ভাল না।একই এয়ারপড আমি এর আগে একটা ব্যবহার করেছিলাম ২ বছর ঐটা অনেক ভাল ও সাউন্ড কোয়ালিটি খুবই ভাল ছিল। মনে করেছিলাম আগেটা ভাল পেয়েছিলাম কিন্তু এবারেরটা বাজে পড়েছে।,সাউন্ড কোয়ালি টি ভাল না । একই এয়ারপড আমি এর আগে একটা ব্যবহার করেছিলাম ২ বছর ঐটা অনেক ভাল ও সাউন্ড কোয়ালি টি খুবই ভাল ছিল । মনে করেছিলাম আগে টা ভাল পেয়েছিলাম কিন্তু এবারের টা বাজে পড়েছে ।,product_quality_negative,Negative,Product Quality,"{""Product Quality"": ""negative""}"
54645680596758,"যেমনটা অর্ডার করেছি ঠিক তেমনটাই পেয়েছি আলহামদুলিল্লাহ্, সেলার ভাই অনেক ধন্যবাদ প্রোডাক্টটি চেক করে দেয়ার জন্য।","যেমন টা অর্ডার করেছি ঠিক তেমনটাই পেয়েছি আলহামদুলিল্লাহ্ , সেলার ভাই অনেক ধন্যবাদ প্রোডাক্ট টি চেক করে দেয়ার জন্য ।",product_quality_positive,Positive,Product Quality,"{""Product Quality"": ""positive""}"
53885544596758,"আলহামদুলিল্লাহ যেমন চেয়েছি তেমনি পেয়েছি,,,অরজিনাল দুবাই ভার্সন পেয়েছি, এত কম টাকায় এত  ভালো প্রোডাক্ট পাব ভাবতে পারি নাই,,আপনারা সবাই নিতে পারেন প্রোডাক্ট  দাম অনুযায়ী অনেক ভালো। ইনটেক বক্স ছিল দুবাই ভার্সন সবই ঠিক আছে, সাউন্ড কোয়ালিটি অনেক ভালো, আমি দুই দিনের মধ্যে ডেলিভারি পেয়েছি ধন্যবাদ দারাজ ও সেলারকে","আলহামদুলিল্লাহ যেমন চেয়েছি তেমনি পেয়েছি , অরজিনাল দুবাই ভার্সন পেয়েছি , এত কম টাকায় এত ভালো প্রোডাক্ট পাব ভাবতে পারি নাই , , আপনারা সবাই নিতে পারেন প্রোডাক্ট দাম অনুযায়ী অনেক ভালো । ইনটেক বক্স ছিল দুবাই ভার্সন সবই ঠিক আছে , সাউন্ড কোয়ালি টি অনেক ভালো , আমি দুই দিনের মধ্যে ডেলিভারি পেয়েছি ধন্যবাদ দারাজ ও সেলারকে",delivery_positive#price_positive#product_quality_positive,Positive,"Delivery, Price, Product Quality","{""Delivery"": ""positive"", ""Price"": ""positive"", ""Product Quality"": ""positive""}"
54260211796758,"ভাইয়ার ব্যাবহার ও অনেক ভালো 😍
প্রোডাক্ট কোয়ালিটি ও অনেক সুন্দর 👌
চাইলেই আপনারা নিতে পারেন । 
কোনো রকমের সমস্যা নাই ❤️
সব কিছুই ঠিক ছিলো 🥰🥰🥰",ভাইয়ার ব্যাবহার ও অনেক ভালো প্রোডাক্ট কোয়ালি টি ও অনেক সুন্দর চাইলেই আপনারা নিতে পারেন । কোনো রকমের সমস্যা নাই সব কিছুই ঠিক ছিলো,seller_service_positive#product_quality_positive,Positive,"Product Quality, Seller Service","{""Seller Service"": ""positive"", ""Product Quality"": ""positive""}"
54062572196758,পুরাই মাখোন 100 তে 1000 🥰🥰। চাইলে নিতে পারেন চোখ বন্দ  কোরে। 🥰 আমি জেমন টা চেয়েছি তার চেও অনেক গুনে  ভালো।   একে বারে পিমিয়াম  । এক কথায় অসাধারন। 🥰🥰🥰🥰🥰🥰🥰😘😘😘😘😘,পুরাই মাখোন 100 তে 10 । চাইলে নিতে পারেন চোখ বন্দ কোরে । আমি জেমন টা চেয়েছি তার চে ও অনেক গুনে ভালো । একে বারে পিমিয়াম । এক কথায় অসাধারন ।,product_quality_positive,Positive,Product Quality,"{""Product Quality"": ""positive""}"
54541895896758,মাত্র ২ দিনেই হাতে পেলাম।এর বিল্ড কোয়ালিটি এবং আউটলোকস অনেক ভালো।এই দামে এর থেকে ভালো কিছু আশা করা যায় না।সেলার অনেক আন্তরিক। নিলে আশা করি কেউ ঠকবেন না।,মাত্র ২ দিনেই হাতে পেলাম । এর বিল্ড কোয়ালি টি এবং আউটলোকস অনেক ভালো । এই দামে এর থেকে ভালো কিছু আশা করা যায় না । সেলার অনেক আন্তরিক । নিলে আশা করি কেউ ঠকবেন না ।,seller_service_positive#delivery_positive#price_positive#product_quality_positive,Positive,"Delivery, Price, Product Quality, Seller Service","{""Seller Service"": ""positive"", ""Delivery"": ""positive"", ""Price"": ""positive"", ""Product Quality"": ""positive""}"
54789105096758,"প্রোডাক্ট ভালো, তবে পেকেট খুলা ছিলো যেটা আমার কাছে ভালো লাগে নাই, তাছাড়া বাডস এ ময়লা + মাইক্রো স্ক্রেচ ছিলো, আশা করি এসব বিষয় খেয়াল রাখবেন, এমনিতে প্রোডাক্ট ভালো হওয়ায় অন্যদের রিকমেন্ড করা যায়","প্রোডাক্ট ভালো , তবে পেকেট খুলা ছিলো যে টা আমার কাছে ভালো লাগে নাই , তাছাড়া বাডস এ ময়লা মাইক্রো স্ক্রেচ ছিলো , আশা করি এসব বিষয় খেয়াল রাখবেন , এমনিতে প্রোডাক্ট ভালো হওয়ায় অন্যদের রিকমেন্ড করা যায়",product_quality_positive,Positive,Product Quality,"{""Product Quality"": ""positive""}"
54175264596758,"এক কথায় অসাধারণ 💖
আমি ৬ দিন ব্যবহারের পর আমার অভিজ্ঞতা বলছি এটা আসলেই সেরা । সাউন্ড কোয়ালিটি যথেষ্ট ভালো ।
১০ এর মধ্যে ৭ দেওয়াই যায় ২ বার একটু সমস্যা দেখেছিলাম বাম বার্ডস টা একটু ডিসকানেক্ট হয়ে যায় তবে এখন ঠিক আছে।",এক কথায় অসাধারণ আমি ৬ দিন ব্যবহারের পর আমার অভিজ্ঞতা বলছি এটা আসলেই সেরা । সাউন্ড কোয়ালি টি যথেষ্ট ভালো । ১০ এর মধ্যে ৭ দেওয়াই যায় ২ বার একটু সমস্যা দেখেছিলাম বাম বার্ডস টা একটু ডিসকানেক্ট হয়ে যায় তবে এখন ঠিক আছে ।,product_quality_positive,Positive,Product Quality,"{""Product Quality"": ""positive""}"
54548138396758,ছেলার কে  ধন্যবাদ প্রোডাক্টটি অনেক ভালো আপনারা চাইলে নিতে পারেন  এবং ডেলিভারি মেনের ব্যবহার অনেক ভালো  ছিল আছকে পেলাম ৭দিন পর আবার রিভিউ দেমু,ছেলার কে ধন্যবাদ প্রোডাক্ট টি অনেক ভালো আপনারা চাইলে নিতে পারেন এবং ডেলিভারি মেনের ব্যবহার অনেক ভালো ছিল আছকে পেলাম ৭দিন পর আবার রিভিউ দেমু,delivery_positive#product_quality_positive,Positive,"Delivery, Product Quality","{""Delivery"": ""positive"", ""Product Quality"": ""positive""}"
54585533196758,খুব সুন্দর জিনিস সাধারণ দোকানে গেলে হাজারের নিচে পাবেন না অসাধারণ একটা জিনিস আপনারা চাইলে নিতে পারে ডেলিভারি ম্যান ভাইয়া টা অনেক ভালো ছিলো কারণ এই জিনিসটা অর্ডার দেওয়ার একদিন পরে হাতে পেয়েছি জিনিসটা অনেক ভালো সাউন্ড কোয়ালিটি ও অনেক ভালো ভাইয়াকে অনেক অনেক ধন্যবাদ এত সুন্দর একটা জিনিস আমার হাতে পৌঁছে দেওয়া যেন ডেলিভারি ম্যান ভাইয়াকে অনেক ধন্যবাদ সময়ের আগেই ওয়াডার দেওয়া জিনিসটি আমার হাতে পৌঁছে দেওয়া যায় ধন্যবাদ সবাইকে,খুব সুন্দর জিনিস সাধারণ দোকানে গেলে হাজারের নিচে পাবেন না অসাধারণ একটা জিনিস আপনারা চাইলে নিতে পারে ডেলিভারি ম্যান ভাইয়া টা অনেক ভালো ছিলো কারণ এই জিনিস টা অর্ডার দেওয়ার একদিন পরে হাতে পেয়েছি জিনিস টা অনেক ভালো সাউন্ড কোয়ালি টি ও অনেক ভালো ভাইয়াকে অনেক অনেক ধন্যবাদ এত সুন্দর একটা জিনিস আমার হাতে পৌঁছে দেওয়া যেন ডেলিভারি ম্যান ভাইয়াকে অনেক ধন্যবাদ সময়ের আগেই ওয়াডার দেওয়া জিনিস টি আমার হাতে পৌঁছে দেওয়া যায় ধন্যবাদ সবাইকে,delivery_positive#product_quality_positive,Positive,"Delivery, Product Quality","{""Delivery"": ""positive"", ""Product Quality"": ""positive""}"
54372001696758,আলহামদুলিল্লাহ আজকে প্রোডাক্টটা পাইছি প্রোডাক্টের কোয়ালিটি আলহামদুলিল্লাহ ভালই এনএফসি টা মনে হয় অটো দেওয়া অটো নয়েজ ক্যানসেলিং যেটা সেটা মনে হয় অটো সেট করা যার কারণে মানে বাইরের সাউন্ডটা খুব কম শোনা যায় তা বাদে একদম সবদিক থেকে পারফেক্ট।,আলহামদুলিল্লাহ আজকে প্রোডাক্ট টা পাইছি প্রোডাক্টের কোয়ালি টি আলহামদুলিল্লাহ ভালই এনএফসি টা মনে হয় অটো দেওয়া অটো নয়েজ ক্যানসেলিং যে টা সে টা মনে হয় অটো সেট করা যার কারণে মানে বাইরের সাউন্ড টা খুব কম শোনা যায় তা বাদে একদম সবদিক থেকে পারফেক্ট ।,product_quality_positive,Positive,Product Quality,"{""Product Quality"": ""positive""}"
54195887496758,প্রডাক্টটা জাস্ট ওয়াও। কোয়ালিটি ও কানেক্টিভিটি  খুবই ভালো। এক কথায় অসাধারণ একটা প্রডাক্ট। চার্জ ও প্রায় ৪-৫ ঘ্ণটা মতো থাকে।সেলার ও খুবই আন্তরিক ছিলেন। আমার কাছে প্রডাক্ট টা খুবই ভালো লেগেছে। সেলারকে ধন্যবাদ।,প্রডাক্ট টা জাস্ট ওয়াও । কোয়ালি টি ও কানেক্টিভি টি খুবই ভালো । এক কথায় অসাধারণ একটা প্রডাক্ট । চার্জ ও প্রায় ৪-৫ ঘ্ণ টা মতো থাকে । সেলার ও খুবই আন্তরিক ছিলেন । আমার কাছে প্রডাক্ট টা খুবই ভালো লেগেছে । সেলারকে ধন্যবাদ ।,seller_service_positive#product_quality_positive,Positive,"Product Quality, Seller Service","{""Seller Service"": ""positive"", ""Product Quality"": ""positive""}"
54464104196758,"এই মূল্যে সাউন্ড কোয়ালিটি কথা যদি বলেন তাহলে আমি ১০ এ ৮
ফুল সাউন্ড দিলে ও ক্লিয়ার সাউন্ড কোনো নয়েজ নাই বেজ এ পারফেক্ট কারণ একদম বেশি ও না কোন ও না মধ্যম সবার জন্য উপযোগী, সাউন্ড ফুল দিলে কানে ও লাগে না অন্য অন্য ইয়ারফোন এ যেমন কানে লাগে না,এই মূল্যে এ সব দিক বিবেচনা করে বুঝা যায় এই মূল্যে অন্য অন্য হেডফোনের থেকে এটা ভালো। ডিজাইন ও কোয়ালিটি ১০/৯,দিবো প্যাকেজিং ১০ এ ১০।","এই মূল্যে সাউন্ড কোয়ালি টি কথা যদি বলেন তাহলে আমি ১০ এ ৮ ফুল সাউন্ড দিলে ও ক্লিয়ার সাউন্ড কোনো নয়েজ নাই বেজ এ পারফেক্ট কারণ একদম বেশি ও না কোন ও না মধ্যম সবার জন্য উপযোগী , সাউন্ড ফুল দিলে কানে ও লাগে না অন্য অন্য ইয়ারফোন এ যেমন কানে লাগে না , এই মূল্যে এ সব দিক বিবেচনা করে বুঝা যায় এই মূল্যে অন্য অন্য হেডফোনের থেকে এটা ভালো । ডিজাইন ও কোয়ালি টি ১০ ৯ , দিবো প্যাকেজিং ১০ এ ১০ ।",packaging_positive#price_positive#product_quality_positive,Positive,"Packaging, Price, Product Quality","{""Packaging"": ""positive"", ""Price"": ""positive"", ""Product Quality"": ""positive""}"
53501191196758,"প্রোডাক্ট খুবই  ভালো ।আনেকখন চার্জ থাকে,সাউন্ড কোয়ালিটিও অনেক ভালো আর সেলারও খুবই আন্তরিক। চাইলে আপনারা নিতে পারেন।","প্রোডাক্ট খুবই ভালো । আনেকখন চার্জ থাকে , সাউন্ড কোয়ালিটি ও অনেক ভালো আর সেলার ও খুবই আন্তরিক । চাইলে আপনারা নিতে পারেন ।",seller_service_positive#product_quality_positive,Positive,"Product Quality, Seller Service","{""Seller Service"": ""positive"", ""Product Quality"": ""positive""}"
54104312196758,দারাজ  পোটাক টা ভালো দিছে	সাউন্ড কোয়ালিটি  বেজ ভালো  কিন্তুু ওয়ারলেস চার্জার  টা  দেয় না শুটু কট দিয়েছে	  ধন্যবাদ  দারাজ কে বেজ কম আছে,দারাজ পোটাক টা ভালো দিছে সাউন্ড কোয়ালি টি বেজ ভালো কিন্তুু ওয়ারলেস চার্জার টা দেয় না শুটু কট দিয়েছে ধন্যবাদ দারাজ কে বেজ কম আছে,product_quality_positive,Positive,Product Quality,"{""Product Quality"": ""positive""}"
53982281396758,"আলহামদুলিল্লাহ প্রডাক্ট যথেষ্ট ভালো মানের। সবাই নিতে পারেন।আশা করি কেউ হতাশ হবেন না। সেলার ভাই অনেক আন্তরিক, ধন্যবাদ ভাই, এই ভাবেই সবার পাশে থাকবেন।","আলহামদুলিল্লাহ প্রডাক্ট যথেষ্ট ভালো মানের । সবাই নিতে পারেন । আশা করি কেউ হতাশ হবেন না । সেলার ভাই অনেক আন্তরিক , ধন্যবাদ ভাই , এই ভাবেই সবার পাশে থাকবেন ।",seller_service_positive#product_quality_positive,Positive,"Product Quality, Seller Service","{""Seller Service"": ""positive"", ""Product Quality"": ""positive""}"
54837969696758,এটা একটা বাজে প্রোডাক্ট এই টাকা দিয়ে আরো ভালো পাওয়া যাবে এবং এটার মধ্যে মাঝে পটপট সাউন্ড করে এটা আমি রিটার্নও দিয়েছিলাম তারা নেয়নি আবার সেটাই পাঠিয়ে দিয়েছে সবাই সাবধান,এটা একটা বাজে প্রোডাক্ট এই টাকা দিয়ে আরো ভালো পাওয়া যাবে এবং এটার মধ্যে মাঝে পটপট সাউন্ড করে এটা আমি রিটার্ন ও দিয়েছিলাম তারা নেয়নি আবার সেটাই পাঠিয়ে দিয়েছে সবাই সাবধান,price_negative#product_quality_negative,Negative,"Price, Product Quality","{""Price"": ""negative"", ""Product Quality"": ""negative""}"
54210255896758,"আলহামদুলিল্লাহ। প্রোডাক্টটি হাতে পেয়ে ব্যবহার করার পরে রিভিউ দিচ্ছি, আলহামদুলিল্লাহ সাউন্ড কোয়ালিটি ভালো। ব্যবহার করেও ভালো লাগতেছে। অন্যান্য ইয়ারফোন কানে লাগালে ব্যথা করে বাট এটা দীর্ঘক্ষণ ধরে ব্যবহার করার পরেও কানে ব্যথা লাগতেছে না ।মোটামুটি ভালই। এরকম দামের মধ্যে বেস্ট। আপনারাও চাইলে নিতে পারেন।","আলহামদুলিল্লাহ । প্রোডাক্ট টি হাতে পেয়ে ব্যবহার করার পরে রিভিউ দিচ্ছি , আলহামদুলিল্লাহ সাউন্ড কোয়ালি টি ভালো । ব্যবহার করে ও ভালো লাগতেছে । অন্যান্য ইয়ারফোন কানে লাগালে ব্যথা করে বাট এটা দীর্ঘক্ষণ ধরে ব্যবহার করার পরে ও কানে ব্যথা লাগতেছে না । মোটামুটি ভালই । এরকম দামের মধ্যে বেস্ট । আপনারা ও চাইলে নিতে পারেন ।",price_positive#product_quality_positive,Positive,"Price, Product Quality","{""Price"": ""positive"", ""Product Quality"": ""positive""}"
54346486796758,"প্রথমত জিনিসটা দেখতে সুন্দর। বিল্ড কোয়ালিটি ভালো। ভোকালের ক্ল্যারিটি তে কিছু টা ঘাটতি আছে, তবে দাম বিবেচনায় যথেষ্ট ভালো সাউন্ড দেয়। দাম বিবেচনায় ভালো লেগেছে। সেলার ভাই খুব ই আন্তরিক, সঠিক তথ্য দিয়ে সহযোগিতা করেছেন। অনেক ধন্যবাদ সেলার ভাইকে।","প্রথমত জিনিস টা দেখতে সুন্দর । বিল্ড কোয়ালি টি ভালো । ভোকালের ক্ল্যারি টি তে কিছু টা ঘাটতি আছে , তবে দাম বিবেচনায় যথেষ্ট ভালো সাউন্ড দেয় । দাম বিবেচনায় ভালো লেগেছে । সেলার ভাই খুব ই আন্তরিক , সঠিক তথ্য দিয়ে সহযোগিতা করেছেন । অনেক ধন্যবাদ সেলার ভাইকে ।",seller_service_positive#price_positive#product_quality_positive,Positive,"Price, Product Quality, Seller Service","{""Seller Service"": ""positive"", ""Price"": ""positive"", ""Product Quality"": ""positive""}"
54227724796758,"যেমনটা আশা করেছিলাম তার থেকে অনেক ভালো পেয়েছি।
টাকার তুলনায় প্রোডাক্টটি অনেক ভালো। সাউন্ড অনেক ভালো। আপনারা চাইলে সবাই নিতে পারেন প্রোডাক্টটি ভালো আছে।",যেমন টা আশা করেছিলাম তার থেকে অনেক ভালো পেয়েছি । টাকার তুলনায় প্রোডাক্ট টি অনেক ভালো । সাউন্ড অনেক ভালো । আপনারা চাইলে সবাই নিতে পারেন প্রোডাক্ট টি ভালো আছে ।,price_positive#product_quality_positive,Positive,"Price, Product Quality","{""Price"": ""positive"", ""Product Quality"": ""positive""}"
53568200596758,আজকে দারাজ থেকে মালটা পেয়েছি অনেক সুন্দর একটা প্রডাক্ট।এর সাউন্ড কয়ালিটি অনেক সুন্দর।  আর ডিলেভারি ভাইকে অনেক ধন্যবাদ। তার ব্যাবহার আমার অনেক ভালো লেগেছে।,আজকে দারাজ থেকে মাল টা পেয়েছি অনেক সুন্দর একটা প্রডাক্ট । এর সাউন্ড কয়ালি টি অনেক সুন্দর । আর ডিলেভারি ভাইকে অনেক ধন্যবাদ । তার ব্যাবহার আমার অনেক ভালো লেগেছে ।,delivery_positive#product_quality_positive,Positive,"Delivery, Product Quality","{""Delivery"": ""positive"", ""Product Quality"": ""positive""}"
53915456196758,ডেলিভারি ম্যান এর ব্যবহার ভালো ছিল কিন্তু প্রোডাক্ট এর পলিথিন কাটা ছিল আর ভিতর এ জিনিসগুলা পেয়েছি এখন দেখা যাক ব্যবহার করা যাক। আর যারা কিনেছেন তারা কি এমনি পেয়েছেন একটু জানাবেন প্লিজ,ডেলিভারি ম্যান এর ব্যবহার ভালো ছিল কিন্তু প্রোডাক্ট এর পলিথিন কা টা ছিল আর ভিতর এ জিনিসগুলা পেয়েছি এখন দেখা যাক ব্যবহার করা যাক । আর যারা কিনেছেন তারা কি এমনি পেয়েছেন একটু জানাবেন প্লিজ,delivery_positive,Positive,Delivery,"{""Delivery"": ""positive""}"
54758967396758,প্রথমত ধন্যবাদ সেলার ভাইকে। 2 দিনের ভিতরে প্রোডাক্ট টি হাতে পেয়েছি।।।সাউন্ড কোয়ালিটি এই দামে ঠিক আছে।।।কোন সমস্যা নেই।।।।অর্ডার করার আগে সেলার ভাইয়ের সাথে কথা বলেছিলাম।। তিনি যেন খুলে চেক করে দেন।।।,প্রথমত ধন্যবাদ সেলার ভাইকে । 2 দিনের ভিতরে প্রোডাক্ট টি হাতে পেয়েছি । সাউন্ড কোয়ালি টি এই দামে ঠিক আছে । কোন সমস্যা নেই । অর্ডার করার আগে সেলার ভাইয়ের সাথে কথা বলেছিলাম । । তিনি যেন খুলে চেক করে দেন ।,delivery_positive#price_positive#product_quality_positive,Positive,"Delivery, Price, Product Quality","{""Delivery"": ""positive"", ""Price"": ""positive"", ""Product Quality"": ""positive""}"
54427395696758,"খুব দ্রুত ডেলিভারি পেয়েছি,,, তবে বক্স টা খোলা ছিলো হয়তোবা সেলার চেক করার জন্য খুলেছিলো,,, যাই হোক এখন দেখার বিষয় হচ্ছে ব্যাটারি ব্যাকআপ কেমন হয়♥️♥️♥️","খুব দ্রুত ডেলিভারি পেয়েছি , তবে বক্স টা খোলা ছিলো হয়তোবা সেলার চেক করার জন্য খুলেছিলো , যাই হোক এখন দেখার বিষয় হচ্ছে ব্যাটারি ব্যাকআপ কেমন হয়",delivery_positive,Positive,Delivery,"{""Delivery"": ""positive""}"
54004652396758,প্রোডাক্ট টা দেখতে খুব সুন্দর।সাউন্ড কোয়ালিটি ও খুব ভালো।কেস ওপেন করলে পপ আপ সাউন্ড হয়।যা শুনতে খুব ভালোলাগে।তবে প্রোডাক্ট এ কিছু স্ক্র্যাচ আছে আর কেস এর ঢাকনা টা পারফেক্টলি লাগেনা।কিছু গ্যাপ থাকে। চার্জ ও অনেকক্ষণ থাকে।দেখা যাক কয় দিন টিকে।আরো কিছুদিন ব্যবহার করে আপনাদের আরেকটা রিভিউ দিব ইনশাল্লাহ।,প্রোডাক্ট টা দেখতে খুব সুন্দর । সাউন্ড কোয়ালি টি ও খুব ভালো । কেস ওপেন করলে পপ আপ সাউন্ড হয় । যা শুনতে খুব ভালোলাগে । তবে প্রোডাক্ট এ কিছু স্ক্র্যাচ আছে আর কেস এর ঢাকনা টা পারফেক্টলি লাগেনা । কিছু গ্যাপ থাকে । চার্জ ও অনেকক্ষণ থাকে । দেখা যাক কয় দিন টিকে । আরো কিছুদিন ব্যবহার করে আপনাদের আরেক টা রিভিউ দিব ইনশাল্লাহ ।,product_quality_positive,Positive,Product Quality,"{""Product Quality"": ""positive""}"
54078256196758,"এই বাজেট এ খুব ভালো একটি প্রোডাক্ট , সাউন্ড কোয়ালিটি ও খুব ভালো, চার্জ ব্যাকআপ ৩-৪ ঘন্টা পাইছি, সবকিছু ঠিকঠাকই ছিলো, আশা করি অনেক দিন ব্যবহার করতে পারবো ❤️ এক কথায় অসাধারণ একটি প্রোডাক্ট ধন্যবাদ ভাই চেক করে দেওয়ার জন্য ❤️🌸","এই বাজেট এ খুব ভালো একটি প্রোডাক্ট , সাউন্ড কোয়ালি টি ও খুব ভালো , চার্জ ব্যাকআপ ৩-৪ ঘন্টা পাইছি , সবকিছু ঠিকঠাকই ছিলো , আশা করি অনেক দিন ব্যবহার করতে পারবো এক কথায় অসাধারণ একটি প্রোডাক্ট ধন্যবাদ ভাই চেক করে দেওয়ার জন্য",price_positive#product_quality_positive,Positive,"Price, Product Quality","{""Price"": ""positive"", ""Product Quality"": ""positive""}"
54685630396758,"অসাধারণ জিনিস ভাই,, 
চার্জ ব্যাকাপ সাউন্ড কোয়ালিটি খুব ভালো,, 
মোবাইলে কথা বলা খুব স্পষ্ট এবং ক্লিয়ার, 
আমি মোবাইলে কথা বলার জন্যই নিয়েছি আমার চাওয়া পাওয়া সার্থক হয়েছে আশা করি এভাবেই ভালো পণ্য দিবেন সবাইকে রেটিং ১০/১০","অসাধারণ জিনিস ভাই , , চার্জ ব্যাকাপ সাউন্ড কোয়ালি টি খুব ভালো , , মোবাইলে কথা বলা খুব স্পষ্ট এবং ক্লিয়ার , আমি মোবাইলে কথা বলার জন্যই নিয়েছি আমার চাওয়া পাওয়া সার্থক হয়েছে আশা করি এভাবেই ভালো পণ্য দিবেন সবাইকে রেটিং ১০ ১০",product_quality_positive,Positive,Product Quality,"{""Product Quality"": ""positive""}"
54980033596758,যতটুক আশা করেছিলাম তার চেয়ে অনেক অনেক ভালো কোয়ালিটি এবং বেস্ট সাউন্ড কোয়ালিটি সবকিছু মিলিয়ে দুর্দান্ত একটি প্রোডাক্ট আমি পেলাম ধন্যবাদ দারাজ,যতটুক আশা করেছিলাম তার চেয়ে অনেক অনেক ভালো কোয়ালি টি এবং বেস্ট সাউন্ড কোয়ালি টি সবকিছু মিলিয়ে দুর্দান্ত একটি প্রোডাক্ট আমি পেলাম ধন্যবাদ দারাজ,seller_service_positive#product_quality_positive,Positive,"Product Quality, Seller Service","{""Seller Service"": ""positive"", ""Product Quality"": ""positive""}"
54716060696758,প্রোডাক্ট টা চাইলে  আনতে পারেন ব্লুটুথটা অনেকটাই ভালো এবং আরেকটা ভীষয় একটু মজাদার সেটা হল এটার সাথে যে কেবল দিবে সেটা দিয়ে মোবাইল থেকে চার্জ করতে পারবেন। আর যদি আপনি চার্জার দিয়ে চার্জ করতে চান তাহলে আলাদা একটা কেবল কিনে নিতে হবে। আর যদি আপনার বাড়িতে থাকে তাহলে তো ভালই।কিন্তু আর যাই হোক ভাই ব্লুটুথ টা আমার কাছে অনেকটাই ভালো লাগছে ❤️❤️🫶,প্রোডাক্ট টা চাইলে আনতে পারেন ব্লুটুথ টা অনেকটাই ভালো এবং আরেক টা ভীষয় একটু মজাদার সে টা হল এটার সাথে যে কেবল দিবে সে টা দিয়ে মোবাইল থেকে চার্জ করতে পারবেন । আর যদি আপনি চার্জার দিয়ে চার্জ করতে চান তাহলে আলাদা একটা কেবল কিনে নিতে হবে । আর যদি আপনার বাড়িতে থাকে তাহলে তো ভালই । কিন্তু আর যাই হোক ভাই ব্লুটুথ টা আমার কাছে অনেকটাই ভালো লাগছে,product_quality_positive,Positive,Product Quality,"{""Product Quality"": ""positive""}"
54248201996758,"সেরা একটা এয়ার পডস এই বাজেটে। চার্জ ব্যাক আপ (মোর দ্যান এনাফ), সাউন্ড কোয়ালিটি টপ নচ (দাম হিসেবে)। 💯","সেরা একটা এয়ার পডস এই বাজেটে । চার্জ ব্যাক আপ মোর দ্যান এনাফ , সাউন্ড কোয়ালি টি টপ নচ দাম হিসেবে ।",price_positive#product_quality_positive,Positive,"Price, Product Quality","{""Price"": ""positive"", ""Product Quality"": ""positive""}"
55052609796758,আলহামদুলিল্লাহ প্রডাক্ট অনেক ভালো পাইছি সেলার ভাইয়া টা অনেক ভালো মেসেজ করছিলাম রিপ্লাই দিছে ধন্যবাদ। চাইলে আপনারও নিতে পারে জিনিস ভালো,আলহামদুলিল্লাহ প্রডাক্ট অনেক ভালো পাইছি সেলার ভাইয়া টা অনেক ভালো মেসেজ করছিলাম রিপ্লাই দিছে ধন্যবাদ । চাইলে আপনার ও নিতে পারে জিনিস ভালো,seller_service_positive#product_quality_positive,Positive,"Product Quality, Seller Service","{""Seller Service"": ""positive"", ""Product Quality"": ""positive""}"
54276298796758,"প্রোডাক্ট বেশ কোয়ালিটি ফুল আছে 
চাইলে সবাই নিতে পারেন 
ধন্যবাদ সেলারকে 
ব্যাটারি ব্যাকআপ বেশ ভালো",প্রোডাক্ট বেশ কোয়ালি টি ফুল আছে চাইলে সবাই নিতে পারেন ধন্যবাদ সেলারকে ব্যাটারি ব্যাকআপ বেশ ভালো,product_quality_positive,Positive,Product Quality,"{""Product Quality"": ""positive""}"
54445898996758,এই পড়েছি চয়েজের তালিকায় রাখতে পারেন আপনারা প্রোডাক্টটি আমি ব্যবহার করেছি সব মিলিয়ে ভালোই,এই পড়েছি চয়েজের তালিকায় রাখতে পারেন আপনারা প্রোডাক্ট টি আমি ব্যবহার করেছি সব মিলিয়ে ভালোই,product_quality_positive,Positive,Product Quality,"{""Product Quality"": ""positive""}"
55099665496758,আলহামদুলিল্লাহ মাল ভালই সবাই নিতে পারেন কোন ধরনের সমস্যা নেই চোখ বন্ধ করে নিতে পারেন 🥰❓❓,আলহামদুলিল্লাহ মাল ভালই সবাই নিতে পারেন কোন ধরনের সমস্যা নেই চোখ বন্ধ করে নিতে পারেন,product_quality_positive,Positive,Product Quality,"{""Product Quality"": ""positive""}"
54093960996758,"আলহামদুলিল্লাহ সবদিক থেকেই ভালছিল, সাউন্ড কোয়ালিটি ও মুটামুটি ঠিক আছে, দাম অনুযায়ী। 🥰❤️","আলহামদুলিল্লাহ সবদিক থেকেই ভালছিল , সাউন্ড কোয়ালি টি ও মুটামু টি ঠিক আছে , দাম অনুযায়ী ।",price_neutral#product_quality_positive,Positive,"Price, Product Quality","{""Price"": ""neutral"", ""Product Quality"": ""positive""}"
54597843196758,"আলহামদুলিল্লাহ অনেক ভালো একটি প্রোডাক্ট।
সাউন্ড কোয়ালিটি ১০০/১০০
দেখতেও অনেক সুন্দর।",আলহামদুলিল্লাহ অনেক ভালো একটি প্রোডাক্ট । সাউন্ড কোয়ালি টি ১০০ ১০০ দেখতে ও অনেক সুন্দর ।,product_quality_positive,Positive,Product Quality,"{""Product Quality"": ""positive""}"
54623963096758,"ভাই কেও নিতে চাইলে নিতে পারেন খুব ভালো 
একবার চার্য করে আমি ৫ ঘন্টা ব্যাবহার করেছি",ভাই কে ও নিতে চাইলে নিতে পারেন খুব ভালো একবার চার্য করে আমি ৫ ঘন্টা ব্যাবহার করেছি,product_quality_positive,Positive,Product Quality,"{""Product Quality"": ""positive""}"
54815276296758,আমার কাছে প্রোডাক্ট টা সেই ভালো লাগছে। কপি হলেও ভালো আছে। আপনারা চাইলে নিতে পারেন।,আমার কাছে প্রোডাক্ট টা সেই ভালো লাগছে । কপি হলে ও ভালো আছে । আপনারা চাইলে নিতে পারেন ।,product_quality_positive,Positive,Product Quality,"{""Product Quality"": ""positive""}"
54904307496758,"একদম পারফেক্ট।

সেলার ভাইকে অনেক ধন্যবাদ।

কথা এবং কাজ দুটোই ঠিক রাখার জন্য। ❤️",একদম পারফেক্ট । সেলার ভাইকে অনেক ধন্যবাদ । কথা এবং কাজ দুটোই ঠিক রাখার জন্য ।,product_quality_positive,Positive,Product Quality,"{""Product Quality"": ""positive""}"
53881912196758,আলহামদুলিল্লাহ খুব ভালো আপনারা চাইলে নিতে পারেন ব্যবহার করার পর রিভিউ দিলাম ।,আলহামদুলিল্লাহ খুব ভালো আপনারা চাইলে নিতে পারেন ব্যবহার করার পর রিভিউ দিলাম ।,product_quality_positive,Positive,Product Quality,"{""Product Quality"": ""positive""}"
54158732096758,"প্রডাক্ট কোয়ালিটি অনেক ভালো এই দামের মধ্যে সেরা 
সেলার ভাই ও খুব আন্তরিক।",প্রডাক্ট কোয়ালি টি অনেক ভালো এই দামের মধ্যে সেরা সেলার ভাই ও খুব আন্তরিক ।,seller_service_positive#price_positive#product_quality_positive,Positive,"Price, Product Quality, Seller Service","{""Seller Service"": ""positive"", ""Price"": ""positive"", ""Product Quality"": ""positive""}"
55050624296758,"সেলার কে ধন্যবাদ। 
বুঝিয়ে  বলার জন্য। 

সবাই নিতে পারেন।
প্রডাক্টটা ভালো।",সেলার কে ধন্যবাদ । বুঝিয়ে বলার জন্য । সবাই নিতে পারেন । প্রডাক্ট টা ভালো ।,product_quality_positive,Positive,Product Quality,"{""Product Quality"": ""positive""}"
54985015096758,মোটামুটি খারাপ না কিন্তু বক্স খোলা ছিলো এই কার কি সেই টা বুঝতে পারলাম না,মোটামুটি খারাপ না কিন্তু বক্স খোলা ছিলো এই কার কি সেই টা বুঝতে পারলাম না,product_quality_neutral,Neutral,Product Quality,"{""Product Quality"": ""neutral""}"
54347283896758,বিল্ড কোয়ালিটি থেকে শুরু করে সাউন্ড কোয়ালিটি দাম হিসেবে যথেষ্ট ভালো ।,বিল্ড কোয়ালি টি থেকে শুরু করে সাউন্ড কোয়ালি টি দাম হিসেবে যথেষ্ট ভালো ।,price_positive#product_quality_positive,Positive,"Price, Product Quality","{""Price"": ""positive"", ""Product Quality"": ""positive""}"
53877418696758,অল্প দামে প্রোডাক্টটা অনেক ভালো ছিল যারা যারা নিচে চান তারা নিতে পারেন,অল্প দামে প্রোডাক্ট টা অনেক ভালো ছিল যারা যারা নিচে চান তারা নিতে পারেন,price_positive#product_quality_positive,Positive,"Price, Product Quality","{""Price"": ""positive"", ""Product Quality"": ""positive""}"
54485544696758,"ভালোই কাজ করে
কিন্তু গেম খেলার সময় সাউন্ড দুই থেকে তিন সেকেন্ড পরে আসে",ভালোই কাজ করে কিন্তু গেম খেলার সময় সাউন্ড দুই থেকে তিন সেকেন্ড পরে আসে,product_quality_positive,Positive,Product Quality,"{""Product Quality"": ""positive""}"
53988694996758,"এক কথায় এই বাজেটে অসাধারণ একটা এয়ারপডস 
আপনারা যে কেউ চাইলে নিতে পারেন",এক কথায় এই বাজেটে অসাধারণ একটা এয়ারপডস আপনারা যে কেউ চাইলে নিতে পারেন,price_positive#product_quality_positive,Positive,"Price, Product Quality","{""Price"": ""positive"", ""Product Quality"": ""positive""}"
54522668796758,এটা খুব ভালো সবাই নিতে পারেন ধন্যবাদ ছবি ছিলোনা রিভিউ দেওয়ার সময়,এটা খুব ভালো সবাই নিতে পারেন ধন্যবাদ ছবি ছিলোনা রিভিউ দেওয়ার সময়,product_quality_positive,Positive,Product Quality,"{""Product Quality"": ""positive""}"
53655630596758,"দাম অনুযায়ী প্রোডাক্টটা ভালো ছিলো।  
সাউন্ড কোয়ালিটিও ভালো। 👍",দাম অনুযায়ী প্রোডাক্ট টা ভালো ছিলো । সাউন্ড কোয়ালিটি ও ভালো ।,price_positive#product_quality_positive,Positive,"Price, Product Quality","{""Price"": ""positive"", ""Product Quality"": ""positive""}"
54788723796758,আলহামদুলিল্লাহ প্রোডাক্টটি  হাতে পেয়েছি । সাউন্ড কোয়ালিটিও ভালো।,আলহামদুলিল্লাহ প্রোডাক্ট টি হাতে পেয়েছি । সাউন্ড কোয়ালিটি ও ভালো ।,product_quality_positive,Positive,Product Quality,"{""Product Quality"": ""positive""}"
53666790496758,খুব ভালো তাড়াতাড়ি অর্ডার টা পেয়েছি সাউন্ড কোয়ালিটি খুব ভালো,খুব ভালো তাড়াতাড়ি অর্ডার টা পেয়েছি সাউন্ড কোয়ালি টি খুব ভালো,delivery_positive#product_quality_positive,Positive,"Delivery, Product Quality","{""Delivery"": ""positive"", ""Product Quality"": ""positive""}"
54840108596758,অনেকদিন ব্যবহার করার পর রিভিউ দিলাম। প্রডাক্ট কোয়ালিটি ভালো আছে।,অনেকদিন ব্যবহার করার পর রিভিউ দিলাম । প্রডাক্ট কোয়ালি টি ভালো আছে ।,product_quality_positive,Positive,Product Quality,"{""Product Quality"": ""positive""}"
54210641596758,"আলহামদুলিল্লাহ  খুব ভালো প্রোডাক্ট সবাই নিতে পারেন
নিঃসন্দেহে",আলহামদুলিল্লাহ খুব ভালো প্রোডাক্ট সবাই নিতে পারেন নিঃসন্দেহে,product_quality_positive,Positive,Product Quality,"{""Product Quality"": ""positive""}"
54259204696758,"ওপেন বক্স ছিলো, প্রডাক্ট ভালো ছিলো। সাউন্ড কোয়ালিটি অনেক ভালো।","ওপেন বক্স ছিলো , প্রডাক্ট ভালো ছিলো । সাউন্ড কোয়ালি টি অনেক ভালো ।",product_quality_positive,Positive,Product Quality,"{""Product Quality"": ""positive""}"
54513153396758,"দামের মধ্যে প্রোডাক্টটি অনেক ভালো ,, আপনারা সকলে নিতে পারেন","দামের মধ্যে প্রোডাক্ট টি অনেক ভালো , , আপনারা সকলে নিতে পারেন",price_positive#product_quality_positive,Positive,"Price, Product Quality","{""Price"": ""positive"", ""Product Quality"": ""positive""}"
54907705296758,আমি যে পণ্য টা চাইছিলাম তা ঠিক ঠাক পেয়ে অনেক খুশি হলাম...,আমি যে পণ্য টা চাইছিলাম তা ঠিক ঠাক পেয়ে অনেক খুশি হলাম.,product_quality_positive,Positive,Product Quality,"{""Product Quality"": ""positive""}"
53872351496758,আলহামদুলিল্লাহ প্রোডাক্ট টি খুবই ভালো আপনারা নিতে পারেন,আলহামদুলিল্লাহ প্রোডাক্ট টি খুবই ভালো আপনারা নিতে পারেন,product_quality_positive,Positive,Product Quality,"{""Product Quality"": ""positive""}"
54112186596758,আলহামদুলিল্লাহ ভালো পেয়েছি।আপনারা চাইলে কিনতে পারেন।,আলহামদুলিল্লাহ ভালো পেয়েছি । আপনারা চাইলে কিনতে পারেন ।,product_quality_positive,Positive,Product Quality,"{""Product Quality"": ""positive""}"
54374692696758,জিনিস টা অনেক সুন্দর ছিলো সাউন্ড কলেটিই ভালো 🥰❤️‍🩹,জিনিস টা অনেক সুন্দর ছিলো সাউন্ড কলেটিই ভালো,product_quality_positive,Positive,Product Quality,"{""Product Quality"": ""positive""}"
53922169996758,"আলহামদুলিল্লাহ, অনেক সুন্দর,সবাই অর্ডার করতে পারেন।","আলহামদুলিল্লাহ , অনেক সুন্দর , সবাই অর্ডার করতে পারেন ।",product_quality_positive,Positive,Product Quality,"{""Product Quality"": ""positive""}"
54719719196758,বুলুতুত টা আজকে হাতে পাইলাম এই জিনিস টা অনেক ভালো,বুলুতুত টা আজকে হাতে পাইলাম এই জিনিস টা অনেক ভালো,product_quality_positive,Positive,Product Quality,"{""Product Quality"": ""positive""}"
54368161596758,প্রোডাক্টের কোয়ালিটি অনুযায়ী দাম ঠিক আছে। ভালোই,প্রোডাক্টের কোয়ালি টি অনুযায়ী দাম ঠিক আছে । ভালোই,price_positive#product_quality_positive,Positive,"Price, Product Quality","{""Price"": ""positive"", ""Product Quality"": ""positive""}"
53941746596758,"দাম হিসেবে কোয়ালিটি ঠিক আছে,আপনারা নিতে পারেন,","দাম হিসেবে কোয়ালি টি ঠিক আছে , আপনারা নিতে পারেন ,",price_positive#product_quality_positive,Positive,"Price, Product Quality","{""Price"": ""positive"", ""Product Quality"": ""positive""}"
54190070696758,আজকে হাতে পেলাম সাউন্ড কোয়ালিটি অনেক ভালো,আজকে হাতে পেলাম সাউন্ড কোয়ালি টি অনেক ভালো,product_quality_positive,Positive,Product Quality,"{""Product Quality"": ""positive""}"
54971909896758,ইনশাল্লাহ এই এয়ার পাঁচটা অনেক সুন্দর 😊😊,ইনশাল্লাহ এই এয়ার পাঁচ টা অনেক সুন্দর,product_quality_positive,Positive,Product Quality,"{""Product Quality"": ""positive""}"
53883239096758,কম দামের মাল হিসেবে প্রোডাক্টটা খারাপ না,কম দামের মাল হিসেবে প্রোডাক্ট টা খারাপ না,price_positive#product_quality_positive,Positive,"Price, Product Quality","{""Price"": ""positive"", ""Product Quality"": ""positive""}"
53864949096758,"ভালো মানের ছিলো, আপনারা চাইলে নিতে পারেন","ভালো মানের ছিলো , আপনারা চাইলে নিতে পারেন",product_quality_positive,Positive,Product Quality,"{""Product Quality"": ""positive""}"
54782834796758,যেমন দেখেছি তেমন পাইছি। ভালো একটা জিনিস।,যেমন দেখেছি তেমন পাইছি । ভালো একটা জিনিস ।,product_quality_positive,Positive,Product Quality,"{""Product Quality"": ""positive""}"
54984502796758,খুব ভালো এটা জিনিস সবাই নিতে পারেন ❤️‍🩹,খুব ভালো এটা জিনিস সবাই নিতে পারেন,product_quality_positive,Positive,Product Quality,"{""Product Quality"": ""positive""}"
54791771896758,ভালো একটা প্রোডাক্ট সবাই নিতে পারেন৷,ভালো একটা প্রোডাক্ট সবাই নিতে পারেন৷,product_quality_positive,Positive,Product Quality,"{""Product Quality"": ""positive""}"
54251152496758,৫০০ টাকা অনুযায়ী পন্যটি অনেক ভালো🥰❤️,৫০০ টাকা অনুযায়ী পন্য টি অনেক ভালো,price_positive#product_quality_positive,Positive,"Price, Product Quality","{""Price"": ""positive"", ""Product Quality"": ""positive""}"
53908786196758,দাম হিসেবে কোয়ালিটি মোটামুটি ঠিক আছে,দাম হিসেবে কোয়ালি টি মোটামুটি ঠিক আছে,price_neutral#product_quality_neutral,Neutral,"Price, Product Quality","{""Price"": ""neutral"", ""Product Quality"": ""neutral""}"
54447650496758,"দাম অনুযায়ী ঠিক আছে, ভালোই ছিলো..! ✨","দাম অনুযায়ী ঠিক আছে , ভালোই ছিলো.. !",price_positive#product_quality_positive,Positive,"Price, Product Quality","{""Price"": ""positive"", ""Product Quality"": ""positive""}"
53742806296758,এক কথায় অসাধারণ। ধন্যবাদ সেলার কে।,এক কথায় অসাধারণ । ধন্যবাদ সেলার কে ।,product_quality_positive,Positive,Product Quality,"{""Product Quality"": ""positive""}"
54345624796758,ভাইয়া কেউ নিবেন না চার্জ টিকেনা।,ভাইয়া কেউ নিবেন না চার্জ টিকেনা ।,product_quality_negative,Negative,Product Quality,"{""Product Quality"": ""negative""}"
54195444496758,অনেক ভালো লেগেছে আমি তিনটি নিয়েছে,অনেক ভালো লেগেছে আমি তিন টি নিয়েছে,product_quality_positive,Positive,Product Quality,"{""Product Quality"": ""positive""}"
54635840596758,জিনিসটা আসলে ভালো সবাই নিতে পারে,জিনিস টা আসলে ভালো সবাই নিতে পারে,product_quality_positive,Positive,Product Quality,"{""Product Quality"": ""positive""}"
53981709796758,আলহামদুলিল্লাহ এই দাম বেস্ট অফার,আলহামদুলিল্লাহ এই দাম বেস্ট অফার,price_positive#product_quality_positive,Positive,"Price, Product Quality","{""Price"": ""positive"", ""Product Quality"": ""positive""}"
54379482896758,আমি কোয়ালিটি অনেক ভালো পাই ছি,আমি কোয়ালি টি অনেক ভালো পাই ছি,product_quality_positive,Positive,Product Quality,"{""Product Quality"": ""positive""}"
53654688896758,ভালো একটা প্রোডাক্ট মনে হচ্ছে,ভালো একটা প্রোডাক্ট মনে হচ্ছে,product_quality_positive,Positive,Product Quality,"{""Product Quality"": ""positive""}"
54546555296758,যেমনটা চেয়েছি তেমনটাই পেয়েছি প্রোডাক্ট টা খুবই ভালো অনেক সুন্দর সাউন্ড চার্জও ভালো যায় আমার কাছে খুবই ভালো লেগেছে কেউ যদি নিতে চান তাহলে নিতে পারেন,যেমন টা চেয়েছি তেমনটাই পেয়েছি প্রোডাক্ট টা খুবই ভালো অনেক সুন্দর সাউন্ড চার্জ ও ভালো যায় আমার কাছে খুবই ভালো লেগেছে কেউ যদি নিতে চান তাহলে নিতে পারেন,product_quality_positive,Positive,Product Quality,"{""Product Quality"": ""positive""}"
55044473496758,"এয়ারপোর্ট খুবই ভালো, এয়ারপোর্টস টা খুবই লাইট ওয়েট ব্যাক আপ টাইম পাঁচ থেকে ছয় ঘন্টা দেয়, প্রোডাক্টটা আসলেই খুবই জোশ।","এয়ারপোর্ট খুবই ভালো , এয়ারপোর্টস টা খুবই লাইট ওয়েট ব্যাক আপ টাইম পাঁচ থেকে ছয় ঘন্টা দেয় , প্রোডাক্ট টা আসলেই খুবই জোশ ।",product_quality_positive,Positive,Product Quality,"{""Product Quality"": ""positive""}"
55043195696758,আলহামদুলিল্লাহ ১ দিন পর রিভিউ দিচ্ছি। সব কিছু ঠিক আছে ১০০% সন্তুষ্ট হলাম।তাছাড়া সেলারের রিসপন্স খুবই ভালো।এর পর যদি আবার কখনও এয়ারপড্স লাগে এটাই কিনবো।ছবি তুলতে পারি নাই তাই দিতে পারলাম না। কিছুদিন ব্যাবহার করার পরে ছবি তুলে আবার রিভিউ দিবো ✌️✌️❤️,আলহামদুলিল্লাহ ১ দিন পর রিভিউ দিচ্ছি । সব কিছু ঠিক আছে ১০০ সন্তুষ্ট হলাম । তাছাড়া সেলারের রিসপন্স খুবই ভালো । এর পর যদি আবার কখন ও এয়ারপড্স লাগে এটাই কিনবো । ছবি তুলতে পারি নাই তাই দিতে পারলাম না । কিছুদিন ব্যাবহার করার পরে ছবি তুলে আবার রিভিউ দিবো,seller_service_positive#product_quality_positive,Positive,"Product Quality, Seller Service","{""Seller Service"": ""positive"", ""Product Quality"": ""positive""}"
54602234296758,আলহামদুলিল্লাহ খুব ভালো হয়েছে দাম অনুযায় এবং কি সেই লার এর ব্যবহার অনেক ভালো। চাইলে আপনার নিতে পারেন। 😲🙃🙃,আলহামদুলিল্লাহ খুব ভালো হয়েছে দাম অনুযায় এবং কি সেই লার এর ব্যবহার অনেক ভালো । চাইলে আপনার নিতে পারেন ।,seller_service_positive#price_positive#product_quality_positive,Positive,"Price, Product Quality, Seller Service","{""Seller Service"": ""positive"", ""Price"": ""positive"", ""Product Quality"": ""positive""}"
53954201096758,ধন্যবাদ দারাজ সত্যিই অনেক সুন্দর প্রোডাক্ট পেয়েছি খুবই স্মার্ট এট্রাক্টিভ এন্ড অথেন্টিক আপনারা চাইলে নিতে পারেন,ধন্যবাদ দারাজ সত্যিই অনেক সুন্দর প্রোডাক্ট পেয়েছি খুবই স্মার্ট এট্রাক্টিভ এন্ড অথেন্টিক আপনারা চাইলে নিতে পারেন,product_quality_positive,Positive,Product Quality,"{""Product Quality"": ""positive""}"
53779863096758,"একদম বাজে প্রোডাক্ট। 
আপনারা কেউ নিবেন না।

আমি নিয়েছি চার্জ হয়না। আবার পরের দিন থেকে কোনো লাইট সিগনাল আসেনা। উনারা পরে আরেকটা পাঠায় সেটা আরো খারাপ কোনো চার্জ হয় না, লাইট জ্বলেনা। একদমই বাজে প্রোডাক্ট। 
সেলার এখন আর রিপ্লে করছেনা।

আপনারা কেউ নিবেন না, সাতটা দিনও ব্যবহার করতে পারবেন না।","একদম বাজে প্রোডাক্ট । আপনারা কেউ নিবেন না । আমি নিয়েছি চার্জ হয়না । আবার পরের দিন থেকে কোনো লাইট সিগনাল আসেনা । উনারা পরে আরেক টা পাঠায় সে টা আরো খারাপ কোনো চার্জ হয় না , লাইট জ্বলেনা । একদমই বাজে প্রোডাক্ট । সেলার এখন আর রিপ্লে করছেনা । আপনারা কেউ নিবেন না , সাত টা দিন ও ব্যবহার করতে পারবেন না ।",product_quality_negative,Negative,Product Quality,"{""Product Quality"": ""negative""}"
54832838396758,"ওভার অল প্রাইস হিসেবে।  সাউন্ড কোয়ালিটি চার্জ সবকিছু ঠিক আছে।
প্রোডাক্টটা ভালো। যেমন দেখাইছে তেমনি পাইছি।
সকল অনলাইন বিজনেসম্যান এমনই হওয়া উচিত।
কোন প্রবলেম পাইনি।",ওভার অল প্রাইস হিসেবে । সাউন্ড কোয়ালি টি চার্জ সবকিছু ঠিক আছে । প্রোডাক্ট টা ভালো । যেমন দেখাইছে তেমনি পাইছি । সকল অনলাইন বিজনেসম্যান এমনই হওয়া উচিত । কোন প্রবলেম পাইনি ।,price_positive#product_quality_positive,Positive,"Price, Product Quality","{""Price"": ""positive"", ""Product Quality"": ""positive""}"
53899422896758,"প্রোডাক্ট এর কোয়ালিটি দাম অনুযায়ী অনেক ভালো। একদিন ব্যবহার করে তারপরে রিভিউ দিচ্ছি। এই দামে আমার ইউজ করা সেরা এয়ারপড এটি। খুব দ্রুত ডেলিভারি পেয়েছি, সেলার এর ব্যবহার এবং রেসপন্স দুটোই খুব ভালো লেগেছে।","প্রোডাক্ট এর কোয়ালি টি দাম অনুযায়ী অনেক ভালো । একদিন ব্যবহার করে তারপরে রিভিউ দিচ্ছি । এই দামে আমার ইউজ করা সেরা এয়ারপড এটি । খুব দ্রুত ডেলিভারি পেয়েছি , সেলার এর ব্যবহার এবং রেসপন্স দুটোই খুব ভালো লেগেছে ।",seller_service_positive#delivery_positive#price_positive#product_quality_positive,Positive,"Delivery, Price, Product Quality, Seller Service","{""Seller Service"": ""positive"", ""Delivery"": ""positive"", ""Price"": ""positive"", ""Product Quality"": ""positive""}"
54195767996758,"আলহামদুলিল্লাহ  খুব ভালো একটা প্রোডাক্ট পেয়েছি। 
আপনারাও চাইলে নিতে পারেন।সাউন্ড কোয়ালিটি অনেক ভাল এবং   চার্জিং ব্যাকআপ অনেক ভালো দেই।",আলহামদুলিল্লাহ খুব ভালো একটা প্রোডাক্ট পেয়েছি । আপনারা ও চাইলে নিতে পারেন । সাউন্ড কোয়ালি টি অনেক ভাল এবং চার্জিং ব্যাকআপ অনেক ভালো দেই ।,product_quality_positive,Positive,Product Quality,"{""Product Quality"": ""positive""}"
54322971096758,প্রোডাক্ট ভালো পেয়েছি। মেড ইন দুবাই ই লিখা ছিল। সেলার খুব আন্তরিক ছিল। গতকাল অর্ডার করে আজকেই পেয়েছি।,প্রোডাক্ট ভালো পেয়েছি । মেড ইন দুবাই ই লিখা ছিল । সেলার খুব আন্তরিক ছিল । গতকাল অর্ডার করে আজকেই পেয়েছি ।,seller_service_positive#delivery_positive#product_quality_positive,Positive,"Delivery, Product Quality, Seller Service","{""Seller Service"": ""positive"", ""Delivery"": ""positive"", ""Product Quality"": ""positive""}"
54625460996758,"আলহামদুলিল্লাহ পণ্য হাতে পেয়েছি দেখে ভালোই মনে হয়েছে,,, বাকিটা ব্যবহার করার পর বলতে পারব,,,,ডেলিভারিম্যান অনেক ভালো ছিল,,,ধন্যবাদ দারাজ।","আলহামদুলিল্লাহ পণ্য হাতে পেয়েছি দেখে ভালোই মনে হয়েছে , বাকি টা ব্যবহার করার পর বলতে পারব , ডেলিভারিম্যান অনেক ভালো ছিল , ধন্যবাদ দারাজ ।",delivery_positive#product_quality_positive,Positive,"Delivery, Product Quality","{""Delivery"": ""positive"", ""Product Quality"": ""positive""}"
54068245196758,"অসাধারন প্রডাক্ট, ২ দিন ব্যাবহারের পরে রিভিউ দিচ্ছি 
একটানা তিন ঘন্টা মুভি দেখার পরে চার্জ ৩০% হয়েছে।

তবে হ্যা, কপি প্রডাক্ট, তাই ওয়্যারলেস চার্জিং ফিচার সাপোর্ট করে না।
তাছাড়া এই দামে আলহামদুলিল্লাহ।","অসাধারন প্রডাক্ট , ২ দিন ব্যাবহারের পরে রিভিউ দিচ্ছি একটানা তিন ঘন্টা মুভি দেখার পরে চার্জ ৩০ হয়েছে । তবে হ্যা , কপি প্রডাক্ট , তাই ওয়্যারলেস চার্জিং ফিচার সাপোর্ট করে না । তাছাড়া এই দামে আলহামদুলিল্লাহ ।",price_positive#product_quality_positive,Positive,"Price, Product Quality","{""Price"": ""positive"", ""Product Quality"": ""positive""}"
54324834396758,আলহামদুলিল্লাহ খুব । আমি দীর্ঘ 1 মাস পরে রিভিউ দিলাম।আগে ব্যবহার করলাম তারপর জানাইলাম। আপনারা চাইলে নিতে পারেন।ধন্যবাদ,আলহামদুলিল্লাহ খুব । আমি দীর্ঘ 1 মাস পরে রিভিউ দিলাম । আগে ব্যবহার করলাম তারপর জানাইলাম । আপনারা চাইলে নিতে পারেন । ধন্যবাদ,product_quality_positive,Positive,Product Quality,"{""Product Quality"": ""positive""}"
54503387196758,২ দিন ব্যবহার করে তারপর রিভিউ দিচ্ছি। হুম আসি আসল কথায় এই এয়ার বাটের দাম অনুযায়ী ভালো লেগেছে আমার কাছে। আপনারাও নিতে পারেন চক্ষু বন্ধ করে ✌️🙂,২ দিন ব্যবহার করে তারপর রিভিউ দিচ্ছি । হুম আসি আসল কথায় এই এয়ার বাটের দাম অনুযায়ী ভালো লেগেছে আমার কাছে । আপনারা ও নিতে পারেন চক্ষু বন্ধ করে,price_positive#product_quality_positive,Positive,"Price, Product Quality","{""Price"": ""positive"", ""Product Quality"": ""positive""}"
54596156796758,দ্বারাজ যে হেডফোন অর্ডার দিয়েছিলাম সেটি আমার কাছে পৌঁছে গেছে খুবই ভালো পূর্ণ ছিল আমি খুব স্বাচ্ছন্দা ব্যবহার করছি দারাজ কে  ধন্যবাদ,দ্বারাজ যে হেডফোন অর্ডার দিয়েছিলাম সে টি আমার কাছে পৌঁছে গেছে খুবই ভালো পূর্ণ ছিল আমি খুব স্বাচ্ছন্দা ব্যবহার করছি দারাজ কে ধন্যবাদ,product_quality_positive,Positive,Product Quality,"{""Product Quality"": ""positive""}"
54702023396758,"অসাধারণ একটি এয়ারবাড্স। আপনারা অনায়েসে এই এয়ারবাড্সটি কিনতে পারেন।

সাউন্ড কোয়ালিটি বেশ ভালো। এছাড়া চার্জিং ব্যাকআপ  ও ৪/৫/৬) ঘন্টার মতো পাবেন।

৫০০/৬০০ টাকাই এটি বেস্ট পন্য।

আপনারা নিতে পারেন ঠকবেন না।",অসাধারণ একটি এয়ারবাড্স । আপনারা অনায়েসে এই এয়ারবাড্স টি কিনতে পারেন । সাউন্ড কোয়ালি টি বেশ ভালো । এছাড়া চার্জিং ব্যাকআপ ও ৪ ৫ ৬ ঘন্টার মতো পাবেন । ৫০০ ৬০০ টাকাই এটি বেস্ট পন্য । আপনারা নিতে পারেন ঠকবেন না ।,price_positive#product_quality_positive,Positive,"Price, Product Quality","{""Price"": ""positive"", ""Product Quality"": ""positive""}"
54646217196758,আলহামদুলিল্লাহ প্রোডাক্টটি অনেক ভালো যা আশা করছিলাম তার চেয়ে অনেক ভালো ভালো প্রোডাক্টটা দেওয়ার জন্য সেলার কে ধন্যবাদ,আলহামদুলিল্লাহ প্রোডাক্ট টি অনেক ভালো যা আশা করছিলাম তার চেয়ে অনেক ভালো ভালো প্রোডাক্ট টা দেওয়ার জন্য সেলার কে ধন্যবাদ,product_quality_positive,Positive,Product Quality,"{""Product Quality"": ""positive""}"
54622395296758,আলহামদুলিল্লাহ প্রোডাক্টটি ভালো আছে। আমি যেমন আশা করেছি তেমনই পাইছি। এর সাউন্ড কোয়ালিটি ও ভালো আছে। সব মিলিয়ে আলহামদুলিল্লাহ এই টাকায় অনেক ভালো একটা প্রোডাক্ট।,আলহামদুলিল্লাহ প্রোডাক্ট টি ভালো আছে । আমি যেমন আশা করেছি তেমনই পাইছি । এর সাউন্ড কোয়ালি টি ও ভালো আছে । সব মিলিয়ে আলহামদুলিল্লাহ এই টাকায় অনেক ভালো একটা প্রোডাক্ট ।,price_positive#product_quality_positive,Positive,"Price, Product Quality","{""Price"": ""positive"", ""Product Quality"": ""positive""}"
54233647096758,ভালো  প্রডাক্ট। ভালো সাউন্ড কোয়ালিটি।ব্যাটারি বেকাপ ভালো। এক সাথে দুইটা কানেক্ট করতে পারছি না।এইটা কি সমাধান একটু যানাবেন।,ভালো প্রডাক্ট । ভালো সাউন্ড কোয়ালি টি । ব্যাটারি বেকাপ ভালো । এক সাথে দুই টা কানেক্ট করতে পারছি না । এই টা কি সমাধান একটু যানাবেন ।,product_quality_positive,Positive,Product Quality,"{""Product Quality"": ""positive""}"
54062388296758,হেডফোনটা অনেক ভালো। ৫০০ টাকার মধ্যে অনেক ভালো একটি প্রোডাক্ট। সাউন্ড কোয়ালিটি অনেক সুন্দর। প্যাকিংটা অনেক সুন্দর। সেলারের ব্যবহার অনেক সুন্দর।🥰,হেডফোন টা অনেক ভালো । ৫০০ টাকার মধ্যে অনেক ভালো একটি প্রোডাক্ট । সাউন্ড কোয়ালি টি অনেক সুন্দর । প্যাকিং টা অনেক সুন্দর । সেলারের ব্যবহার অনেক সুন্দর ।,seller_service_positive#packaging_positive#price_positive#product_quality_positive,Positive,"Packaging, Price, Product Quality, Seller Service","{""Seller Service"": ""positive"", ""Packaging"": ""positive"", ""Price"": ""positive"", ""Product Quality"": ""positive""}"
54212166796758,"এটা আমার কলিগের জন্য নিয়েছিলাম, তারা ফিডব্যাক দেওয়ার পর আমি ফিডব্যাক দিচ্ছি। দাম হিসেবে অনেক ভালো কোয়ালিটি। আপনারা নিতে পারেন।","এটা আমার কলিগের জন্য নিয়েছিলাম , তারা ফিডব্যাক দেওয়ার পর আমি ফিডব্যাক দিচ্ছি । দাম হিসেবে অনেক ভালো কোয়ালি টি । আপনারা নিতে পারেন ।",price_positive#product_quality_positive,Positive,"Price, Product Quality","{""Price"": ""positive"", ""Product Quality"": ""positive""}"
54552142896758,আলহামদুলিল্লাহ। কাল রাতে অর্ডার করেছিলাম।আজ দুপুরের মধ্যে হাতে পেয়েছি। যেটা অবিশ্বাস্য ছিলো। এয়ারপডটি অত্যন্ত সুন্দর এবং যেমন দেখেচগিলাম তেমনি পেয়েছি। সাউন্ড আলহামদুলিল্লাহ ঠিক ছিলো। ৫০০ টাকার মধ্যে ভালো একটি জিনিস। চাইলে নিতে পারেন,আলহামদুলিল্লাহ । কাল রাতে অর্ডার করেছিলাম । আজ দুপুরের মধ্যে হাতে পেয়েছি । যে টা অবিশ্বাস্য ছিলো । এয়ারপড টি অত্যন্ত সুন্দর এবং যেমন দেখেচগিলাম তেমনি পেয়েছি । সাউন্ড আলহামদুলিল্লাহ ঠিক ছিলো । ৫০০ টাকার মধ্যে ভালো একটি জিনিস । চাইলে নিতে পারেন,delivery_positive#price_positive#product_quality_positive,Positive,"Delivery, Price, Product Quality","{""Delivery"": ""positive"", ""Price"": ""positive"", ""Product Quality"": ""positive""}"
55073941896758,"প্রোডাক্টটি অনেক ভালো ছিল ৷
প্যাকেজিং টাও সুন্দর ছিল ৷
সেলারও অনেক ভালো ৷
সব সময় মেসেজের রিপ্লাই দিয়েছেন ৷
সবাই নিঃসন্দেহে নিতে পারেন ৷",প্রোডাক্ট টি অনেক ভালো ছিল ৷ প্যাকেজিং টা ও সুন্দর ছিল ৷ সেলার ও অনেক ভালো ৷ সব সময় মেসেজের রিপ্লাই দিয়েছেন ৷ সবাই নিঃসন্দেহে নিতে পারেন ৷,seller_service_positive#packaging_positive#product_quality_positive,Positive,"Packaging, Product Quality, Seller Service","{""Seller Service"": ""positive"", ""Packaging"": ""positive"", ""Product Quality"": ""positive""}"
54691952196758,আমি একটা ব্লুটুথ নিয়েছি উনাদের কাছ থেকে ব্লুটুথ সাউন্ডটা ঠিক  আছে এককথায় অনেক ভালো ব্লুটুথ টি,আমি একটা ব্লুটুথ নিয়েছি উনাদের কাছ থেকে ব্লুটুথ সাউন্ড টা ঠিক আছে এককথায় অনেক ভালো ব্লুটুথ টি,product_quality_positive,Positive,Product Quality,"{""Product Quality"": ""positive""}"
54878782196758,প্রডাক্ট অনেক ভালো।   রেসপন্স অনেক ফাস্ট।  সাউন্ড কোয়ালিটি অনেক সুন্দর।  বিশ্বাস করে নিতে পারেন।,প্রডাক্ট অনেক ভালো । রেসপন্স অনেক ফাস্ট । সাউন্ড কোয়ালি টি অনেক সুন্দর । বিশ্বাস করে নিতে পারেন ।,seller_service_positive#product_quality_positive,Positive,"Product Quality, Seller Service","{""Seller Service"": ""positive"", ""Product Quality"": ""positive""}"
54985115596758,প্রোডাক্ট কোয়ালিটি দাম অনুযায়ী স্বাভাবিক ছিলো। সাউন্ড ও পারফেক্ট। প্রিমিয়াম ফিল আছে। রিকমন্ডেড।,প্রোডাক্ট কোয়ালি টি দাম অনুযায়ী স্বাভাবিক ছিলো । সাউন্ড ও পারফেক্ট । প্রিমিয়াম ফিল আছে । রিকমন্ডেড ।,price_neutral#product_quality_neutral,Neutral,"Price, Product Quality","{""Price"": ""neutral"", ""Product Quality"": ""neutral""}"
53433825696758,অনেক সুন্দর হয়েছে। চার্জ ব্যাকআপ ভালো দেয় স্টাইলিশ  আশা করি আবার অর্ডার দিলে ভালো তাই পাবো।,অনেক সুন্দর হয়েছে । চার্জ ব্যাকআপ ভালো দেয় স্টাইলিশ আশা করি আবার অর্ডার দিলে ভালো তাই পাবো ।,product_quality_positive,Positive,Product Quality,"{""Product Quality"": ""positive""}"
55079484396758,সাত দিন ব্যবহার করে দেখি জিনিসটা তবে ব্যবহার করে মনে হচ্ছে ভালো আশা করি জিনিসটা ভালই থাকবে,সাত দিন ব্যবহার করে দেখি জিনিস টা তবে ব্যবহার করে মনে হচ্ছে ভালো আশা করি জিনিস টা ভালই থাকবে,product_quality_positive,Positive,Product Quality,"{""Product Quality"": ""positive""}"
54160078496758,"আলহামদুলিল্লাহ পোডাক টা জেরকোম দেখসিলাম ঠিক তেমটাই 
পেয়েছি  খুব সুন্দড় ভালো লাগলো, 😍🥰❣️","আলহামদুলিল্লাহ পোডাক টা জেরকোম দেখসিলাম ঠিক তেমটাই পেয়েছি খুব সুন্দড় ভালো লাগলো ,",product_quality_positive,Positive,Product Quality,"{""Product Quality"": ""positive""}"
54668772196758,"কোয়ালিটি একদম টপ ক্লাস।।নিশ্চিন্তে নিতে পারেন, যে কেউ দেখলে বলবে এটা অরিজিনাল","কোয়ালি টি একদম টপ ক্লাস । । নিশ্চিন্তে নিতে পারেন , যে কেউ দেখলে বলবে এটা অরিজিনাল",product_quality_positive,Positive,Product Quality,"{""Product Quality"": ""positive""}"
54125667996758,প্রডাক্ট হাতে পেয়েছি প্রোডাক্টটা অনেক ভালো সাউন্ড বিট গোলা অনেক ভালো কাজ করে।,প্রডাক্ট হাতে পেয়েছি প্রোডাক্ট টা অনেক ভালো সাউন্ড বিট গোলা অনেক ভালো কাজ করে ।,product_quality_positive,Positive,Product Quality,"{""Product Quality"": ""positive""}"
54058894596758,অনেক সুন্দর জিনিস পাইছি দারাজ ও সেলার কে ধন্যবাদ😊💛 আআপনারা চাইলে নিতে পারেন,অনেক সুন্দর জিনিস পাইছি দারাজ ও সেলার কে ধন্যবাদ আআপনারা চাইলে নিতে পারেন,product_quality_positive,Positive,Product Quality,"{""Product Quality"": ""positive""}"
54566855796758,"সাউন্ড কোয়ালিটি অনেক ভাল, যে রকম আশা করেছিলাম তার চেয়ে ভাল,আলহামদুলিল্লাহ।","সাউন্ড কোয়ালি টি অনেক ভাল , যে রকম আশা করেছিলাম তার চেয়ে ভাল , আলহামদুলিল্লাহ ।",product_quality_positive,Positive,Product Quality,"{""Product Quality"": ""positive""}"
55096162096758,"অনেক ভালো একটা প্রডাক্ট সাউন্ড কোয়ালিটি ও অনেক ভালো 
চার্জ ২/৩ দিন জাই",অনেক ভালো একটা প্রডাক্ট সাউন্ড কোয়ালি টি ও অনেক ভালো চার্জ ২ ৩ দিন জাই,product_quality_positive,Positive,Product Quality,"{""Product Quality"": ""positive""}"
54965963296758,"আলহামদুলিল্লাহ অনেক সুন্দর জিনিস পাইছি 
ভাবতে পারিনি এত কমে ভাল জিনিস",আলহামদুলিল্লাহ অনেক সুন্দর জিনিস পাইছি ভাবতে পারিনি এত কমে ভাল জিনিস,price_positive#product_quality_positive,Positive,"Price, Product Quality","{""Price"": ""positive"", ""Product Quality"": ""positive""}"
54124541196758,ভালো লাগেনি। সামান্য নড়াচড়াতেই ডিসকানেকটেড  হয়ে যায়।সাউণ্ড ক্লিয়ার না।,ভালো লাগেনি । সামান্য নড়াচড়াতেই ডিসকানেকটেড হয়ে যায় । সাউণ্ড ক্লিয়ার না ।,product_quality_negative,Negative,Product Quality,"{""Product Quality"": ""negative""}"
53951494496758,প্রোডাক্ট ভালো ছিল আর সেলারের ব্যবহারও ভালো ছিল। ১দিনে হাতে পেয়েছি।,প্রোডাক্ট ভালো ছিল আর সেলারের ব্যবহার ও ভালো ছিল । ১দিনে হাতে পেয়েছি ।,seller_service_positive#delivery_positive#product_quality_positive,Positive,"Delivery, Product Quality, Seller Service","{""Seller Service"": ""positive"", ""Delivery"": ""positive"", ""Product Quality"": ""positive""}"
54005237496758,দাম অনুযায়ী ঠিক আছে। ব্লাক কালার নিয়েছি  ভাউচার সহ দাম পরছে ৫৬৯ টাকা,দাম অনুযায়ী ঠিক আছে । ব্লাক কালার নিয়েছি ভাউচার সহ দাম পরছে ৫৬৯ টাকা,price_positive#product_quality_positive,Positive,"Price, Product Quality","{""Price"": ""positive"", ""Product Quality"": ""positive""}"
54660399496758,"সেলারের  ব্যবহার খুব ভালো ছিল, এবং হেডফোনের কলেটিও খুব ভালো লেগেছে","সেলারের ব্যবহার খুব ভালো ছিল , এবং হেডফোনের কলেটি ও খুব ভালো লেগেছে",seller_service_positive#price_positive#product_quality_positive,Positive,"Price, Product Quality, Seller Service","{""Seller Service"": ""positive"", ""Price"": ""positive"", ""Product Quality"": ""positive""}"
54688120996758,"৪৭৫ টাকা দিয়ে কিনলাম দাম অনুযায়ী অনেক ভালো 
এবং কোয়ালেটিও ভালো 💗",৪৭৫ টাকা দিয়ে কিনলাম দাম অনুযায়ী অনেক ভালো এবং কোয়ালেটি ও ভালো,price_positive#product_quality_positive,Positive,"Price, Product Quality","{""Price"": ""positive"", ""Product Quality"": ""positive""}"
54691595296758,দাম হিসাবে বেশ ভালো মনে হচ্ছে। প্রথম দিন ব্যবহার করে ভালো লাগছে।,দাম হিসাবে বেশ ভালো মনে হচ্ছে । প্রথম দিন ব্যবহার করে ভালো লাগছে ।,price_positive#product_quality_positive,Positive,"Price, Product Quality","{""Price"": ""positive"", ""Product Quality"": ""positive""}"
54365560096758,অল্প টাকায় একটি ভালো মানের প্রোডাক্ট সাউন্ড কোয়ালিটি অনেক ভালো,অল্প টাকায় একটি ভালো মানের প্রোডাক্ট সাউন্ড কোয়ালি টি অনেক ভালো,price_positive#product_quality_positive,Positive,"Price, Product Quality","{""Price"": ""positive"", ""Product Quality"": ""positive""}"
53930688696758,আলহামদুলিল্লাহ আপনাদের প্রোডাক্ট অনেক ভালো ইউজ করে ভালো লাগতেছে,আলহামদুলিল্লাহ আপনাদের প্রোডাক্ট অনেক ভালো ইউজ করে ভালো লাগতেছে,product_quality_positive,Positive,Product Quality,"{""Product Quality"": ""positive""}"
54028766096758,কম দামে ওনেক ভালো একটা জিনিস আলহামদুলিল্লাহ আপনারা ও নিতে পারেন,কম দামে ওনেক ভালো একটা জিনিস আলহামদুলিল্লাহ আপনারা ও নিতে পারেন,price_positive#product_quality_positive,Positive,"Price, Product Quality","{""Price"": ""positive"", ""Product Quality"": ""positive""}"
54194455496758,খুব ভালো সাউন্ড। আমার খুব পছন্দ হয়েছে।  যে কেউ নিতে পারেন।,খুব ভালো সাউন্ড । আমার খুব পছন্দ হয়েছে । যে কেউ নিতে পারেন ।,product_quality_positive,Positive,Product Quality,"{""Product Quality"": ""positive""}"
54353793896758,অল্প টাকায় অনেক ভালো পণ্য। ডেলিভারিও অনেক দ্রুত পেয়েছি।,অল্প টাকায় অনেক ভালো পণ্য । ডেলিভারি ও অনেক দ্রুত পেয়েছি ।,delivery_positive#price_positive#product_quality_positive,Positive,"Delivery, Price, Product Quality","{""Delivery"": ""positive"", ""Price"": ""positive"", ""Product Quality"": ""positive""}"
54908320496758,আলহামদুলিল্লাহ ব্লুটুটা অনেক ভালো আপনার সবাই নিতে পারেন,আলহামদুলিল্লাহ ব্লুটু টা অনেক ভালো আপনার সবাই নিতে পারেন,product_quality_positive,Positive,Product Quality,"{""Product Quality"": ""positive""}"
54627079196758,অনেক ভালো হেড ফোন টা।আমি কেনার ৭ দিন পর রিভিউ দিচ্ছি।,অনেক ভালো হেড ফোন টা । আমি কেনার ৭ দিন পর রিভিউ দিচ্ছি ।,product_quality_positive,Positive,Product Quality,"{""Product Quality"": ""positive""}"
54861280696758,প্রোডাক্ট টা ভালো ৫০০ টাকার ভিতরে ভালো একটি প্রোডাক্ট,প্রোডাক্ট টা ভালো ৫০০ টাকার ভিতরে ভালো একটি প্রোডাক্ট,price_positive#product_quality_positive,Positive,"Price, Product Quality","{""Price"": ""positive"", ""Product Quality"": ""positive""}"
54599777396758,আলহামদুলিল্লাহ ভালো ছিল ও আপনারা চাইলে নিতে পারেন,আলহামদুলিল্লাহ ভালো ছিল ও আপনারা চাইলে নিতে পারেন,product_quality_positive,Positive,Product Quality,"{""Product Quality"": ""positive""}"
54589088096758,প্রোডাক্টটা অনেক ভালো প্রাইস অনুযায়ী সব ঠিক আছে,প্রোডাক্ট টা অনেক ভালো প্রাইস অনুযায়ী সব ঠিক আছে,price_positive#product_quality_positive,Positive,"Price, Product Quality","{""Price"": ""positive"", ""Product Quality"": ""positive""}"
54171646996758,খুব ভালো একটা প্রোডাক্ট। আমার কাছে ভালো লেগেছে,খুব ভালো একটা প্রোডাক্ট । আমার কাছে ভালো লেগেছে,product_quality_positive,Positive,Product Quality,"{""Product Quality"": ""positive""}"
54421888096758,ওয়ারলেস টি অনেক ভালো চাইলে আপনারা নিতে পারেন,ওয়ারলেস টি অনেক ভালো চাইলে আপনারা নিতে পারেন,product_quality_positive,Positive,Product Quality,"{""Product Quality"": ""positive""}"
53702327396758,অনেক ভালো প্রডাক্ট আপনার চাইলে নিতে পারেন,অনেক ভালো প্রডাক্ট আপনার চাইলে নিতে পারেন,product_quality_positive,Positive,Product Quality,"{""Product Quality"": ""positive""}"
53609098996758,অনেক ভালো একটি প্রডাক্ট।সবাই নিতে পারেন।,অনেক ভালো একটি প্রডাক্ট । সবাই নিতে পারেন ।,product_quality_positive,Positive,Product Quality,"{""Product Quality"": ""positive""}"
55041361096758,আলহামদুলিল্লাহ খুব ভালো একটা জিনিস আগুন,আলহামদুলিল্লাহ খুব ভালো একটা জিনিস আগুন,product_quality_positive,Positive,Product Quality,"{""Product Quality"": ""positive""}"
54685749196758,৫০০ টাকা অনুযায়ী ভালো। সবাই নিতে পারেন,৫০০ টাকা অনুযায়ী ভালো । সবাই নিতে পারেন,price_positive#product_quality_positive,Positive,"Price, Product Quality","{""Price"": ""positive"", ""Product Quality"": ""positive""}"
54645825796758,আলহামদুলিল্লাহ্ সব কিছু ঠিক মতো পেয়েছি।,আলহামদুলিল্লাহ্ সব কিছু ঠিক মতো পেয়েছি ।,product_quality_positive,Positive,Product Quality,"{""Product Quality"": ""positive""}"
54391970096758,ওভারঅল দাম হিসেবে প্রোডাক্টস ঠিক আছে,ওভারঅল দাম হিসেবে প্রোডাক্টস ঠিক আছে,price_positive#product_quality_positive,Positive,"Price, Product Quality","{""Price"": ""positive"", ""Product Quality"": ""positive""}"
53952332996758,"খুবি ভালো জিনিস টা 😊
ধন্যবাদ  😊😊",খুবি ভালো জিনিস টা ধন্যবাদ,product_quality_positive,Positive,Product Quality,"{""Product Quality"": ""positive""}"
54958502996758,"এক কথায় অসাধারণ 
আর কিছু বলার নাই",এক কথায় অসাধারণ আর কিছু বলার নাই,product_quality_positive,Positive,Product Quality,"{""Product Quality"": ""positive""}"
54130496996758,যেমন টা চেয়েছি তেমন্টা পেয়েছি,যেমন টা চেয়েছি তেমন্ টা পেয়েছি,product_quality_positive,Positive,Product Quality,"{""Product Quality"": ""positive""}"
54290055596758,জিনিস টা অনেক ভালো নিতে পারেন,জিনিস টা অনেক ভালো নিতে পারেন,product_quality_positive,Positive,Product Quality,"{""Product Quality"": ""positive""}"
54238471796758,এয়ারপটটি দাম অনুযায়ী ঠিক আছে,এয়ারপট টি দাম অনুযায়ী ঠিক আছে,price_neutral#product_quality_neutral,Neutral,"Price, Product Quality","{""Price"": ""neutral"", ""Product Quality"": ""neutral""}"
52470575096758,সবাই নিতে পারেন। অনেক সুন্দর একটি এয়ারবার্ড,সবাই নিতে পারেন । অনেক সুন্দর একটি এয়ারবার্ড,product_quality_positive,Positive,Product Quality,"{""Product Quality"": ""positive""}"
47542455577231,"অল্প টাকায় ভালো প্রোডাক্ট দেয়ার জন্য সেলার কে অসংখ্য অসংখ্য ধন্যবাদ । ডেলিভারি ফাস্ট ছিল অর্ডার করার তিন দিন পরে পন্য হাতে পেয়েছি। চার্জিং ব্যাকআপ টাইম ভালো একবার চার্জ করলে ৩ ঘন্টা চলে বক্সে একবার চার্জ করলে ডিভাইসে ৪ থেকে ৫ বার চার্জ করা যায়, সাউন্ড কোয়ালিটি ভালো আপনারা চাইলে নিতে পারেন । পণ্যের গুণগতমান থেকে ১০ এ ১০ দিলাম ।","অল্প টাকায় ভালো প্রোডাক্ট দেয়ার জন্য সেলার কে অসংখ্য অসংখ্য ধন্যবাদ । ডেলিভারি ফাস্ট ছিল অর্ডার করার তিন দিন পরে পন্য হাতে পেয়েছি । চার্জিং ব্যাকআপ টাইম ভালো একবার চার্জ করলে ৩ ঘন্টা চলে বক্সে একবার চার্জ করলে ডিভাইসে ৪ থেকে ৫ বার চার্জ করা যায় , সাউন্ড কোয়ালি টি ভালো আপনারা চাইলে নিতে পারেন । পণ্যের গুণগতমান থেকে ১০ এ ১০ দিলাম ।",delivery_positive#price_positive#product_quality_positive,Positive,"Delivery, Price, Product Quality","{""Delivery"": ""positive"", ""Price"": ""positive"", ""Product Quality"": ""positive""}"
48108084277231,মাশাল্লাহ অনেক সুন্দর প্রোডাক্ট সবাই নিতে পারেন,মাশাল্লাহ অনেক সুন্দর প্রোডাক্ট সবাই নিতে পারেন,product_quality_positive,Positive,Product Quality,"{""Product Quality"": ""positive""}"
47150848477231,আলহামদুলিল্লাহ প্রোডাক্ট সবকিছুই ঠিকঠাক ছিল। কিন্তু সাইজটা প্রত্যাশার চেয়ে বড় হয়েছিল। যাতে ক্যারি করতে একটু ঝামেলা হয়। নিতে পারেন। বাকি সব কিছু ঠিকঠাক ছিল।,আলহামদুলিল্লাহ প্রোডাক্ট সবকিছুই ঠিকঠাক ছিল । কিন্তু সাইজ টা প্রত্যাশার চেয়ে বড় হয়েছিল । যাতে ক্যারি করতে একটু ঝামেলা হয় । নিতে পারেন । বাকি সব কিছু ঠিকঠাক ছিল ।,product_quality_positive,Positive,Product Quality,"{""Product Quality"": ""positive""}"
46385591977231,প্রোডাক্টটি আসলে অনেক সুন্দর এবং অনেক ভালো ডেলিভারি ম্যান এর ব্যবহার অনেক ভালো আপনারা যারা নিতে চান সবাই নিতে পারেন সমস্যা নেই চার্জিং  সার্ভিস খুব ভালো ও সাউন্ড কোয়ালিটি ভালো ধন্যবাদ দারাজ কে এত কম টাকায় এত সুন্দর একটা প্রোডাক্টস দেওয়ার জন্য ❤️,প্রোডাক্ট টি আসলে অনেক সুন্দর এবং অনেক ভালো ডেলিভারি ম্যান এর ব্যবহার অনেক ভালো আপনারা যারা নিতে চান সবাই নিতে পারেন সমস্যা নেই চার্জিং সার্ভিস খুব ভালো ও সাউন্ড কোয়ালি টি ভালো ধন্যবাদ দারাজ কে এত কম টাকায় এত সুন্দর একটা প্রোডাক্টস দেওয়ার জন্য,delivery_positive#price_positive#product_quality_positive,Positive,"Delivery, Price, Product Quality","{""Delivery"": ""positive"", ""Price"": ""positive"", ""Product Quality"": ""positive""}"
45892523077231,আলহামদুলিল্লাহ অস্থির একটা প্রোডাক্ট। সাউন্ড কোয়ালিটি এমআইসি কোয়ালিটি অস্থির। প্রথম যখন হাতে পাই তখন বক্সে এক পার্সেন্ট চার্জ ছিল না আমি তো ভয় পেয়ে গেছিলাম ডিভাইসটি অন হচ্ছিল না। তারপরে চার্জে দিলাম। ১০০% চার্জ হওয়ার পরে ইয়ার বার্ড দুটি চালালাম। প্রায় ফুল সাউন্ড আড়াই ঘন্টা। তারপর দুটিই চার্চ শেষ হলে দুটিকে চার্জে দিলাম। এয়ার বক্সে চার্জে ৯২% এ এসে দুটি ফুল চার্জ হয়ে গেল।  এতে বোঝা গেল প্রায় দশবারের মতো চার্জ দেওয়া যাবে। চোখ বন্ধ করে নিতে পারেন। সবচেয়ে বড় কথা টাইপ সি পোর্ট।,আলহামদুলিল্লাহ অস্থির একটা প্রোডাক্ট । সাউন্ড কোয়ালি টি এমআইসি কোয়ালি টি অস্থির । প্রথম যখন হাতে পাই তখন বক্সে এক পার্সেন্ট চার্জ ছিল না আমি তো ভয় পেয়ে গেছিলাম ডিভাইস টি অন হচ্ছিল না । তারপরে চার্জে দিলাম । ১০০ চার্জ হওয়ার পরে ইয়ার বার্ড দু টি চালালাম । প্রায় ফুল সাউন্ড আড়াই ঘন্টা । তারপর দুটিই চার্চ শেষ হলে দুটিকে চার্জে দিলাম । এয়ার বক্সে চার্জে ৯২ এ এসে দু টি ফুল চার্জ হয়ে গেল । এতে বোঝা গেল প্রায় দশবারের মতো চার্জ দেওয়া যাবে । চোখ বন্ধ করে নিতে পারেন । সবচেয়ে বড় কথা টাইপ সি পোর্ট ।,product_quality_positive,Positive,Product Quality,"{""Product Quality"": ""positive""}"
46155809577231,এক কথায় অসাধারণ। খুব ভালো একটি প্রোডাক্ট।সেলার কে ধন্যবাদ এত সুন্দর একটি প্রোডাক্ট দেওয়ার জন্য।,এক কথায় অসাধারণ । খুব ভালো একটি প্রোডাক্ট । সেলার কে ধন্যবাদ এত সুন্দর একটি প্রোডাক্ট দেওয়ার জন্য ।,product_quality_positive,Positive,Product Quality,"{""Product Quality"": ""positive""}"
45623603977231,"✍️ আমি গতকাল কিনলাম। প্রোডাক্ট ভালো পাইছি। আর সেলার ভাই খুব ভালো। ১ দিন ব্যবহার পর বুঝলাম,,সাউন্ড মোটামুটি আর চার্জ ২ থেকে ২:৩০ ঘন্টা(২টা একসাথে)  আমি পাইছি এই টাকার মধ্যে। আমি ৪২৯/- টাকা দিয়ে নিয়েছি। 

🥴 সমস্যা হলো আমার কানের সাথে এডজাস্ট হয় না,,কেমন যেন কান থেকে খুলে পড়ে যাবার ভই। 

💐 নেকব্যান্ড ব্যবহার করি সেটা ঠিকঠাক। কিন্ত আমি এই প্রোডাক্ট টি আগে ব্যবহার করিনি। কম দামে কিনে দেখলাম কেমন হয়।

🕛চার্জে-১০/৯  আর সাউন্ড -১০/৯ প্রোডাক্ট -১০/৯","আমি গতকাল কিনলাম । প্রোডাক্ট ভালো পাইছি । আর সেলার ভাই খুব ভালো । ১ দিন ব্যবহার পর বুঝলাম , , সাউন্ড মোটামুটি আর চার্জ ২ থেকে ২ ৩০ ঘন্টা ২টা একসাথে আমি পাইছি এই টাকার মধ্যে । আমি ৪২৯ - টাকা দিয়ে নিয়েছি । সমস্যা হলো আমার কানের সাথে এডজাস্ট হয় না , , কেমন যেন কান থেকে খুলে পড়ে যাবার ভই । নেকব্যান্ড ব্যবহার করি সে টা ঠিকঠাক । কিন্ত আমি এই প্রোডাক্ট টি আগে ব্যবহার করিনি । কম দামে কিনে দেখলাম কেমন হয় । চার্জে-১০ ৯ আর সাউন্ড -১০ ৯ প্রোডাক্ট -১০ ৯",seller_service_positive#price_positive#product_quality_positive,Positive,"Price, Product Quality, Seller Service","{""Seller Service"": ""positive"", ""Price"": ""positive"", ""Product Quality"": ""positive""}"
47682616777231,অসাধারণ একটা প্রোডাক্ট সাউন্ড কোয়ালিটি অসাধারণ,অসাধারণ একটা প্রোডাক্ট সাউন্ড কোয়ালি টি অসাধারণ,product_quality_positive,Positive,Product Quality,"{""Product Quality"": ""positive""}"
45138111777231,"আমি ২টা ইয়ারবাডস অর্ডার করে ১টি পেয়েছিলাম।
পরে আরেকটি পাঠিয়ে দিয়েছে। সেলার খুবই ভালো। 
তাদের সার্ভিস অনেক ভালো। অনেক ধন্যবাদ সেলারকে।",আমি ২টা ইয়ারবাডস অর্ডার করে ১টি পেয়েছিলাম । পরে আরেক টি পাঠিয়ে দিয়েছে । সেলার খুবই ভালো । তাদের সার্ভিস অনেক ভালো । অনেক ধন্যবাদ সেলারকে ।,seller_service_positive,Positive,Seller Service,"{""Seller Service"": ""positive""}"
45785821277231,এটা আমার সুন্দর অভিজ্ঞতার একটা।ইলেকট্রনিক জিনিস সমস্যা হতেই পারে।কিন্তু সেলার ভাইয়ের ব্যবহার ভীষন আন্তরিক।আমার কমপ্লেইন দেওয়ার পরেই তারা আমার প্রোডাক্টটা পরিবর্তন করে দিলো।এমনকি পৌছানো পর্যন্ত এবং পরেও ফোন করে জেনে নিলো প্রোডাক্ট ঠিক আছে কিনা।সেলার এবং ডেলিভারি দুইটা নিয়েই সন্তুষ্ট।আপনারা চাইলেও নিতে পারেন।,এটা আমার সুন্দর অভিজ্ঞতার একটা । ইলেকট্রনিক জিনিস সমস্যা হতেই পারে । কিন্তু সেলার ভাইয়ের ব্যবহার ভীষন আন্তরিক । আমার কমপ্লেইন দেওয়ার পরেই তারা আমার প্রোডাক্ট টা পরিবর্তন করে দিলো । এমনকি পৌছানো পর্যন্ত এবং পরে ও ফোন করে জেনে নিলো প্রোডাক্ট ঠিক আছে কিনা । সেলার এবং ডেলিভারি দুই টা নিয়েই সন্তুষ্ট । আপনারা চাইলে ও নিতে পারেন ।,seller_service_positive#delivery_positive,Positive,"Delivery, Seller Service","{""Seller Service"": ""positive"", ""Delivery"": ""positive""}"
44829892277231,"অর্ডার দেয়ার ৯ দিন পরে প্রোডাক্ট টি
হাতে পেলাম ।

প্রোডাক্ট টি  খারাপ না ভালই আপনারাও নিতে পারেন😊",অর্ডার দেয়ার ৯ দিন পরে প্রোডাক্ট টি হাতে পেলাম । প্রোডাক্ট টি খারাপ না ভালই আপনারা ও নিতে পারেন,delivery_negative#product_quality_positive,Neutral,"Delivery, Product Quality","{""Delivery"": ""negative"", ""Product Quality"": ""positive""}"
45611833877231,"আলহামদুলিল্লাহ 🥰 খুব ভালো প্রডাক্ট, সাউন্ড সিস্টেম একেবারে মনের মতো❤️ যেমন আশা করেছিলাম ঠিক তেমনি পেলাম 🤩🤗🎁সেলাররা খুবই ভালো 💝 আপনারাও চাইলে নিতে পারেন 😊","আলহামদুলিল্লাহ খুব ভালো প্রডাক্ট , সাউন্ড সিস্টেম একেবারে মনের মতো যেমন আশা করেছিলাম ঠিক তেমনি পেলাম সেলাররা খুবই ভালো আপনারা ও চাইলে নিতে পারেন",seller_service_positive#product_quality_positive,Positive,"Product Quality, Seller Service","{""Seller Service"": ""positive"", ""Product Quality"": ""positive""}"
49720139177231,"অসাধারণ কয়েক দিন ব্যবহার করে রিভিউ দিলাম, দুটি এক সাথে চালালে ২-৩ ঘন্টা চলে আর একটি করে চালালে সারা রাত চালাতে পরবেন, ডেলিভারি ম্যান খুবই ভালো।","অসাধারণ কয়েক দিন ব্যবহার করে রিভিউ দিলাম , দু টি এক সাথে চালালে ২-৩ ঘন্টা চলে আর একটি করে চালালে সারা রাত চালাতে পরবেন , ডেলিভারি ম্যান খুবই ভালো ।",delivery_positive,Positive,Delivery,"{""Delivery"": ""positive""}"
45575034177231,"বাহ্ বাহ্। এতো দারুণ।  আমি কল্পনাও করতে পারি নাই। আমি প্রচুর পরিমাণে দ্বিধায় ছিলাম, কেমন হবে, ভালো হবে তো.? এসব ব্যপার নিয়ে। কিন্তু না। দারাজ এবং দোকান মালিক আমায় হতাশ করেনি। আমি দারুণ খুশি এইটা পেয়ে। এবং অসাধারণ সাউন্ড কোয়ালিটি।  অনেকে বলছে এই দামে সেরা, আমি বলি এতো ভালো জিনিস এতো কমে কিভাবে দিলো। এক কথায় অসাধারণ।।  সবাই কিনতে পারেন। চোখ বন্ধ করে। আমার মনে হয় দোকানদার এটা চেক করে দিয়েছে, যার কারনে কোনো সমস্যা হয়নি।🫶🌸","বাহ্ বাহ্ । এতো দারুণ । আমি কল্পনা ও করতে পারি নাই । আমি প্রচুর পরিমাণে দ্বিধায় ছিলাম , কেমন হবে , ভালো হবে তো. ? এসব ব্যপার নিয়ে । কিন্তু না । দারাজ এবং দোকান মালিক আমায় হতাশ করেনি । আমি দারুণ খুশি এই টা পেয়ে । এবং অসাধারণ সাউন্ড কোয়ালি টি । অনেকে বলছে এই দামে সেরা , আমি বলি এতো ভালো জিনিস এতো কমে কিভাবে দিলো । এক কথায় অসাধারণ । । সবাই কিনতে পারেন । চোখ বন্ধ করে । আমার মনে হয় দোকানদার এটা চেক করে দিয়েছে , যার কারনে কোনো সমস্যা হয়নি ।",price_positive#product_quality_positive,Positive,"Price, Product Quality","{""Price"": ""positive"", ""Product Quality"": ""positive""}"
44424983077231,অনেক ভালো জেরকমদেখেছিলাম তেমনি ই পেয়েছি সাউন কলিটি ওনেকভালো পাচ্ছি|ডেলিবারি এতোতারাতারি দিবে ভাবি ইনাই দন্নোবাত ছেলার ভাইকে🥰🥰🥰,অনেক ভালো জেরকমদেখেছিলাম তেমনি ই পেয়েছি সাউন কলি টি ওনেকভালো পাচ্ছি | ডেলিবারি এতোতারাতারি দিবে ভাবি ইনাই দন্নোবাত ছেলার ভাইকে,delivery_positive#product_quality_positive,Positive,"Delivery, Product Quality","{""Delivery"": ""positive"", ""Product Quality"": ""positive""}"
44536362177231,"এক কথায় অসাধারণ একটা টি ডাব্লিউ এস,,চার্জ ও,সাউন্ড কোযালিটি পারফেক্ট  মাত্র ৪ দিন হতে পেলাম সেলার ও ডেলিভারি ম্যান এর ব্যাবহার অনেক ভালো ছিলো সব থেকে বড় কথা ডেলিভারি ম্যান মিনিমাম ৩০ মিনিট অপেক্ষা করে সুন্দর ভাবে যত্ন সহকারে ডেলিভারি দিয়েছে প্যাকিং কোয়ালিটি অনেক সুন্দর ছিল চাইলে নিতে পারেন ধনবাদ ।","এক কথায় অসাধারণ একটা টি ডাব্লিউ এস , , চার্জ ও , সাউন্ড কোযালি টি পারফেক্ট মাত্র ৪ দিন হতে পেলাম সেলার ও ডেলিভারি ম্যান এর ব্যাবহার অনেক ভালো ছিলো সব থেকে বড় কথা ডেলিভারি ম্যান মিনিমাম ৩০ মিনিট অপেক্ষা করে সুন্দর ভাবে যত্ন সহকারে ডেলিভারি দিয়েছে প্যাকিং কোয়ালি টি অনেক সুন্দর ছিল চাইলে নিতে পারেন ধনবাদ ।",delivery_positive#packaging_positive#product_quality_positive,Positive,"Delivery, Packaging, Product Quality","{""Delivery"": ""positive"", ""Packaging"": ""positive"", ""Product Quality"": ""positive""}"
49023354477231,"আলহামদুলিল্লাহ, এরকম ডারাজ থেকে ভালো একটা জিনিস পাবো আমি নিজেও কলপনা করি নাই🤗
আমি ১মাস পর রিভিও দিচ্ছি,, একবার চার্জ দিলে ৪/৫মত চলে আপনারা চাইলে নিতে পারেন, অনেক অনেক ভালো।
তারাতারি অর্ডার করেন","আলহামদুলিল্লাহ , এরকম ডারাজ থেকে ভালো একটা জিনিস পাবো আমি নিজে ও কলপনা করি নাই আমি ১মাস পর রিভি ও দিচ্ছি , , একবার চার্জ দিলে ৪ ৫মত চলে আপনারা চাইলে নিতে পারেন , অনেক অনেক ভালো । তারাতারি অর্ডার করেন",product_quality_positive,Positive,Product Quality,"{""Product Quality"": ""positive""}"
44839466877231,"ভাই এতো ভালো জিনিস আগে কোথাও পাইনি আমি।
আলহামদুলিল্লাহ ভালো লেগেছে। মার্কেট এ দাম ছিলো ১২০০ টাকা, দারাজ থেকে কিনলাম ৫৬৪ টাকা দিয়ে।
ধন্যবাদ দারাজ।
কিন্তু ভাই ডেলিভারি সার্ভিস খুব খারাপ ১০/১১ দিন পর হাতে পেলাম। ছি ছি এটা ভাবা যায় দারাজ এখন ঈভালি। হয়ে গেছে।","ভাই এতো ভালো জিনিস আগে কোথা ও পাইনি আমি । আলহামদুলিল্লাহ ভালো লেগেছে । মার্কেট এ দাম ছিলো ১২০০ টাকা , দারাজ থেকে কিনলাম ৫৬৪ টাকা দিয়ে । ধন্যবাদ দারাজ । কিন্তু ভাই ডেলিভারি সার্ভিস খুব খারাপ ১০ ১১ দিন পর হাতে পেলাম । ছি ছি এটা ভাবা যায় দারাজ এখন ঈভালি । হয়ে গেছে ।",delivery_negative#product_quality_positive,Neutral,"Delivery, Product Quality","{""Delivery"": ""negative"", ""Product Quality"": ""positive""}"
44553885377231,"দাম অনুসারে ভালো আছে, সাউন্ড কোয়ালিটি ভালো যেকেউ চাইলে নিতে পারেন,সেলারকে ভাই কে ধন্যবাদ।","দাম অনুসারে ভালো আছে , সাউন্ড কোয়ালি টি ভালো যেকেউ চাইলে নিতে পারেন , সেলারকে ভাই কে ধন্যবাদ ।",price_positive#product_quality_positive,Positive,"Price, Product Quality","{""Price"": ""positive"", ""Product Quality"": ""positive""}"
45385079977231,"যেমন চেয়েছি তার থেকেও ভালো পেয়েছি   । সাউন্ড কোয়ালিটি ও খুব সুন্দর। চার্জ কোয়ালিটি ও  ভালো 
থ্যাংক ইউ দারাজ। থ্যাংক ইউ ডেলিভারি বয় উনার ব্যবহার খুবই ভালো ছিল",যেমন চেয়েছি তার থেকে ও ভালো পেয়েছি । সাউন্ড কোয়ালি টি ও খুব সুন্দর । চার্জ কোয়ালি টি ও ভালো থ্যাংক ইউ দারাজ । থ্যাংক ইউ ডেলিভারি বয় উনার ব্যবহার খুবই ভালো ছিল,delivery_positive#product_quality_positive,Positive,"Delivery, Product Quality","{""Delivery"": ""positive"", ""Product Quality"": ""positive""}"
44176735077231,যেমন পণ্য অর্ডার করেছিলাম আলহামদুলিল্লাহ তেমনটা পেয়েছি। এক মাস পর রিভিউ দিলাম। দারাজে এটাই আমার সর্বপ্রথম অর্ডার ❤️❤️,যেমন পণ্য অর্ডার করেছিলাম আলহামদুলিল্লাহ তেমন টা পেয়েছি । এক মাস পর রিভিউ দিলাম । দারাজে এটাই আমার সর্বপ্রথম অর্ডার,product_quality_positive,Positive,Product Quality,"{""Product Quality"": ""positive""}"
49534817877231,একদিনের মধ্যে প্রোডাক্ট ডেলিভারি দিয়ে গেছে। কিন্তু ডিসপ্লে লাইট নষ্ট। কেবল দিয়ে চার্জ দিলে তখন ডিসপ্লে জ্বলে। কেবল ছাড়া চার্জ দিলে ডিসপ্লে তখন অফ থাকে তখন আর লাইট আসে না। পাওয়ার ব্যাংকে যখন চার্জ দেওয়া হেডফোন ডিসপ্লে শো করে না।,একদিনের মধ্যে প্রোডাক্ট ডেলিভারি দিয়ে গেছে । কিন্তু ডিসপ্লে লাইট নষ্ট । কেবল দিয়ে চার্জ দিলে তখন ডিসপ্লে জ্বলে । কেবল ছাড়া চার্জ দিলে ডিসপ্লে তখন অফ থাকে তখন আর লাইট আসে না । পাওয়ার ব্যাংকে যখন চার্জ দেওয়া হেডফোন ডিসপ্লে শো করে না ।,delivery_positive#product_quality_negative,Neutral,"Delivery, Product Quality","{""Delivery"": ""positive"", ""Product Quality"": ""negative""}"
43996394777231,"পন্য তো ভালোই মনে হচ্ছে। ব্যবহার করতে করতে আরো ভালো বঝা সম্ভব। আপনারা চাইলে নিতে পারেন, আসা করি ঠকবেন না।কিন্তু আমার মতে সাউন্ড আরো বেশি হলে ভালো হতো!","পন্য তো ভালোই মনে হচ্ছে । ব্যবহার করতে করতে আরো ভালো বঝা সম্ভব । আপনারা চাইলে নিতে পারেন , আসা করি ঠকবেন না । কিন্তু আমার মতে সাউন্ড আরো বেশি হলে ভালো হতো !",product_quality_positive,Positive,Product Quality,"{""Product Quality"": ""positive""}"
44044817477231,ওসমানপুর ঘোড়াঘাট দিনাজপুর থেকে আমি এই পণ্যটি অর্ডার করেছিলাম আজকে পেলাম মাশাল্লাহ খুব ভালো আপনারা সবাই নিতে পারেন,ওসমানপুর ঘোড়াঘাট দিনাজপুর থেকে আমি এই পণ্য টি অর্ডার করেছিলাম আজকে পেলাম মাশাল্লাহ খুব ভালো আপনারা সবাই নিতে পারেন,product_quality_positive,Positive,Product Quality,"{""Product Quality"": ""positive""}"
49329614277231,"আমি মোহাম্মাদ সোহান আমি শারিয়ত পুর থেকে কিনছিলাম 
দাম হিসেবে প্রোডাক্ট অনেক ভালো সবাই নিঃসন্দেহে নিতে পারেন প্রোডাক্টটি অনেক ভালো এবং আমি ৮ দিনের মধ্যেই পেয়েছি ডেলিভারি ম্যান ভাইকে অনেক ধন্যবাদ",আমি মোহাম্মাদ সোহান আমি শারিয়ত পুর থেকে কিনছিলাম দাম হিসেবে প্রোডাক্ট অনেক ভালো সবাই নিঃসন্দেহে নিতে পারেন প্রোডাক্ট টি অনেক ভালো এবং আমি ৮ দিনের মধ্যেই পেয়েছি ডেলিভারি ম্যান ভাইকে অনেক ধন্যবাদ,delivery_negative#price_positive#product_quality_positive,Positive,"Delivery, Price, Product Quality","{""Delivery"": ""negative"", ""Price"": ""positive"", ""Product Quality"": ""positive""}"
43594064077231,"প্রোডাক্টটি আমি হাতে পাইছি ৬ দিন পর! দুইদিন ব্যবহার করলাম!
সাউন্ড কোয়ালিটি যথেষ্ট ভালো পেয়েছি! তবে বেজ তুলনামূলক কম পেয়েছি যা এই বাজেটে মানানসই আছে।
কানেক্টিং এবং পেইরিং নিয়ে কোনো সমস্যায় পড়তে হয়নি।
৪০০ টাকা বাজেটে এটি একদম ঠিকঠাকই আছে।
এবং এর ব্যাটারি ব্যাকআপ মোটামুটি সন্তুষ্ট করার মত দেখছি।
বাডস গুলো প্রতি চার্জে ২-৩ ঘন্টা চালানো যাচ্ছিলো তবে সাউন্ড কম করে শুনলে ৩ ঘন্টা + ব্যাকআপ পাওয়া যাচ্ছিলো।
এবং কেস এর ব্যাটারিও মোটামুটি ভালোই! একবার ফুল চার্জ দিয়ে বাডসগুলোকে ২ থেকে তিনবার চার্জ করা যায়।",প্রোডাক্ট টি আমি হাতে পাইছি ৬ দিন পর ! দুইদিন ব্যবহার করলাম ! সাউন্ড কোয়ালি টি যথেষ্ট ভালো পেয়েছি ! তবে বেজ তুলনামূলক কম পেয়েছি যা এই বাজেটে মানানসই আছে । কানেক্টিং এবং পেইরিং নিয়ে কোনো সমস্যায় পড়তে হয়নি । ৪০০ টাকা বাজেটে এটি একদম ঠিকঠাকই আছে । এবং এর ব্যাটারি ব্যাকআপ মোটামুটি সন্তুষ্ট করার মত দেখছি । বাডস গুলো প্রতি চার্জে ২-৩ ঘন্টা চালানো যাচ্ছিলো তবে সাউন্ড কম করে শুনলে ৩ ঘন্টা ব্যাকআপ পাওয়া যাচ্ছিলো । এবং কেস এর ব্যাটারি ও মোটামুটি ভালোই ! একবার ফুল চার্জ দিয়ে বাডসগুলোকে ২ থেকে তিনবার চার্জ করা যায় ।,delivery_negative#price_neutral#product_quality_neutral,Negative,"Delivery, Price, Product Quality","{""Delivery"": ""negative"", ""Price"": ""neutral"", ""Product Quality"": ""neutral""}"
43589488877231,"আলহামদুলিল্লাহ অনেক ভালো একটা প্রোডাক্ট, খুব তাড়াতাড়ি  ডেলিভারি পেয়েছি, প্যাকেজিং টা অনেক ভালো ছিল, ডেলিভারি বয় এর ব্যবহারটা অনেক ভাল ছিল, এটা সাউন্ড সিস্টেম টা অনেক অনেক ভালো, চার্জিং ব্যাকআপ গান শুনলে একটানা ৪-৫ ঘন্টা যায়। আপনার নিঃসন্দেহে এ প্রোডাক্ট নিতে পারেন।","আলহামদুলিল্লাহ অনেক ভালো একটা প্রোডাক্ট , খুব তাড়াতাড়ি ডেলিভারি পেয়েছি , প্যাকেজিং টা অনেক ভালো ছিল , ডেলিভারি বয় এর ব্যবহার টা অনেক ভাল ছিল , এটা সাউন্ড সিস্টেম টা অনেক অনেক ভালো , চার্জিং ব্যাকআপ গান শুনলে একটানা ৪-৫ ঘন্টা যায় । আপনার নিঃসন্দেহে এ প্রোডাক্ট নিতে পারেন ।",delivery_positive#packaging_positive#product_quality_positive,Positive,"Delivery, Packaging, Product Quality","{""Delivery"": ""positive"", ""Packaging"": ""positive"", ""Product Quality"": ""positive""}"
44958092277231,আলহামদুলিল্লাহ অনেক ধন্যবাদ দারাজ কে ভালো একটা হেডপোন দেওয়ার জন্য।,আলহামদুলিল্লাহ অনেক ধন্যবাদ দারাজ কে ভালো একটা হেডপোন দেওয়ার জন্য ।,product_quality_positive,Positive,Product Quality,"{""Product Quality"": ""positive""}"
44156586777231,"১১,১১ এর অফারে সব ডিসকাউন্ট মিলিয়ে ২৬০সামথিং খরচ পড়েছে এই দামের মধ্যে বেস্ট বলা যায় ১মাস ব্যাবহার করে রিভিউ দিচ্ছি খুবই অল্প সময়ে চার্জ হয়ে যায়। আমি ১ দিনে ৭/৮ঘন্টা ব্যাবহার করি ১ বার চার্জ দিয়েই ধন্যবাদ সেলার কে এবং দারাজ কে সুন্দর এই প্রোডাক্টির জন্য❤️","১১ , ১১ এর অফারে সব ডিসকাউন্ট মিলিয়ে ২৬০সামথিং খরচ পড়েছে এই দামের মধ্যে বেস্ট বলা যায় ১মাস ব্যাবহার করে রিভিউ দিচ্ছি খুবই অল্প সময়ে চার্জ হয়ে যায় । আমি ১ দিনে ৭ ৮ঘন্ টা ব্যাবহার করি ১ বার চার্জ দিয়েই ধন্যবাদ সেলার কে এবং দারাজ কে সুন্দর এই প্রোডাক্টির জন্য",price_positive#product_quality_positive,Positive,"Price, Product Quality","{""Price"": ""positive"", ""Product Quality"": ""positive""}"
43489917977231,ভালো প্রোডাক্ট। ব্যাটারি বেকআপ থেকে সাউন্ড কোয়ালিটি সব দিকেই ভালো পারফরম্যান্স।  ৭ দিন পর রিভিউ দিচ্ছি ব্যাবহারের পর। যেটা দেখানো হয়েছে ওইটাই দেয়া হয়েছে।,ভালো প্রোডাক্ট । ব্যাটারি বেকআপ থেকে সাউন্ড কোয়ালি টি সব দিকেই ভালো পারফরম্যান্স । ৭ দিন পর রিভিউ দিচ্ছি ব্যাবহারের পর । যে টা দেখানো হয়েছে ওইটাই দেয়া হয়েছে ।,product_quality_positive,Positive,Product Quality,"{""Product Quality"": ""positive""}"
43352044877231,"দাম অনুযায়ী প্রোডাক্ট এর মান খুবই ভাল ছিল। 
ডেলিভারি ও খুব অল্প সময় পেয়েছি। তবে চার্জ একবারে জিরো লেভেল ছিল চালু হচ্ছিল না। এখন কোন সমস্যা নাই আপনারা চাইলে নিতে পারেন।",দাম অনুযায়ী প্রোডাক্ট এর মান খুবই ভাল ছিল । ডেলিভারি ও খুব অল্প সময় পেয়েছি । তবে চার্জ একবারে জিরো লেভেল ছিল চালু হচ্ছিল না । এখন কোন সমস্যা নাই আপনারা চাইলে নিতে পারেন ।,delivery_positive#price_positive#product_quality_positive,Positive,"Delivery, Price, Product Quality","{""Delivery"": ""positive"", ""Price"": ""positive"", ""Product Quality"": ""positive""}"
43657144577231,"আলহামদুলিল্লাহ ভালো  যেমন টা চেয়ে ছিলাম তেমন টাই পেয়েছি 

ডেলিভারি ম্যান ভাইয়া টাও  ভালো ছিল",আলহামদুলিল্লাহ ভালো যেমন টা চেয়ে ছিলাম তেমন টাই পেয়েছি ডেলিভারি ম্যান ভাইয়া টা ও ভালো ছিল,delivery_positive#product_quality_positive,Positive,"Delivery, Product Quality","{""Delivery"": ""positive"", ""Product Quality"": ""positive""}"
44410967877231,এটার ভিতর আমি ৯০% ভালো পেয়েছি তো আপনারা কিনতে পারেন এটা খুব ভালো,এটার ভিতর আমি ৯০ ভালো পেয়েছি তো আপনারা কিনতে পারেন এটা খুব ভালো,product_quality_positive,Positive,Product Quality,"{""Product Quality"": ""positive""}"
42279527977231,"যেমন আসা করেছি তার থেকে ভালো হইছে আমি আসা করি নি এতো কম দামে এতো ভালো  প্রোডাক্টস পাব 
থ্যাংক ইউ দারাজ 
থ্যাংক ইউ ডেলিভারি বয় ডেলিভারি ভাইটাও ভালো ছিল 
এক কথায় অসাধারণ একটা প্রোডাক্ট 
আপনারা চাইলেও নিতে পারেন এত কম দামে এত একটা ভালো প্রোডাকশনে আশা করিনি",যেমন আসা করেছি তার থেকে ভালো হইছে আমি আসা করি নি এতো কম দামে এতো ভালো প্রোডাক্টস পাব থ্যাংক ইউ দারাজ থ্যাংক ইউ ডেলিভারি বয় ডেলিভারি ভাইটা ও ভালো ছিল এক কথায় অসাধারণ একটা প্রোডাক্ট আপনারা চাইলে ও নিতে পারেন এত কম দামে এত একটা ভালো প্রোডাকশনে আশা করিনি,delivery_positive#price_positive#product_quality_positive,Positive,"Delivery, Price, Product Quality","{""Delivery"": ""positive"", ""Price"": ""positive"", ""Product Quality"": ""positive""}"
42904304277231,"ডেলিভারি ডেটের আগেই পেয়েছি। পণ্যটি পাওয়ার পরেই চাক করে দেখলাম এক কানেরটা চলে আরেক কানেরটা চলে না। একটু পর আবার চেক করে দেখলাম এবার অন্যটা চলে আগেরটা চলে না। পরে বাসায় এসে চার্জ দেওয়ার পর দেখি অসম্ভব লেভেলের সাউন্ড, টাচ কুয়ালিটি। একদম অরিজিনালটার মতো। এত কম দামে এই পণ্যটি খুব ভালো। আসল্টা কিনতে হলে অবশ্যই হাজার টাকা খরচ করতে হবে। কিন্তু তা না করে এটা কিনলে অবশ্যই আপনি জিতবেন। কিনে দেখেন ইনশাআল্লাহ ভালো লাগবে।❤️❤️","ডেলিভারি ডেটের আগেই পেয়েছি । পণ্য টি পাওয়ার পরেই চাক করে দেখলাম এক কানের টা চলে আরেক কানের টা চলে না । একটু পর আবার চেক করে দেখলাম এবার অন্য টা চলে আগের টা চলে না । পরে বাসায় এসে চার্জ দেওয়ার পর দেখি অসম্ভব লেভেলের সাউন্ড , টাচ কুয়ালি টি । একদম অরিজিনালটার মতো । এত কম দামে এই পণ্য টি খুব ভালো । আসল্ টা কিনতে হলে অবশ্যই হাজার টাকা খরচ করতে হবে । কিন্তু তা না করে এটা কিনলে অবশ্যই আপনি জিতবেন । কিনে দেখেন ইনশাআল্লাহ ভালো লাগবে ।",delivery_positive#price_positive,Positive,"Delivery, Price","{""Delivery"": ""positive"", ""Price"": ""positive""}"
48864962777231,"ডেলিভারি মেন খুব ভালো ছিলো, আর জিনিটটা মোটামুটি ভালো ১০/০৭ দেওয়া চলে।ডান কানের টা চার্জের একটু পল্বেম মনে হয়।","ডেলিভারি মেন খুব ভালো ছিলো , আর জিনিট টা মোটামুটি ভালো ১০ ০৭ দেওয়া চলে । ডান কানের টা চার্জের একটু পল্বেম মনে হয় ।",delivery_positive#product_quality_positive,Positive,"Delivery, Product Quality","{""Delivery"": ""positive"", ""Product Quality"": ""positive""}"
48960603277231,এই প্রোডাক্টা মনে হয় কেউ রিটার্ন দিয়েছে তা আমাকে দিয়ে দিয়েছে আবার এইটার একটা বাজে আরেকটা বজে না 🥵🥵,এই প্রোডাক্ টা মনে হয় কেউ রিটার্ন দিয়েছে তা আমাকে দিয়ে দিয়েছে আবার এইটার একটা বাজে আরেক টা বজে না,product_quality_negative,Negative,Product Quality,"{""Product Quality"": ""negative""}"
48776984877231,সবকিছু ঠিক আছে চাইলে আপনার নিতে পারেন ব্যাটারি ব্যাকআপ খুব ভালো শুধু পাওয়ার ব্যাংকের হুল ওটা কাজ করছে না আপনারে দেখেন কাজ করে কিনা চাইলে আপনার নিতে পারেন খুবই ভালো প্রোডাক্ট ধন্যবাদ ফাস্ট চার্জিং সুবিধা,সবকিছু ঠিক আছে চাইলে আপনার নিতে পারেন ব্যাটারি ব্যাকআপ খুব ভালো শুধু পাওয়ার ব্যাংকের হুল ওটা কাজ করছে না আপনারে দেখেন কাজ করে কিনা চাইলে আপনার নিতে পারেন খুবই ভালো প্রোডাক্ট ধন্যবাদ ফাস্ট চার্জিং সুবিধা,product_quality_positive,Positive,Product Quality,"{""Product Quality"": ""positive""}"
41941507977231,"আলহামদুলিল্লাহ খুব সুন্দর একটি প্রডাক্ট, ধন্যবাদ দারাজকে ধন্যবাদ সেলার এবং দারাজকে সঠিকভাবে পৌছানোর জন্য,আমি এটা ব্যবহার করেছি তাতে তিন থেকে সাড়ে তিন ঘন্টা চলেছে,দেখতে খুবই গর্জিয়াস,সাউন্ড সিস্টেম লাউড কিছুটা প্রিমিয়ার,কথা বলার সময় দুবার একটু ডিস্টার্ব হয়েছে যদি নেট প্রবলেমের কারনে।তাই ৫স্টার দিলাম,নিঃসন্দেহে কিনতে পারেন।","আলহামদুলিল্লাহ খুব সুন্দর একটি প্রডাক্ট , ধন্যবাদ দারাজকে ধন্যবাদ সেলার এবং দারাজকে সঠিকভাবে পৌছানোর জন্য , আমি এটা ব্যবহার করেছি তাতে তিন থেকে সাড়ে তিন ঘন্টা চলেছে , দেখতে খুবই গর্জিয়াস , সাউন্ড সিস্টেম লাউড কিছুটা প্রিমিয়ার , কথা বলার সময় দুবার একটু ডিস্টার্ব হয়েছে যদি নেট প্রবলেমের কারনে । তাই ৫স্টার দিলাম , নিঃসন্দেহে কিনতে পারেন ।",product_quality_positive,Positive,Product Quality,"{""Product Quality"": ""positive""}"
48898277577231,ডেলিভারি ম্যান খুব ভালো ছিলো আমি ছিলামনা সে আমার জন্য অনেক সময় ওয়েট করছে ব্যবহার খুবই ভালো,ডেলিভারি ম্যান খুব ভালো ছিলো আমি ছিলামনা সে আমার জন্য অনেক সময় ওয়েট করছে ব্যবহার খুবই ভালো,delivery_positive,Positive,Delivery,"{""Delivery"": ""positive""}"
48536705477231,সব কিছু খুবই সুন্দর কিন্তু আমার কাছে ভেলেভারি ফি টা একটু বেশি মনে হয়েছে...... বেশ ভালো একটা প্রোডাক্ট আপনারা চাইলে নিতে পারেন এই দামে....,সব কিছু খুবই সুন্দর কিন্তু আমার কাছে ভেলেভারি ফি টা একটু বেশি মনে হয়েছে. বেশ ভালো একটা প্রোডাক্ট আপনারা চাইলে নিতে পারেন এই দামে.,delivery_negative#price_positive#product_quality_positive,Positive,"Delivery, Price, Product Quality","{""Delivery"": ""negative"", ""Price"": ""positive"", ""Product Quality"": ""positive""}"
41730301377231,"দুই দিন ব্যবহার করার পর রিভিউ দিলাম,,, আমার কাছে ভালো লেগেছে,, চার্জ ও ভালো যাই,,,দাম অনুযায়ী অনেক ভালো,, আপনারা নিতে পারেন 🥰❤️","দুই দিন ব্যবহার করার পর রিভিউ দিলাম , আমার কাছে ভালো লেগেছে , , চার্জ ও ভালো যাই , দাম অনুযায়ী অনেক ভালো , , আপনারা নিতে পারেন",price_positive#product_quality_positive,Positive,"Price, Product Quality","{""Price"": ""positive"", ""Product Quality"": ""positive""}"
43995698477231,দাম অনুযায়ী অনেক ভালো 🥰🥰 আপনারা চাইলে নিতে পারেন 🤍☘️,দাম অনুযায়ী অনেক ভালো আপনারা চাইলে নিতে পারেন,price_positive#product_quality_positive,Positive,"Price, Product Quality","{""Price"": ""positive"", ""Product Quality"": ""positive""}"
42955038777231,"আজকেই পেলাম,,দেখে তো ভালো মনে হচ্ছে,দেখা যাক ব্যবহার করে কেমন যায়,০১৭৬০৩১৭৪৭৬","আজকেই পেলাম , , দেখে তো ভালো মনে হচ্ছে , দেখা যাক ব্যবহার করে কেমন যায় , ০১৭৬০৩১৭৪৭৬",product_quality_positive,Positive,Product Quality,"{""Product Quality"": ""positive""}"
48424259277231,"আলহামদুলিল্লাহ্‌ ভালোই পেয়েছি ,,
কিন্তু ডেলিভারির সময়টা দেরি হয় কেনো  ???
আর ৩ টা প্রডাক্ট অর্ডার করেছি
হাত ঘড়ি ১ টা মোবাইল এর ব্যাটারি ১ টা
আর ব্লুট্রুথ ৩ টা ,,
কিন্তু ব্লুট্রুথ পেয়েছি আর বাকিগুলো প্রডাক্টগুলো
আসেনি কেনো  ???","আলহামদুলিল্লাহ্ ভালোই পেয়েছি , , কিন্তু ডেলিভারির সময় টা দেরি হয় কেনো ? আর ৩ টা প্রডাক্ট অর্ডার করেছি হাত ঘড়ি ১ টা মোবাইল এর ব্যাটারি ১ টা আর ব্লুট্রুথ ৩ টা , , কিন্তু ব্লুট্রুথ পেয়েছি আর বাকি গুলো প্রডাক্ট গুলো আসেনি কেনো ?",delivery_negative#product_quality_positive,Neutral,"Delivery, Product Quality","{""Delivery"": ""negative"", ""Product Quality"": ""positive""}"
41379272977231,"অস্থির একটা এয়ারবাডস প্রথমে ভাবসি ভালো হবেনা যখন হাতে পেয়ে চেক করলাম তখন পুরাই অবাক এই দামে এমন একটা ভালো জিনিস পাবো আশা করিনি ধন্যবাদ সেলার ভাই ও দারাজ কে,,,,,,","অস্থির একটা এয়ারবাডস প্রথমে ভাবসি ভালো হবেনা যখন হাতে পেয়ে চেক করলাম তখন পুরাই অবাক এই দামে এমন একটা ভালো জিনিস পাবো আশা করিনি ধন্যবাদ সেলার ভাই ও দারাজ কে ,",price_positive#product_quality_positive,Positive,"Price, Product Quality","{""Price"": ""positive"", ""Product Quality"": ""positive""}"
41499102377231,"সব তো ঠিক ঠাক দেখলাম, এখন দেখার বিষয় চার্য কেমন টিকে, ভালো হলে তো ভালো, তবে নেওয়া যায়, আমার কাছে  ভালোই মনে হচ্ছে","সব তো ঠিক ঠাক দেখলাম , এখন দেখার বিষয় চার্য কেমন টিকে , ভালো হলে তো ভালো , তবে নেওয়া যায় , আমার কাছে ভালোই মনে হচ্ছে",product_quality_positive,Positive,Product Quality,"{""Product Quality"": ""positive""}"
41460177977231,অনেক সুন্দর একটি প্রডাক্ট।  ৭ দিন ব্যবহার এর পরে বলছি। একবার চার্জ করলে ৩.৫ ঘন্টা একটানা চলবে আর একবার ১০০% চার্জে ২ বার চার্জ করতে পারবেন। সেলার এবং ডেলিভারি ম্যানের ব্যবহার অনেক সুন্দর। কথা বলতে হয় একটু জোরে বাদবাকি সাউন্ড কোয়ালিটি থেকে শুরু করে সব কিছু সুন্দর। চাইলে নিতে পারেন একদম খারাপ নয়।,অনেক সুন্দর একটি প্রডাক্ট । ৭ দিন ব্যবহার এর পরে বলছি । একবার চার্জ করলে ৩.৫ ঘন্টা একটানা চলবে আর একবার ১০০ চার্জে ২ বার চার্জ করতে পারবেন । সেলার এবং ডেলিভারি ম্যানের ব্যবহার অনেক সুন্দর । কথা বলতে হয় একটু জোরে বাদবাকি সাউন্ড কোয়ালি টি থেকে শুরু করে সব কিছু সুন্দর । চাইলে নিতে পারেন একদম খারাপ নয় ।,delivery_positive#product_quality_positive,Positive,"Delivery, Product Quality","{""Delivery"": ""positive"", ""Product Quality"": ""positive""}"
42644733277231,"সবচেয়ে আসল কথা ডেলিভারি ম্যান খুবই ভালো অনেক অনেক ধন্যবাদ তিনি তার কর্তব্য পালন করেছেন।আর জিনিস টি অনেক ভালো, সাউন্ড অনেক টাই উত্তম।","সবচেয়ে আসল কথা ডেলিভারি ম্যান খুবই ভালো অনেক অনেক ধন্যবাদ তিনি তার কর্তব্য পালন করেছেন । আর জিনিস টি অনেক ভালো , সাউন্ড অনেক টাই উত্তম ।",delivery_positive#product_quality_positive,Positive,"Delivery, Product Quality","{""Delivery"": ""positive"", ""Product Quality"": ""positive""}"
43165697877231,"মোটামুটি ভালো। 
চার্জ একটু কম থাকে,তা না হলে সবকিছু পারফেক্ট 🥰","মোটামুটি ভালো । চার্জ একটু কম থাকে , তা না হলে সবকিছু পারফেক্ট",product_quality_neutral,Neutral,Product Quality,"{""Product Quality"": ""neutral""}"
49620648177231,সঠিক পণ্যটি ডেলিভারি দেয়ার জন্য ধন্যবাদ। ❤️,সঠিক পণ্য টি ডেলিভারি দেয়ার জন্য ধন্যবাদ ।,product_quality_positive,Positive,Product Quality,"{""Product Quality"": ""positive""}"
41202580877231,"আলহামদুলিল্লাহ।
 যেমনটা আশা করেছিলাম  তার চেয়েও ভালো পেয়েছি।
দুইদিন ব্যবহারের পরে রিভিউ দিচ্ছি অসাধারণ সাউন্ড কোয়ালিটি এবং ব্যাটারি পারফরম্যান্স।
ধন্যবাদ সেলার ভাই কে এই দামে এত সুন্দর একটা প্রোডাক্ট দেওয়ার জন্য।",আলহামদুলিল্লাহ । যেমন টা আশা করেছিলাম তার চেয়ে ও ভালো পেয়েছি । দুইদিন ব্যবহারের পরে রিভিউ দিচ্ছি অসাধারণ সাউন্ড কোয়ালি টি এবং ব্যাটারি পারফরম্যান্স । ধন্যবাদ সেলার ভাই কে এই দামে এত সুন্দর একটা প্রোডাক্ট দেওয়ার জন্য ।,price_positive#product_quality_positive,Positive,"Price, Product Quality","{""Price"": ""positive"", ""Product Quality"": ""positive""}"
42614860277231,টিক যেমন টা চাইছি তেমনটা পাইছি আপনারা চাইলে নিতে পারেন😍😍😍,টিক যেমন টা চাইছি তেমন টা পাইছি আপনারা চাইলে নিতে পারেন,product_quality_positive,Positive,Product Quality,"{""Product Quality"": ""positive""}"
48098409577231,"2 মাস ব্যবহার করে রিভিউ  দিচ্ছি  অনেক  ভালো  প্রোডাক্ট এক চার্জে ৪/৫ ঘন্টা  ব্রেকআপ দিচ্ছে ধন্যবাদ  সেলার কে ও দারাজ কে এতো সুন্দর  প্রোডাক্ট দেওয়ার জন্য 
❤️❤️",2 মাস ব্যবহার করে রিভিউ দিচ্ছি অনেক ভালো প্রোডাক্ট এক চার্জে ৪ ৫ ঘন্টা ব্রেকআপ দিচ্ছে ধন্যবাদ সেলার কে ও দারাজ কে এতো সুন্দর প্রোডাক্ট দেওয়ার জন্য,product_quality_positive,Positive,Product Quality,"{""Product Quality"": ""positive""}"
49591398877231,ভালো ছিলো। এতো কম দামে।  ভালো প্রডাক্ট 😍।,ভালো ছিলো । এতো কম দামে । ভালো প্রডাক্ট ।,price_positive#product_quality_positive,Positive,"Price, Product Quality","{""Price"": ""positive"", ""Product Quality"": ""positive""}"
48926481777231,ভালই কিন্তু খুলে জায় এমনি এমনি আর চার্জার কট টা দিয়ে চার্জ হয় না  লুজ কালেকশন,ভালই কিন্তু খুলে জায় এমনি এমনি আর চার্জার কট টা দিয়ে চার্জ হয় না লুজ কালেকশন,product_quality_positive,Positive,Product Quality,"{""Product Quality"": ""positive""}"
47950548077231,প্রথম এসাইনমেন্টে সবকিছুই ঠিকঠাক পেয়েছি। সেলার ও ভালো  সার্ভিস দিয়েছেন। সবসময়ই যদি এই ধারা অব‍্যাহত থাকে সেটাই সবার কাম‍্য।,প্রথম এসাইনমেন্টে সবকিছুই ঠিকঠাক পেয়েছি । সেলার ও ভালো সার্ভিস দিয়েছেন । সবসময়ই যদি এই ধারা অব্যাহত থাকে সেটাই সবার কাম্য ।,seller_service_positive#product_quality_positive,Positive,"Product Quality, Seller Service","{""Seller Service"": ""positive"", ""Product Quality"": ""positive""}"
40610919677231,"অসংখ্য ধন্যবাদ সেলার ভাইকে কথা দিয়ে কথা রাখার জন্য। সেলার ভাইয়ের ব্যবহার ও অনেক সুন্দর । আমি মনে করি এই ভাইয়ের দোকান থেকে হেডফোন সহ যে কোনো পোডাক্ট কিনলে কেউ ঠকবেন না ""ইনশাআল্লাহ্ ""
দারাজ কেও অসংখ্য ধন্যবাদ পোডাক্টা সঠিক সময়ে হাতে পৌছানো ।",অসংখ্য ধন্যবাদ সেলার ভাইকে কথা দিয়ে কথা রাখার জন্য । সেলার ভাইয়ের ব্যবহার ও অনেক সুন্দর । আমি মনে করি এই ভাইয়ের দোকান থেকে হেডফোন সহ যে কোনো পোডাক্ট কিনলে কেউ ঠকবেন না ইনশাআল্লাহ্ দারাজ কে ও অসংখ্য ধন্যবাদ পোডাক্ টা সঠিক সময়ে হাতে পৌছানো ।,seller_service_positive#delivery_positive#product_quality_positive,Positive,"Delivery, Product Quality, Seller Service","{""Seller Service"": ""positive"", ""Delivery"": ""positive"", ""Product Quality"": ""positive""}"
40015011877231,কম টাকায় সুন্দর একটা পোডাক্ট। কোন প্রবলেম নেই।সেলার ভাই এর আন্তরিকতা খুবই সুন্দর। আশা করি কেউ প্রতারিত হবেন না।,কম টাকায় সুন্দর একটা পোডাক্ট । কোন প্রবলেম নেই । সেলার ভাই এর আন্তরিকতা খুবই সুন্দর । আশা করি কেউ প্রতারিত হবেন না ।,seller_service_positive#price_positive#product_quality_positive,Positive,"Price, Product Quality, Seller Service","{""Seller Service"": ""positive"", ""Price"": ""positive"", ""Product Quality"": ""positive""}"
40093157677231,"২৬ তারিখে আসবার কথা ছিল, ২৫ তারিখে পেয়ে গেলাম। প্যাকেজ ভাল ছিল। প্রোডাক্ট হাতে পেয়ে এখন কানের মধ্যে আছে। বিট, সাউন্ড কোয়ালিটি টপ নচ। সেলার কে ধন্যবাদ।","২৬ তারিখে আসবার কথা ছিল , ২৫ তারিখে পেয়ে গেলাম । প্যাকেজ ভাল ছিল । প্রোডাক্ট হাতে পেয়ে এখন কানের মধ্যে আছে । বিট , সাউন্ড কোয়ালি টি টপ নচ । সেলার কে ধন্যবাদ ।",delivery_positive#packaging_positive#product_quality_positive,Positive,"Delivery, Packaging, Product Quality","{""Delivery"": ""positive"", ""Packaging"": ""positive"", ""Product Quality"": ""positive""}"
43405130577231,প্রোডাক্টটা খুবই ভালো যেমনটা চাইছি তেমনটাই পাইছি,প্রোডাক্ট টা খুবই ভালো যেমন টা চাইছি তেমনটাই পাইছি,product_quality_positive,Positive,Product Quality,"{""Product Quality"": ""positive""}"
48672874177231,অনেক ভালো একটা প্রোডাক্ট সব ঠিক আছে   ধন্যবাদ দারাজ কে ধন্যবাদ  সেলার কে,অনেক ভালো একটা প্রোডাক্ট সব ঠিক আছে ধন্যবাদ দারাজ কে ধন্যবাদ সেলার কে,product_quality_positive,Positive,Product Quality,"{""Product Quality"": ""positive""}"
40305954377231,"প্রথমে ধন্যবাদ সেলারকে,আমি এই পণ্যটা যেরকম দেখেছিলাম যা দেখে অর্ডার করেছিলাম ঠিক তেমনি পাইছি এবং সবকিছু ঠিকঠাক আছে আপনারা চাইলে এই পণ্যটা কিনতে পারে।","প্রথমে ধন্যবাদ সেলারকে , আমি এই পণ্য টা যেরকম দেখেছিলাম যা দেখে অর্ডার করেছিলাম ঠিক তেমনি পাইছি এবং সবকিছু ঠিকঠাক আছে আপনারা চাইলে এই পণ্য টা কিনতে পারে ।",product_quality_positive,Positive,Product Quality,"{""Product Quality"": ""positive""}"
47829156077231,"ব্যাকআপ টাইম ভালো আছে, সাউন্ড কোয়ালিটি কম্ফোর্টেবল, খুবই পছন্দ হয়েছে ধন্যবাদ দারাজ, সেলার এবং ডেলিভারি ম্যান","ব্যাকআপ টাইম ভালো আছে , সাউন্ড কোয়ালি টি কম্ফোর্টেবল , খুবই পছন্দ হয়েছে ধন্যবাদ দারাজ , সেলার এবং ডেলিভারি ম্যান",product_quality_positive,Positive,Product Quality,"{""Product Quality"": ""positive""}"
47736269477231,ধন্যবাদ দারাজকে এবং সেলারকে যেমনটা আশা করেছি তেমনটাই পেয়েছি ডেলিভারি ও অনেক তাড়াতাড়ি এসেছে তার জন্য ধন্যবাদ,ধন্যবাদ দারাজকে এবং সেলারকে যেমন টা আশা করেছি তেমনটাই পেয়েছি ডেলিভারি ও অনেক তাড়াতাড়ি এসেছে তার জন্য ধন্যবাদ,delivery_positive#product_quality_positive,Positive,"Delivery, Product Quality","{""Delivery"": ""positive"", ""Product Quality"": ""positive""}"
40234173977231,"আলহামদুলিল্লাহ এত কম টাকার ভিতরে  এতো সুন্দর একটি প্রোডাক্ট ! ভালই বলা যায় এবং ডেলিভারির সময়ের আগেই হাতে পেয়ে গেছি আলহামদুলিল্লাহ 
আপনারা চাইলেও নিতে পারেন",আলহামদুলিল্লাহ এত কম টাকার ভিতরে এতো সুন্দর একটি প্রোডাক্ট ! ভালই বলা যায় এবং ডেলিভারির সময়ের আগেই হাতে পেয়ে গেছি আলহামদুলিল্লাহ আপনারা চাইলে ও নিতে পারেন,delivery_positive#price_positive#product_quality_positive,Positive,"Delivery, Price, Product Quality","{""Delivery"": ""positive"", ""Price"": ""positive"", ""Product Quality"": ""positive""}"
47841428477231,"দুঃখের কথা কি বলবো, প্রুডাক্ট আনবক্স করার পর ডান কানেরটা সাথে সাথে অন হয়, কিন্তু বাম কানেরটা অফ - মানে অন- ই হয়না,,, নিজস্ব চেষ্টায় ব্যর্থ হয়ে পরে ইউটিউবে ২-৩ টা ভিডিও দেখে ফোনের সেটিংসটা ঠিক করলাম, এরপরে ২ টাই অন হলো,,,এবার আসল কথাই আসি, ২টা এয়ারবার্ডস যখন একসাথে অন করে কিছুক্ষণ ব্যবহার করলাম সাউন্ড কোয়ালিটি ছিল অসাধারণ,,, আর সবচেয়ে কোয়ালিফাই যেটা দেখলাম -- চার্জিং কোয়ালিটি এককথায় বেস্ট,, ২ টা এয়ারবার্ডস একসাথে আড়াই - তিন ঘন্টা ইউস করা যায় এবং ১০০% চার্জিং বক্সটির মধ্যে ৮-১০ বার চার্জ করা যায়।","দুঃখের কথা কি বলবো , প্রুডাক্ট আনবক্স করার পর ডান কানের টা সাথে সাথে অন হয় , কিন্তু বাম কানের টা অফ - মানে অন- ই হয়না , নিজস্ব চেষ্টায় ব্যর্থ হয়ে পরে ইউটিউবে ২-৩ টা ভিডিও দেখে ফোনের সেটিংস টা ঠিক করলাম , এরপরে ২ টাই অন হলো , এবার আসল কথাই আসি , ২টা এয়ারবার্ডস যখন একসাথে অন করে কিছুক্ষণ ব্যবহার করলাম সাউন্ড কোয়ালি টি ছিল অসাধারণ , আর সবচেয়ে কোয়ালিফাই যে টা দেখলাম -- চার্জিং কোয়ালি টি এককথায় বেস্ট , , ২ টা এয়ারবার্ডস একসাথে আড়াই - তিন ঘন্টা ইউস করা যায় এবং ১০০ চার্জিং বক্সটির মধ্যে ৮-১০ বার চার্জ করা যায় ।",product_quality_positive,Positive,Product Quality,"{""Product Quality"": ""positive""}"
43092379777231,"খুব ভালো  জিনিস  💝💝💝💝
দামে কম মানে ভালো",খুব ভালো জিনিস দামে কম মানে ভালো,price_positive#product_quality_positive,Positive,"Price, Product Quality","{""Price"": ""positive"", ""Product Quality"": ""positive""}"
41686261377231,"সাউন্ড কোয়ালিটি ৪৩৪৳ দাম হিসেবে ঠিক আছে,ধন্যবাদ সেলারকে, আপনারা নিতে পারেন,","সাউন্ড কোয়ালি টি ৪৩৪৳ দাম হিসেবে ঠিক আছে , ধন্যবাদ সেলারকে , আপনারা নিতে পারেন ,",price_neutral#product_quality_neutral,Neutral,"Price, Product Quality","{""Price"": ""neutral"", ""Product Quality"": ""neutral""}"
41310107077231,"ভালো নাহ,,একদম বাঝে প্রোডাক্ট ,,কথা শুনা যায় না
আমি এটা রিটার্ন দিতে চাই 
কিভাবে দিবো","ভালো নাহ , , একদম বাঝে প্রোডাক্ট , , কথা শুনা যায় না আমি এটা রিটার্ন দিতে চাই কিভাবে দিবো",product_quality_negative,Negative,Product Quality,"{""Product Quality"": ""negative""}"
47642962777231,এই নিয়ে ৩য় বারের মতো নিলাম এইটা। আমার বোনদের জন্য। অনেক ভালো ব্লুটুথ। আমারটা দেড় বছর হয়েছে ব্যবহার করছি। অনেক ভালো ব্লুটুথ। ভালো সার্ভিস দিচ্ছে।,এই নিয়ে ৩য় বারের মতো নিলাম এই টা । আমার বোনদের জন্য । অনেক ভালো ব্লুটুথ । আমার টা দেড় বছর হয়েছে ব্যবহার করছি । অনেক ভালো ব্লুটুথ । ভালো সার্ভিস দিচ্ছে ।,product_quality_positive,Positive,Product Quality,"{""Product Quality"": ""positive""}"
47598370977231,খুব ভালো হয়েছে ❤️ সম্ভব হলে আপনারা নিতে পাড়েন খুব চমৎকার সার্ভিস আজই হাতে পেলাম। অসংখ্য ধন্যবাদ দারাজ এবং রিডেস্ক কে❤️❤️,খুব ভালো হয়েছে সম্ভব হলে আপনারা নিতে পাড়েন খুব চমৎকার সার্ভিস আজই হাতে পেলাম । অসংখ্য ধন্যবাদ দারাজ এবং রিডেস্ক কে,product_quality_positive,Positive,Product Quality,"{""Product Quality"": ""positive""}"
47728311577231,প্রডাক্টের গুনগত মান আলহামদুলিল্লাহ ভালো। আশা করি চারজিং কোয়ালিটি ও ভালো হবে। সব মিলিয়ে আলহামদুলিল্লাহ। আপনারাও নিতে পারেন।,প্রডাক্টের গুনগত মান আলহামদুলিল্লাহ ভালো । আশা করি চারজিং কোয়ালি টি ও ভালো হবে । সব মিলিয়ে আলহামদুলিল্লাহ । আপনারা ও নিতে পারেন ।,product_quality_positive,Positive,Product Quality,"{""Product Quality"": ""positive""}"
47609467477231,"অনেক সুন্দর একটি প্রোডাক্ট যা আপনাদের বলে বোঝাতে পারবো না,চার্জ ও অনেক সময় ধরে থাকে,আর সাউন্ড কোয়ালিটি ও অনেক সুন্দর,আর প্যাকেজিং ও ছিলো অনেক ভালো💖🤗

ধন্যবাদ ডেলিভারি ম্যান কে উনার ব্যাবহার ও অনেক সুন্দর💖","অনেক সুন্দর একটি প্রোডাক্ট যা আপনাদের বলে বোঝাতে পারবো না , চার্জ ও অনেক সময় ধরে থাকে , আর সাউন্ড কোয়ালি টি ও অনেক সুন্দর , আর প্যাকেজিং ও ছিলো অনেক ভালো ধন্যবাদ ডেলিভারি ম্যান কে উনার ব্যাবহার ও অনেক সুন্দর",delivery_positive#packaging_positive#product_quality_positive,Positive,"Delivery, Packaging, Product Quality","{""Delivery"": ""positive"", ""Packaging"": ""positive"", ""Product Quality"": ""positive""}"
47578905977231,"দাম হিসাবে যথেষ্ট ভালো একটা প্রোডাক্ট ❤️❤️ডেলিভারি ম্যান ভাইয়া টাও ভালো মনের মানুষ ❤️ব্যবহার খুবই ভালো! 
আপনারা চাইলে নিতে পারেন 
১০/৯",দাম হিসাবে যথেষ্ট ভালো একটা প্রোডাক্ট ডেলিভারি ম্যান ভাইয়া টা ও ভালো মনের মানুষ ব্যবহার খুবই ভালো ! আপনারা চাইলে নিতে পারেন ১০ ৯,delivery_positive#price_positive#product_quality_positive,Positive,"Delivery, Price, Product Quality","{""Delivery"": ""positive"", ""Price"": ""positive"", ""Product Quality"": ""positive""}"
42777581977231,আলহামদুলিল্লাহ অনেক সুন্দর হয়েছে  ধন্যবাদ 💝💝💝,আলহামদুলিল্লাহ অনেক সুন্দর হয়েছে ধন্যবাদ,product_quality_positive,Positive,Product Quality,"{""Product Quality"": ""positive""}"
48368780777231,"ধন্যবাদ সেলারকে কম দামে ভালো একটা প্রোডাক্ট পেয়েছি,  শুভকামনা  দাড়াজ কে","ধন্যবাদ সেলারকে কম দামে ভালো একটা প্রোডাক্ট পেয়েছি , শুভকামনা দাড়াজ কে",price_positive#product_quality_positive,Positive,"Price, Product Quality","{""Price"": ""positive"", ""Product Quality"": ""positive""}"
47453522277231,"এত কম বাজে প্রোডাক্টটি অনেক ভালো,, প্রোডাক্টটি নিয়ে আমার অনেক ভালো লাগলো,, আপনারাও নিতে পারেন,, প্রোডাক্টটির পরামর্শ নিতে চাইলে আমাকে ইমুতে এসএমএস 
01876344705","এত কম বাজে প্রোডাক্ট টি অনেক ভালো , , প্রোডাক্ট টি নিয়ে আমার অনেক ভালো লাগলো , , আপনারা ও নিতে পারেন , , প্রোডাক্টটির পরামর্শ নিতে চাইলে আমাকে ইমুতে এসএমএস 01876344705",price_positive#product_quality_positive,Positive,"Price, Product Quality","{""Price"": ""positive"", ""Product Quality"": ""positive""}"
47470046577231,আলহামদুলিল্লাহ । খুব দ্রুত প্রোডাক্ট টা হাতে পেলাম। আর এক সপ্তাহ ব্যবহার করার পর রিভিউ দিলাম। সত্যিই খুবই কোয়ালিটিফুল প্রোডাক্ট। সাউন্ড কোয়ালিটিও মোটামুটি ভাল।,আলহামদুলিল্লাহ । খুব দ্রুত প্রোডাক্ট টা হাতে পেলাম । আর এক সপ্তাহ ব্যবহার করার পর রিভিউ দিলাম । সত্যিই খুবই কোয়ালিটিফুল প্রোডাক্ট । সাউন্ড কোয়ালিটি ও মোটামুটি ভাল ।,delivery_positive#product_quality_positive,Positive,"Delivery, Product Quality","{""Delivery"": ""positive"", ""Product Quality"": ""positive""}"
47759867977231,এতো কম দামে এতো ভালো প্রোডাক্ট আশা করিনি। অনেক ভালো প্রোডাক্ট। নি:সন্দেহে নিতে পারেন সবাই।,এতো কম দামে এতো ভালো প্রোডাক্ট আশা করিনি । অনেক ভালো প্রোডাক্ট । নি সন্দেহে নিতে পারেন সবাই ।,price_positive#product_quality_positive,Positive,"Price, Product Quality","{""Price"": ""positive"", ""Product Quality"": ""positive""}"
47426066377231,৩১৭ টাকা দাম। দাম বিবেচনা করলে অনেক ভালো। বাজেট যদি একেবারেই টাইটথাকে তাহলে এটা নিতে পারেন এই বাজেটে এটা বেস্ট বলা যায়,৩১৭ টাকা দাম । দাম বিবেচনা করলে অনেক ভালো । বাজেট যদি একেবারেই টাইটথাকে তাহলে এটা নিতে পারেন এই বাজেটে এটা বেস্ট বলা যায়,price_positive#product_quality_positive,Positive,"Price, Product Quality","{""Price"": ""positive"", ""Product Quality"": ""positive""}"
41201274377231,"আলহামদুলিল্লাহ অনেক ধন্যবাদ,,, অনেক কমে পেয়েছি সেলার কে অসংখ্য ধন্যবাদ।","আলহামদুলিল্লাহ অনেক ধন্যবাদ , অনেক কমে পেয়েছি সেলার কে অসংখ্য ধন্যবাদ ।",price_positive,Positive,Price,"{""Price"": ""positive""}"
47600545077231,দাম হিসেবে প্রোডাক্ট এর কোয়ালিটি অসাধারণ। তাহলে যে কেউ নিতে পারেন। ডেলিভারসহ দাম ৩৫৫ টাকা পড়ছে।,দাম হিসেবে প্রোডাক্ট এর কোয়ালি টি অসাধারণ । তাহলে যে কেউ নিতে পারেন । ডেলিভারসহ দাম ৩৫৫ টাকা পড়ছে ।,price_positive#product_quality_positive,Positive,"Price, Product Quality","{""Price"": ""positive"", ""Product Quality"": ""positive""}"
47283266777231,সেলোর কে ধন্যবাদ পণ্যটি খুব সুন্দর ভাবে আমি হাতে পেয়েছি তিনদিন পর রিভিউ দিলাম ব্যাটারি ব্যাকআপ টাও খুব সুন্দর এবং সাউন্ডটাও খুব স্মুথ সব মিলিয়ে অল্প টাকায় খুব ভালো একটা জিনিস,সেলোর কে ধন্যবাদ পণ্য টি খুব সুন্দর ভাবে আমি হাতে পেয়েছি তিনদিন পর রিভিউ দিলাম ব্যাটারি ব্যাকআপ টা ও খুব সুন্দর এবং সাউন্ডটা ও খুব স্মুথ সব মিলিয়ে অল্প টাকায় খুব ভালো একটা জিনিস,price_positive#product_quality_positive,Positive,"Price, Product Quality","{""Price"": ""positive"", ""Product Quality"": ""positive""}"
47239426177231,দাম হিসেবে পণ্য খুবই ভালো। মাত্র দুই দিন হল ব্যবহার করছি ব্যাটারি ব্যাকআপ ভালোই। কয়দিন ভালো থাকবে দেখা যাক।,দাম হিসেবে পণ্য খুবই ভালো । মাত্র দুই দিন হল ব্যবহার করছি ব্যাটারি ব্যাকআপ ভালোই । কয়দিন ভালো থাকবে দেখা যাক ।,product_quality_positive,Positive,Product Quality,"{""Product Quality"": ""positive""}"
41582987777231,"হেডফোন ভালো আছে,, দাম টা একটু কম হইলে আরো ভালো হইতো","হেডফোন ভালো আছে , , দাম টা একটু কম হইলে আরো ভালো হইতো",price_neutral#product_quality_positive,Positive,"Price, Product Quality","{""Price"": ""neutral"", ""Product Quality"": ""positive""}"
41240957377231,"কম দামে অনেক ভালো জিনিস দিয়েছে। ধন্যবাদ দারাজ, সেলার, ডেলিভারি বয়","কম দামে অনেক ভালো জিনিস দিয়েছে । ধন্যবাদ দারাজ , সেলার , ডেলিভারি বয়",price_positive#product_quality_positive,Positive,"Price, Product Quality","{""Price"": ""positive"", ""Product Quality"": ""positive""}"
48121557777231,অনেক দিন ব্যবহার করে পরে রিভিউ দিলাম। ভালো প্রডাক্ট। নিতে পারেন।  আমি সন্তুষ্ট,অনেক দিন ব্যবহার করে পরে রিভিউ দিলাম । ভালো প্রডাক্ট । নিতে পারেন । আমি সন্তুষ্ট,product_quality_positive,Positive,Product Quality,"{""Product Quality"": ""positive""}"
47820467777231,এই প্রথম আমি দারাজে ভালোমানের একটি প্রডাক্ট পেলাম ধন্যবাদ ডেলিভারি ম্যান ও সেলারকে,এই প্রথম আমি দারাজে ভালোমানের একটি প্রডাক্ট পেলাম ধন্যবাদ ডেলিভারি ম্যান ও সেলারকে,product_quality_positive,Positive,Product Quality,"{""Product Quality"": ""positive""}"
47407545077231,"আলহামদুলিল্লাহ ভালো পেয়েছি, কলেটি দাম অনুযায়ী ভালো ছিলো আলহামদুলিল্লাহ, আপনারাও চাইলে নিতে পারেন","আলহামদুলিল্লাহ ভালো পেয়েছি , কলে টি দাম অনুযায়ী ভালো ছিলো আলহামদুলিল্লাহ , আপনারা ও চাইলে নিতে পারেন",product_quality_positive,Positive,Product Quality,"{""Product Quality"": ""positive""}"
47077716377231,প্রথম দিকে ২ ঘন্টার মত চলে।সাউন্ড মোটামুটি। ব্যাটারির গায়ে পন্য বিবরনি নেই।ব্যাটারি বেস বার বার চারজ দিতে হয়।যাদের কম দামে মোটামুটি সারভিস চায় তারা নিতে পারে। দাম আনুযায়ি ঠিকই আছে,প্রথম দিকে ২ ঘন্টার মত চলে । সাউন্ড মোটামুটি । ব্যাটারির গায়ে পন্য বিবরনি নেই । ব্যাটারি বেস বার বার চারজ দিতে হয় । যাদের কম দামে মোটামুটি সারভিস চায় তারা নিতে পারে । দাম আনুযায়ি ঠিকই আছে,price_neutral#product_quality_neutral,Neutral,"Price, Product Quality","{""Price"": ""neutral"", ""Product Quality"": ""neutral""}"
39910871477231,"এক কথায় অসাধারণ😍
সেলার ভাইয়া অত্যন্ত আন্তরিক। ওনার সাথে কথা বলেই পন্য অর্ডার করেছি। এত কম দামে পেয়েছি তাতে আমি খুব খুশি।
ঢাকার বাইরে মাত্র ২ দিনে ডেলিভারি!! প্যাকেটিংও ভালো ছিল। 
ধন্যবাদ😊",এক কথায় অসাধারণ সেলার ভাইয়া অত্যন্ত আন্তরিক । ওনার সাথে কথা বলেই পন্য অর্ডার করেছি । এত কম দামে পেয়েছি তাতে আমি খুব খুশি । ঢাকার বাইরে মাত্র ২ দিনে ডেলিভারি ! ! প্যাকেটিং ও ভালো ছিল । ধন্যবাদ,seller_service_positive#delivery_positive#packaging_positive#price_positive#product_quality_positive,Positive,"Delivery, Packaging, Price, Product Quality, Seller Service","{""Seller Service"": ""positive"", ""Delivery"": ""positive"", ""Packaging"": ""positive"", ""Price"": ""positive"", ""Product Quality"": ""positive""}"
42576915477231,খুব সুন্দর খুব ভালো হয়েছে,খুব সুন্দর খুব ভালো হয়েছে,product_quality_positive,Positive,Product Quality,"{""Product Quality"": ""positive""}"
54063674277231,"আমি আসলে ভাবতে পারিনি যে এই পন্যটি এতোটা ভালো হবে। আসলে এটা যেমন বাজেটের মধ্যে তেমনি চার্জও টিকে ভালো প্রায় দুই ঘন্টার বেশি টিকে প্রতিবার, যা আমার জন্য যথেষ্ট। এখন কথা হচ্ছে এটা কতো দিন টিকে। তো সব মিলিয়ে আমার কাছে বেশ ভালো লেগেছে আপনারও চাইলে নিতে পারেন।","আমি আসলে ভাবতে পারিনি যে এই পন্য টি এতো টা ভালো হবে । আসলে এটা যেমন বাজেটের মধ্যে তেমনি চার্জ ও টিকে ভালো প্রায় দুই ঘন্টার বেশি টিকে প্রতিবার , যা আমার জন্য যথেষ্ট । এখন কথা হচ্ছে এটা কতো দিন টিকে । তো সব মিলিয়ে আমার কাছে বেশ ভালো লেগেছে আপনার ও চাইলে নিতে পারেন ।",price_positive#product_quality_positive,Positive,"Price, Product Quality","{""Price"": ""positive"", ""Product Quality"": ""positive""}"
54057766577231,আলহামদুলিল্লাহ অনেক ভালো একটা জিনিস একদম  একশ একশ কাজ করে দাম হিসেবে জিনিসটা অনেক ভালো আপনারা চাইলে নিতে পারেন🥰,আলহামদুলিল্লাহ অনেক ভালো একটা জিনিস একদম একশ একশ কাজ করে দাম হিসেবে জিনিস টা অনেক ভালো আপনারা চাইলে নিতে পারেন,price_positive#product_quality_positive,Positive,"Price, Product Quality","{""Price"": ""positive"", ""Product Quality"": ""positive""}"
52188690577231,"আলহামদুলিল্লাহ 
পর্ডাক টা অনেক ভালো। ১০০% আমি যেমন টা চাইছিলাম। তেমন টাই পাইছি৷ আপনারা যে কেউ চাইলেই নিতে পারেন। 
সব চেয়ে ভালো বিষয় হচ্ছে ডেলিভারি ২ দিনের মধ্যেই পাইছি। 
আর ডেলিভারি ম্যানের ব্যাবহারও অনেক ভালো। আমাদের টাংগাইলের সখিপুরের নলুয়ার ডেলিভারি ম্যান নিবির ভাই৷ অনেক ভালো মানুষ।",আলহামদুলিল্লাহ পর্ডাক টা অনেক ভালো । ১০০ আমি যেমন টা চাইছিলাম । তেমন টাই পাইছি৷ আপনারা যে কেউ চাইলেই নিতে পারেন । সব চেয়ে ভালো বিষয় হচ্ছে ডেলিভারি ২ দিনের মধ্যেই পাইছি । আর ডেলিভারি ম্যানের ব্যাবহার ও অনেক ভালো । আমাদের টাংগাইলের সখিপুরের নলুয়ার ডেলিভারি ম্যান নিবির ভাই৷ অনেক ভালো মানুষ ।,delivery_positive#product_quality_positive,Positive,"Delivery, Product Quality","{""Delivery"": ""positive"", ""Product Quality"": ""positive""}"
51015400377231,"আলহামদুলিল্লাহ ভালোই ছিলো সেলার সার্ভিস 
ও ডেলিভারি সার্ভিস দুটোই ভালো ছিলো..""!☺️🤏


 __° আপনাদের মন চাইলে নিতে পারেন..!🤌🔥",আলহামদুলিল্লাহ ভালোই ছিলো সেলার সার্ভিস ও ডেলিভারি সার্ভিস দুটোই ভালো ছিলো.. ! __ আপনাদের মন চাইলে নিতে পারেন.. !,seller_service_positive#delivery_positive#product_quality_positive,Positive,"Delivery, Product Quality, Seller Service","{""Seller Service"": ""positive"", ""Delivery"": ""positive"", ""Product Quality"": ""positive""}"
53229906277231,"১সপ্তাহ+ ব্যাবহার করলাম আলহামদুলিল্লাহ ভালো লাগছে ব্যাবহার করে।
চার্জ ব্যাকাপ অনেক ভালো।
সাওন্ড কুওয়ালিটি দাম অনুযায়ী যথেষ্ট ভালো।
একটাই সমস্যা কলে কথা বলতে গেলে অনেক জোরে কথা না বললে অপর পাশে থেকে শুনতে পারে না। 
তা ছাড়া প্রডাক্ট ব্যাবহার করে যথেষ্ট ভালো লাগছে।",১সপ্তাহ ব্যাবহার করলাম আলহামদুলিল্লাহ ভালো লাগছে ব্যাবহার করে । চার্জ ব্যাকাপ অনেক ভালো । সাওন্ড কুওয়ালি টি দাম অনুযায়ী যথেষ্ট ভালো । একটাই সমস্যা কলে কথা বলতে গেলে অনেক জোরে কথা না বললে অপর পাশে থেকে শুনতে পারে না । তা ছাড়া প্রডাক্ট ব্যাবহার করে যথেষ্ট ভালো লাগছে ।,price_positive#product_quality_positive,Positive,"Price, Product Quality","{""Price"": ""positive"", ""Product Quality"": ""positive""}"
52841804977231,সেলারকে অনেক অনেক ধন্যবাদ সময়মত ডেলিভারি করার জন্য। আর যেমনটা চেয়েছিলাম ঠিক তেমনই পেয়েছি অনেক ভালো,সেলারকে অনেক অনেক ধন্যবাদ সময়মত ডেলিভারি করার জন্য । আর যেমন টা চেয়েছিলাম ঠিক তেমনই পেয়েছি অনেক ভালো,delivery_positive#product_quality_positive,Positive,"Delivery, Product Quality","{""Delivery"": ""positive"", ""Product Quality"": ""positive""}"
53941123077231,"আলহামদুলিল্লাহ খুব ভালো ছিলো, যেমনটা দেখেছি তেমনটাই পেয়েছি, তাইলে আপনারা নিতে পারেন, ডেলিভারি ম্যানেরও ব্যবহারটা ভাল ছিল, ও ডাক্তার দ্রুত সময়ের মধ্যে পেয়েছি।","আলহামদুলিল্লাহ খুব ভালো ছিলো , যেমন টা দেখেছি তেমনটাই পেয়েছি , তাইলে আপনারা নিতে পারেন , ডেলিভারি ম্যানের ও ব্যবহার টা ভাল ছিল , ও ডাক্তার দ্রুত সময়ের মধ্যে পেয়েছি ।",delivery_positive#product_quality_positive,Positive,"Delivery, Product Quality","{""Delivery"": ""positive"", ""Product Quality"": ""positive""}"
50633228477231,আলহামদুলিল্লাহ অবশেষে পেয়ে গেলাম আমার অর্ডার করা প্রোডাক্ট। সবকিছু চেক করে দেখলাম আলহামদুলিল্লাহ সবকিছু ঠিক আছে। আপনারা চাইলে নিতে পারেন এই প্রোডাক্টটি অনেক ভালো একটি প্রোডাক্ট। ধন্যবাদ দারাজ কে এবং সেলম্যান কে,আলহামদুলিল্লাহ অবশেষে পেয়ে গেলাম আমার অর্ডার করা প্রোডাক্ট । সবকিছু চেক করে দেখলাম আলহামদুলিল্লাহ সবকিছু ঠিক আছে । আপনারা চাইলে নিতে পারেন এই প্রোডাক্ট টি অনেক ভালো একটি প্রোডাক্ট । ধন্যবাদ দারাজ কে এবং সেলম্যান কে,product_quality_positive,Positive,Product Quality,"{""Product Quality"": ""positive""}"
53798199077231,"দাম অনুযায়ী অনেক অনেক ভালো হয়ছে যেমন চাইছি তেমনি পাইছি মোটামুটি দামের তুলনায় অনেক অনেক ভালো হয়ছে, আপনারা সবাই নিতে পারেন,,🥰🥰","দাম অনুযায়ী অনেক অনেক ভালো হয়ছে যেমন চাইছি তেমনি পাইছি মোটামুটি দামের তুলনায় অনেক অনেক ভালো হয়ছে , আপনারা সবাই নিতে পারেন , ,",price_positive#product_quality_positive,Positive,"Price, Product Quality","{""Price"": ""positive"", ""Product Quality"": ""positive""}"
54531243777231,"সাউন্ড সিস্টেম এবং  কোয়ালিটি ভালো 
দুঃখের বিষয় হলো আপনারা যেখানে ডেলিভারি দেওয়ার কথা ছিল সেখানে দেননি",সাউন্ড সিস্টেম এবং কোয়ালি টি ভালো দুঃখের বিষয় হলো আপনারা যেখানে ডেলিভারি দেওয়ার কথা ছিল সেখানে দেননি,delivery_negative#product_quality_positive,Neutral,"Delivery, Product Quality","{""Delivery"": ""negative"", ""Product Quality"": ""positive""}"
52175365677231,"২১ জানুয়ারিতে অর্ডার করলাম আজ ২৩ তারিখ হাতে পেলাম। দেখে তো ভালই লাগছে।।। দেখে, ব্যবহার করে ভালোই লাগছে।।। এই দামে ভালোই হয়েছে।এখন দেখার বিষয় কয়দিন ভালো চলে।","২১ জানুয়ারিতে অর্ডার করলাম আজ ২৩ তারিখ হাতে পেলাম । দেখে তো ভালই লাগছে । দেখে , ব্যবহার করে ভালোই লাগছে । এই দামে ভালোই হয়েছে । এখন দেখার বিষয় কয়দিন ভালো চলে ।",delivery_positive#price_positive#product_quality_positive,Positive,"Delivery, Price, Product Quality","{""Delivery"": ""positive"", ""Price"": ""positive"", ""Product Quality"": ""positive""}"
41117618777231,আলহামদুলিল্লাহ অনেক ভালো একটা প্রোডাক্ট পেয়েছি। ধন্যবাদ সেলারকে।,আলহামদুলিল্লাহ অনেক ভালো একটা প্রোডাক্ট পেয়েছি । ধন্যবাদ সেলারকে ।,product_quality_positive,Positive,Product Quality,"{""Product Quality"": ""positive""}"
48472405777231,"এটা অনেক ভালো এবং খুব উপকারী,, আপানারা চাইলে নিতে পারেন","এটা অনেক ভালো এবং খুব উপকারী , , আপানারা চাইলে নিতে পারেন",product_quality_positive,Positive,Product Quality,"{""Product Quality"": ""positive""}"
47633869277231,"১ মাস চালানোর পর রিভিউ করলাম 🥲
ভালোই ছিলো নিতে পারেন সবাই ❤️‍🩹
আর চার্জ ভালোই থাকে",১ মাস চালানোর পর রিভিউ করলাম ভালোই ছিলো নিতে পারেন সবাই আর চার্জ ভালোই থাকে,product_quality_positive,Positive,Product Quality,"{""Product Quality"": ""positive""}"
47011910977231,আলহামদুলিল্লাহ প্রোডাক্টটা খুব ভালো লেগেছে। আপনারা চাইলে নিতে পারেন। কিন্তু এই প্রোডাক্ট এর সাথে এক্সট্রা কোন রাবার দেয়া নাই। এক্সট্রা আবার দিলে খুব ভালো হতো। এছাড়া সাউন্ড কোয়ালিটি ভালো।,আলহামদুলিল্লাহ প্রোডাক্ট টা খুব ভালো লেগেছে । আপনারা চাইলে নিতে পারেন । কিন্তু এই প্রোডাক্ট এর সাথে এক্সট্রা কোন রাবার দেয়া নাই । এক্সট্রা আবার দিলে খুব ভালো হতো । এছাড়া সাউন্ড কোয়ালি টি ভালো ।,product_quality_positive,Positive,Product Quality,"{""Product Quality"": ""positive""}"
47022418077231,"__°আলহামদুলিল্লাহ ভালো কোয়ালিটির
 প্রোডাক্ট ছিলো..""!☺️

__°সবকিছুই ভালো তবে,
ডেলিভারি আসতে একটু দেরি হয়েছে..""!😅

দারাজের ডেলিভারি সার্ভিস টা অনেক খারাপ..""!😑 
অর্ডার দিলে অনেক দেরি হয় আসতে..""!😅💔","__ আলহামদুলিল্লাহ ভালো কোয়ালিটির প্রোডাক্ট ছিলো.. ! __ সবকিছুই ভালো তবে , ডেলিভারি আসতে একটু দেরি হয়েছে.. ! দারাজের ডেলিভারি সার্ভিস টা অনেক খারাপ.. ! অর্ডার দিলে অনেক দেরি হয় আসতে.. !",delivery_neutral#product_quality_positive,Positive,"Delivery, Product Quality","{""Delivery"": ""neutral"", ""Product Quality"": ""positive""}"
51561014277231,এত কম টাকায় এত ভাল প্রোডাক্ট আশা করা যায়না। সাউন্ড কোয়ালিটি যেমন চেয়েছিলাম তেমন পেয়েছি। ধন্যবাদ।,এত কম টাকায় এত ভাল প্রোডাক্ট আশা করা যায়না । সাউন্ড কোয়ালি টি যেমন চেয়েছিলাম তেমন পেয়েছি । ধন্যবাদ ।,price_positive#product_quality_positive,Positive,"Price, Product Quality","{""Price"": ""positive"", ""Product Quality"": ""positive""}"
54161947177231,"খুব ভালো একটা প্রোডাক্ট আমি ১ মাস আগে একটা নিছিলাম,
সার্ভিস ভালো পাওয়াই আরেকটা অর্ডার দিয়েছি!","খুব ভালো একটা প্রোডাক্ট আমি ১ মাস আগে একটা নিছিলাম , সার্ভিস ভালো পাওয়াই আরেক টা অর্ডার দিয়েছি !",product_quality_positive,Positive,Product Quality,"{""Product Quality"": ""positive""}"
47446078877231,আলহামদুলিল্লাহ খুব ভালো প্রডাক্ট। সাউন্ড কোয়ালিটি ও খুব ভালো। আপনারা চাইলে নিতে পারেন,আলহামদুলিল্লাহ খুব ভালো প্রডাক্ট । সাউন্ড কোয়ালি টি ও খুব ভালো । আপনারা চাইলে নিতে পারেন,product_quality_positive,Positive,Product Quality,"{""Product Quality"": ""positive""}"
40657718777231,আলহামদুলিল্লাহ যে-রকম চেয়েছিলাম এরকমই পেয়েছি বাট দুইটা একবারে বাজানো যায় না একটাই প্রবলেম,আলহামদুলিল্লাহ যে-রকম চেয়েছিলাম এরকমই পেয়েছি বাট দুই টা একবারে বাজানো যায় না একটাই প্রবলেম,product_quality_positive,Positive,Product Quality,"{""Product Quality"": ""positive""}"
54463201777231,"এই প্রোডাক্টটি খুব সুন্দর  চাইলে কেউ নিতে পারো 
দামে কম মানে ভালো 
সঠিকভাবে বাসায় পেয়েছি",এই প্রোডাক্ট টি খুব সুন্দর চাইলে কেউ নিতে পারো দামে কম মানে ভালো সঠিকভাবে বাসায় পেয়েছি,price_positive#product_quality_positive,Positive,"Price, Product Quality","{""Price"": ""positive"", ""Product Quality"": ""positive""}"
52033822877231,মোটামুটি আছে পণ্যটি একেভারে অনেক ভালো যে তা না। তাও চলে খারাপ না।চাইলে নিতে পারেন আপনারাও।,মোটামুটি আছে পণ্য টি একেভারে অনেক ভালো যে তা না । তাও চলে খারাপ না । চাইলে নিতে পারেন আপনারা ও ।,product_quality_neutral,Neutral,Product Quality,"{""Product Quality"": ""neutral""}"
48312491877231,এত কম দামে অসাধারণ একটা ব্লটুথ সাউন্ড কোয়ালিটি ও অনেক ভালো,এত কম দামে অসাধারণ একটা ব্লটুথ সাউন্ড কোয়ালি টি ও অনেক ভালো,price_positive#product_quality_positive,Positive,"Price, Product Quality","{""Price"": ""positive"", ""Product Quality"": ""positive""}"
47281803177231,"কোয়ালিটি খুবই ভালো,যেমনটা দেখেছি তেমনটাই পেয়েছি।
এই দামে সাউন্ড কোয়ালিটিও ভালো।","কোয়ালি টি খুবই ভালো , যেমন টা দেখেছি তেমনটাই পেয়েছি । এই দামে সাউন্ড কোয়ালিটি ও ভালো ।",price_positive#product_quality_positive,Positive,"Price, Product Quality","{""Price"": ""positive"", ""Product Quality"": ""positive""}"
46763403177231,"আলহামদুলিল্লাহ খুবই ভালো সাউন্ড কোয়ালিটি ও ভালো আমি এক সাথে তিন টা অর্ডার করছি চাইলে যে কেউ নিতে পারেন..
ধন্যবাদ দারাজ'কে",আলহামদুলিল্লাহ খুবই ভালো সাউন্ড কোয়ালি টি ও ভালো আমি এক সাথে তিন টা অর্ডার করছি চাইলে যে কেউ নিতে পারেন.. ধন্যবাদ দারাজ ' কে,product_quality_positive,Positive,Product Quality,"{""Product Quality"": ""positive""}"
47477887777231,"এই দামে অবিশ্বাস্য একটি প্রোডাক্ট।
খুবই ভালো আপনারা চাইলে নিতে পারেন।",এই দামে অবিশ্বাস্য একটি প্রোডাক্ট । খুবই ভালো আপনারা চাইলে নিতে পারেন ।,price_positive#product_quality_positive,Positive,"Price, Product Quality","{""Price"": ""positive"", ""Product Quality"": ""positive""}"
47440029177231,"সাউন্ড কোয়ালিটি অস্তির  চোখ বন্ধ করে নিতে পারেন,এই নিয়ে আমি 3 টা অডার করছি","সাউন্ড কোয়ালি টি অস্তির চোখ বন্ধ করে নিতে পারেন , এই নিয়ে আমি 3 টা অডার করছি",product_quality_positive,Positive,Product Quality,"{""Product Quality"": ""positive""}"
47049015777231,"ধন্যবাদ সেলার ভাই এবং ডেলিভারি ভাই গুলাকে এটার সাউন্ড অনেক ভালো ( চৌদ্দগ্রাম,কুমিল্লা)","ধন্যবাদ সেলার ভাই এবং ডেলিভারি ভাই গুলাকে এটার সাউন্ড অনেক ভালো চৌদ্দগ্রাম , কুমিল্লা",product_quality_positive,Positive,Product Quality,"{""Product Quality"": ""positive""}"
47499710777231,"দাম অনুজায়ি ভালোই, খারাপ না সবাই নিতে পারেন,কালকে হাতে পাইছি দেখি কতদিন চলে।","দাম অনুজায়ি ভালোই , খারাপ না সবাই নিতে পারেন , কালকে হাতে পাইছি দেখি কতদিন চলে ।",price_positive#product_quality_positive,Positive,"Price, Product Quality","{""Price"": ""positive"", ""Product Quality"": ""positive""}"
40878994977231,অল্প দামে ভালো জিনিস পেয়েছি। ধন্যবাদ দারাজ ❤️,অল্প দামে ভালো জিনিস পেয়েছি । ধন্যবাদ দারাজ,price_positive#product_quality_positive,Positive,"Price, Product Quality","{""Price"": ""positive"", ""Product Quality"": ""positive""}"
46490753777231,"যেটা চেয়েছি সেটাই পেয়েছি , ধন্যবাদ সেলার কে এত সুন্দর একটা প্রোডাক্ট দেওয়ার জন্য।
দাম হিসেবে এইটার সাউন্ড কোয়ালিটি খুব ভালো এবং এটি ব্যবহারে খুব কমফোর্ট ফিল হয় আপনারা চাইলে নিতে পাড়েন । 
ডেলিভারি ম্যান এর ব্যবহার খুব ভাল ছিল","যে টা চেয়েছি সেটাই পেয়েছি , ধন্যবাদ সেলার কে এত সুন্দর একটা প্রোডাক্ট দেওয়ার জন্য । দাম হিসেবে এইটার সাউন্ড কোয়ালি টি খুব ভালো এবং এটি ব্যবহারে খুব কমফোর্ট ফিল হয় আপনারা চাইলে নিতে পাড়েন । ডেলিভারি ম্যান এর ব্যবহার খুব ভাল ছিল",delivery_positive#price_positive#product_quality_positive,Positive,"Delivery, Price, Product Quality","{""Delivery"": ""positive"", ""Price"": ""positive"", ""Product Quality"": ""positive""}"
46527536877231,ডেলিভারি ডেট এর আগেই হাতে পেলাম।চার্জিং ক্যাপাসিটি এবং সাউন্ড কোয়ালিটি খুবই ভালো যেমনটা আশা করেছিলাম তার থেকেও অনেক ভালো এটা।,ডেলিভারি ডেট এর আগেই হাতে পেলাম । চার্জিং ক্যাপাসি টি এবং সাউন্ড কোয়ালি টি খুবই ভালো যেমন টা আশা করেছিলাম তার থেকে ও অনেক ভালো এটা ।,product_quality_positive,Positive,Product Quality,"{""Product Quality"": ""positive""}"
47243453877231,"সেরা ভাই ভালো লাগছে সাউন্ড কোয়ালিটি সুন্দর এক কথায় অসাম  প্রডাক্ট,👍👍❤️","সেরা ভাই ভালো লাগছে সাউন্ড কোয়ালি টি সুন্দর এক কথায় অসাম প্রডাক্ট ,",product_quality_positive,Positive,Product Quality,"{""Product Quality"": ""positive""}"
53377496877231,আল্লাহামদুল্লিলাহ সব দিক থেকেই ভালোই আছে‌ । কিন্তু গেম খেলতে একটু লেখ দেয় ।,আল্লাহামদুল্লিলাহ সব দিক থেকেই ভালোই আছে । কিন্তু গেম খেলতে একটু লেখ দেয় ।,product_quality_positive,Positive,Product Quality,"{""Product Quality"": ""positive""}"
46274411377231,আলহামদুলিল্লাহ যেমনটা চেয়েছিলাম তেমনটা পেয়েছি কিন্তু একটা সমস্যা আছে চার্জার কেবল দিয়ে চার্জ হচ্ছে না,আলহামদুলিল্লাহ যেমন টা চেয়েছিলাম তেমন টা পেয়েছি কিন্তু একটা সমস্যা আছে চার্জার কেবল দিয়ে চার্জ হচ্ছে না,product_quality_positive,Positive,Product Quality,"{""Product Quality"": ""positive""}"
47069298277231,"হাতে পাওয়ার পর থেকে এখন পর্যন্ত সব কিছু তো ভালোই 
দেখি কেমন সার্ভিস দেয়",হাতে পাওয়ার পর থেকে এখন পর্যন্ত সব কিছু তো ভালোই দেখি কেমন সার্ভিস দেয়,product_quality_positive,Positive,Product Quality,"{""Product Quality"": ""positive""}"
54144650877231,আলহামদুলিল্লাহ মোটামুটি মোটামুটি আছে কিন্তু চার্জ থাকে না সপ্তাহখানেক যায়,আলহামদুলিল্লাহ মোটামুটি মোটামুটি আছে কিন্তু চার্জ থাকে না সপ্তাহখানেক যায়,product_quality_neutral,Neutral,Product Quality,"{""Product Quality"": ""neutral""}"
47793065877231,আমি ব্যবহারের পাঁচ মাস পরে রিপ্লাই দিচ্ছি সত্যিই অসাধারণ,আমি ব্যবহারের পাঁচ মাস পরে রিপ্লাই দিচ্ছি সত্যিই অসাধারণ,product_quality_positive,Positive,Product Quality,"{""Product Quality"": ""positive""}"
52740150277231,"এটা অনেক ভালো ছিল। ডেলিভারি তারিখের চেয়ে আগে পেয়েছি। 
ধন্যবাদ দারাজ❤️❤️❤️",এটা অনেক ভালো ছিল । ডেলিভারি তারিখের চেয়ে আগে পেয়েছি । ধন্যবাদ দারাজ,delivery_positive#product_quality_positive,Positive,"Delivery, Product Quality","{""Delivery"": ""positive"", ""Product Quality"": ""positive""}"
45639193177231,"দাম অনুযায়ী ঠিকঠাক, চার্জিং ব্যাকাপ কিছুটা কম, কিন্তু এই দামে ঠিক আছে।","দাম অনুযায়ী ঠিকঠাক , চার্জিং ব্যাকাপ কিছুটা কম , কিন্তু এই দামে ঠিক আছে ।",price_neutral#product_quality_neutral,Neutral,"Price, Product Quality","{""Price"": ""neutral"", ""Product Quality"": ""neutral""}"
46210450577231,"আলহামদুলিল্লাহ অনেক সুন্দর হেডফোন
 সাউন্ড কোয়ালিটি অনেক সুন্দর 
ধন্যবাদ দারাজ কে
 ছেলার কেউ অসংখ্য ধন্যবাদ",আলহামদুলিল্লাহ অনেক সুন্দর হেডফোন সাউন্ড কোয়ালি টি অনেক সুন্দর ধন্যবাদ দারাজ কে ছেলার কেউ অসংখ্য ধন্যবাদ,product_quality_positive,Positive,Product Quality,"{""Product Quality"": ""positive""}"
46160648177231,জিনিসটা যতটা ভালো মনে করছিলাম আসলে ততটা না। কারণ সাউন্ড কন্ডিশন ভালো নাএবং চার্জও কম যায়। আমি রিভিউতে দেখছিলাম তাতে সবাই ভালো বলেছিল এজন্যই নিয়েছিলাম।,জিনিস টা যত টা ভালো মনে করছিলাম আসলে তত টা না । কারণ সাউন্ড কন্ডিশন ভালো নাএবং চার্জ ও কম যায় । আমি রিভিউতে দেখছিলাম তাতে সবাই ভালো বলেছিল এজন্যই নিয়েছিলাম ।,product_quality_negative,Negative,Product Quality,"{""Product Quality"": ""negative""}"
46130877177231,আলহামদুলিল্লাহ যেটা চেয়েছিলাম যেরকম দেওয়ার কথা ছিল সেরকমই পেয়েছি চার্জ এর দিক দিয়েও ভালো সাপোর্ট পাচ্ছি চাইলে সবাই নিতে পারেন ধন্যবাদ দারাজ এবং দরজার এর সেলসম্যান কে এতো ভালো একটা জিনিস দেওয়ার জন্য ৬ দিন পর রিভিউ দিলাম🥰🥰🥰🥰🥰,আলহামদুলিল্লাহ যে টা চেয়েছিলাম যেরকম দেওয়ার কথা ছিল সেরকমই পেয়েছি চার্জ এর দিক দিয়ে ও ভালো সাপোর্ট পাচ্ছি চাইলে সবাই নিতে পারেন ধন্যবাদ দারাজ এবং দরজার এর সেলসম্যান কে এতো ভালো একটা জিনিস দেওয়ার জন্য ৬ দিন পর রিভিউ দিলাম,product_quality_positive,Positive,Product Quality,"{""Product Quality"": ""positive""}"
46745389977231,অসাধারণ সাউন্ড একদম ক্লিয়ার আপনারা চাইলে নিতে পারেন এবং সেলার ও দারাজকে অনেক ধন্যবাদ ।,অসাধারণ সাউন্ড একদম ক্লিয়ার আপনারা চাইলে নিতে পারেন এবং সেলার ও দারাজকে অনেক ধন্যবাদ ।,product_quality_positive,Positive,Product Quality,"{""Product Quality"": ""positive""}"
46470548577231,মোটামুটি ভালো একবার চার্জ দিয়ে ১:৫৫ মিনিট চলে আর তিন থেকে চার বার কেস থেকে চার্জ করা যায় 😩,মোটামুটি ভালো একবার চার্জ দিয়ে ১ ৫৫ মিনিট চলে আর তিন থেকে চার বার কেস থেকে চার্জ করা যায়,product_quality_neutral,Neutral,Product Quality,"{""Product Quality"": ""neutral""}"
54070453477231,"প্রোডাক্টটা মোটামুটি ভালো এই বাজেটের মধ্যে ভালোই

ডেলিভারি মেন ও ভালোই",প্রোডাক্ট টা মোটামুটি ভালো এই বাজেটের মধ্যে ভালোই ডেলিভারি মেন ও ভালোই,delivery_positive#price_positive#product_quality_neutral,Positive,"Delivery, Price, Product Quality","{""Delivery"": ""positive"", ""Price"": ""positive"", ""Product Quality"": ""neutral""}"
46918933177231,প্রোডাক্টটা অনেক ভালো সাউন্ড কোয়ালিটি অনেক ভালো আপনারা চাইলে নিতে পারেন,প্রোডাক্ট টা অনেক ভালো সাউন্ড কোয়ালি টি অনেক ভালো আপনারা চাইলে নিতে পারেন,product_quality_positive,Positive,Product Quality,"{""Product Quality"": ""positive""}"
52180364977231,"ধন্যবাদ খুব অল্প সময়ে আপনাদে প্রডাক্ট  হাতে পেয়ে আমি অনেক খুশি,","ধন্যবাদ খুব অল্প সময়ে আপনাদে প্রডাক্ট হাতে পেয়ে আমি অনেক খুশি ,",delivery_positive,Positive,Delivery,"{""Delivery"": ""positive""}"
45980795077231,"আলহামদুলিল্লাহ ভালো একটি প্রোডাক্ট হাতে পাইছি...? 
প্রোডাক্টটি দ্রুত আমার হাতে পাইছি আলহামদুলিল্লাহ সেলার কে ধন্যবাদ 🥰🥰",আলহামদুলিল্লাহ ভালো একটি প্রোডাক্ট হাতে পাইছি. ? প্রোডাক্ট টি দ্রুত আমার হাতে পাইছি আলহামদুলিল্লাহ সেলার কে ধন্যবাদ,delivery_positive#product_quality_positive,Positive,"Delivery, Product Quality","{""Delivery"": ""positive"", ""Product Quality"": ""positive""}"
47492629377231,খুব ভালো একটা প্রোডাক্ট আমার কাছে খুব ভালো লেগেছে🥰,খুব ভালো একটা প্রোডাক্ট আমার কাছে খুব ভালো লেগেছে,product_quality_positive,Positive,Product Quality,"{""Product Quality"": ""positive""}"
47836287977231,আমার মনের মতো পাইছি এটা অনেক সময় চাজ থাকে,আমার মনের মতো পাইছি এটা অনেক সময় চাজ থাকে,product_quality_positive,Positive,Product Quality,"{""Product Quality"": ""positive""}"
48199439677231,"ভালো সার্ভিস দিচ্ছে, আপনারা নিতে পারেন","ভালো সার্ভিস দিচ্ছে , আপনারা নিতে পারেন",product_quality_positive,Positive,Product Quality,"{""Product Quality"": ""positive""}"
47469183277231,"অনেক ভালো প্রোডাক্ট,,
 সবাই চাইলে সেটা দিতে পারেন","অনেক ভালো প্রোডাক্ট , , সবাই চাইলে সে টা দিতে পারেন",product_quality_positive,Positive,Product Quality,"{""Product Quality"": ""positive""}"
45940119177231,এই দামে মোটামুটি ভালোই। দুই ঘন্টা একটানা চার্জ থাকে।কয়েকবার চার্জ দেয়া যায় বক্স থেকে। একটি এয়ারবাড চার্জ দিতে ৯ পারসেন্ট চার্জ শেষ হয়।,এই দামে মোটামুটি ভালোই । দুই ঘন্টা একটানা চার্জ থাকে । কয়েকবার চার্জ দেয়া যায় বক্স থেকে । একটি এয়ারবাড চার্জ দিতে ৯ পারসেন্ট চার্জ শেষ হয় ।,price_neutral#product_quality_neutral,Neutral,"Price, Product Quality","{""Price"": ""neutral"", ""Product Quality"": ""neutral""}"
47324127777231,"খুব ভালো সুন্দর সাউন্ড সেই
দাম অনুযায়ী প্রোডাক্ট ভালো",খুব ভালো সুন্দর সাউন্ড সেই দাম অনুযায়ী প্রোডাক্ট ভালো,price_positive#product_quality_positive,Positive,"Price, Product Quality","{""Price"": ""positive"", ""Product Quality"": ""positive""}"
47552230277231,আলহামদুলিল্লাহ দাম হিসাবে প্রোডাক্টা অনেক ভালো,আলহামদুলিল্লাহ দাম হিসাবে প্রোডাক্ টা অনেক ভালো,price_positive#product_quality_positive,Positive,"Price, Product Quality","{""Price"": ""positive"", ""Product Quality"": ""positive""}"
47574521877231,"জেটা চায়েছি ঠিক সেটাই পেয়েছি আনেক ভালো  ।
☺😌☺",জে টা চায়েছি ঠিক সেটাই পেয়েছি আনেক ভালো ।,product_quality_positive,Positive,Product Quality,"{""Product Quality"": ""positive""}"
47721562577231,ধন্যবাদ সেলারকে শর্ট টাইমে ডেলিভারি দেওয়ার জন্য,ধন্যবাদ সেলারকে শর্ট টাইমে ডেলিভারি দেওয়ার জন্য,delivery_positive,Positive,Delivery,"{""Delivery"": ""positive""}"
53596475177231,এত কম দামের ভিতরে খুব ভালো একটা প্রোডাক্ট পেয়েছি ভালোই চলছে,এত কম দামের ভিতরে খুব ভালো একটা প্রোডাক্ট পেয়েছি ভালোই চলছে,price_positive#product_quality_positive,Positive,"Price, Product Quality","{""Price"": ""positive"", ""Product Quality"": ""positive""}"
54558261777231,এটা ভালো কিন্তু বেশি একটা ভালো না চাইলে আপনারা নিতে পারেন👍🏻,এটা ভালো কিন্তু বেশি একটা ভালো না চাইলে আপনারা নিতে পারেন,product_quality_neutral,Neutral,Product Quality,"{""Product Quality"": ""neutral""}"
45256532477231,অনেক ভালো একটি প্রোডাক্ট আপনারা সবাই নিতে পারেন আমিও নিয়েছি,অনেক ভালো একটি প্রোডাক্ট আপনারা সবাই নিতে পারেন আমি ও নিয়েছি,product_quality_positive,Positive,Product Quality,"{""Product Quality"": ""positive""}"
50456975177231,আলহামদুলিল্লাহ ব্লুটুথ টা অনেক ভালো পেয়েছি খুবি ভালো পোডাক্ট,আলহামদুলিল্লাহ ব্লুটুথ টা অনেক ভালো পেয়েছি খুবি ভালো পোডাক্ট,product_quality_positive,Positive,Product Quality,"{""Product Quality"": ""positive""}"
53060478977231,"১ টা হেডফোন ভালো আরেকটা খুবই বাজে, অটো ডিসকানেকটেড হয়ে যায়।","১ টা হেডফোন ভালো আরেক টা খুবই বাজে , অটো ডিসকানেকটেড হয়ে যায় ।",product_quality_negative,Negative,Product Quality,"{""Product Quality"": ""negative""}"
45988502077231,"অনেক ভালো,, ছবিতে যেমন দেখছিলাম তেমন পাইছি৷ 
ধন্যবাদ, সেলার ভাইকে সঠিক পণ্য দেওয়ার জন্য ❤️","অনেক ভালো , , ছবিতে যেমন দেখছিলাম তেমন পাইছি৷ ধন্যবাদ , সেলার ভাইকে সঠিক পণ্য দেওয়ার জন্য",product_quality_positive,Positive,Product Quality,"{""Product Quality"": ""positive""}"
50410477377231,"যেমনটা চেয়েছি তেমনটা পেয়েছি, অনেক ভালো সাউন্ড কোয়ালিটি","যেমন টা চেয়েছি তেমন টা পেয়েছি , অনেক ভালো সাউন্ড কোয়ালি টি",product_quality_positive,Positive,Product Quality,"{""Product Quality"": ""positive""}"
47403137677231,দাম অনুসারে মোটামুটি চলে। আরো ভালো আশা করছিলাম।,দাম অনুসারে মোটামুটি চলে । আরো ভালো আশা করছিলাম ।,price_neutral#product_quality_neutral,Neutral,"Price, Product Quality","{""Price"": ""neutral"", ""Product Quality"": ""neutral""}"
47892063777231,অফারে কিনেছিলাম। ভালোই পড়েছে আমারটা।,অফারে কিনেছিলাম । ভালোই পড়েছে আমার টা ।,product_quality_positive,Positive,Product Quality,"{""Product Quality"": ""positive""}"
54881627777231,দুই সপ্তাহ মতো ব্যবহার করতেছি এখন পর্যন্ত ভালই মনে হচ্ছে,দুই সপ্তাহ মতো ব্যবহার করতেছি এখন পর্যন্ত ভালই মনে হচ্ছে,product_quality_positive,Positive,Product Quality,"{""Product Quality"": ""positive""}"
45475034577231,অনেক ভালো মানের একটা প্রোডাক্ট এন্ড সেলার এর ব্যবহার অনেক ভালো প্রোডাক্টটা পার্সলেও পেয়েছি সময়ের আগে ভালো লাগলো কোয়ালিটি অনেক ভালো এন্ড হেবি লাউড সাউন্ড অনেক ভালই লাগতেছে বেলু ফর মানি,অনেক ভালো মানের একটা প্রোডাক্ট এন্ড সেলার এর ব্যবহার অনেক ভালো প্রোডাক্ট টা পার্সলে ও পেয়েছি সময়ের আগে ভালো লাগলো কোয়ালি টি অনেক ভালো এন্ড হেবি লাউড সাউন্ড অনেক ভালই লাগতেছে বেলু ফর মানি,seller_service_positive#delivery_positive#price_positive#product_quality_positive,Positive,"Delivery, Price, Product Quality, Seller Service","{""Seller Service"": ""positive"", ""Delivery"": ""positive"", ""Price"": ""positive"", ""Product Quality"": ""positive""}"
47534947077231,"প্রডাক্ট হাতে পেয়েছি, দাম অনুযায়ী প্রডাক্টের মান ভাল।","প্রডাক্ট হাতে পেয়েছি , দাম অনুযায়ী প্রডাক্টের মান ভাল ।",price_positive#product_quality_positive,Positive,"Price, Product Quality","{""Price"": ""positive"", ""Product Quality"": ""positive""}"
46182203677231,সেলার কে ধন্যবাদ। যেমন দেখছি টিক তেমন টাই পাইছি।আলহামদুলিল্লাহ সব কিছু টিকটাক।❤️❤️,সেলার কে ধন্যবাদ । যেমন দেখছি টিক তেমন টাই পাইছি । আলহামদুলিল্লাহ সব কিছু টিকটাক ।,product_quality_positive,Positive,Product Quality,"{""Product Quality"": ""positive""}"
53209905277231,অবেক ভালো ছিল আপানারা নিতে পারেন সেলার অনেক ভালো ছিল,অবেক ভালো ছিল আপানারা নিতে পারেন সেলার অনেক ভালো ছিল,seller_service_positive#product_quality_positive,Positive,"Product Quality, Seller Service","{""Seller Service"": ""positive"", ""Product Quality"": ""positive""}"
46922741477231,ওভার অল অনেক ভালো একটা প্রডাক্ট।অনেক ভালো চার্জ থাকে ।,ওভার অল অনেক ভালো একটা প্রডাক্ট । অনেক ভালো চার্জ থাকে ।,product_quality_positive,Positive,Product Quality,"{""Product Quality"": ""positive""}"
46950374277231,এক দম বাজে তার মানে হলো আসল মালটা দেয় নাই কপি মাল দিছে,এক দম বাজে তার মানে হলো আসল মাল টা দেয় নাই কপি মাল দিছে,product_quality_negative,Negative,Product Quality,"{""Product Quality"": ""negative""}"
47221905677231,আলহামদুলিল্লাহ কম দামে ভালো প্রডাক্ট পেয়েছি,আলহামদুলিল্লাহ কম দামে ভালো প্রডাক্ট পেয়েছি,price_positive#product_quality_positive,Positive,"Price, Product Quality","{""Price"": ""positive"", ""Product Quality"": ""positive""}"
47561925177231,"অনেক ভালো প্রোডাক্ট , ধন্যবাদ দারাজ","অনেক ভালো প্রোডাক্ট , ধন্যবাদ দারাজ",product_quality_positive,Positive,Product Quality,"{""Product Quality"": ""positive""}"
47579378577231,খুব ভালো সাউন্ড।।।। খুব ভালো।।।,খুব ভালো সাউন্ড । খুব ভালো ।,product_quality_positive,Positive,Product Quality,"{""Product Quality"": ""positive""}"
47948048177231,কম দাম হিসাবে খুবই ভালো,কম দাম হিসাবে খুবই ভালো,product_quality_positive,Positive,Product Quality,"{""Product Quality"": ""positive""}"
52871563777231,আলহামদুলিল্লাহ সব কিছু ভালোই আছে চাইলে নিতে পারেন,আলহামদুলিল্লাহ সব কিছু ভালোই আছে চাইলে নিতে পারেন,product_quality_positive,Positive,Product Quality,"{""Product Quality"": ""positive""}"
45964215377231,"ডেলিভারি ডেট এর আগেই পেয়ে গেছি প্রোডাক্টটা খুবই ভালো। 
আপনারাও চাইলে নিতে পারেন",ডেলিভারি ডেট এর আগেই পেয়ে গেছি প্রোডাক্ট টা খুবই ভালো । আপনারা ও চাইলে নিতে পারেন,delivery_positive#product_quality_positive,Positive,"Delivery, Product Quality","{""Delivery"": ""positive"", ""Product Quality"": ""positive""}"
45970854477231,"প্রোডাক্টটি অনেক ভালো সকলে নিতে পারেন🥰🥰🥰।
ডেলিভারি সার্ভিস ও যথেষ্ট ভালো ছিলো।",প্রোডাক্ট টি অনেক ভালো সকলে নিতে পারেন । ডেলিভারি সার্ভিস ও যথেষ্ট ভালো ছিলো ।,delivery_positive#product_quality_positive,Positive,"Delivery, Product Quality","{""Delivery"": ""positive"", ""Product Quality"": ""positive""}"
54971263277231,ভালো নিতে পারেন । তবে বেশীক্ষণ কানে না রাখা ভালো।,ভালো নিতে পারেন । তবে বেশীক্ষণ কানে না রাখা ভালো ।,product_quality_positive,Positive,Product Quality,"{""Product Quality"": ""positive""}"
47120296577231,আলহামদুলিল্লাহ ভালো ছিলো সাউন্ড কোয়ালিটি ও ভালো😊,আলহামদুলিল্লাহ ভালো ছিলো সাউন্ড কোয়ালি টি ও ভালো,product_quality_positive,Positive,Product Quality,"{""Product Quality"": ""positive""}"
47217292377231,"দাম অনুযায়ী ভাল ছিল, আপনারা চাইলে নিতে পারেন।","দাম অনুযায়ী ভাল ছিল , আপনারা চাইলে নিতে পারেন ।",price_positive#product_quality_positive,Positive,"Price, Product Quality","{""Price"": ""positive"", ""Product Quality"": ""positive""}"
47478777477231,দাম অনুযায়ী মোটামুটি ঠিকই আছে,দাম অনুযায়ী মোটামুটি ঠিকই আছে,price_neutral#product_quality_neutral,Neutral,"Price, Product Quality","{""Price"": ""neutral"", ""Product Quality"": ""neutral""}"
47441168677231,"খুব সুন্দর সাউন্ড কোয়ালিটি
 ঠিক আছে",খুব সুন্দর সাউন্ড কোয়ালি টি ঠিক আছে,product_quality_positive,Positive,Product Quality,"{""Product Quality"": ""positive""}"
47118270077231,একদম বাজে প্রোডাক্ট কেউ কিনবেন না 😤😤😤😤,একদম বাজে প্রোডাক্ট কেউ কিনবেন না,product_quality_negative,Negative,Product Quality,"{""Product Quality"": ""negative""}"
42769618777231,অল্প বাজেটে ভালো জিনিস আপনারা সবাই নিতে পারেন,অল্প বাজেটে ভালো জিনিস আপনারা সবাই নিতে পারেন,price_positive#product_quality_positive,Positive,"Price, Product Quality","{""Price"": ""positive"", ""Product Quality"": ""positive""}"
42831638477231,আলহামদুলিল্লাহ খুব ভালো কোলিটি আপনারা চায়লে নিতে পারেন।,আলহামদুলিল্লাহ খুব ভালো কোলি টি আপনারা চায়লে নিতে পারেন ।,product_quality_positive,Positive,Product Quality,"{""Product Quality"": ""positive""}"
53466960577231,"পণ্যটি ভালো, যেমনটা চেয়েছিলাম তেমনটা পেয়েছি","পণ্য টি ভালো , যেমন টা চেয়েছিলাম তেমন টা পেয়েছি",product_quality_positive,Positive,Product Quality,"{""Product Quality"": ""positive""}"
46787373077231,দুইদিন না যাইতেই এক কানের টা নষ্ট হয়ে গেছে 😡😡😡😡,দুইদিন না যাইতেই এক কানের টা নষ্ট হয়ে গেছে,product_quality_negative,Negative,Product Quality,"{""Product Quality"": ""negative""}"
47264138477231,"ভালো প্রডাক্ট
সবাই নিতে পারেন",ভালো প্রডাক্ট সবাই নিতে পারেন,product_quality_positive,Positive,Product Quality,"{""Product Quality"": ""positive""}"
52812481277231,একটা খুবই সুন্দর আপনারা চাইলে নিতে পারেন।,একটা খুবই সুন্দর আপনারা চাইলে নিতে পারেন ।,product_quality_positive,Positive,Product Quality,"{""Product Quality"": ""positive""}"
45002170577231,"এত কম টাকায় ভালো একটা জিনিস ।এলইডি ডিসপ্লে 🥰খুবই ভালো ।  যেরকম দেখেছিলাম তেমনটাই পেয়েছি ।
আপনারা ১০০% নিশ্চিতভাবে নিতে পারেন এর চাইতে ভালো আর পাইবেন না 
কিন্তু মোবাইল সমস্যার জন্য কারো কাছে একটু সাউন্ড কম মনে হতে পারে । অন্য একটা মোবাইলে লাগলে তখন সাউন্ড বুঝবেন কতটা ভালো 🥰",এত কম টাকায় ভালো একটা জিনিস । এলইডি ডিসপ্লে খুবই ভালো । যেরকম দেখেছিলাম তেমনটাই পেয়েছি । আপনারা ১০০ নিশ্চিতভাবে নিতে পারেন এর চাইতে ভালো আর পাইবেন না কিন্তু মোবাইল সমস্যার জন্য কারো কাছে একটু সাউন্ড কম মনে হতে পারে । অন্য একটা মোবাইলে লাগলে তখন সাউন্ড বুঝবেন কতটা ভালো,price_positive#product_quality_positive,Positive,"Price, Product Quality","{""Price"": ""positive"", ""Product Quality"": ""positive""}"
44965266077231,আলহামদুলিল্লাহ। যেমনটা দেখছি ঠিক তেমনটাই পেয়েছি। অল্প টাকার ভিতরে খুব ভালো একটা ব্লুটুথ। আপনারা চাইলে নিতে পারেন। ধন্যবাদ দারাজ এবং সেলার ভাইকে।,আলহামদুলিল্লাহ । যেমন টা দেখছি ঠিক তেমনটাই পেয়েছি । অল্প টাকার ভিতরে খুব ভালো একটা ব্লুটুথ । আপনারা চাইলে নিতে পারেন । ধন্যবাদ দারাজ এবং সেলার ভাইকে ।,product_quality_positive,Positive,Product Quality,"{""Product Quality"": ""positive""}"
45000840977231,ভালোই আছে আমি আগে একটা নিয়ে ছিলাম আবার আর একটা নিলাম।তারিখের  আগে ডেলিভারি পেয়ে গেছে এটার জন্য সেলারকে ধন্যবাদ এবং ডেলিভারি ম্যান কে ধন্যবাদ।,ভালোই আছে আমি আগে একটা নিয়ে ছিলাম আবার আর একটা নিলাম । তারিখের আগে ডেলিভারি পেয়ে গেছে এটার জন্য সেলারকে ধন্যবাদ এবং ডেলিভারি ম্যান কে ধন্যবাদ ।,delivery_positive#product_quality_positive,Positive,"Delivery, Product Quality","{""Delivery"": ""positive"", ""Product Quality"": ""positive""}"
52358259477231,"মোটা মুটি ভালো আছে,,, চাইলে নিতে পারেন","মো টা মু টি ভালো আছে , চাইলে নিতে পারেন",product_quality_neutral,Neutral,Product Quality,"{""Product Quality"": ""neutral""}"
54870671777231,দাম অনুযায়ী ভালোই। সাউন্ড কোয়ালিটিও ভালো,দাম অনুযায়ী ভালোই । সাউন্ড কোয়ালিটি ও ভালো,price_positive#product_quality_positive,Positive,"Price, Product Quality","{""Price"": ""positive"", ""Product Quality"": ""positive""}"
47045583877231,সব কিছু ঠিক আছে দাম অনুজায়ি ভালো 😊😊,সব কিছু ঠিক আছে দাম অনুজায়ি ভালো,price_positive#product_quality_positive,Positive,"Price, Product Quality","{""Price"": ""positive"", ""Product Quality"": ""positive""}"
43938946077231,অসাধারণ প্রভাক্ট টি সবাই নিতে পারেন 100,অসাধারণ প্রভাক্ট টি সবাই নিতে পারেন 100,product_quality_positive,Positive,Product Quality,"{""Product Quality"": ""positive""}"
52820606877231,অনেক ভালো একটি প্রোডাক্ট দামের তুলনায়,অনেক ভালো একটি প্রোডাক্ট দামের তুলনায়,price_positive#product_quality_positive,Positive,"Price, Product Quality","{""Price"": ""positive"", ""Product Quality"": ""positive""}"
54922325877231,"রিভিউ  দেখে নিয়েছিলাম, ডান কানেরটা নষ্ট","রিভিউ দেখে নিয়েছিলাম , ডান কানের টা নষ্ট",product_quality_negative,Negative,Product Quality,"{""Product Quality"": ""negative""}"
44735391577231,আবারও অর্ডারে ভালো পন্য পেলাম।তবে ডেলিভারি সিস্টেম একবারেই ভালো না। চার্জ ও মিউজিক সিস্টেম ভালোই। একটি ইয়ার পডের বামটা একটু কম বাজতেছে মনে হচ্ছে। সব মিলিয়ে খারাপ না ভালোই।,আবার ও অর্ডারে ভালো পন্য পেলাম । তবে ডেলিভারি সিস্টেম একবারেই ভালো না । চার্জ ও মিউজিক সিস্টেম ভালোই । একটি ইয়ার পডের বাম টা একটু কম বাজতেছে মনে হচ্ছে । সব মিলিয়ে খারাপ না ভালোই ।,delivery_negative#product_quality_positive,Neutral,"Delivery, Product Quality","{""Delivery"": ""negative"", ""Product Quality"": ""positive""}"
44810807877231,"আলহামদুলিল্লাহ অনেক ভালো একটা প্রোডাক্ট প্যাকেজিং টা অনেক ভালো ছিল,  এটা সাউন্ড সিস্টেম টা অনেক অনেক ভালো,এখন দেখা যাক কত দিন ব্যবহার করতে পারি   নিঃসন্দেহে এ প্রোডাক্ট নিতে পারেন। সবাই","আলহামদুলিল্লাহ অনেক ভালো একটা প্রোডাক্ট প্যাকেজিং টা অনেক ভালো ছিল , এটা সাউন্ড সিস্টেম টা অনেক অনেক ভালো , এখন দেখা যাক কত দিন ব্যবহার করতে পারি নিঃসন্দেহে এ প্রোডাক্ট নিতে পারেন । সবাই",packaging_positive#product_quality_positive,Positive,"Packaging, Product Quality","{""Packaging"": ""positive"", ""Product Quality"": ""positive""}"
44740481677231,"সত্যিই অসাধারণ একটা প্রোডাক্ট 
দারাজ থেকে প্রথম কোনো কিছু নিলাম
আলহামদুলিল্লাহ সন্তুষ্ট 
আপনারা ও নিতে পারেন",সত্যিই অসাধারণ একটা প্রোডাক্ট দারাজ থেকে প্রথম কোনো কিছু নিলাম আলহামদুলিল্লাহ সন্তুষ্ট আপনারা ও নিতে পারেন,product_quality_positive,Positive,Product Quality,"{""Product Quality"": ""positive""}"
44818518977231,সব কিছুই ঠিক ঠাক পাইছি। ডেলিভারি ডেটের আগেই পাইছি। কিন্তু আমার আগে আরেক জনের হাতে গিয়েছিলো প্যাকেট টা খোলা ছিলো।,সব কিছুই ঠিক ঠাক পাইছি । ডেলিভারি ডেটের আগেই পাইছি । কিন্তু আমার আগে আরেক জনের হাতে গিয়েছিলো প্যাকেট টা খোলা ছিলো ।,delivery_positive#product_quality_positive,Positive,"Delivery, Product Quality","{""Delivery"": ""positive"", ""Product Quality"": ""positive""}"
44786694877231,প্রোডাক্টে আসলে অনেক সুন্দর এবং অনেক ভালো সেলারের ব্যাপারটা অনেক ভালো ছিল এবং ডেলিভারি ম্যান এর ব্যবহার খুব ভালো আপনারা যারা নিতে চান সবাই নিতে পারেন সমস্যা নাই ধন্যবাদ দার আজকে এত কম টাকা এত সুন্দর একটা প্রোডাক্ট দেওয়ার জন্য,প্রোডাক্টে আসলে অনেক সুন্দর এবং অনেক ভালো সেলারের ব্যাপার টা অনেক ভালো ছিল এবং ডেলিভারি ম্যান এর ব্যবহার খুব ভালো আপনারা যারা নিতে চান সবাই নিতে পারেন সমস্যা নাই ধন্যবাদ দার আজকে এত কম টাকা এত সুন্দর একটা প্রোডাক্ট দেওয়ার জন্য,seller_service_positive#delivery_positive#price_positive#product_quality_positive,Positive,"Delivery, Price, Product Quality, Seller Service","{""Seller Service"": ""positive"", ""Delivery"": ""positive"", ""Price"": ""positive"", ""Product Quality"": ""positive""}"
53629423777231,খুব সুন্দর কম টাকার ভেতর ভালো একটা ফোন,খুব সুন্দর কম টাকার ভেতর ভালো একটা ফোন,price_positive#product_quality_positive,Positive,"Price, Product Quality","{""Price"": ""positive"", ""Product Quality"": ""positive""}"
45898203277231,"এই মাত্র হতে পেলাম,,, যা ভাবছিলাম তার থেকে অনেক ভালো পেয়েছি,,ধন্যবাদ দারাজ,,","এই মাত্র হতে পেলাম , যা ভাবছিলাম তার থেকে অনেক ভালো পেয়েছি , , ধন্যবাদ দারাজ , ,",product_quality_positive,Positive,Product Quality,"{""Product Quality"": ""positive""}"
52853577877231,অসাধারণ কাজ করছে অনেক ভালো প্রোডাক্ট,অসাধারণ কাজ করছে অনেক ভালো প্রোডাক্ট,product_quality_positive,Positive,Product Quality,"{""Product Quality"": ""positive""}"
46467766177231,অনেক অনেক ভালো কোয়ালিটির এবং অনেক খন ধরে চার্জ টিকে,অনেক অনেক ভালো কোয়ালিটির এবং অনেক খন ধরে চার্জ টিকে,product_quality_positive,Positive,Product Quality,"{""Product Quality"": ""positive""}"
46400978177231,আলহামদুলিল্লাহ দাম অনুযায়ী প্রোডাক্ট এর মান অনেক ভালো,আলহামদুলিল্লাহ দাম অনুযায়ী প্রোডাক্ট এর মান অনেক ভালো,price_positive#product_quality_positive,Positive,"Price, Product Quality","{""Price"": ""positive"", ""Product Quality"": ""positive""}"
46411532577231,যেমনটা চেয়েছি   তেমনি পাইচি অনেক ভাল পন্ন ❤️❤️❤️❤️,যেমন টা চেয়েছি তেমনি পাইচি অনেক ভাল পন্ন,product_quality_positive,Positive,Product Quality,"{""Product Quality"": ""positive""}"
54324365177231,চার্জ ওঠে না। নষ্ট প্রোডাক্ট দিছে।,চার্জ ওঠে না । নষ্ট প্রোডাক্ট দিছে ।,product_quality_negative,Negative,Product Quality,"{""Product Quality"": ""negative""}"
46072611277231,"চার্জ, সাউন্ড কোয়ালিটি ও দাম একদম ঠিক আছে৷ ব্যবহার করে মজা পাচ্ছি,","চার্জ , সাউন্ড কোয়ালি টি ও দাম একদম ঠিক আছে৷ ব্যবহার করে মজা পাচ্ছি ,",price_positive#product_quality_positive,Positive,"Price, Product Quality","{""Price"": ""positive"", ""Product Quality"": ""positive""}"
46294872477231,আলহামদুলিল্লাহ সাউন্ড কোয়ালিটি ও চার্জ যথেষ্ট ভালো,আলহামদুলিল্লাহ সাউন্ড কোয়ালি টি ও চার্জ যথেষ্ট ভালো,product_quality_positive,Positive,Product Quality,"{""Product Quality"": ""positive""}"
46005871777231,"অসাধারণ ভালো একটা জিনিস, ডেলিভারি ম্যানকে ধন্যবাদ।। ঠিক সময়ে পাইছি","অসাধারণ ভালো একটা জিনিস , ডেলিভারি ম্যানকে ধন্যবাদ । । ঠিক সময়ে পাইছি",delivery_positive#product_quality_positive,Positive,"Delivery, Product Quality","{""Delivery"": ""positive"", ""Product Quality"": ""positive""}"
44378982877231,"আমি প্রথমে একটি অর্ডার করছিলাম এবং খুবই ভালো ফলাফল পেয়েছি। আমার বন্ধুরা আমারটা দেখে এই জিনিসটার প্রতি আকর্ষিত হয় এবং আমাকে টাকা দেয় অর্ডার করার জন্য এবং আমি দুইটা অর্ডার করেছি, ডেলিভারি তারিখের একদিন আগে হাতে পেয়েছি।ডেলিভারি ম্যান এর আচরণ খুবই বন্ধুত্বপূর্ণ। দারাজকে ধন্যবাদ এবং যিনি এটা সেল করেছেন তাকেও অনেক অনেক ধন্যবাদ।🥰🥰 সবশেষে একটাই কথা অসাধারণ জিনিসটা। 🫶🫶","আমি প্রথমে একটি অর্ডার করছিলাম এবং খুবই ভালো ফলাফল পেয়েছি । আমার বন্ধুরা আমার টা দেখে এই জিনিসটার প্রতি আকর্ষিত হয় এবং আমাকে টাকা দেয় অর্ডার করার জন্য এবং আমি দুই টা অর্ডার করেছি , ডেলিভারি তারিখের একদিন আগে হাতে পেয়েছি । ডেলিভারি ম্যান এর আচরণ খুবই বন্ধুত্বপূর্ণ । দারাজকে ধন্যবাদ এবং যিনি এটা সেল করেছেন তাকে ও অনেক অনেক ধন্যবাদ । সবশেষে একটাই কথা অসাধারণ জিনিস টা ।",delivery_positive#product_quality_positive,Positive,"Delivery, Product Quality","{""Delivery"": ""positive"", ""Product Quality"": ""positive""}"
44475729477231,দারাজ এবং সেলারকে অসংখ্য ধন্যবাদ সুন্দর একটি মনের মত প্রডাক্ট পাঠিয়ে দেওয়ার জন্য আমি যেমনটি চেয়েছি তেমনটি পেয়েছি।সব কিছু ঠিক ভাবে পেয়েছি আপনাদের আবারো ধন্যবাদ।,দারাজ এবং সেলারকে অসংখ্য ধন্যবাদ সুন্দর একটি মনের মত প্রডাক্ট পাঠিয়ে দেওয়ার জন্য আমি যেমন টি চেয়েছি তেমন টি পেয়েছি । সব কিছু ঠিক ভাবে পেয়েছি আপনাদের আবারো ধন্যবাদ ।,product_quality_positive,Positive,Product Quality,"{""Product Quality"": ""positive""}"
44364819477231,"আলহামদুলিল্লাহ। আমি এর আগে একটা নিয়েছিলাম অনেক ভালো হইছে, কিন্তু গ্রামে যাওয়ার পর আমার বোনের ছেলে সেটা নিয়ে গেছে। তাই ঢাকা এসেই আরেকটা অডার দেই। ভালো না হলে কি আরেকটা অডার দেই। তবে এবার ডেলিভারি অনেক তারাতাড়ি পাইছি। আপনারা নিশ্চিন্তে নিতে পারেন।","আলহামদুলিল্লাহ । আমি এর আগে একটা নিয়েছিলাম অনেক ভালো হইছে , কিন্তু গ্রামে যাওয়ার পর আমার বোনের ছেলে সে টা নিয়ে গেছে । তাই ঢাকা এসেই আরেক টা অডার দেই । ভালো না হলে কি আরেক টা অডার দেই । তবে এবার ডেলিভারি অনেক তারাতাড়ি পাইছি । আপনারা নিশ্চিন্তে নিতে পারেন ।",delivery_positive#product_quality_positive,Positive,"Delivery, Product Quality","{""Delivery"": ""positive"", ""Product Quality"": ""positive""}"
44349692277231,যতটা আশা করছি ততটা ভালো না।আশা করছি অর্জিনালটা পাবো বাট সেলার আমাকে কপি টা দিছে। এর আগে আমি এ মডেলের একটা ব্যবহার করছিলাম।আগেরটার তুলনায় এ টা অনেক হালকা ও সাউন্ড অনেক কম।বাট সে আশায় আমি ২ টা ওয়াডার করছিলাম।অবশেষ এ আমি পণ্য টা নিয়ে ঠকে গেলাম।,যত টা আশা করছি তত টা ভালো না । আশা করছি অর্জিনাল টা পাবো বাট সেলার আমাকে কপি টা দিছে । এর আগে আমি এ মডেলের একটা ব্যবহার করছিলাম । আগেরটার তুলনায় এ টা অনেক হালকা ও সাউন্ড অনেক কম । বাট সে আশায় আমি ২ টা ওয়াডার করছিলাম । অবশেষ এ আমি পণ্য টা নিয়ে ঠকে গেলাম ।,product_quality_negative,Negative,Product Quality,"{""Product Quality"": ""negative""}"
46406616577231,১৫ দিন ব্যবহারের পরে রিভিউ দিছি অনেক ভালো পণ্যটা,১৫ দিন ব্যবহারের পরে রিভিউ দিছি অনেক ভালো পণ্য টা,product_quality_positive,Positive,Product Quality,"{""Product Quality"": ""positive""}"
39713681777231,অনেক ভালো ছেলের সেলার ভাইয়ের ব্যবহার অনেক ভালো প্রোডাক্ট নিতে পারেন ধন্যবাদ,অনেক ভালো ছেলের সেলার ভাইয়ের ব্যবহার অনেক ভালো প্রোডাক্ট নিতে পারেন ধন্যবাদ,seller_service_positive#product_quality_positive,Positive,"Product Quality, Seller Service","{""Seller Service"": ""positive"", ""Product Quality"": ""positive""}"
44215534277231,সাউন্ড খুব একটা বেশি না।ফোনে কথা বলতে পারবেন তবে একটু জোড়ে কথা বলতে হবে। প্রাইজ অনুযায়ী এটা এভারেজ।তবে কান থেকে খুলে যায় বার বার।এই সমস্যা শুধু আমার হচ্ছে মনে হয়।,সাউন্ড খুব একটা বেশি না । ফোনে কথা বলতে পারবেন তবে একটু জোড়ে কথা বলতে হবে । প্রাইজ অনুযায়ী এটা এভারেজ । তবে কান থেকে খুলে যায় বার বার । এই সমস্যা শুধু আমার হচ্ছে মনে হয় ।,price_neutral#product_quality_neutral,Neutral,"Price, Product Quality","{""Price"": ""neutral"", ""Product Quality"": ""neutral""}"
43935379277231,"পন্যটি অরিজিনাল নয়, কপি, কারন একই পন্য, যারা দুকান থেকে নিয়েছে তাদেরটার তুলনায় ১০গুন চার্জ কম টিকে, না হয় সেকেন্ড হেন্ড পন্য। দারাজের উপর থেকে বিশ্বাস উঠে গেল। খু্বই বাজে চার্জ টিকে, রিটার্ন দিতে চাইলাম,কিন্তু সার্বারে ইরর দেখায়।রিটার্ন নেয় না।","পন্য টি অরিজিনাল নয় , কপি , কারন একই পন্য , যারা দুকান থেকে নিয়েছে তাদেরটার তুলনায় ১০গুন চার্জ কম টিকে , না হয় সেকেন্ড হেন্ড পন্য । দারাজের উপর থেকে বিশ্বাস উঠে গেল । খু্বই বাজে চার্জ টিকে , রিটার্ন দিতে চাইলাম , কিন্তু সার্বারে ইরর দেখায় । রিটার্ন নেয় না ।",product_quality_negative,Negative,Product Quality,"{""Product Quality"": ""negative""}"
44343260877231,আসসালামু আলাইকুম প্রথমেই ডেলিভারি বয় কে ধন্যবাদ জানাই উনার ব্যবহার ও সার্ভিস খুবই ভালো এম টেন প্রোডাক্টে আমি এর আগেও নিয়েছি খুবই ভালো হয়েছে এবারও নিরাশ করে নাই ধন্যবাদ,আসসালামু আলাইকুম প্রথমেই ডেলিভারি বয় কে ধন্যবাদ জানাই উনার ব্যবহার ও সার্ভিস খুবই ভালো এম টেন প্রোডাক্টে আমি এর আগে ও নিয়েছি খুবই ভালো হয়েছে এবার ও নিরাশ করে নাই ধন্যবাদ,delivery_positive#product_quality_positive,Positive,"Delivery, Product Quality","{""Delivery"": ""positive"", ""Product Quality"": ""positive""}"
44324446377231,"আমি একমাস যাবত এটা ব্যবহার করছি। এখনো তেমন কোনো সমস্যা পাইনি। আমার হাত থেকে কয়েকবার পড়ে গেছে, পড়ে যাওয়া সত্ত্বেও এখনো চলছে। আর সাউন্ডটা 
ভালো।","আমি একমাস যাবত এটা ব্যবহার করছি । এখনো তেমন কোনো সমস্যা পাইনি । আমার হাত থেকে কয়েকবার পড়ে গেছে , পড়ে যাওয়া সত্ত্বে ও এখনো চলছে । আর সাউন্ড টা ভালো ।",product_quality_positive,Positive,Product Quality,"{""Product Quality"": ""positive""}"
53977446877231,ভালোই চলে ধন্যবাদ দারাজ কে,ভালোই চলে ধন্যবাদ দারাজ কে,product_quality_positive,Positive,Product Quality,"{""Product Quality"": ""positive""}"
45230978977231,"অনেক ভালো একটা প্রডাক্ট, চার্জ ও অনেক সময় থাকে, ডেলিভারি ম্যান অনেক ভালো।","অনেক ভালো একটা প্রডাক্ট , চার্জ ও অনেক সময় থাকে , ডেলিভারি ম্যান অনেক ভালো ।",delivery_positive#product_quality_positive,Positive,"Delivery, Product Quality","{""Delivery"": ""positive"", ""Product Quality"": ""positive""}"
47584531477231,ভাই আপনার প্রোডাক্ট এর মান একদম ভালো নয় দেখতে অরজিনাল হলেও ভিতরে মাল একদম ডুবলিকেট আমি আপনার কাছ থেকে আগে একবার একই পণ্য নিয়েছিলাম সেটা একদম অরিজিনাল ছিল কিন্তু এবারের অন্য একদম ডুব্লিকেট । দুইটি প্রোডাক্টের সাউন্ড এর মধ্যেও পার্থক্য রয়েছে ডুবলিকেট এর মধ্যেএকদম কম সাউন্ড । আশা করি ভবিষ্যতে আপনার প্রোডাক্টের মান উন্নত করবেন🙏🙏🙏,ভাই আপনার প্রোডাক্ট এর মান একদম ভালো নয় দেখতে অরজিনাল হলে ও ভিতরে মাল একদম ডুবলিকেট আমি আপনার কাছ থেকে আগে একবার একই পণ্য নিয়েছিলাম সে টা একদম অরিজিনাল ছিল কিন্তু এবারের অন্য একদম ডুব্লিকেট । দুই টি প্রোডাক্টের সাউন্ড এর মধ্যে ও পার্থক্য রয়েছে ডুবলিকেট এর মধ্যেএকদম কম সাউন্ড । আশা করি ভবিষ্যতে আপনার প্রোডাক্টের মান উন্নত করবেন,product_quality_negative,Negative,Product Quality,"{""Product Quality"": ""negative""}"
45986250877231,এই ফটোটা অনেক ভালো পাইছি যেরকম আশা করেছি সেরকমই পাইছি,এই ফটো টা অনেক ভালো পাইছি যেরকম আশা করেছি সেরকমই পাইছি,product_quality_positive,Positive,Product Quality,"{""Product Quality"": ""positive""}"
46266313277231,খুব ভালো পূন্য  ডেলিভারী ম্যানের ব্যবহার ভালো,খুব ভালো পূন্য ডেলিভারী ম্যানের ব্যবহার ভালো,delivery_positive#product_quality_positive,Positive,"Delivery, Product Quality","{""Delivery"": ""positive"", ""Product Quality"": ""positive""}"
44105814277231,"১০০% সঠিক প্রোডাক্ট পেয়েছি, প্রাইস অনুযায়ী ইয়ার বাড গুলোর সাউন্ড কোয়ালিটি ও ব্যাটারি ব্যাকঅাপ বেশ ভালো। প্যাকেজিং ভালো ছিল এবং দ্রুত ডেলিভারী পেয়েছি। সেলারকে এবং দারাজকে অসংখ্য ধন্যবাদ।","১০০ সঠিক প্রোডাক্ট পেয়েছি , প্রাইস অনুযায়ী ইয়ার বাড গুলোর সাউন্ড কোয়ালি টি ও ব্যাটারি ব্যাকঅাপ বেশ ভালো । প্যাকেজিং ভালো ছিল এবং দ্রুত ডেলিভারী পেয়েছি । সেলারকে এবং দারাজকে অসংখ্য ধন্যবাদ ।",delivery_positive#packaging_positive#price_positive#product_quality_positive,Positive,"Delivery, Packaging, Price, Product Quality","{""Delivery"": ""positive"", ""Packaging"": ""positive"", ""Price"": ""positive"", ""Product Quality"": ""positive""}"
44035898777231,"২:৩০ থেকে ৩ ঘন্টা চার্য থাকে আর বক্সের ১০০% চার্য করে নিলে কয়েক বার চার্য করা যাবে আশা করা যায়,, এতো কম বাজেটে সাউন্ড কোয়ালিটি ও ভালো দেখা যাচ্ছে,,  ডেলিভারি ম্যান ও খুব আন্তরিক ছিলেন 🥰🥰","২ ৩০ থেকে ৩ ঘন্টা চার্য থাকে আর বক্সের ১০০ চার্য করে নিলে কয়েক বার চার্য করা যাবে আশা করা যায় , , এতো কম বাজেটে সাউন্ড কোয়ালি টি ও ভালো দেখা যাচ্ছে , , ডেলিভারি ম্যান ও খুব আন্তরিক ছিলেন",delivery_positive#price_positive#product_quality_positive,Positive,"Delivery, Price, Product Quality","{""Delivery"": ""positive"", ""Price"": ""positive"", ""Product Quality"": ""positive""}"
44763219477231,"প্রোডাক্টও অনুযায়ী দামটা অনেক কম কোয়ালিটি অনেক ভালো সবাই নিতে পারবেন,,, 👍👍👍👍","প্রোডাক্ট ও অনুযায়ী দাম টা অনেক কম কোয়ালি টি অনেক ভালো সবাই নিতে পারবেন ,",price_positive#product_quality_positive,Positive,"Price, Product Quality","{""Price"": ""positive"", ""Product Quality"": ""positive""}"
45059804977231,আমি নিয়েছি মোটামুটি ভালো নিতে পারেন আজকে ১০ দিন ব্যবহার করার পর রিপোর্ট দিলাম।,আমি নিয়েছি মোটামুটি ভালো নিতে পারেন আজকে ১০ দিন ব্যবহার করার পর রিপোর্ট দিলাম ।,product_quality_neutral,Neutral,Product Quality,"{""Product Quality"": ""neutral""}"
45418395777231,"যেমন চেয়ে ছিলাম ঠিক তেমনটাই পেয়েছি 
আপনার চাইলে নিতে পারেন",যেমন চেয়ে ছিলাম ঠিক তেমনটাই পেয়েছি আপনার চাইলে নিতে পারেন,product_quality_positive,Positive,Product Quality,"{""Product Quality"": ""positive""}"
47516078077231,"ভালোই চার্জের দিক থেকে।
 প্রথম প্রথম তো ভালো লাগলো.. 
কিন্তু গানের বেজ হচ্ছে  না।
অটোটিউন বেশি।
যারা অটোটিউন পছন্দ করে তাদের জন্য ভালো।
পার্সোনাল রেটিং ৮/১০",ভালোই চার্জের দিক থেকে । প্রথম প্রথম তো ভালো লাগলো.. কিন্তু গানের বেজ হচ্ছে না । অটোটিউন বেশি । যারা অটোটিউন পছন্দ করে তাদের জন্য ভালো । পার্সোনাল রেটিং ৮ ১০,product_quality_positive,Positive,Product Quality,"{""Product Quality"": ""positive""}"
43829462677231,দাম অনুযায়ী অনেক ভালো।। ডেলিভারি ও তাড়াতাড়ি পেয়েছি।  সাওন্ড কোয়ালিটি ও ভালো দাম অনুযায়ী। কেউ চাইলে নিতে পারেন।,দাম অনুযায়ী অনেক ভালো । । ডেলিভারি ও তাড়াতাড়ি পেয়েছি । সাওন্ড কোয়ালি টি ও ভালো দাম অনুযায়ী । কেউ চাইলে নিতে পারেন ।,delivery_positive#price_positive#product_quality_positive,Positive,"Delivery, Price, Product Quality","{""Delivery"": ""positive"", ""Price"": ""positive"", ""Product Quality"": ""positive""}"
43831800477231,আলহামদুলিল্লাহ চার্জ ভালো সাউন্ড সিস্টেম ভালো মাইক্রোফোন এর কথা বলতে গেলে সমস্যা হচ্ছে বাকি সবকিছুই ভালো,আলহামদুলিল্লাহ চার্জ ভালো সাউন্ড সিস্টেম ভালো মাইক্রোফোন এর কথা বলতে গেলে সমস্যা হচ্ছে বাকি সবকিছুই ভালো,product_quality_positive,Positive,Product Quality,"{""Product Quality"": ""positive""}"
43911651277231,"ভালো প্রোডাক্ট,,, 
সাজেস্ট করার মতো,,,
ডেলিভারি ভাইয়ার ব্যবহার অতুলনীয়,,, 
ধন্যবাদ সেলার, ডেলিভারি ভাই আর দারাজ বাংলাদেশকে,,,","ভালো প্রোডাক্ট , সাজেস্ট করার মতো , ডেলিভারি ভাইয়ার ব্যবহার অতুলনীয় , ধন্যবাদ সেলার , ডেলিভারি ভাই আর দারাজ বাংলাদেশকে ,",delivery_positive#product_quality_positive,Positive,"Delivery, Product Quality","{""Delivery"": ""positive"", ""Product Quality"": ""positive""}"
43768850277231,৩ দিন পর পেলাম। ডেলিভারি ম্যানও আন্তরিক ছিল।আমার আগের টার থেকে দ্রুত পেয়েছি। প্রডাক্টটি ভালই।দ্বিতীয় বার অর্ডারে সন্তুষ্ট। ধন্যবাদ দারাজ।,৩ দিন পর পেলাম । ডেলিভারি ম্যান ও আন্তরিক ছিল । আমার আগের টার থেকে দ্রুত পেয়েছি । প্রডাক্ট টি ভালই । দ্বিতীয় বার অর্ডারে সন্তুষ্ট । ধন্যবাদ দারাজ ।,delivery_positive#product_quality_positive,Positive,"Delivery, Product Quality","{""Delivery"": ""positive"", ""Product Quality"": ""positive""}"
43915331277231,ভাল লেগেছে।লাইটিং গুলো সুন্দর।দাম হিসেবে ভালই লেগেছে।কম দামে ভালই পণ্য টা।বক্স টা বড় একটু।সব মিলে কিনতে পারেন সবাই।,ভাল লেগেছে । লাইটিং গুলো সুন্দর । দাম হিসেবে ভালই লেগেছে । কম দামে ভালই পণ্য টা । বক্স টা বড় একটু । সব মিলে কিনতে পারেন সবাই ।,price_positive#product_quality_positive,Positive,"Price, Product Quality","{""Price"": ""positive"", ""Product Quality"": ""positive""}"
43885376277231,পন্যটি যেরকম চেয়েছিলাম ঠিক তেমন ই পেয়েছি... অল্প টাকায়   ভেতর এই রকম পন্য পাব ভাবতে পারিনি... আপনারা চাইলে নিতে পারেন.. ব্যাটারি লং টাইম সারভিস দেয়... সেলার ভাই কে ধন্যবাদ এবং সেলার ভাইয়ের জন্য শুভকামনা রইল...,পন্য টি যেরকম চেয়েছিলাম ঠিক তেমন ই পেয়েছি. অল্প টাকায় ভেতর এই রকম পন্য পাব ভাবতে পারিনি. আপনারা চাইলে নিতে পারেন.. ব্যাটারি লং টাইম সারভিস দেয়. সেলার ভাই কে ধন্যবাদ এবং সেলার ভাইয়ের জন্য শুভকামনা রইল.,product_quality_positive,Positive,Product Quality,"{""Product Quality"": ""positive""}"
43815095277231,এই প্রাইজে এত ভালো প্রোডাক্ট পাবো আশাই করিনি। ৬ থেকে সাড়ে ৬ ঘন্টা একটানা চালাইছি। খুব‌ই ভালো একটা প্রোডাক্ট।,এই প্রাইজে এত ভালো প্রোডাক্ট পাবো আশাই করিনি । ৬ থেকে সাড়ে ৬ ঘন্টা একটানা চালাইছি । খুবই ভালো একটা প্রোডাক্ট ।,price_positive#product_quality_positive,Positive,"Price, Product Quality","{""Price"": ""positive"", ""Product Quality"": ""positive""}"
46464644177231,হেডফোনটি ভালো আছে সবাই নিতে পারেন,হেডফোন টি ভালো আছে সবাই নিতে পারেন,product_quality_positive,Positive,Product Quality,"{""Product Quality"": ""positive""}"
46835912277231,খুব ভালো কেউ চাইলে নিতে পারেন,খুব ভালো কেউ চাইলে নিতে পারেন,product_quality_positive,Positive,Product Quality,"{""Product Quality"": ""positive""}"
43697395977231,"আজকেই প্রোডাক্টা হাতে পেলাম 
সাউন্ড কোয়ালিটি দাম অনুযায়ী প্রোডাক্টটা ভালোই
সাউন্ড কোয়ালিটি দেয় আর ব্যাটারি ব্যাকআপ ও ২-৩ ঘণ্টার মতো আর বক্সে তিন থেকে চারবার চাষ করে চালানো যাবে
আসলেই দাম অনুযায়ী প্রোডাক্টটি খুবই ভালো",আজকেই প্রোডাক্ টা হাতে পেলাম সাউন্ড কোয়ালি টি দাম অনুযায়ী প্রোডাক্ট টা ভালোই সাউন্ড কোয়ালি টি দেয় আর ব্যাটারি ব্যাকআপ ও ২-৩ ঘণ্টার মতো আর বক্সে তিন থেকে চারবার চাষ করে চালানো যাবে আসলেই দাম অনুযায়ী প্রোডাক্ট টি খুবই ভালো,price_positive#product_quality_positive,Positive,"Price, Product Quality","{""Price"": ""positive"", ""Product Quality"": ""positive""}"
43727969877231,১৫ দিনের মতো ব্যবহার করে রিভিউ দিচ্ছি। কমদামের মধ্যে এই বার্ডস গুলো অনেক সুন্দর। বার্ডস এর চার্জিং ব্যাকআপ ২-২.৫ ঘন্টা।আর বক্স থেকে চার্জ করা যায় তিন থেকে চার বার। কম দামের মধ্যে এটা সত্যিই অনেক ভালো। ধন্যবাদ সেলার কে ❤️,১৫ দিনের মতো ব্যবহার করে রিভিউ দিচ্ছি । কমদামের মধ্যে এই বার্ডস গুলো অনেক সুন্দর । বার্ডস এর চার্জিং ব্যাকআপ ২-২.৫ ঘন্টা । আর বক্স থেকে চার্জ করা যায় তিন থেকে চার বার । কম দামের মধ্যে এটা সত্যিই অনেক ভালো । ধন্যবাদ সেলার কে,price_positive#product_quality_positive,Positive,"Price, Product Quality","{""Price"": ""positive"", ""Product Quality"": ""positive""}"
43590726777231,এই পণ্য টি আজ হাতে পেয়েছি  সাউন্ড  কোয়ালিটিও ভালো। চার্জ সার্ভিস ও ভালো হবে ব্যবহার করে বুঝতে পারলাম। দাম ও ওনেক কম ।  আশা অনুরুপ  পেয়েছি  আলহামদুলিল্লাহ ।  ডেলিভারি ম্যান ও ওনেক ভালো,এই পণ্য টি আজ হাতে পেয়েছি সাউন্ড কোয়ালিটি ও ভালো । চার্জ সার্ভিস ও ভালো হবে ব্যবহার করে বুঝতে পারলাম । দাম ও ওনেক কম । আশা অনুরুপ পেয়েছি আলহামদুলিল্লাহ । ডেলিভারি ম্যান ও ওনেক ভালো,delivery_positive#price_positive#product_quality_positive,Positive,"Delivery, Price, Product Quality","{""Delivery"": ""positive"", ""Price"": ""positive"", ""Product Quality"": ""positive""}"
44133453877231,আলহামদুলিল্লাহ যেমন প্রডাক্ট চেয়েছিলাম তেমনি পাইছি এবং এর সাউন্ড কোয়ালিটি মাশাল্লাহ অনেক ভালো,আলহামদুলিল্লাহ যেমন প্রডাক্ট চেয়েছিলাম তেমনি পাইছি এবং এর সাউন্ড কোয়ালি টি মাশাল্লাহ অনেক ভালো,product_quality_positive,Positive,Product Quality,"{""Product Quality"": ""positive""}"
44773969177231,পন্যের ডেলিভারিতে একটু দেরি হয়েছে কিন্তু দাম অনুযায়ী পন্যের মান ভালো লেগেছে।,পন্যের ডেলিভারিতে একটু দেরি হয়েছে কিন্তু দাম অনুযায়ী পন্যের মান ভালো লেগেছে ।,delivery_neutral#product_quality_neutral#product_quality_positive,Positive,"Delivery, Product Quality","{""Delivery"": ""neutral"", ""Product Quality"": ""positive""}"
44735831577231,ভালোই পন্য।চাইলে আপনারাও নিতে পারেন।কিন্তু ডেলিভারি সিস্টেম টা উন্নত করা উচিত।,ভালোই পন্য । চাইলে আপনারা ও নিতে পারেন । কিন্তু ডেলিভারি সিস্টেম টা উন্নত করা উচিত ।,delivery_negative#product_quality_positive,Neutral,"Delivery, Product Quality","{""Delivery"": ""negative"", ""Product Quality"": ""positive""}"
43294847777231,প্রথমেয় বলি সেলার ভাইয়ের ব‍্যবহার অনেক ভালো এই মাত্র প্রোডাক্টটি হাতে পেলাম এক কথাই অসাধারণ আর দারাজ কে অসংখ্য ধন্যবাদ এতো ভালো একটা প্রোডাক্ট দেওয়ার জন্য,প্রথমেয় বলি সেলার ভাইয়ের ব্যবহার অনেক ভালো এই মাত্র প্রোডাক্ট টি হাতে পেলাম এক কথাই অসাধারণ আর দারাজ কে অসংখ্য ধন্যবাদ এতো ভালো একটা প্রোডাক্ট দেওয়ার জন্য,seller_service_positive#product_quality_positive,Positive,"Product Quality, Seller Service","{""Seller Service"": ""positive"", ""Product Quality"": ""positive""}"
43420294177231,"এই দামের মধ্যে প্রোডাক্টটি খুবই ভালো ছিল😍 সাউন্ড কোয়ালিটি ও অনেক ভালো 😍 আর ডেলিভারি ম্যান এর ব্যবহার ও খুবই ভালো ছিল , খুবই ফ্রেন্ডলি ছিল 😇😇 সেলার ও ডেলিভারি ম্যান কে অনেক ধন্যবাদ😇😇","এই দামের মধ্যে প্রোডাক্ট টি খুবই ভালো ছিল সাউন্ড কোয়ালি টি ও অনেক ভালো আর ডেলিভারি ম্যান এর ব্যবহার ও খুবই ভালো ছিল , খুবই ফ্রেন্ডলি ছিল সেলার ও ডেলিভারি ম্যান কে অনেক ধন্যবাদ",delivery_positive#price_positive#product_quality_positive,Positive,"Delivery, Price, Product Quality","{""Delivery"": ""positive"", ""Price"": ""positive"", ""Product Quality"": ""positive""}"
43363111777231,"দাম অনুযায়ী প্রোডাক্ট খুবই ভালো 🔥🔥
যেকেউ নিতে পারেন। 💞💞
সেলার ভাইকে ধন্যবাদ।
আমি আর আমার বন্ধু ২জনে নিছি বন্ধুর টা ১০০% ওকে। আমারটায় শুধু একটু সমস্যা আছে,, উপরের গ্লাসটা মোটা, তাই বক্স ঢেকে রাখলে ডিসপ্লের লাইট দেখা যায় না। এজন্য রিটার্ন করেছি।","দাম অনুযায়ী প্রোডাক্ট খুবই ভালো যেকেউ নিতে পারেন । সেলার ভাইকে ধন্যবাদ । আমি আর আমার বন্ধু ২জনে নিছি বন্ধুর টা ১০০ ওকে । আমারটায় শুধু একটু সমস্যা আছে , , উপরের গ্লাস টা মো টা , তাই বক্স ঢেকে রাখলে ডিসপ্লের লাইট দেখা যায় না । এজন্য রিটার্ন করেছি ।",price_positive#product_quality_positive,Positive,"Price, Product Quality","{""Price"": ""positive"", ""Product Quality"": ""positive""}"
43546833477231,প্রোডাক্টটা অনেক ভালো। দাম হিসেবে বেশ ভালই এর সাউন্ড। কিন্তু চার্জ কম থাকে । 🥰🥰🥰🥰 আপনারা চাইলে নিতে পারেন,প্রোডাক্ট টা অনেক ভালো । দাম হিসেবে বেশ ভালই এর সাউন্ড । কিন্তু চার্জ কম থাকে । আপনারা চাইলে নিতে পারেন,price_positive#product_quality_positive,Positive,"Price, Product Quality","{""Price"": ""positive"", ""Product Quality"": ""positive""}"
43348802277231,"এক কথায় অসাধারণ,🥰
এই দামে এত সুন্দর প্রোডাক্টস সত্যি অনেক ভালো লাগছে প্রোডাক্টস টা।

সেলার রেসপন্স ও অনেক ভালো,,,
🥰🥰🥰","এক কথায় অসাধারণ , এই দামে এত সুন্দর প্রোডাক্টস সত্যি অনেক ভালো লাগছে প্রোডাক্টস টা । সেলার রেসপন্স ও অনেক ভালো ,",seller_service_positive#price_positive#product_quality_positive,Positive,"Price, Product Quality, Seller Service","{""Seller Service"": ""positive"", ""Price"": ""positive"", ""Product Quality"": ""positive""}"
43362177177231,"ধন্যবাদ,, দারাজ অনেক ভালো একটা প্রোডাক্টস দিবার জন্য,,, কম টাকায় ভালো প্রোডাক্টস,,,আমি আর একটি অর্ডার করছি","ধন্যবাদ , , দারাজ অনেক ভালো একটা প্রোডাক্টস দিবার জন্য , কম টাকায় ভালো প্রোডাক্টস , আমি আর একটি অর্ডার করছি",price_positive#product_quality_positive,Positive,"Price, Product Quality","{""Price"": ""positive"", ""Product Quality"": ""positive""}"
45892105277231,প্রডাক্ট টা খুব ভালো। সাউন্ড কোয়ালিটি অনেক ভালো,প্রডাক্ট টা খুব ভালো । সাউন্ড কোয়ালি টি অনেক ভালো,product_quality_positive,Positive,Product Quality,"{""Product Quality"": ""positive""}"
44228396977231,আলহামদুলিল্লাহ যথা সময়ে ওর্ডার পেয়েছি। প্রডাক্ট যেমন আশা করেছিলাম তেমনি পেয়েছি।,আলহামদুলিল্লাহ যথা সময়ে ওর্ডার পেয়েছি । প্রডাক্ট যেমন আশা করেছিলাম তেমনি পেয়েছি ।,delivery_positive#product_quality_positive,Positive,"Delivery, Product Quality","{""Delivery"": ""positive"", ""Product Quality"": ""positive""}"
44254580177231,আজকে হাতে পাইলাম এবং চেক করে দেখলাম খুবই ভালো। আপনারা সবাই নিশন্দেহে নিতে পারেন।,আজকে হাতে পাইলাম এবং চেক করে দেখলাম খুবই ভালো । আপনারা সবাই নিশন্দেহে নিতে পারেন ।,product_quality_positive,Positive,Product Quality,"{""Product Quality"": ""positive""}"
46552004877231,খুবই ভালো চাইলে নিতে পারেন,খুবই ভালো চাইলে নিতে পারেন,product_quality_positive,Positive,Product Quality,"{""Product Quality"": ""positive""}"
43089641577231,"আলহামদুলিল্লাহ, হাতে পেয়েছি,ডেলিভারি ম্যান এর ব্যাবহার খুব ভালো,পন্য খবেই ভালো,সাউন্ড  ক্লিয়ার।এত কম দামে ভালো পণ্য পেয়েছি।","আলহামদুলিল্লাহ , হাতে পেয়েছি , ডেলিভারি ম্যান এর ব্যাবহার খুব ভালো , পন্য খবেই ভালো , সাউন্ড ক্লিয়ার । এত কম দামে ভালো পণ্য পেয়েছি ।",delivery_positive#price_positive#product_quality_positive,Positive,"Delivery, Price, Product Quality","{""Delivery"": ""positive"", ""Price"": ""positive"", ""Product Quality"": ""positive""}"
42899928577231,এই দামে অনেক ভালো একাটা জিনিষ সবাই নিতে পরেন সাউন্ড কলেটি অনেক ভালো ডেলিবারি ভাইয়া টা অনেক ভালো 🥰🥰🥰,এই দামে অনেক ভালো একা টা জিনিষ সবাই নিতে পরেন সাউন্ড কলে টি অনেক ভালো ডেলিবারি ভাইয়া টা অনেক ভালো,delivery_positive#price_positive#product_quality_positive,Positive,"Delivery, Price, Product Quality","{""Delivery"": ""positive"", ""Price"": ""positive"", ""Product Quality"": ""positive""}"
43087530377231,আলহামদুলিল্লাহ জিনিস মোটামুটি ভালো খারাপ না এই দামে আলহামদুলিল্লাহ ভালো জিনিস পাইছি প্রায় এক মাস চলাইলাম তারপর রিভিউ দিতেছি,আলহামদুলিল্লাহ জিনিস মোটামুটি ভালো খারাপ না এই দামে আলহামদুলিল্লাহ ভালো জিনিস পাইছি প্রায় এক মাস চলাইলাম তারপর রিভিউ দিতেছি,price_neutral#product_quality_neutral,Neutral,"Price, Product Quality","{""Price"": ""neutral"", ""Product Quality"": ""neutral""}"
43098325477231,জাস্ট অসাধারণ একটি প্রোডাক্ট।  সেলারের রেসপন্স খুবই ভালো।  সাউন্ড কোয়ালিটি টা একটু কম। তবে এতো অল্প টাকায় এর চেয়ে বেশী আশা করা যায় না। ওভারঅল রিকমন্ডেড। ♥️,জাস্ট অসাধারণ একটি প্রোডাক্ট । সেলারের রেসপন্স খুবই ভালো । সাউন্ড কোয়ালি টি টা একটু কম । তবে এতো অল্প টাকায় এর চেয়ে বেশী আশা করা যায় না । ওভারঅল রিকমন্ডেড ।,seller_service_positive#price_positive#product_quality_positive,Positive,"Price, Product Quality, Seller Service","{""Seller Service"": ""positive"", ""Price"": ""positive"", ""Product Quality"": ""positive""}"
43001596677231,"এই দামে এটা একটা ভাল পণ্য,  চার্জ ভাল থাকে, ,  খুব  তাড়াতাড়ি  হাতে পেয়েছি ,  ডেলিভারিত ভাইয়ের  ব্যাবহার খুব ভাল ছিল","এই দামে এটা একটা ভাল পণ্য , চার্জ ভাল থাকে , , খুব তাড়াতাড়ি হাতে পেয়েছি , ডেলিভারিত ভাইয়ের ব্যাবহার খুব ভাল ছিল",delivery_positive#product_quality_positive,Positive,"Delivery, Product Quality","{""Delivery"": ""positive"", ""Product Quality"": ""positive""}"
43018556877231,"একদম খারাপ না।
সাউন্ড একটু কম মনে হচ্ছে।

তবে 339 টাকা দিয়ে নেওয়া হয়েছে এবং ডেলিভারি চার্জ ফ্রি পড়েছে এজন্য ভালোই হয়েছে।",একদম খারাপ না । সাউন্ড একটু কম মনে হচ্ছে । তবে 339 টাকা দিয়ে নেওয়া হয়েছে এবং ডেলিভারি চার্জ ফ্রি পড়েছে এজন্য ভালোই হয়েছে ।,price_positive#product_quality_neutral,Positive,"Price, Product Quality","{""Price"": ""positive"", ""Product Quality"": ""neutral""}"
43104486977231,"৩দিন ব্যবহার করে রিভিউ দিচ্ছি, আলহামদুলিল্লাহ অরিজিনাল পণ্যটি পেয়েছি, সাউন্ড কোয়ালিটি ব্যাটারি ব্যাকাপ দাম অনুযায়ী ঠিকঠাক আছে।","৩দিন ব্যবহার করে রিভিউ দিচ্ছি , আলহামদুলিল্লাহ অরিজিনাল পণ্য টি পেয়েছি , সাউন্ড কোয়ালি টি ব্যাটারি ব্যাকাপ দাম অনুযায়ী ঠিকঠাক আছে ।",price_neutral#product_quality_positive,Positive,"Price, Product Quality","{""Price"": ""neutral"", ""Product Quality"": ""positive""}"
42992275677231,২ দিনের মাঝেই পেয়ে গেছি। প্রোডাক্টটি দাম অনুযায়ী খুব ভালো মনে হল। ৪ দিন ব্যবহার করে রিভিউ দিলাম। আপনারা নিতে পারেন।,২ দিনের মাঝেই পেয়ে গেছি । প্রোডাক্ট টি দাম অনুযায়ী খুব ভালো মনে হল । ৪ দিন ব্যবহার করে রিভিউ দিলাম । আপনারা নিতে পারেন ।,delivery_positive#price_positive#product_quality_positive,Positive,"Delivery, Price, Product Quality","{""Delivery"": ""positive"", ""Price"": ""positive"", ""Product Quality"": ""positive""}"
42924482477231,২ দিন ব্যবহার করার পর রিবিউ দিলাম। ভালোই চার্জ বেকাপ দেয়। ১ বার চার্জ দিলে ইয়ার বাট ৭-৮ বার ফুল করা যায়। ইয়ারবাটে ৩-৪ ঘন্টা টানা গান শোনা যায়। চাইলো নিতে পারেন৷ সেলার কে ধন্যবাদ।,২ দিন ব্যবহার করার পর রিবিউ দিলাম । ভালোই চার্জ বেকাপ দেয় । ১ বার চার্জ দিলে ইয়ার বাট ৭-৮ বার ফুল করা যায় । ইয়ারবাটে ৩-৪ ঘন্টা টানা গান শোনা যায় । চাইলো নিতে পারেন৷ সেলার কে ধন্যবাদ ।,product_quality_positive,Positive,Product Quality,"{""Product Quality"": ""positive""}"
43011686877231,১১-১১-২০২৩  অর্ডার  করেছি  আর হাতে পেয়েছি  ১৫-১১-২০২৩  এতো কম টাকায় এতো ভালো জিনিস খুব  কম পাওয়া  যায়  তবে এর চার্জ কতদিন ঠিকঠাক কাজ  করবে জানি না সেলার ভাই  বলেছেন  ৪ ঘন্টা  বক্স সহ ডারাজে এইটাই  প্রথম  অর্ডার  করেছি  যেমনটা  দেখেছি  তেমনটাই পেয়েছি  ধন্যবাদ  ডারাজকে🥰🥰,১১-১১-২০২৩ অর্ডার করেছি আর হাতে পেয়েছি ১৫-১১-২০২৩ এতো কম টাকায় এতো ভালো জিনিস খুব কম পাওয়া যায় তবে এর চার্জ কতদিন ঠিকঠাক কাজ করবে জানি না সেলার ভাই বলেছেন ৪ ঘন্টা বক্স সহ ডারাজে এইটাই প্রথম অর্ডার করেছি যেমন টা দেখেছি তেমনটাই পেয়েছি ধন্যবাদ ডারাজকে,delivery_positive#price_positive#product_quality_positive,Positive,"Delivery, Price, Product Quality","{""Delivery"": ""positive"", ""Price"": ""positive"", ""Product Quality"": ""positive""}"
42838377077231,"প্রোডাক্ট খুবই ভালো।
সাউন্ড কোয়ালিটি ভালো,,, মাইক্রোফোন কোয়ালিটিও ভালো,,,
ওভারঅল গুড হেডফোন,,,","প্রোডাক্ট খুবই ভালো । সাউন্ড কোয়ালি টি ভালো , মাইক্রোফোন কোয়ালিটি ও ভালো , ওভারঅল গুড হেডফোন ,",product_quality_positive,Positive,Product Quality,"{""Product Quality"": ""positive""}"
43206059577231,এখনও পর্যন্ত ভালো সার্ভিস দিচ্ছে। প্রডাক্ট কোয়ালিটি ভালো।চার্জ থাকে ভালোই। ইউজ করি কম।তবে চার্জিং প্লাগ টা একটু ভিতরে আর নরমাল। এটা একটু মজবুত হলে পুরো পারফেক্ট। দেখা যাক কত দিন টেকে,এখন ও পর্যন্ত ভালো সার্ভিস দিচ্ছে । প্রডাক্ট কোয়ালি টি ভালো । চার্জ থাকে ভালোই । ইউজ করি কম । তবে চার্জিং প্লাগ টা একটু ভিতরে আর নরমাল । এটা একটু মজবুত হলে পুরো পারফেক্ট । দেখা যাক কত দিন টেকে,product_quality_positive,Positive,Product Quality,"{""Product Quality"": ""positive""}"
42935576577231,"৩ দিন পর রিভিও দিলাম 
যতোটুকু  আশা করেছিলাম  তার থেকেও বেশি  পেয়েছি।
কারণ  বর্তমান  এর যেই বাজার  কোন  জায়গায় এতো কম মূল্যে দিতে পারবে না।
(ধন্যবাদ সেলার কে)",৩ দিন পর রিভি ও দিলাম যতোটুকু আশা করেছিলাম তার থেকে ও বেশি পেয়েছি । কারণ বর্তমান এর যেই বাজার কোন জায়গায় এতো কম মূল্যে দিতে পারবে না । ধন্যবাদ সেলার কে,price_positive#product_quality_positive,Positive,"Price, Product Quality","{""Price"": ""positive"", ""Product Quality"": ""positive""}"
42919760277231,আচ্ছা একটা করার রিভিউ দি প্রোডাক্টটি খুবই সুন্দর পার্সোনালি আমার খুবই ভালো লেগেছে আপনারা চাইলে ট্রাই করতে পারেন ধন্যবাদ দারাজকে এবং সেলার কে,আচ্ছা একটা করার রিভিউ দি প্রোডাক্ট টি খুবই সুন্দর পার্সোনালি আমার খুবই ভালো লেগেছে আপনারা চাইলে ট্রাই করতে পারেন ধন্যবাদ দারাজকে এবং সেলার কে,product_quality_positive,Positive,Product Quality,"{""Product Quality"": ""positive""}"
45291834577231,প্রোডাক্টটা অনেক ভালো। আপনারা নিতে চাইলে নিতে পারেন।,প্রোডাক্ট টা অনেক ভালো । আপনারা নিতে চাইলে নিতে পারেন ।,product_quality_positive,Positive,Product Quality,"{""Product Quality"": ""positive""}"
45735605677231,"খুব সুন্দর একটি প্রোডাক্ট 🥰
ধন্যবাদ দারাজ 💥",খুব সুন্দর একটি প্রোডাক্ট ধন্যবাদ দারাজ,product_quality_positive,Positive,Product Quality,"{""Product Quality"": ""positive""}"
44059228977231,মোটামুটি খারাপ না দাম হিসেবে চলে ভাউচার দিয়ে অনেক কম পড়ছে ধন্যবাদ সেলাকে। 💚🥀,মোটামুটি খারাপ না দাম হিসেবে চলে ভাউচার দিয়ে অনেক কম পড়ছে ধন্যবাদ সেলাকে ।,price_neutral#product_quality_neutral,Neutral,"Price, Product Quality","{""Price"": ""neutral"", ""Product Quality"": ""neutral""}"
42605871477231,খুব ভালো লেগেছে। সাউন্ড কোয়ালিটি ভালো। আর কথা বলতেও সুবিধা। ব্যাবহার করেই রিভিউ দিলাম। প্রাইস অনুযায়ী এটা বেস্ট। ভ্যালু ফর মানি। ধন্যবাদ দারাজ এবং সেলারকে। প্যাকেজিং ৯/১০।,খুব ভালো লেগেছে । সাউন্ড কোয়ালি টি ভালো । আর কথা বলতে ও সুবিধা । ব্যাবহার করেই রিভিউ দিলাম । প্রাইস অনুযায়ী এটা বেস্ট । ভ্যালু ফর মানি । ধন্যবাদ দারাজ এবং সেলারকে । প্যাকেজিং ৯ ১০ ।,packaging_positive#price_positive#product_quality_positive,Positive,"Packaging, Price, Product Quality","{""Packaging"": ""positive"", ""Price"": ""positive"", ""Product Quality"": ""positive""}"
42634677577231,"এই দামে এর থেকে ভালো প্রডাক্ট আর হয় না। 
২টাই বাজে। ভালো সাউন্ড পাওয়া যায়।
সেলার রাজু ভাইয়ের ব্যবহার ও ভালো",এই দামে এর থেকে ভালো প্রডাক্ট আর হয় না । ২টাই বাজে । ভালো সাউন্ড পাওয়া যায় । সেলার রাজু ভাইয়ের ব্যবহার ও ভালো,seller_service_positive#price_positive#product_quality_positive,Positive,"Price, Product Quality, Seller Service","{""Seller Service"": ""positive"", ""Price"": ""positive"", ""Product Quality"": ""positive""}"
42696399877231,"⭐⭐⭐⭐⭐
একেবারে অসাধারণ বিল্ট কোয়ালিটি,
সাউন্ড কোয়ালিটি ভালো,
বডি ডিজাইন এক্সট্রিম কোয়ালিটি(একটু ভিন্ন মানে আরো ভালো),
প্যাকেজিং সুন্দর,
আলহামদুলিল্লাহ খুব ভালো জিনিস
নিতে পারেন 💯💯","একেবারে অসাধারণ বিল্ট কোয়ালি টি , সাউন্ড কোয়ালি টি ভালো , বডি ডিজাইন এক্সট্রিম কোয়ালি টি একটু ভিন্ন মানে আরো ভালো , প্যাকেজিং সুন্দর , আলহামদুলিল্লাহ খুব ভালো জিনিস নিতে পারেন",packaging_positive#product_quality_positive,Positive,"Packaging, Product Quality","{""Packaging"": ""positive"", ""Product Quality"": ""positive""}"
42546110277231,"এক কথাই অসাধারণ ভাই, এমন ভালো জিনিস যদি দেয় আমার মতে সবাই নিতে পারেন ঠকবেন না ১০০% আমি আজকে হাতে পেলাম টানা তিনঘণ্টা চালানোর পর চার্জ শেষ হয়,  সব ঠিক ঠাক ছিলো, ধন্যবাদ দারাজকে","এক কথাই অসাধারণ ভাই , এমন ভালো জিনিস যদি দেয় আমার মতে সবাই নিতে পারেন ঠকবেন না ১০০ আমি আজকে হাতে পেলাম টানা তিনঘণ্ টা চালানোর পর চার্জ শেষ হয় , সব ঠিক ঠাক ছিলো , ধন্যবাদ দারাজকে",product_quality_positive,Positive,Product Quality,"{""Product Quality"": ""positive""}"
42698534377231,"এই ব্লুটুথ একেবারে বাজে প্রচুর শব্দ হয় কথা বলা অবস্থায় আমার কথা অন্যজন একেবারেই বোঝেনা প্রচুর শব্দ হয়
এরা ধুকা বাজ",এই ব্লুটুথ একেবারে বাজে প্রচুর শব্দ হয় কথা বলা অবস্থায় আমার কথা অন্যজন একেবারেই বোঝেনা প্রচুর শব্দ হয় এরা ধুকা বাজ,product_quality_negative,Negative,Product Quality,"{""Product Quality"": ""negative""}"
43299753077231,এ বাজেটের মধ্যে আমি যেমন চেয়েছি ঠিক তেমনি পেয়েছি খুব ভালো এটা কেউ নিতে চায়লে নিতে পারেন।,এ বাজেটের মধ্যে আমি যেমন চেয়েছি ঠিক তেমনি পেয়েছি খুব ভালো এটা কেউ নিতে চায়লে নিতে পারেন ।,price_positive#product_quality_positive,Positive,"Price, Product Quality","{""Price"": ""positive"", ""Product Quality"": ""positive""}"
43907515777231,"আলহামদুলিল্লাহ, সাউন্ড কোয়ালিটি, চার্জার, কথাবলা সবকিছুই ভালো,  ধন্যবাদ দারাজকে।","আলহামদুলিল্লাহ , সাউন্ড কোয়ালি টি , চার্জার , কথাবলা সবকিছুই ভালো , ধন্যবাদ দারাজকে ।",product_quality_positive,Positive,Product Quality,"{""Product Quality"": ""positive""}"
43662363377231,"একদমই বাজে দুইদিনেই নষ্ট হয়ে গেছে, চার্জ নিচ্ছেনা ডিজিটাল ডিসপ্লেও নষ্ট হয়ে গেছে।","একদমই বাজে দুইদিনেই নষ্ট হয়ে গেছে , চার্জ নিচ্ছেনা ডিজিটাল ডিসপ্লে ও নষ্ট হয়ে গেছে ।",product_quality_negative,Negative,Product Quality,"{""Product Quality"": ""negative""}"
42392663877231,আমার কাছে খুব ভালো লেগেছে। অনেক সুন্দর। যরা ব্লুটুথ হেডফোন নিবেন ভাবছেন তারা চোখ বুজে এটা নিতে পারেন।,আমার কাছে খুব ভালো লেগেছে । অনেক সুন্দর । যরা ব্লুটুথ হেডফোন নিবেন ভাবছেন তারা চোখ বুজে এটা নিতে পারেন ।,product_quality_positive,Positive,Product Quality,"{""Product Quality"": ""positive""}"
42425394377231,"দাম অনুযায়ী ভালো। বিট একটু কম লাগলো।
বক্স ফুল চার্জ এ ২-৩ বার বার্ডস চার্জ দেয়া যায়।
১ বার চার্জ এ ফুল সাউন্ড এ ১ঘন্টা ৪৫মিন. থেকে ২  ঘন্টা চলে।সাউন্ড ভালো।
৩ দিন এ ডেলিভারি পাইছি।
ডেলিভারি ম্যান এর ব্যবহার ও অনেক ভালো ছিলো।",দাম অনুযায়ী ভালো । বিট একটু কম লাগলো । বক্স ফুল চার্জ এ ২-৩ বার বার্ডস চার্জ দেয়া যায় । ১ বার চার্জ এ ফুল সাউন্ড এ ১ঘন্ টা ৪৫মিন. থেকে ২ ঘন্টা চলে । সাউন্ড ভালো । ৩ দিন এ ডেলিভারি পাইছি । ডেলিভারি ম্যান এর ব্যবহার ও অনেক ভালো ছিলো ।,delivery_positive#price_positive#product_quality_positive,Positive,"Delivery, Price, Product Quality","{""Delivery"": ""positive"", ""Price"": ""positive"", ""Product Quality"": ""positive""}"
42267798977231,সব মিলিয়ে সুন্দর একটা প্রোডাক্ট..... সাউন্ড কোয়ালিটি অনেক ভালো। সবাই নিতে পারেন। ধন্যবাদ দারাজ সেলার কে।,সব মিলিয়ে সুন্দর একটা প্রোডাক্ট. সাউন্ড কোয়ালি টি অনেক ভালো । সবাই নিতে পারেন । ধন্যবাদ দারাজ সেলার কে ।,product_quality_positive,Positive,Product Quality,"{""Product Quality"": ""positive""}"
42314853177231,"আলহামদুলিল্লাহ। কেনার আগে যেমন দেখেছি, তেমন ই হাতে পেয়েছি। অর্ডার করার ২ দিনের মধ্যেই ডেলিভারি পেয়েছি। সাউন্ড কোয়ালিটিও অনেক ভালো। দেখা যাক কতদিন চালাতে পারি।","আলহামদুলিল্লাহ । কেনার আগে যেমন দেখেছি , তেমন ই হাতে পেয়েছি । অর্ডার করার ২ দিনের মধ্যেই ডেলিভারি পেয়েছি । সাউন্ড কোয়ালিটি ও অনেক ভালো । দেখা যাক কতদিন চালাতে পারি ।",delivery_positive#product_quality_positive,Positive,"Delivery, Product Quality","{""Delivery"": ""positive"", ""Product Quality"": ""positive""}"
43044440677231,দাম অনুসারে ভাল পণ্য।  চার্জ একটু তাড়াতাড়ি চলে যায়। কিন্তু এই প্রাইসে এটা মানা যায়। সেটিসফাইড।,দাম অনুসারে ভাল পণ্য । চার্জ একটু তাড়াতাড়ি চলে যায় । কিন্তু এই প্রাইসে এটা মানা যায় । সেটিসফাইড ।,price_positive#product_quality_positive,Positive,"Price, Product Quality","{""Price"": ""positive"", ""Product Quality"": ""positive""}"
42835700077231,কম বাজেটের মধ্যে একটি ভালো প্রোডাক্ট পেয়েছি। আলহামদুলিল্লাহ। যা ভেবেছিলাম তার থেকে অনেক ভালো।,কম বাজেটের মধ্যে একটি ভালো প্রোডাক্ট পেয়েছি । আলহামদুলিল্লাহ । যা ভেবেছিলাম তার থেকে অনেক ভালো ।,price_positive#product_quality_positive,Positive,"Price, Product Quality","{""Price"": ""positive"", ""Product Quality"": ""positive""}"
42981663977231,"সাউন্ড কোয়ালিটি খুব ভলো দেখতে অরিজিনাল মনে হয় আমার কাছে
তবে একটা ইয়ার বাড ডিলা বাট চলে",সাউন্ড কোয়ালি টি খুব ভলো দেখতে অরিজিনাল মনে হয় আমার কাছে তবে একটা ইয়ার বাড ডিলা বাট চলে,product_quality_positive,Positive,Product Quality,"{""Product Quality"": ""positive""}"
44133330177231,"আমি বলবো ভালোই। চারজীং বেকাপ ভালোই। ডিসপ্লে একটু আগে পরে আসে, বেপার না।👍","আমি বলবো ভালোই । চারজীং বেকাপ ভালোই । ডিসপ্লে একটু আগে পরে আসে , বেপার না ।",product_quality_positive,Positive,Product Quality,"{""Product Quality"": ""positive""}"
42265827777231,আলহামদুলিল্লাহ হাতে পেলাম। যেমনটি  চেয়েছিলাম তেমনটি পেয়েছি। এখন দেখার বিষয় চার্জ কেমন ব্যাকআপ দেয়।,আলহামদুলিল্লাহ হাতে পেলাম । যেমন টি চেয়েছিলাম তেমন টি পেয়েছি । এখন দেখার বিষয় চার্জ কেমন ব্যাকআপ দেয় ।,product_quality_positive,Positive,Product Quality,"{""Product Quality"": ""positive""}"
42531530577231,"আলহামদুলিল্লাহ্, ৩৪৫ টাকায় যথেষ্ট ভালো হয়েছে এবং সঠিক সময়ের মধ্যেই ডেলিভারী পেয়েছি।ধন্যবাদ দারাজ!","আলহামদুলিল্লাহ্ , ৩৪৫ টাকায় যথেষ্ট ভালো হয়েছে এবং সঠিক সময়ের মধ্যেই ডেলিভারী পেয়েছি । ধন্যবাদ দারাজ !",delivery_positive#price_positive#product_quality_positive,Positive,"Delivery, Price, Product Quality","{""Delivery"": ""positive"", ""Price"": ""positive"", ""Product Quality"": ""positive""}"
46706923977231,"পন্যটি অনেক ভালো ভাবতেই পারিনাই দারাজ এতো ভালো একটি পন্য দিতে পারে এই প্রথম অনলাইনে কিছু অডার করছি অনেক টেনশনে ছিলাম কিন্তু দারাজ কে হামেসাই বিশ্বাস করা জাই,,ধন্যবাদ সেলার ভাই কে,, ধন্যবাদ দারাজ কে","পন্য টি অনেক ভালো ভাবতেই পারিনাই দারাজ এতো ভালো একটি পন্য দিতে পারে এই প্রথম অনলাইনে কিছু অডার করছি অনেক টেনশনে ছিলাম কিন্তু দারাজ কে হামেসাই বিশ্বাস করা জাই , , ধন্যবাদ সেলার ভাই কে , , ধন্যবাদ দারাজ কে",product_quality_positive,Positive,Product Quality,"{""Product Quality"": ""positive""}"
43305071277231,"আলহামদুলিল্লাহ খুব ভালো হয়েছে।
দারাজে আমি রেগুলার কাস্টমার
আপনারা নিতে পারেন",আলহামদুলিল্লাহ খুব ভালো হয়েছে । দারাজে আমি রেগুলার কাস্টমার আপনারা নিতে পারেন,product_quality_positive,Positive,Product Quality,"{""Product Quality"": ""positive""}"
43802668577231,বাজে প্রডাক্ট আওয়াজ এক দম ডাউন এর থেকে ১০০ টাকার হেড ফোন এ বেশি আওয়াজ আসবে,বাজে প্রডাক্ট আওয়াজ এক দম ডাউন এর থেকে ১০০ টাকার হেড ফোন এ বেশি আওয়াজ আসবে,product_quality_negative,Negative,Product Quality,"{""Product Quality"": ""negative""}"
43839972377231,"প্রডাক্ট ভালোই ছিলো, তবে একটা সমস্য কথা বলার সময় একটু জোরে কথা বলতে হয়।","প্রডাক্ট ভালোই ছিলো , তবে একটা সমস্য কথা বলার সময় একটু জোরে কথা বলতে হয় ।",product_quality_positive,Positive,Product Quality,"{""Product Quality"": ""positive""}"
42981759277231,"দাম অনুযায়ী পন্যটি অনেক ভালো, সবকিছু পারফেক্ট আছে
ধন্যবাদ সেলার এবং ডেলিভারি ভাইকে ।","দাম অনুযায়ী পন্য টি অনেক ভালো , সবকিছু পারফেক্ট আছে ধন্যবাদ সেলার এবং ডেলিভারি ভাইকে ।",price_positive#product_quality_positive,Positive,"Price, Product Quality","{""Price"": ""positive"", ""Product Quality"": ""positive""}"
43689811977231,যেমন চাইছি তেমন পাইছি। আর ডেলিভারি ভাইয়ার ব্যবহারো ভালো ধন্যবাদ  দারাজ,যেমন চাইছি তেমন পাইছি । আর ডেলিভারি ভাইয়ার ব্যবহারো ভালো ধন্যবাদ দারাজ,delivery_positive#product_quality_positive,Positive,"Delivery, Product Quality","{""Delivery"": ""positive"", ""Product Quality"": ""positive""}"
43732839977231,আপনারা নিঃসন্দে নিতে পারেন অরিজিনাল একটা ভালো প্রোডাক্ট ১০০ চার্জ ব্যাকাপ ১০০,আপনারা নিঃসন্দে নিতে পারেন অরিজিনাল একটা ভালো প্রোডাক্ট ১০০ চার্জ ব্যাকাপ ১০০,product_quality_positive,Positive,Product Quality,"{""Product Quality"": ""positive""}"
41734273977231,এই দামে আমার কাছে বেস্ট একটি পণ্য মনে হচ্ছে। সত্যিই সব দিক দিয়ে ভালো লাগছে । ব্যাটারি ব্যাকআপও যথেষ্ট ভালো।🥰🥰,এই দামে আমার কাছে বেস্ট একটি পণ্য মনে হচ্ছে । সত্যিই সব দিক দিয়ে ভালো লাগছে । ব্যাটারি ব্যাকআপ ও যথেষ্ট ভালো ।,price_positive#product_quality_positive,Positive,"Price, Product Quality","{""Price"": ""positive"", ""Product Quality"": ""positive""}"
41775579177231,আলহামদুলিল্লাহ্ অনেক বালোই পাইছি  আমি ১ সপ্তাহ পর রিবিউ দিলাম.অনেকটা বালোই পাইছি.সাউন্ড খুব সুন্দর.একটা সমস‍্যা মাঝে মাঝে একটু একটু কেটে যায়.কিন্তু তাতে সমস‍্যা হয়না অতোটা.সেলস ম‍্যানটাও বালো ছিলো সবাই নিতে পারেন.এই দামে অস্থির জিনিস,আলহামদুলিল্লাহ্ অনেক বালোই পাইছি আমি ১ সপ্তাহ পর রিবিউ দিলাম.অনেক টা বালোই পাইছি.সাউন্ড খুব সুন্দর.এক টা সমস্যা মাঝে মাঝে একটু একটু কেটে যায়.কিন্তু তাতে সমস্যা হয়না অতোটা.সেলস ম্যানটা ও বালো ছিলো সবাই নিতে পারেন.এই দামে অস্থির জিনিস,seller_service_positive#price_positive#product_quality_positive,Positive,"Price, Product Quality, Seller Service","{""Seller Service"": ""positive"", ""Price"": ""positive"", ""Product Quality"": ""positive""}"
47925533077231,"অনেক ভালো একটা হেডফোন আমি আজকে প্রায় দুই তিন মাস পরে রিপ্লাই দিতেছি অনেক ভালো,, কেউ নিতে চাইলে  নিতে পারেন টকবেন না আশা করি","অনেক ভালো একটা হেডফোন আমি আজকে প্রায় দুই তিন মাস পরে রিপ্লাই দিতেছি অনেক ভালো , , কেউ নিতে চাইলে নিতে পারেন টকবেন না আশা করি",product_quality_positive,Positive,Product Quality,"{""Product Quality"": ""positive""}"
42191488177231,দারাজ কে ধন্যবাদ  আমি যেমন চেয়েছিলাম তেমন পেয়েছি। আমার প্রোডাক্টটি অনেক ভালো।চার্জও ভালো থাকে,দারাজ কে ধন্যবাদ আমি যেমন চেয়েছিলাম তেমন পেয়েছি । আমার প্রোডাক্ট টি অনেক ভালো । চার্জ ও ভালো থাকে,product_quality_positive,Positive,Product Quality,"{""Product Quality"": ""positive""}"
44381237977231,অনেক সুন্দর এবং ভালো প্রোডাক্ট চাইলে সবাই নিতে পারেন,অনেক সুন্দর এবং ভালো প্রোডাক্ট চাইলে সবাই নিতে পারেন,product_quality_positive,Positive,Product Quality,"{""Product Quality"": ""positive""}"
42750282077231,"খুব ভালা লাগছে প্রোডাক্টটা, সাথে আবার আরো ২ টা অর্ডার দিচি ধন্যবাদা দারাজ ও সেলারকে","খুব ভালা লাগছে প্রোডাক্ট টা , সাথে আবার আরো ২ টা অর্ডার দিচি ধন্যবাদা দারাজ ও সেলারকে",product_quality_positive,Positive,Product Quality,"{""Product Quality"": ""positive""}"
45096699777231,একমাস ব্যাবহার করলাম।ভালোই নিতে পারেন😍,একমাস ব্যাবহার করলাম । ভালোই নিতে পারেন,product_quality_positive,Positive,Product Quality,"{""Product Quality"": ""positive""}"
43851871077231,এমনি ভালো কিন্তু ওপরে কিসের যানি দাগ পরছে আপনার নিতে পারেন 🥺,এমনি ভালো কিন্তু ওপরে কিসের যানি দাগ পরছে আপনার নিতে পারেন,product_quality_positive,Positive,Product Quality,"{""Product Quality"": ""positive""}"
45586453577231,অনেক ধন্যবাদ দারাজকে এই টুকুই,অনেক ধন্যবাদ দারাজকে এই টুকুই,product_quality_positive,Positive,Product Quality,"{""Product Quality"": ""positive""}"
43839548577231,বেশি কিছু বললাম না খুবি ভালো একটা প্রোডাক আপনারা চাইলে নিতে পারেন,বেশি কিছু বললাম না খুবি ভালো একটা প্রোডাক আপনারা চাইলে নিতে পারেন,product_quality_positive,Positive,Product Quality,"{""Product Quality"": ""positive""}"
44327448677231,প্রোডাক্ট টা ভালো । চার্জ ভালো থাকে। চাইলে নিতে পারেন।,প্রোডাক্ট টা ভালো । চার্জ ভালো থাকে । চাইলে নিতে পারেন ।,product_quality_positive,Positive,Product Quality,"{""Product Quality"": ""positive""}"
44555721177231,"খুবই সুন্দর প্রডাক্ট। 

নিশ্চিন্তে নিতে পারেন",খুবই সুন্দর প্রডাক্ট । নিশ্চিন্তে নিতে পারেন,product_quality_positive,Positive,Product Quality,"{""Product Quality"": ""positive""}"
43045753477231,"আলহামদুলিল্লাহ যেমন আশা করেছিলাম তেমনি পেয়েছি,,, এবং সেলার  অনেক ভালো ছিলো","আলহামদুলিল্লাহ যেমন আশা করেছিলাম তেমনি পেয়েছি , এবং সেলার অনেক ভালো ছিলো",seller_service_positive#product_quality_positive,Positive,"Product Quality, Seller Service","{""Seller Service"": ""positive"", ""Product Quality"": ""positive""}"
43164754177231,"সেলার ভালো না।
কেউ একজন রিটার্ন করেছে সেইটা আমাকে দিয়েছেন। এটা ছিলো নন মেগনেট।",সেলার ভালো না । কেউ একজন রিটার্ন করেছে সেই টা আমাকে দিয়েছেন । এটা ছিলো নন মেগনেট ।,seller_service_positive,Positive,Seller Service,"{""Seller Service"": ""positive""}"
45023393277231,জিনিসটা খুব ভালো কিন্তু চার্জ কম থাকে,জিনিস টা খুব ভালো কিন্তু চার্জ কম থাকে,product_quality_positive,Positive,Product Quality,"{""Product Quality"": ""positive""}"
41403285477231,"সবাই নিতে পারেন, অনেক ভালো পোডাক্ট, কম দামে পেলাম, দোকানে ৬০০ টাকা দাম, যেতা আমি ৩৭০ টাকা দিয়ে পেয়েছি। আমি খুব দ্রুত হাতে পেয়েছি।  ধন্যবাদ সেলার ও দারাজ কে।","সবাই নিতে পারেন , অনেক ভালো পোডাক্ট , কম দামে পেলাম , দোকানে ৬০০ টাকা দাম , যেতা আমি ৩৭০ টাকা দিয়ে পেয়েছি । আমি খুব দ্রুত হাতে পেয়েছি । ধন্যবাদ সেলার ও দারাজ কে ।",delivery_positive#price_positive#product_quality_positive,Positive,"Delivery, Price, Product Quality","{""Delivery"": ""positive"", ""Price"": ""positive"", ""Product Quality"": ""positive""}"
41373333777231,"প্রডাক্টটা যখন প্রথমে হাতে পেলাম বক্সটা খুলে মন খারাপ হয়েছিলো তার কারণ একটা এয়ারবাড খারাপ ছিলো।সেলারকে নোটিফিকেশন পাঠালাম প্রডাক্টের বিবরণ দিয়ে তারা আমার সাথে একদিন পর যোগাযোগ করে জানায় তারা আমাকে আর একটি প্রডাক্ট রিপ্লেস পাঠাচ্ছে।
প্রথমে বিশ্বাস করতে চাইছিলামনা তার ঠিক একদিন পরে কুরিয়ার থেকে ফোন দিয়ে জানালো আমার নামে একটা পার্সেল আছে প্রডাক্টটা হাতে পেয়ে খুলে দেখি সত্যিই তারা রিপ্লেস পাঠিয়েছে।
এখন যেটা পেয়েছি সেটা সবকিছু খুবই ভালো আছে।
সেলারকে অসংখ্য ধন্যবাদ সেই সাথে দারাজকে ধন্যবাদ।",প্রডাক্ট টা যখন প্রথমে হাতে পেলাম বক্স টা খুলে মন খারাপ হয়েছিলো তার কারণ একটা এয়ারবাড খারাপ ছিলো । সেলারকে নোটিফিকেশন পাঠালাম প্রডাক্টের বিবরণ দিয়ে তারা আমার সাথে একদিন পর যোগাযোগ করে জানায় তারা আমাকে আর একটি প্রডাক্ট রিপ্লেস পাঠাচ্ছে । প্রথমে বিশ্বাস করতে চাইছিলামনা তার ঠিক একদিন পরে কুরিয়ার থেকে ফোন দিয়ে জানালো আমার নামে একটা পার্সেল আছে প্রডাক্ট টা হাতে পেয়ে খুলে দেখি সত্যিই তারা রিপ্লেস পাঠিয়েছে । এখন যে টা পেয়েছি সে টা সবকিছু খুবই ভালো আছে । সেলারকে অসংখ্য ধন্যবাদ সেই সাথে দারাজকে ধন্যবাদ ।,product_quality_positive,Positive,Product Quality,"{""Product Quality"": ""positive""}"
41516754577231,"ভালোই।দাম অনুযায়ী পন্য ঠিক আছে।চায়লে নিতে পারেন।
বলছিলেন প্রডাক্ট দেখে নেওয়া যাবে।কিন্তু তা দেয়নি।তাই সেলার সাবিস এ ৩ টাই থাক।বাকি গুলায় বাড়াইয়া দিছি।",ভালোই । দাম অনুযায়ী পন্য ঠিক আছে । চায়লে নিতে পারেন । বলছিলেন প্রডাক্ট দেখে নেওয়া যাবে । কিন্তু তা দেয়নি । তাই সেলার সাবিস এ ৩ টাই থাক । বাকি গুলায় বাড়াইয়া দিছি ।,seller_service_neutral#price_positive#product_quality_positive,Positive,"Price, Product Quality, Seller Service","{""Seller Service"": ""neutral"", ""Price"": ""positive"", ""Product Quality"": ""positive""}"
54038058177231,মোটামুটি ভালো শুধু গান শোনার জন্য ভালো এটা গেমিং এর জন্য ভালো নয় সাউন্ড দেরিতে আসে,মোটামুটি ভালো শুধু গান শোনার জন্য ভালো এটা গেমিং এর জন্য ভালো নয় সাউন্ড দেরিতে আসে,product_quality_neutral,Neutral,Product Quality,"{""Product Quality"": ""neutral""}"
44139058677231,ভালো আছে আপনারা সবাই নিতে পারেন!দারাজ কে ধন্যবাদ,ভালো আছে আপনারা সবাই নিতে পারেন ! দারাজ কে ধন্যবাদ,product_quality_positive,Positive,Product Quality,"{""Product Quality"": ""positive""}"
43992098277231,"মাঝে মাঝে কারন ছাড়াই অফ হয়ে যায়।
মোটামুটি ভালো। আহামরি না।",মাঝে মাঝে কারন ছাড়াই অফ হয়ে যায় । মোটামুটি ভালো । আহামরি না ।,product_quality_neutral,Neutral,Product Quality,"{""Product Quality"": ""neutral""}"
42813358677231,"মোটামুটি ঠিকঠাক, 
কিন্তু চার্জ একটু কম থাকে,
তবে ৩৪০ টাকায় ঠিকঠাকই❤️","মোটামুটি ঠিকঠাক , কিন্তু চার্জ একটু কম থাকে , তবে ৩৪০ টাকায় ঠিকঠাকই",price_neutral#product_quality_neutral,Neutral,"Price, Product Quality","{""Price"": ""neutral"", ""Product Quality"": ""neutral""}"
41262143677231,খারাপ বলা চলে না।মোটামুটি অনেক ভালো।এক হাতে ব্যবহার করার মত।আল্লাহ ভরসা দেখি কত দিন চলে।চার্জ মোটামুটি💔💔,খারাপ বলা চলে না । মোটামুটি অনেক ভালো । এক হাতে ব্যবহার করার মত । আল্লাহ ভরসা দেখি কত দিন চলে । চার্জ মোটামুটি,product_quality_positive,Positive,Product Quality,"{""Product Quality"": ""positive""}"
41264367277231,"আলহামদুলিল্লাহ, অনেক ভালো প্রোডাক্ট পেয়েছি। ধন্যবাদ দারাজকে যে কেউ নিতে পারেন। আসা করি দারাজ সবসময় এরকম পারফরম্যান্স করে যাবে।","আলহামদুলিল্লাহ , অনেক ভালো প্রোডাক্ট পেয়েছি । ধন্যবাদ দারাজকে যে কেউ নিতে পারেন । আসা করি দারাজ সবসময় এরকম পারফরম্যান্স করে যাবে ।",product_quality_positive,Positive,Product Quality,"{""Product Quality"": ""positive""}"
41285539177231,দামের তুলনায় যথেষ্ট ভালো। কোয়ালিটি ও ডিজাইন মনে ধরার মতো। কিন্তু চার্জ কম থাকে মনে হয়। চার্জ আরেকটু ভালো থাকলে ভালো হতো। তবে সহজেই কানেক্ট হয়।,দামের তুলনায় যথেষ্ট ভালো । কোয়ালি টি ও ডিজাইন মনে ধরার মতো । কিন্তু চার্জ কম থাকে মনে হয় । চার্জ আরেকটু ভালো থাকলে ভালো হতো । তবে সহজেই কানেক্ট হয় ।,price_positive#product_quality_positive,Positive,"Price, Product Quality","{""Price"": ""positive"", ""Product Quality"": ""positive""}"
41354608877231,ধন্যবাদ সেলারকে এত ভালো একটা প্রোডাক্ট দেওয়ার জন্য।এই দামে এর থেকে ভালো প্রোডাক্ট আশা করা যায় না। অনেক ভালো প্রোডাক্ট টা। সাউন্ড কোয়ালিটিও অনেক ভালো। ডেলিভারি ম্যানের ব্যাবহারও ভালো ছিল। আমি অনেক স্যাটিসফাইড,ধন্যবাদ সেলারকে এত ভালো একটা প্রোডাক্ট দেওয়ার জন্য । এই দামে এর থেকে ভালো প্রোডাক্ট আশা করা যায় না । অনেক ভালো প্রোডাক্ট টা । সাউন্ড কোয়ালিটি ও অনেক ভালো । ডেলিভারি ম্যানের ব্যাবহার ও ভালো ছিল । আমি অনেক স্যাটিসফাইড,delivery_positive#price_positive#product_quality_positive,Positive,"Delivery, Price, Product Quality","{""Delivery"": ""positive"", ""Price"": ""positive"", ""Product Quality"": ""positive""}"
41274086577231,আলহামদুলিল্লাহ। সেলার এবং ডেলিভারি ম্যান দু জনকেই ধন্যবাদ খুব সুন্দর প্যাকেজিং  ও সুন্দর ভাবে পৌঁছাতে  দেওয়ার জন্য। ❤️,আলহামদুলিল্লাহ । সেলার এবং ডেলিভারি ম্যান দু জনকেই ধন্যবাদ খুব সুন্দর প্যাকেজিং ও সুন্দর ভাবে পৌঁছাতে দেওয়ার জন্য ।,seller_service_positive#delivery_positive#packaging_positive,Positive,"Delivery, Packaging, Seller Service","{""Seller Service"": ""positive"", ""Delivery"": ""positive"", ""Packaging"": ""positive""}"
43407937077231,আলহামদুলিল্লাহ পোডাক টি ভালো পাইসি। চলেও ভালো। ধন্যবাদ সেলার ভাই।,আলহামদুলিল্লাহ পোডাক টি ভালো পাইসি । চলে ও ভালো । ধন্যবাদ সেলার ভাই ।,product_quality_positive,Positive,Product Quality,"{""Product Quality"": ""positive""}"
41687501177231,এখন পর্যন্ত তো ভালোই কাজ করছে মনে হয় ভালো আছে। আপনারা চাইলে নিতে পারেন দাম অনুযায়ী ঠিক আছে।,এখন পর্যন্ত তো ভালোই কাজ করছে মনে হয় ভালো আছে । আপনারা চাইলে নিতে পারেন দাম অনুযায়ী ঠিক আছে ।,price_neutral#product_quality_positive,Positive,"Price, Product Quality","{""Price"": ""neutral"", ""Product Quality"": ""positive""}"
43526549977231,"ভালো জিনিস।।এর আগেও একটা ব্যবহার করছি❤️
ব্যাটারী ব্যাকআপও ভালো",ভালো জিনিস । । এর আগে ও একটা ব্যবহার করছি ব্যাটারী ব্যাকআপ ও ভালো,product_quality_positive,Positive,Product Quality,"{""Product Quality"": ""positive""}"
43763668577231,"দ্রুত হাতে পেয়েছি, প্রোডাক্টটি ব্যাবহার করে ভাল লাগছে।","দ্রুত হাতে পেয়েছি , প্রোডাক্ট টি ব্যাবহার করে ভাল লাগছে ।",delivery_positive#product_quality_positive,Positive,"Delivery, Product Quality","{""Delivery"": ""positive"", ""Product Quality"": ""positive""}"
43857714777231,ডিলেভারি অনেক দূরত্ব পাইছি।  এবং প্রোডাক্ট টাও ভালো।,ডিলেভারি অনেক দূরত্ব পাইছি । এবং প্রোডাক্ট টা ও ভালো ।,delivery_positive#product_quality_positive,Positive,"Delivery, Product Quality","{""Delivery"": ""positive"", ""Product Quality"": ""positive""}"
43002413177231,"বেস্ট কোয়ালিটি,,, অসম্ভব সুন্দর,,, অসংখ্য ধন্যবাদ সেলার ভাই কে,,,","বেস্ট কোয়ালি টি , অসম্ভব সুন্দর , অসংখ্য ধন্যবাদ সেলার ভাই কে ,",product_quality_positive,Positive,Product Quality,"{""Product Quality"": ""positive""}"
41445129477231,সাত দিন ব্যাবহারের পর রিভিও দিচ্ছি এই দামে ঠিক আছে লাইভ ভাওচার ব্যাবহার করে ২২৯ টাকায় কিনেছি,সাত দিন ব্যাবহারের পর রিভি ও দিচ্ছি এই দামে ঠিক আছে লাইভ ভাওচার ব্যাবহার করে ২২৯ টাকায় কিনেছি,price_neutral#product_quality_neutral,Neutral,"Price, Product Quality","{""Price"": ""neutral"", ""Product Quality"": ""neutral""}"
49138156377231,প্রথমে তো ডেলিভারি দিতে দেরি হয়েছে তারপরে সমস্যা ব্লুটুথ এর সাউন্ড মোটামুটি তবে একটা সাউন্ড বেশি একটা সাউন্ড কম আর ব্লুটুথ ব্যবহার কইরা কথা বলা যায় না ডান কানে ব্লুটুথ দ্বারা কথা বলা যায় না সাউন্ড একেবারেই নাই,প্রথমে তো ডেলিভারি দিতে দেরি হয়েছে তারপরে সমস্যা ব্লুটুথ এর সাউন্ড মোটামুটি তবে একটা সাউন্ড বেশি একটা সাউন্ড কম আর ব্লুটুথ ব্যবহার কইরা কথা বলা যায় না ডান কানে ব্লুটুথ দ্বারা কথা বলা যায় না সাউন্ড একেবারেই নাই,delivery_negative#product_quality_negative,Negative,"Delivery, Product Quality","{""Delivery"": ""negative"", ""Product Quality"": ""negative""}"
41381151177231,ধন্যবাদ সেলারকে। যে এত কম দামে এত সুন্দর একটি প্রোডাক্ট দেওয়ার জন্য। হেডফোনটি খুব সুন্দর হয়েছে।,ধন্যবাদ সেলারকে । যে এত কম দামে এত সুন্দর একটি প্রোডাক্ট দেওয়ার জন্য । হেডফোন টি খুব সুন্দর হয়েছে ।,price_positive#product_quality_positive,Positive,"Price, Product Quality","{""Price"": ""positive"", ""Product Quality"": ""positive""}"
43578177177231,আপাতত সব ঠিক আছে কিছুদিন ব্যবহার করে আবার রিভিউ আপডেট দিব।,আপাতত সব ঠিক আছে কিছুদিন ব্যবহার করে আবার রিভিউ আপডেট দিব ।,product_quality_positive,Positive,Product Quality,"{""Product Quality"": ""positive""}"
39691226277231,"ধন্যবাদ সেলার কে।  পোডাক্ট টা অনেক ভালো হয়েছে।  যদিও প্রথমত একটু সমস্যা ছিলো পরে কিছুদিনের মধ্যেই চেন্জ করে দিয়েছে🥰
আপনারা চাইলে পোডাক্ট টা নিতে পারেন 😊",ধন্যবাদ সেলার কে । পোডাক্ট টা অনেক ভালো হয়েছে । যদি ও প্রথমত একটু সমস্যা ছিলো পরে কিছুদিনের মধ্যেই চেন্জ করে দিয়েছে আপনারা চাইলে পোডাক্ট টা নিতে পারেন,product_quality_positive,Positive,Product Quality,"{""Product Quality"": ""positive""}"
40450240877231,"দামের তুলনায় প্রডাক্ট যথেষ্টই ভাল।খুচরা বাজারে ১৫০-২০০ টাকা বেশি দিয়ে কিনতে হবে।
চার্জও মোটামুটি ভালই টিকে। নিতে পারেন এই রং চায়ের দামে মালাই চা পাইবেন",দামের তুলনায় প্রডাক্ট যথেষ্টই ভাল । খুচরা বাজারে ১৫০-২০০ টাকা বেশি দিয়ে কিনতে হবে । চার্জ ও মোটামুটি ভালই টিকে । নিতে পারেন এই রং চায়ের দামে মালাই চা পাইবেন,price_positive#product_quality_positive,Positive,"Price, Product Quality","{""Price"": ""positive"", ""Product Quality"": ""positive""}"
40891244877231,অনেক ভালো একটা জিনিস এক ভাবে ৬ ঘন্টা গান শুনেও চার্জ শেষ করতে পারি নাই আর বক্স কিনা ৫ দিন এখনও চার্জ দেওয়া লাগেনি সবাই চাইলে নিতে পারেন,অনেক ভালো একটা জিনিস এক ভাবে ৬ ঘন্টা গান শুনে ও চার্জ শেষ করতে পারি নাই আর বক্স কিনা ৫ দিন এখন ও চার্জ দেওয়া লাগেনি সবাই চাইলে নিতে পারেন,product_quality_positive,Positive,Product Quality,"{""Product Quality"": ""positive""}"
40098318677231,ধন্যবাদ দারাজকে।ধন্যবাদ সেলার ভাইকে এত সুন্দর একটা পন্য দেওয়ার জন্য।।এত কম দামে এত সুন্দর একটা প্রোডাক্ট পাবো তা ভাবতেই পারিনি।❤️❤️,ধন্যবাদ দারাজকে । ধন্যবাদ সেলার ভাইকে এত সুন্দর একটা পন্য দেওয়ার জন্য । । এত কম দামে এত সুন্দর একটা প্রোডাক্ট পাবো তা ভাবতেই পারিনি ।,price_positive#product_quality_positive,Positive,"Price, Product Quality","{""Price"": ""positive"", ""Product Quality"": ""positive""}"
40247607377231,"সময় মত ডেলিভারি দেওয়ার জন্য ধন্যবাদ।
মতামত: ডেলিভারি দেওয়ার পূর্বে রাইডাররা অন্ততপক্ষে দুই ঘণ্টা পূর্বে ফোন দিয়ে কনফার্ম করলে আরো ভালো হয়।",সময় মত ডেলিভারি দেওয়ার জন্য ধন্যবাদ । মতামত ডেলিভারি দেওয়ার পূর্বে রাইডাররা অন্ততপক্ষে দুই ঘণ্টা পূর্বে ফোন দিয়ে কনফার্ম করলে আরো ভালো হয় ।,delivery_positive,Positive,Delivery,"{""Delivery"": ""positive""}"
40069114077231,আলহামদুলিল্লাহ প্রোডাক্ট টি ভালো।আমি দুই সপ্তাহ ব্যবহার করে রিভিউ দিচ্ছি।এই দামে বেস্ট প্রোডাক্ট।আপনারাও চাইলে নিতে পারেন।ধন্যবাদ দারাজ ও সেলার ভাইকে।,আলহামদুলিল্লাহ প্রোডাক্ট টি ভালো । আমি দুই সপ্তাহ ব্যবহার করে রিভিউ দিচ্ছি । এই দামে বেস্ট প্রোডাক্ট । আপনারা ও চাইলে নিতে পারেন । ধন্যবাদ দারাজ ও সেলার ভাইকে ।,price_positive#product_quality_positive,Positive,"Price, Product Quality","{""Price"": ""positive"", ""Product Quality"": ""positive""}"
46845814877231,হেডফোন টা খুবই তাড়াতাড়ি হাতে পেয়েছি সব কিছুই ভালো কিন্তু চার্জ  কম টেকে,হেডফোন টা খুবই তাড়াতাড়ি হাতে পেয়েছি সব কিছুই ভালো কিন্তু চার্জ কম টেকে,delivery_positive#product_quality_positive,Positive,"Delivery, Product Quality","{""Delivery"": ""positive"", ""Product Quality"": ""positive""}"
44757173477231,অনেক অনেক সুন্দর ভালো পন্য,অনেক অনেক সুন্দর ভালো পন্য,product_quality_positive,Positive,Product Quality,"{""Product Quality"": ""positive""}"
43311795477231,"এই বাজেটে এর থেকে বেশি আশা করা যায় না, তবে ভালো লেগেছে","এই বাজেটে এর থেকে বেশি আশা করা যায় না , তবে ভালো লেগেছে",price_positive#product_quality_positive,Positive,"Price, Product Quality","{""Price"": ""positive"", ""Product Quality"": ""positive""}"
43284766377231,হেডফোনটা অনেক ভালো।। কেউ চাইলে অবশ্যই নিতে পারেন🥰🥰,হেডফোন টা অনেক ভালো । । কেউ চাইলে অবশ্যই নিতে পারেন,product_quality_positive,Positive,Product Quality,"{""Product Quality"": ""positive""}"
42066066077231,বেশ কয়েকদিন  চালানোর পরে বুঝতে পারলাম আসলে জিনিসটা ভালো সবাই নিতে পারেন,বেশ কয়েকদিন চালানোর পরে বুঝতে পারলাম আসলে জিনিস টা ভালো সবাই নিতে পারেন,product_quality_positive,Positive,Product Quality,"{""Product Quality"": ""positive""}"
47354275377231,"একে বারে ফালতু/
একদম ভালো না আমি নিয়ে আবার ফেরদ দিছি/
১ দিন ও চালাইতে পারি নাই/",একে বারে ফালতু একদম ভালো না আমি নিয়ে আবার ফেরদ দিছি ১ দিন ও চালাইতে পারি নাই,product_quality_negative,Negative,Product Quality,"{""Product Quality"": ""negative""}"
40987251277231,"ধন্যবাদ দারাজ কে,ভালো মানের ব্লুটুথ হেডফোন দেওয়ার জন্য, অনেক ভালো কম দামে, ভালো মানের প্রোডাক্ট","ধন্যবাদ দারাজ কে , ভালো মানের ব্লুটুথ হেডফোন দেওয়ার জন্য , অনেক ভালো কম দামে , ভালো মানের প্রোডাক্ট",price_positive#product_quality_positive,Positive,"Price, Product Quality","{""Price"": ""positive"", ""Product Quality"": ""positive""}"
44233588377231,প্রডাক্ট টা ভালো ছিলো ধন্যবাদ আপনাদের,প্রডাক্ট টা ভালো ছিলো ধন্যবাদ আপনাদের,product_quality_positive,Positive,Product Quality,"{""Product Quality"": ""positive""}"
42356962977231,খুব ভালো আমি আছি দুই সপ্তাহ পরে দিলাম দুই ঘণ্টার মতো ব্যাকআপ দেয়,খুব ভালো আমি আছি দুই সপ্তাহ পরে দিলাম দুই ঘণ্টার মতো ব্যাকআপ দেয়,product_quality_positive,Positive,Product Quality,"{""Product Quality"": ""positive""}"
43221959477231,"পন্য ভাল, কিন্তু ডেলিভারি ম্যানের দায়িত্ব পালনে ব্যার্থ।","পন্য ভাল , কিন্তু ডেলিভারি ম্যানের দায়িত্ব পালনে ব্যার্থ ।",delivery_negative#product_quality_positive,Neutral,"Delivery, Product Quality","{""Delivery"": ""negative"", ""Product Quality"": ""positive""}"
43705432377231,পণ্যটি অত্যন্ত ভালো আপনারা চাইলেও নিতে পারেন.. ❤️,পণ্য টি অত্যন্ত ভালো আপনারা চাইলে ও নিতে পারেন..,product_quality_positive,Positive,Product Quality,"{""Product Quality"": ""positive""}"
40044199577231,অনেক ভালো। যেমন টা চেয়েছিলাম। পণ্য হাতে পেতে দেরি হলেও দারাজ চেষ্টা করেছে তারাতাড়ি দেওয়ার জন্য,অনেক ভালো । যেমন টা চেয়েছিলাম । পণ্য হাতে পেতে দেরি হলে ও দারাজ চেষ্ টা করেছে তারাতাড়ি দেওয়ার জন্য,delivery_negative#product_quality_positive,Neutral,"Delivery, Product Quality","{""Delivery"": ""negative"", ""Product Quality"": ""positive""}"
42230508777231,আলহামদুলিল্লাহ যেমনটা দেখানো হয়েছে তেমন ই পাইছি।  সাউন্ড টাউ ভাল।,আলহামদুলিল্লাহ যেমন টা দেখানো হয়েছে তেমন ই পাইছি । সাউন্ড টাউ ভাল ।,product_quality_positive,Positive,Product Quality,"{""Product Quality"": ""positive""}"
44057431377231,প্রোডাক্ট এর কোয়ালিটি মোটামুটি ভালো।,প্রোডাক্ট এর কোয়ালি টি মোটামুটি ভালো ।,product_quality_neutral,Neutral,Product Quality,"{""Product Quality"": ""neutral""}"
44070917377231,অনেক ভালো কাজে দেয়। চাইলে নিতে পারেন,অনেক ভালো কাজে দেয় । চাইলে নিতে পারেন,product_quality_positive,Positive,Product Quality,"{""Product Quality"": ""positive""}"
42539291377231,ধন্যবাদ সেলার কে।ভালো ছিল পন্যটি প্যাকেজিং ও ভালো ছিল।,ধন্যবাদ সেলার কে । ভালো ছিল পন্য টি প্যাকেজিং ও ভালো ছিল ।,packaging_positive#product_quality_positive,Positive,"Packaging, Product Quality","{""Packaging"": ""positive"", ""Product Quality"": ""positive""}"
41679407877231,"আলহামদুলিল্লাহকম দামে ভালো নিতে পারেন,,,, ডেলিভারি দিছে ভায়াটা খুব ভালো","আলহামদুলিল্লাহকম দামে ভালো নিতে পারেন , ডেলিভারি দিছে ভায়া টা খুব ভালো",delivery_positive#price_positive#product_quality_positive,Positive,"Delivery, Price, Product Quality","{""Delivery"": ""positive"", ""Price"": ""positive"", ""Product Quality"": ""positive""}"
41727360477231,দাম অনুযায়ী ভালো।একদিন ব্যবহার করলাম।কেমন হবে ব্যবহার করে দেখি।ধন্যবাদ।,দাম অনুযায়ী ভালো । একদিন ব্যবহার করলাম । কেমন হবে ব্যবহার করে দেখি । ধন্যবাদ ।,product_quality_positive,Positive,Product Quality,"{""Product Quality"": ""positive""}"
43527688277231,দাম হিসেবে ভালো 👍কিন্তু বাক্সটা নরমাল।,দাম হিসেবে ভালো কিন্তু বাক্স টা নরমাল ।,price_positive#product_quality_positive,Positive,"Price, Product Quality","{""Price"": ""positive"", ""Product Quality"": ""positive""}"
43297948577231,যেমনটা চেয়েছি তেমনই পেয়েছি। চার্জও ভালো থাকে।,যেমন টা চেয়েছি তেমনই পেয়েছি । চার্জ ও ভালো থাকে ।,product_quality_positive,Positive,Product Quality,"{""Product Quality"": ""positive""}"
43527069077231,খুবই ভালো প্রোডাক্ট চাইলে আপনারও নিতে পারেন,খুবই ভালো প্রোডাক্ট চাইলে আপনার ও নিতে পারেন,product_quality_positive,Positive,Product Quality,"{""Product Quality"": ""positive""}"
41970144577231,"আলহামদুলিল্লাহ  দামের হারে আনেক ভালো পেয়েছি  এবং 
সাউন্ড  আনেক ভালো",আলহামদুলিল্লাহ দামের হারে আনেক ভালো পেয়েছি এবং সাউন্ড আনেক ভালো,price_positive#product_quality_positive,Positive,"Price, Product Quality","{""Price"": ""positive"", ""Product Quality"": ""positive""}"
41395520777231,"প্রোডাক্ট টা এই দাম এ অনেক ভালো ,পিকচার এ দেখানো মতোই সেম প্রোডাক্ট পাইছি।","প্রোডাক্ট টা এই দাম এ অনেক ভালো , পিকচার এ দেখানো মতোই সেম প্রোডাক্ট পাইছি ।",price_positive#product_quality_positive,Positive,"Price, Product Quality","{""Price"": ""positive"", ""Product Quality"": ""positive""}"
41459170277231,"এখন পর্যন্ত ঠিকঠাক ই আছে, কিছুদিন ব্যবহার করি, 
পরে আবার রিভিউ দিবো।❤️🌸","এখন পর্যন্ত ঠিকঠাক ই আছে , কিছুদিন ব্যবহার করি , পরে আবার রিভিউ দিবো ।",product_quality_positive,Positive,Product Quality,"{""Product Quality"": ""positive""}"
43030141877231,"আলহামদুলিল্লাহ।
দাম অনুযায়ী ভালো প্রোডাক্ট।",আলহামদুলিল্লাহ । দাম অনুযায়ী ভালো প্রোডাক্ট ।,price_positive#product_quality_positive,Positive,"Price, Product Quality","{""Price"": ""positive"", ""Product Quality"": ""positive""}"
43053149777231,অনেক ভালো একটি পন্য🖤 ধন্যবাদ সেলার ভাইকে🤍,অনেক ভালো একটি পন্য ধন্যবাদ সেলার ভাইকে,product_quality_positive,Positive,Product Quality,"{""Product Quality"": ""positive""}"
41736498977231,"অনেক সুন্দর, দুটা নিয়েছি,  চার্জ ও ভালো থাকে, অনেক সময় ব্যাকাপ দেই","অনেক সুন্দর , দু টা নিয়েছি , চার্জ ও ভালো থাকে , অনেক সময় ব্যাকাপ দেই",product_quality_positive,Positive,Product Quality,"{""Product Quality"": ""positive""}"
43639871177231,"পন্যটি অনেক ভালো হইছে আলহামদুলিল্লাহ,,","পন্য টি অনেক ভালো হইছে আলহামদুলিল্লাহ , ,",product_quality_positive,Positive,Product Quality,"{""Product Quality"": ""positive""}"
43668691577231,আলহামদুলিল্লাহ ভাল আপনারা নিতে পারেন,আলহামদুলিল্লাহ ভাল আপনারা নিতে পারেন,product_quality_positive,Positive,Product Quality,"{""Product Quality"": ""positive""}"
40394024577231,"প্রোডাক্ট টি পাঁচ দিন ব্যাবহার করার পর রিভিউ দিলাম। ভালো আছে, কেউ চাইলে নিতে পারেন।","প্রোডাক্ট টি পাঁচ দিন ব্যাবহার করার পর রিভিউ দিলাম । ভালো আছে , কেউ চাইলে নিতে পারেন ।",product_quality_positive,Positive,Product Quality,"{""Product Quality"": ""positive""}"
42775976877231,প্রোডাক্টটা খুব ভালো আপনারা সবাই নিতে পারেন।।।,প্রোডাক্ট টা খুব ভালো আপনারা সবাই নিতে পারেন ।,product_quality_positive,Positive,Product Quality,"{""Product Quality"": ""positive""}"
48593482777231,এক কথায় সেলার এর ব্যবহার খুবই সুন্দর ৫ টা অর্ডার করছি চার্জ ও টিকে সুন্দর সাউন্ড কোয়ালিটিও ভালো দাম অনুযায়ী পোডাক্ট ভালো আছে প্যাকেটিং ভালো ছিলো কিন্তু দেওয়া আছে ব্লুটুথ থেকে চার্জ উঠে চার্জ কিন্তু উঠে না আর ডেলিভারিটা অনেক দেড়ি হয়ছে আসতে,এক কথায় সেলার এর ব্যবহার খুবই সুন্দর ৫ টা অর্ডার করছি চার্জ ও টিকে সুন্দর সাউন্ড কোয়ালিটি ও ভালো দাম অনুযায়ী পোডাক্ট ভালো আছে প্যাকেটিং ভালো ছিলো কিন্তু দেওয়া আছে ব্লুটুথ থেকে চার্জ উঠে চার্জ কিন্তু উঠে না আর ডেলিভারি টা অনেক দেড়ি হয়ছে আসতে,seller_service_positive#delivery_negative#packaging_positive#price_positive,Positive,"Delivery, Packaging, Price, Seller Service","{""Seller Service"": ""positive"", ""Delivery"": ""negative"", ""Packaging"": ""positive"", ""Price"": ""positive""}"
48644718877231,"আপনাদের সার্ভিসটা অনেক ভালো  আপনাদের প্রোডাক্ট আমি হাতে পাওয়ার পরেও আপনারা আমাকে ফোন দিয়ে জিজ্ঞাসা করছেন 
প্রোডাক্টটি কেমন সার্ভিস দিচ্ছে ইত্যাদি বিস্তারিত
ভালো লাগলো

আমার কাছে কেউ জিজ্ঞাসা করলে আমি এই ডিভাইসটা কিনতে চাই কোথা থেকে কিনব 

তাহলে আমি নিশ্চয়ই বলবো এই পেজ থেকে কিনো তাহলে ভালো হবে 

আপনাদের সার্ভিস আমি খুব আনন্দিত",আপনাদের সার্ভিস টা অনেক ভালো আপনাদের প্রোডাক্ট আমি হাতে পাওয়ার পরে ও আপনারা আমাকে ফোন দিয়ে জিজ্ঞাসা করছেন প্রোডাক্ট টি কেমন সার্ভিস দিচ্ছে ইত্যাদি বিস্তারিত ভালো লাগলো আমার কাছে কেউ জিজ্ঞাসা করলে আমি এই ডিভাইস টা কিনতে চাই কোথা থেকে কিনব তাহলে আমি নিশ্চয়ই বলবো এই পেজ থেকে কিনো তাহলে ভালো হবে আপনাদের সার্ভিস আমি খুব আনন্দিত,seller_service_positive#product_quality_positive,Positive,"Product Quality, Seller Service","{""Seller Service"": ""positive"", ""Product Quality"": ""positive""}"
48631054877231,সাউন্ড কোয়ালিটি ভালো কিন্তু চার্জ টেনেটুনে এক ঘণ্টার বেশি থাকছে না এটা কষ্টদায়ক 💔 সাউন্ড আস্তে দিয়ে শুনলেও এক ঘণ্টার বেশি চার্জ থাকছে না তাছাড়া  বাকি সব ঠিকঠাক,সাউন্ড কোয়ালি টি ভালো কিন্তু চার্জ টেনেটুনে এক ঘণ্টার বেশি থাকছে না এটা কষ্টদায়ক সাউন্ড আস্তে দিয়ে শুনলে ও এক ঘণ্টার বেশি চার্জ থাকছে না তাছাড়া বাকি সব ঠিকঠাক,product_quality_positive,Positive,Product Quality,"{""Product Quality"": ""positive""}"
43521980677231,মোটামুটি ভালোই।চাইলে কিনতে পারেন😊,মোটামুটি ভালোই । চাইলে কিনতে পারেন,product_quality_neutral,Neutral,Product Quality,"{""Product Quality"": ""neutral""}"
43537981677231,খুব ভালো চাইলে আপনারাও নিতে পারেন,খুব ভালো চাইলে আপনারা ও নিতে পারেন,product_quality_positive,Positive,Product Quality,"{""Product Quality"": ""positive""}"
43327023277231,সব কিছু ঠিক আছে সমস্যা নাই 🙂🥀🥰,সব কিছু ঠিক আছে সমস্যা নাই,product_quality_neutral,Neutral,Product Quality,"{""Product Quality"": ""neutral""}"
42002824077231,আলহাদুলিল্লাহ যেমনটা আশা করছি তার চেয়ে অনেক ভালো,আলহাদুলিল্লাহ যেমন টা আশা করছি তার চেয়ে অনেক ভালো,product_quality_positive,Positive,Product Quality,"{""Product Quality"": ""positive""}"
41977504477231,ভাই  ভাল জিনিস দেওয়ার জন  দনবাদ    সবাই  নিতে পারেন,ভাই ভাল জিনিস দেওয়ার জন দনবাদ সবাই নিতে পারেন,product_quality_positive,Positive,Product Quality,"{""Product Quality"": ""positive""}"
43819906877231,খুব বাজে একটা পডাক নষ্ট ছিল,খুব বাজে একটা পডাক নষ্ট ছিল,product_quality_negative,Negative,Product Quality,"{""Product Quality"": ""negative""}"
41115480977231,আমার কাছে ভালো লেগেছে দাম হিসেবে ভালো।                         আমি আরো একটি কিব,আমার কাছে ভালো লেগেছে দাম হিসেবে ভালো । আমি আরো একটি কিব,price_positive#product_quality_positive,Positive,"Price, Product Quality","{""Price"": ""positive"", ""Product Quality"": ""positive""}"
41399744877231,যেমনটি চেয়েছি তেমনটি পেয়েছি। দাম অনুযায়ী প্রোডাক্টটি অনেক ভালো।,যেমন টি চেয়েছি তেমন টি পেয়েছি । দাম অনুযায়ী প্রোডাক্ট টি অনেক ভালো ।,price_positive#product_quality_positive,Positive,"Price, Product Quality","{""Price"": ""positive"", ""Product Quality"": ""positive""}"
40303738277231,আলহামদুলিল্লাহ যেমন চেয়েছিলাম তেমনি পেয়েছি ডারাজ কে অনেক অনেক ধন্যবাদ,আলহামদুলিল্লাহ যেমন চেয়েছিলাম তেমনি পেয়েছি ডারাজ কে অনেক অনেক ধন্যবাদ,product_quality_positive,Positive,Product Quality,"{""Product Quality"": ""positive""}"
42191729277231,ভাই ভালো একটি প্রোডাক্ট আপনারা চাইলে নিতে পারেন,ভাই ভালো একটি প্রোডাক্ট আপনারা চাইলে নিতে পারেন,product_quality_positive,Positive,Product Quality,"{""Product Quality"": ""positive""}"
42805447977231,"আলহামদুলিল্লাহ,যেমন চেয়েছি তেমন পাইছি দাম অনুযায়ী মোটামুটি ভালো","আলহামদুলিল্লাহ , যেমন চেয়েছি তেমন পাইছি দাম অনুযায়ী মোটামুটি ভালো",price_neutral#product_quality_positive,Positive,"Price, Product Quality","{""Price"": ""neutral"", ""Product Quality"": ""positive""}"
41203429577231,"ধন্যবাদ সেলারকে,ভালো পন্য দেওয়ার জন্য,প্যাকেজিং খুব ভালো ছিল।","ধন্যবাদ সেলারকে , ভালো পন্য দেওয়ার জন্য , প্যাকেজিং খুব ভালো ছিল ।",packaging_positive#product_quality_positive,Positive,"Packaging, Product Quality","{""Packaging"": ""positive"", ""Product Quality"": ""positive""}"
41144507177231,ছবিতে যা আছে তাই দিয়েছে অসাধারণ একটি প্রোডাক্ট ধন্যবাদ দারাজ কে,ছবিতে যা আছে তাই দিয়েছে অসাধারণ একটি প্রোডাক্ট ধন্যবাদ দারাজ কে,product_quality_positive,Positive,Product Quality,"{""Product Quality"": ""positive""}"
49458239477231,আলহামদুলিল্লাহ খুবই ভালো একটি প্রোডাক্ট নিতে চাইলে নিতে পারেন,আলহামদুলিল্লাহ খুবই ভালো একটি প্রোডাক্ট নিতে চাইলে নিতে পারেন,product_quality_positive,Positive,Product Quality,"{""Product Quality"": ""positive""}"
44215050977231,"প্রথমত ডেলিভারি ডেট এর আগেই পাইছি। কিন্তু এবার সন্তুষ্ট হইতে পারলাম না দারাজ থেকে কিছু কিনে।
#ভিতরের প্যাকেট টা খোলা ছিল,ঠিক ভাবে আটকানো হয় নাই।
#বাবল র‍্যাপার দিয়ে র‍্যাপ করে দেওয়া হয় নাই,সেফটি চেক করেন নাই মেয়বি।
#স্ক্রেচ এর দাগ ছিল 
#একটা বাডস এর লাইট শো করে+লিখা, আরেক্টায় একটু পর শো করে দাগ
#চার্জিং ক্যাবল নস্ট।ফোন এর চার্জার দিয়ে চার্জ দিতে হচ্ছে।
সাউন্ড ঠিক ঠাক আছে,কিন্তু বাম পাশের টা একটু কম লাগছে সাউন্ড।
দেখা যাক কয়দিন যায়☹️","প্রথমত ডেলিভারি ডেট এর আগেই পাইছি । কিন্তু এবার সন্তুষ্ট হইতে পারলাম না দারাজ থেকে কিছু কিনে । ভিতরের প্যাকেট টা খোলা ছিল , ঠিক ভাবে আটকানো হয় নাই । বাবল র্যাপার দিয়ে র্যাপ করে দেওয়া হয় নাই , সেফ টি চেক করেন নাই মেয়বি । স্ক্রেচ এর দাগ ছিল এক টা বাডস এর লাইট শো করে লিখা , আরেক্টায় একটু পর শো করে দাগ চার্জিং ক্যাবল নস্ট । ফোন এর চার্জার দিয়ে চার্জ দিতে হচ্ছে । সাউন্ড ঠিক ঠাক আছে , কিন্তু বাম পাশের টা একটু কম লাগছে সাউন্ড । দেখা যাক কয়দিন যায়",delivery_positive#packaging_negative#product_quality_negative,Negative,"Delivery, Packaging, Product Quality","{""Delivery"": ""positive"", ""Packaging"": ""negative"", ""Product Quality"": ""negative""}"
44347978177231,এটা খুব বাজে লাম কেউ এটা কিনবেন না আমি দারাজের কাছ থেকে অনেক জিনিস নিয়েছি কিন্তু দারাজ আমাকে ঠকিয়েছে,এটা খুব বাজে লাম কেউ এটা কিনবেন না আমি দারাজের কাছ থেকে অনেক জিনিস নিয়েছি কিন্তু দারাজ আমাকে ঠকিয়েছে,product_quality_negative,Negative,Product Quality,"{""Product Quality"": ""negative""}"
44318652677231,"নষ্ট পণ্য। ইয়ারবাডস চার্জিং কেস থেকে চার্জ হয় না। বিক্রেতা চেক করে পাঠালে এমন হতো না।

রিটার্ন করে দিয়েছি। দারাজও রিফান্ড করে দিয়েছে। দারাজকে দ্রুত রিফান্ড করার জন্য ধন্যবাদ।",নষ্ট পণ্য । ইয়ারবাডস চার্জিং কেস থেকে চার্জ হয় না । বিক্রেতা চেক করে পাঠালে এমন হতো না । রিটার্ন করে দিয়েছি । দারাজ ও রিফান্ড করে দিয়েছে । দারাজকে দ্রুত রিফান্ড করার জন্য ধন্যবাদ ।,product_quality_negative,Negative,Product Quality,"{""Product Quality"": ""negative""}"
41429836577231,আলহামদুলিল্লাহ অনেক ভালো সাত দিন পর অনেক ভালো চলতেছে,আলহামদুলিল্লাহ অনেক ভালো সাত দিন পর অনেক ভালো চলতেছে,product_quality_positive,Positive,Product Quality,"{""Product Quality"": ""positive""}"
42886734577231,ভাই দাম অনুযায়ী অনেক ভালো,ভাই দাম অনুযায়ী অনেক ভালো,price_positive#product_quality_positive,Positive,"Price, Product Quality","{""Price"": ""positive"", ""Product Quality"": ""positive""}"
40625955177231,আলহামদুলিল্লাহ মোটামুটি ভালোই আছে আপনারা নিতে পারেন কোন সমস্যা নাই,আলহামদুলিল্লাহ মোটামুটি ভালোই আছে আপনারা নিতে পারেন কোন সমস্যা নাই,product_quality_neutral,Neutral,Product Quality,"{""Product Quality"": ""neutral""}"
41227711077231,"অনেক সুন্দর এবং সেলার ভাইয়াটা অনেক ভালো
ধন্যবাদ ভাই",অনেক সুন্দর এবং সেলার ভাইয়া টা অনেক ভালো ধন্যবাদ ভাই,seller_service_positive#product_quality_positive,Positive,"Product Quality, Seller Service","{""Seller Service"": ""positive"", ""Product Quality"": ""positive""}"
44031040277231,"একটাতে চাজ থাকে,,,,
,,আর,একটাতে চাজ থাকে,না,,
,,,১টাটে,২ঘণ্টা
,,,,,আরকটা,১০,,মিনিট,,,,
,,,,,,,,,,,ফালতু,,জিনিস,,,,
,,,,,,,,,,,,,,,,,,,,,,,,,,","একটাতে চাজ থাকে , , , আর , একটাতে চাজ থাকে , না , , , ১টাটে , ২ঘণ্ টা , আরক টা , ১০ , , মিনিট , , ফালতু , , জিনিস , ,",product_quality_negative,Negative,Product Quality,"{""Product Quality"": ""negative""}"
44038618777231,"প্রোডাক্ট কোয়ালিটি মোটামুটি ভালো কিন্তু  সমস্যা একসাথে দুইটা  বাজে না সিঙ্গেল একটা করে বাজে খুবেই স্লো চার্জিং,","প্রোডাক্ট কোয়ালি টি মোটামুটি ভালো কিন্তু সমস্যা একসাথে দুই টা বাজে না সিঙ্গেল একটা করে বাজে খুবেই স্লো চার্জিং ,",product_quality_neutral,Neutral,Product Quality,"{""Product Quality"": ""neutral""}"
47289134577231,"মোটেও ভালো না😡 চার্জ থাকে না, আধা ঘন্টাও কথা বলতে পারিনা 😡😡","মোটে ও ভালো না চার্জ থাকে না , আধা ঘন্টা ও কথা বলতে পারিনা",product_quality_negative,Negative,Product Quality,"{""Product Quality"": ""negative""}"
48707768377231,"খুবই সুন্দর। 
সব কিছুই ঠিকঠাক আছে।প্যাকেজিংও ভালো ছিলো।ডেলিভারিও ডেটের আগে পাইছি।",খুবই সুন্দর । সব কিছুই ঠিকঠাক আছে । প্যাকেজিং ও ভালো ছিলো । ডেলিভারি ও ডেটের আগে পাইছি ।,delivery_positive#packaging_positive#product_quality_positive,Positive,"Delivery, Packaging, Product Quality","{""Delivery"": ""positive"", ""Packaging"": ""positive"", ""Product Quality"": ""positive""}"
47994154277231,প্রোডাক্ট কোয়ালিটি এভারেজ কিন্তু কেবল টা কাজ করে না কেবল টা নষ্ট। পরে আমার মোবাইলের চার্জার দিয়ে চার্জ দেওয়া লেগেছে।,প্রোডাক্ট কোয়ালি টি এভারেজ কিন্তু কেবল টা কাজ করে না কেবল টা নষ্ট । পরে আমার মোবাইলের চার্জার দিয়ে চার্জ দেওয়া লেগেছে ।,product_quality_neutral,Neutral,Product Quality,"{""Product Quality"": ""neutral""}"
43854033877231,১৫.২০ দিন আগে আপনাদের এখান থেকে প্রোডাক্ট নিছিলাম অরজিনাল প্রোডাক্টটা দিয়েছিলেন আবার আরেকটা অর্ডার দিছি কিন্তু এইবার ডুবলিকেট ধরাই দিছেন  । একই জায়গা থেকে অর্ডার দিয়েছি কিন্তু আকাশ-পাতাল পার্থক্য,১৫.২০ দিন আগে আপনাদের এখান থেকে প্রোডাক্ট নিছিলাম অরজিনাল প্রোডাক্ট টা দিয়েছিলেন আবার আরেক টা অর্ডার দিছি কিন্তু এইবার ডুবলিকেট ধরাই দিছেন । একই জায়গা থেকে অর্ডার দিয়েছি কিন্তু আকাশ-পাতাল পার্থক্য,product_quality_negative,Negative,Product Quality,"{""Product Quality"": ""negative""}"
43938509777231,"কেউ এই প্রোডাক্টটি নেবেন না এটা একদম বাজে। 😡😡😡😡 এটা ডান কানে শুনতে পারি কিন্তু বাম কানে শোনা যায় না। বাম কানে টা ফুল নষ্ট। এটা চার্য বেশিক্ষণ থাকে না। 😡😡😡এটা একদম বাজে প্রোডাক্ট। হাউ ফাউ টার্গুলো আমি পানিতে ফেললাম। তার থেকে আমি দোকান থেকে কিনলে লাভ করতাম😡😡😡😡 আমি প্রোডাক্টটা ব্যাক দিতে চাই। তারা বাড়ি এসে
 দিয়ে যাবে, কিন্তু বাড়ি থেকে নিয়ে যাবে না। 😡😡😡 আর আমাকে দারাজ কোম্পানি থেকে ফোন দিয়ে বলছে যে আমার এটা চেজ করে দেবে কিন্তু তারা তো আমাকে চেজ দিয় নাই আর কোনো ফোন দেয় না। 😡😡😡","কেউ এই প্রোডাক্ট টি নেবেন না এটা একদম বাজে । এটা ডান কানে শুনতে পারি কিন্তু বাম কানে শোনা যায় না । বাম কানে টা ফুল নষ্ট । এটা চার্য বেশিক্ষণ থাকে না । এ টা একদম বাজে প্রোডাক্ট । হাউ ফাউ টার্ গুলো আমি পানিতে ফেললাম । তার থেকে আমি দোকান থেকে কিনলে লাভ করতাম আমি প্রোডাক্ট টা ব্যাক দিতে চাই । তারা বাড়ি এসে দিয়ে যাবে , কিন্তু বাড়ি থেকে নিয়ে যাবে না । আর আমাকে দারাজ কোম্পানি থেকে ফোন দিয়ে বলছে যে আমার এটা চেজ করে দেবে কিন্তু তারা তো আমাকে চেজ দিয় নাই আর কোনো ফোন দেয় না ।",product_quality_negative,Negative,Product Quality,"{""Product Quality"": ""negative""}"
43838186377231,"ভালো রিভিউ দেখে অর্ডার দিয়েছি। কিন্তু পণ্যটি পাওয়ার পর দেখি,ভালো সাউন্ড পাইছি । কিন্তু সবকিছু ঠিক থাকার পর চার্জ শেষ হয়ে গেছে চার্জ দিতে গিয়ে দেখি চার্জ কানেক্ট হচ্ছে না। এখন আমি কি করতে পারি?? খুব কষ্ট পেলাম 😭","ভালো রিভিউ দেখে অর্ডার দিয়েছি । কিন্তু পণ্য টি পাওয়ার পর দেখি , ভালো সাউন্ড পাইছি । কিন্তু সবকিছু ঠিক থাকার পর চার্জ শেষ হয়ে গেছে চার্জ দিতে গিয়ে দেখি চার্জ কানেক্ট হচ্ছে না । এখন আমি কি করতে পারি ? ? খুব কষ্ট পেলাম",product_quality_positive,Positive,Product Quality,"{""Product Quality"": ""positive""}"
41538152177231,আলহামদুলিল্লাহ মাল পাইছি দেখতে মোটামুটি ভালই।,আলহামদুলিল্লাহ মাল পাইছি দেখতে মোটামুটি ভালই ।,product_quality_neutral,Neutral,Product Quality,"{""Product Quality"": ""neutral""}"
40075111077231,"টাকা অনুযায়ী মোটামোটি ভালো,
চাইলে আপনারা নিতে পারেন","টাকা অনুযায়ী মোটামো টি ভালো , চাইলে আপনারা নিতে পারেন",price_neutral#product_quality_neutral,Neutral,"Price, Product Quality","{""Price"": ""neutral"", ""Product Quality"": ""neutral""}"
40279373377231,মালটা অনেক ভালো সাউন্ড কোয়ালিটিও ভালো২ ঘন্টা শোনা যায়,মাল টা অনেক ভালো সাউন্ড কোয়ালিটি ও ভালো২ ঘন্টা শোনা যায়,product_quality_positive,Positive,Product Quality,"{""Product Quality"": ""positive""}"
40424565877231,খুবই ভালো জিনিস সবাই নিতে পারেন। সেলার ও খুব ভালো লোক।,খুবই ভালো জিনিস সবাই নিতে পারেন । সেলার ও খুব ভালো লোক ।,seller_service_positive#product_quality_positive,Positive,"Product Quality, Seller Service","{""Seller Service"": ""positive"", ""Product Quality"": ""positive""}"
40367854677231,মোটামুটি ভালো কিন্তু বাডস গুলোতে ২ ঘন্টার বেশি চার্জ থাকেনা,মোটামুটি ভালো কিন্তু বাডস গুলোতে ২ ঘন্টার বেশি চার্জ থাকেনা,product_quality_neutral,Neutral,Product Quality,"{""Product Quality"": ""neutral""}"
43589408777231,"ভালো রিভিউ দেখে অর্ডার দিয়েছি। কিন্তু পণ্যটি পাওয়ার পর দেখি, একটা সাইড কানেক্ট হলে, অন্য আরেকটা সাইট কানেক্ট হয় না। আবার অন্য আরেকটি কানেক্ট হলে, আরেকটি সাইট কানেক্ট হয় না। মোটকথা দুইটা সাইট একসাথে কানেক্ট করতে পারিনা। খুব কষ্ট পেলাম 😭","ভালো রিভিউ দেখে অর্ডার দিয়েছি । কিন্তু পণ্য টি পাওয়ার পর দেখি , একটা সাইড কানেক্ট হলে , অন্য আরেক টা সাইট কানেক্ট হয় না । আবার অন্য আরেক টি কানেক্ট হলে , আরেক টি সাইট কানেক্ট হয় না । মোটকথা দুই টা সাইট একসাথে কানেক্ট করতে পারিনা । খুব কষ্ট পেলাম",product_quality_negative,Negative,Product Quality,"{""Product Quality"": ""negative""}"
41333828277231,আলহমদুলিল্লাহ পেয়ে গেছি। দাম হিসেবে ভালই,আলহমদুলিল্লাহ পেয়ে গেছি । দাম হিসেবে ভালই,price_positive#product_quality_positive,Positive,"Price, Product Quality","{""Price"": ""positive"", ""Product Quality"": ""positive""}"
53565702849018,"সেলারকে মেসেজ দিয়ে কোন রিপ্লাই পাইনি,
এছাড়া বাদবাকি সব কিছু ভালই,
চাইলে নিতে পারেন, এই বাজেটে এ হেডফোনটাই সেরা,
আমি ৫৩৫ টাকায় জিনিস অফারে ডেলিভারি সহ ৪৫২ টাকায় পেয়েছি, 
পোস্ট অফিসে ডেলিভারি নিছি,
 শুধু গাড়ি ভাড়ার ২০ টাকা খরচ গেছে,
এখন দেখা যাক হেডফোনটা কতদিন ঠিকে যেহেতু চাইনিজ প্রোডাক্ট।","সেলারকে মেসেজ দিয়ে কোন রিপ্লাই পাইনি , এছাড়া বাদবাকি সব কিছু ভালই , চাইলে নিতে পারেন , এই বাজেটে এ হেডফোনটাই সেরা , আমি ৫৩৫ টাকায় জিনিস অফারে ডেলিভারি সহ ৪৫২ টাকায় পেয়েছি , পোস্ট অফিসে ডেলিভারি নিছি , শুধু গাড়ি ভাড়ার ২০ টাকা খরচ গেছে , এখন দেখা যাক হেডফোন টা কতদিন ঠিকে যেহেতু চাইনিজ প্রোডাক্ট ।",seller_service_negative#price_positive#product_quality_positive,Positive,"Price, Product Quality, Seller Service","{""Seller Service"": ""negative"", ""Price"": ""positive"", ""Product Quality"": ""positive""}"
54224251849018,"প্রোডাক্টটির কোয়ালিটি ভালো,। কালারের কোয়ালিটি অনেক ভালো,। প্রথম প্রথম যারা পড়বেন তাদের কানে টাইট হতে পারে,। তবে অভ্যস্ত হয়ে গেলে,। টাইট ঠিক হয়ে যাবে,। সাউন্ড কোয়ালিটি ও ভালো,। মেমোরি কার্ড সাপোর্ট করে। চার্জিং পোর্ট হিসাবে টাইপ সি পেলে ভালো হতো। চার্জিং ব্যাকআপ ভালো।","প্রোডাক্টটির কোয়ালি টি ভালো , । কালারের কোয়ালি টি অনেক ভালো , । প্রথম প্রথম যারা পড়বেন তাদের কানে টাইট হতে পারে , । তবে অভ্যস্ত হয়ে গেলে , । টাইট ঠিক হয়ে যাবে , । সাউন্ড কোয়ালি টি ও ভালো , । মেমোরি কার্ড সাপোর্ট করে । চার্জিং পোর্ট হিসাবে টাইপ সি পেলে ভালো হতো । চার্জিং ব্যাকআপ ভালো ।",product_quality_positive,Positive,Product Quality,"{""Product Quality"": ""positive""}"
54670900549018,দোকানে দাম বেশি চাই কিন্তু এখানে অনেক কম। এত কম টাকার মধ্যে এতো ভালো জিনিস চিন্তাই করা যায় না আমি পাঁচ মাস ব্যবহার করে দিচ্ছি এই পর্যন্ত একটা সমস্যাও ফিল করিনি সর্বোচ্চ পাঁচ থেকে ছয় মিটার পর্যন্ত এর রেঞ্জ। অনেক ভালো এটা। কোন প্রমোট করার জন্য বলছি না আসলেই অনেক ভালো ব্যবহার করে বলছি নিজের অভিজ্ঞতা থেকে। চাইলে কিনতে পারেন অনেক ভালো ‌,দোকানে দাম বেশি চাই কিন্তু এখানে অনেক কম । এত কম টাকার মধ্যে এতো ভালো জিনিস চিন্তাই করা যায় না আমি পাঁচ মাস ব্যবহার করে দিচ্ছি এই পর্যন্ত একটা সমস্যা ও ফিল করিনি সর্বোচ্চ পাঁচ থেকে ছয় মিটার পর্যন্ত এর রেঞ্জ । অনেক ভালো এটা । কোন প্রমোট করার জন্য বলছি না আসলেই অনেক ভালো ব্যবহার করে বলছি নিজের অভিজ্ঞতা থেকে । চাইলে কিনতে পারেন অনেক ভালো,price_positive#product_quality_positive,Positive,"Price, Product Quality","{""Price"": ""positive"", ""Product Quality"": ""positive""}"
50270491049018,"অনেক ভালো,,, সাউণ্ড আমার জন্য আরো একটু বেস্ট প্রয়োজন,, কিন্তু এ বাজেটের মধ্যে খুব ভালো,,, প্যাকিংটা ও অনেক সুন্দর করে দিয়েছে,,, আপনারা চাইলে কিনতে পারেন,,,","অনেক ভালো , সাউণ্ড আমার জন্য আরো একটু বেস্ট প্রয়োজন , , কিন্তু এ বাজেটের মধ্যে খুব ভালো , প্যাকিং টা ও অনেক সুন্দর করে দিয়েছে , আপনারা চাইলে কিনতে পারেন ,",packaging_positive#product_quality_positive,Positive,"Packaging, Product Quality","{""Packaging"": ""positive"", ""Product Quality"": ""positive""}"
54353116349018,এমনটা পাইছি বাসা করে অর্ডার করছিলাম কিন্তু যা পাইলাম এটার জন্য প্রস্তুত ছিলাম না একতো পাইছি আট দিন পরে তাও আবার এইটা ভাবা যায়,এমন টা পাইছি বাসা করে অর্ডার করছিলাম কিন্তু যা পাইলাম এটার জন্য প্রস্তুত ছিলাম না একতো পাইছি আট দিন পরে তাও আবার এই টা ভাবা যায়,delivery_negative#product_quality_negative,Negative,"Delivery, Product Quality","{""Delivery"": ""negative"", ""Product Quality"": ""negative""}"
52144117549018,"দাম হিসেবে গড়ে তো অনেক ভালো আপনারা চোখ বন্ধ করে নিতে পারেন হেডফোনটি অনেক ভালো। 
 থ্যাংক ইউ ফর ইয়োর সার্ভিস ডেলিভারি ম্যান ভালো ছিল।
 এর থেকে ভালো কোন বেস্ট প্রোডাক্ট ছিল না আমার কাছে",দাম হিসেবে গড়ে তো অনেক ভালো আপনারা চোখ বন্ধ করে নিতে পারেন হেডফোন টি অনেক ভালো । থ্যাংক ইউ ফর ইয়োর সার্ভিস ডেলিভারি ম্যান ভালো ছিল । এর থেকে ভালো কোন বেস্ট প্রোডাক্ট ছিল না আমার কাছে,delivery_positive#price_positive#product_quality_positive,Positive,"Delivery, Price, Product Quality","{""Delivery"": ""positive"", ""Price"": ""positive"", ""Product Quality"": ""positive""}"
53468457549018,"আমার মনে হচ্ছে দাম হিসেবে ভালোই নিতে পারেন 
ধন্যবাদ আর ডেলিভারিতে কোনো সমস্যা না-ই ঠিক আছে নিতে পারেন 😀🥰",আমার মনে হচ্ছে দাম হিসেবে ভালোই নিতে পারেন ধন্যবাদ আর ডেলিভারিতে কোনো সমস্যা না-ই ঠিক আছে নিতে পারেন,delivery_positive#price_positive#product_quality_positive,Positive,"Delivery, Price, Product Quality","{""Delivery"": ""positive"", ""Price"": ""positive"", ""Product Quality"": ""positive""}"
54321069649018,অনেক ভালো কলেটির প্রোডাক্ট এটি। আমি অল্পদিনেই প্রডাক্টি পেয়ে গেছি সেলার কে অনেক ধন্যবাদ এত কম দামে এত সুন্দর একটি হেডফোন সেল করার জন্য।,অনেক ভালো কলেটির প্রোডাক্ট এটি । আমি অল্পদিনেই প্রডাক্ টি পেয়ে গেছি সেলার কে অনেক ধন্যবাদ এত কম দামে এত সুন্দর একটি হেডফোন সেল করার জন্য ।,delivery_positive#price_positive#product_quality_positive,Positive,"Delivery, Price, Product Quality","{""Delivery"": ""positive"", ""Price"": ""positive"", ""Product Quality"": ""positive""}"
55103624849018,"সাউন্ড কোয়ালিটি খুবই বাজে, আমার দেড়শ টাকার ইয়ারফোনের সাউন্ড এর থেকে ভালো ব্যাজ একদমই নেই বললে চলে ফালতু টাকা নষ্ট করলাম 😭😭😭","সাউন্ড কোয়ালি টি খুবই বাজে , আমার দেড়শ টাকার ইয়ারফোনের সাউন্ড এর থেকে ভালো ব্যাজ একদমই নেই বললে চলে ফালতু টাকা নষ্ট করলাম",product_quality_negative,Negative,Product Quality,"{""Product Quality"": ""negative""}"
53459688549018,দাম অনুযায়ী অনেক সুন্দর প্রোডাক্ট । প্রিমিয়াম এবং কোয়ালিটি সম্পন্ন প্রোডাক্ট,দাম অনুযায়ী অনেক সুন্দর প্রোডাক্ট । প্রিমিয়াম এবং কোয়ালি টি সম্পন্ন প্রোডাক্ট,price_positive#product_quality_positive,Positive,"Price, Product Quality","{""Price"": ""positive"", ""Product Quality"": ""positive""}"
54633642349018,প্রোডাক্টটি আমি হাতে পেয়েছি । ব্যবহার করে অনেক আনন্দিত। ধন্যবাদ দারাজ কোম্পানি।,প্রোডাক্ট টি আমি হাতে পেয়েছি । ব্যবহার করে অনেক আনন্দিত । ধন্যবাদ দারাজ কোম্পানি ।,product_quality_positive,Positive,Product Quality,"{""Product Quality"": ""positive""}"
53324038849018,"সবকিছু ঠিকঠাক ছিলো এবং কোয়ালিটি ভালো..আলহামদুলিল্লাহ।
ধন্যবাদ সেলার ভাইয়াকে।",সবকিছু ঠিকঠাক ছিলো এবং কোয়ালি টি ভালো..আলহামদুলিল্লাহ । ধন্যবাদ সেলার ভাইয়াকে ।,product_quality_positive,Positive,Product Quality,"{""Product Quality"": ""positive""}"
49073337049018,জিনিসটা অনেক ভালো স্পিকার অনেক ভালো ৫০০ টাকাই হিসেবে অনেক ভালো জিনিস সেলসম্যানের ব্যবহার অনেক ভালো,জিনিস টা অনেক ভালো স্পিকার অনেক ভালো ৫০০ টাকাই হিসেবে অনেক ভালো জিনিস সেলসম্যানের ব্যবহার অনেক ভালো,price_positive#product_quality_positive,Positive,"Price, Product Quality","{""Price"": ""positive"", ""Product Quality"": ""positive""}"
54493787049018,প্রাইজ অনুযায়ী ঠিক আছে!  সাউন্ড কোয়ালিটি আরেকটু ভালো করা যেতে পারতো,প্রাইজ অনুযায়ী ঠিক আছে ! সাউন্ড কোয়ালি টি আরেকটু ভালো করা যেতে পারতো,price_neutral#product_quality_neutral,Neutral,"Price, Product Quality","{""Price"": ""neutral"", ""Product Quality"": ""neutral""}"
55074730149018,খুব ভালো যেটা চাইছিলাম ওইটাই পাইছি এবং সাউন্ড কোয়ালিটিও খুব ভালো☺️,খুব ভালো যে টা চাইছিলাম ওইটাই পাইছি এবং সাউন্ড কোয়ালিটি ও খুব ভালো,product_quality_positive,Positive,Product Quality,"{""Product Quality"": ""positive""}"
52588230749018,খুবই ভালো একটা প্রোডাক্ট যেমনটা চেয়েছিলাম ঠিক তেমনটাই পেয়েছি,খুবই ভালো একটা প্রোডাক্ট যেমন টা চেয়েছিলাম ঠিক তেমনটাই পেয়েছি,product_quality_positive,Positive,Product Quality,"{""Product Quality"": ""positive""}"
50000421549018,"প্রোডাক্টটি ভালো কিন্তু,অর্ডার দেওয়ার বিশ দিন পরে হাতে 
পেয়েছি।","প্রোডাক্ট টি ভালো কিন্তু , অর্ডার দেওয়ার বিশ দিন পরে হাতে পেয়েছি ।",delivery_negative#product_quality_positive,Neutral,"Delivery, Product Quality","{""Delivery"": ""negative"", ""Product Quality"": ""positive""}"
54858387349018,"হ্যাডফোনটি যেমনটা চেয়েছি তেমন পেয়েছি... 
দারাজকে ধন্যবাদ",হ্যাডফোন টি যেমন টা চেয়েছি তেমন পেয়েছি. দারাজকে ধন্যবাদ,product_quality_positive,Positive,Product Quality,"{""Product Quality"": ""positive""}"
50370356049018,"আলহামদুলিল্লাহ 🎉🥰🥰ভালোই ছিলো,,,,, নিতে পারেন🎧🎧","আলহামদুলিল্লাহ ভালোই ছিলো , নিতে পারেন",product_quality_positive,Positive,Product Quality,"{""Product Quality"": ""positive""}"
53304086649018,মোটামুটি তবে  এইটা পরলে প্রচুর কান বেথা করে।,মোটামুটি তবে এই টা পরলে প্রচুর কান বেথা করে ।,product_quality_neutral,Neutral,Product Quality,"{""Product Quality"": ""neutral""}"
52541504249018,"মোটামোটি ভালোই, চাইলে আপনারাও নিতে পারেন৷","মোটামো টি ভালোই , চাইলে আপনারা ও নিতে পারেন৷",product_quality_neutral,Neutral,Product Quality,"{""Product Quality"": ""neutral""}"
54590999649018,আলহামদুলিহ অনেক ভালো আপনারা নিতে পারেন,আলহামদুলিহ অনেক ভালো আপনারা নিতে পারেন,product_quality_positive,Positive,Product Quality,"{""Product Quality"": ""positive""}"
54795004649018,আলহামদুলিল্লাহ অনেক ভালো সবাই নিতে পারেন,আলহামদুলিল্লাহ অনেক ভালো সবাই নিতে পারেন,product_quality_positive,Positive,Product Quality,"{""Product Quality"": ""positive""}"
54319444949018,অনেক সুন্দর যেটা দেখছিলাম ওইটাই পাইছি,অনেক সুন্দর যে টা দেখছিলাম ওইটাই পাইছি,product_quality_positive,Positive,Product Quality,"{""Product Quality"": ""positive""}"
52696750549018,আলহামদুলিল্লাহ ভালো সবে ওয়াটার করবেন,আলহামদুলিল্লাহ ভালো সবে ওয়াটার করবেন,product_quality_positive,Positive,Product Quality,"{""Product Quality"": ""positive""}"
51587723849018,সাউন্ড কোয়ালিটি ভালো না।সাউন্ড কম আসে,সাউন্ড কোয়ালি টি ভালো না । সাউন্ড কম আসে,product_quality_negative,Negative,Product Quality,"{""Product Quality"": ""negative""}"
52189667049018,আর কিছু বলবো না ১০০ যে ১০০❤️‍🩹🥀🥀📌,আর কিছু বলবো না ১০০ যে ১০০,product_quality_positive,Positive,Product Quality,"{""Product Quality"": ""positive""}"
53608339549018,কম দামে খারাপ না। মেয়ে বেজায় খুশি।,কম দামে খারাপ না । মেয়ে বেজায় খুশি ।,price_neutral#product_quality_neutral,Neutral,"Price, Product Quality","{""Price"": ""neutral"", ""Product Quality"": ""neutral""}"
54685960249018,আশা অনরুপ হয়নায় চাজ থাকে ২-৩ ঘন্টা।,আশা অনরুপ হয়নায় চাজ থাকে ২-৩ ঘন্টা ।,product_quality_negative,Negative,Product Quality,"{""Product Quality"": ""negative""}"
52364082449018,এই মাএ হাতে পাইলাম দারুণ একটা জিনিস,এই মাএ হাতে পাইলাম দারুণ একটা জিনিস,product_quality_positive,Positive,Product Quality,"{""Product Quality"": ""positive""}"
52699534949018,ডেলিভারি সহ ৬৬২ টাকায় খারাপ না।,ডেলিভারি সহ ৬৬২ টাকায় খারাপ না ।,price_neutral#product_quality_neutral,Neutral,"Price, Product Quality","{""Price"": ""neutral"", ""Product Quality"": ""neutral""}"
45530591149018,ভাই ছাইলে আপনা রা নি তে পারেন আমি বিগত তিন দিন  দরে ব্যবহার করছি  ভালো ওই,ভাই ছাইলে আপনা রা নি তে পারেন আমি বিগত তিন দিন দরে ব্যবহার করছি ভালো ওই,product_quality_positive,Positive,Product Quality,"{""Product Quality"": ""positive""}"
53584248249018,আনেক ভালো নিতে পারেন সবাই,আনেক ভালো নিতে পারেন সবাই,product_quality_positive,Positive,Product Quality,"{""Product Quality"": ""positive""}"
54636815749018,এটি অনেক ভালো একটি পন্য,এটি অনেক ভালো একটি পন্য,product_quality_positive,Positive,Product Quality,"{""Product Quality"": ""positive""}"
49003113549018,অনেক অনেক ভালো মানের একটা প্রোডাক্ট🥰🥰🥰,অনেক অনেক ভালো মানের একটা প্রোডাক্ট,product_quality_positive,Positive,Product Quality,"{""Product Quality"": ""positive""}"
54987803349018,মোটামুটি সব ঠিকই ছিল বাট কানের ওখানে যে ফর্ম  ওটা কাপড়ের দিয়েছে ওখানে ফর্ম এর ছবি দেওয়া ছিল আর ওপরের নেটের মতন ফোঁটা ফোঁটা একটা দেওয়া ছিল বাট এখানে প্লাস্টিক দেওয়া আছে।  ১০ এর মধ্যে ৬ দেওয়া যায়।,মোটামুটি সব ঠিকই ছিল বাট কানের ওখানে যে ফর্ম ওটা কাপড়ের দিয়েছে ওখানে ফর্ম এর ছবি দেওয়া ছিল আর ওপরের নেটের মতন ফোঁ টা ফোঁ টা একটা দেওয়া ছিল বাট এখানে প্লাস্টিক দেওয়া আছে । ১০ এর মধ্যে ৬ দেওয়া যায় ।,product_quality_neutral,Neutral,Product Quality,"{""Product Quality"": ""neutral""}"
48930262749018,কোয়ালিটি খুব বাজে সাউন্ড খুব আস্তে আসে আর কি রকম জানে জিন জিন আওয়াজ হচ্ছে 😠😠,কোয়ালি টি খুব বাজে সাউন্ড খুব আস্তে আসে আর কি রকম জানে জিন জিন আওয়াজ হচ্ছে,product_quality_negative,Negative,Product Quality,"{""Product Quality"": ""negative""}"
54387856749018,আপনারা নিঃসন্দে নিতে পারেন প্রোডাক্টটি আসলে অনেক ভালো। মোটামুটি দুই তিন সপ্তাহ ইউজ করার পরও বুঝতে পারছি এটা অনেক ভালোই যারা নিতে পারেন চার্জার সার্ভিস ভালো দেয়,আপনারা নিঃসন্দে নিতে পারেন প্রোডাক্ট টি আসলে অনেক ভালো । মোটামুটি দুই তিন সপ্তাহ ইউজ করার পর ও বুঝতে পারছি এটা অনেক ভালোই যারা নিতে পারেন চার্জার সার্ভিস ভালো দেয়,product_quality_positive,Positive,Product Quality,"{""Product Quality"": ""positive""}"
53470090749018,এই দামে এত সুন্দর একটি হেডফোন দেবার জন্য  দারাজকে ধন্যবাদ ডেলিভারি ম্যান এর ব্যবহার ও অনেক ভালো ছিল,এই দামে এত সুন্দর একটি হেডফোন দেবার জন্য দারাজকে ধন্যবাদ ডেলিভারি ম্যান এর ব্যবহার ও অনেক ভালো ছিল,delivery_positive#price_positive#product_quality_positive,Positive,"Delivery, Price, Product Quality","{""Delivery"": ""positive"", ""Price"": ""positive"", ""Product Quality"": ""positive""}"
52695740249018,যদিও চার্জ একটু লাস্টিং কম করে সব মিলিয়ে অনেক ভালো। কোয়ালিটি অনেক ভালো। নিতে পারেন যাদের প্রয়োজন।,যদি ও চার্জ একটু লাস্টিং কম করে সব মিলিয়ে অনেক ভালো । কোয়ালি টি অনেক ভালো । নিতে পারেন যাদের প্রয়োজন ।,product_quality_positive,Positive,Product Quality,"{""Product Quality"": ""positive""}"
53975126049018,"আলহামদুলিল্লাহ, জিনিসটা অনেক ভালো, যদিও ফম টা অনেক শক্ত তারপরে দাম হিসেবে ঠিক আছে। যদি আপনারা কিনতে চান কিনতে পারেন। সাউন্ড কোয়ালিটি নরমাল, অতটাও ভালো না, কিন্তু দাম হিসেবে ঠিক আছে।","আলহামদুলিল্লাহ , জিনিস টা অনেক ভালো , যদি ও ফম টা অনেক শক্ত তারপরে দাম হিসেবে ঠিক আছে । যদি আপনারা কিনতে চান কিনতে পারেন । সাউন্ড কোয়ালি টি নরমাল , অতটা ও ভালো না , কিন্তু দাম হিসেবে ঠিক আছে ।",price_neutral#product_quality_positive,Positive,"Price, Product Quality","{""Price"": ""neutral"", ""Product Quality"": ""positive""}"
52138847749018,"অত্যন্ত মানসম্মত প্রোডাক্ট 
দাম অনুযায়ী যে রকম ভেবেছিলাম তারচেয়ে অনেক ভালো। 
ডেলিভারি ম্যানের ব্যাবহারও অত্যন্ত ভালো ছিল, ব্যাক্তিগত কাজে একটু ব্যাস্ত ছিলাম বলে রিসিভ করতে দেরি হলেও তিনি ধৈর্য ধরে অপেক্ষা করেছিলেন।
চাইলে নিতে পারেন ঠকবেন না।","অত্যন্ত মানসম্মত প্রোডাক্ট দাম অনুযায়ী যে রকম ভেবেছিলাম তারচেয়ে অনেক ভালো । ডেলিভারি ম্যানের ব্যাবহার ও অত্যন্ত ভালো ছিল , ব্যাক্তিগত কাজে একটু ব্যাস্ত ছিলাম বলে রিসিভ করতে দেরি হলে ও তিনি ধৈর্য ধরে অপেক্ষা করেছিলেন । চাইলে নিতে পারেন ঠকবেন না ।",delivery_positive#price_positive#product_quality_positive,Positive,"Delivery, Price, Product Quality","{""Delivery"": ""positive"", ""Price"": ""positive"", ""Product Quality"": ""positive""}"
51249252949018,ছবি দেখে ভাবছিলাম অনেক ভাল হবে (স্টিল বডি মনে করসিলাম) ......কিন্তু খুব নিম্নমানের একটা পণ্য।  বডি + সাউন্ড.. সব নিম্নমানের।  হেডফোন একবার হাত থেকে পোরলেই ভেঙ্গে যাবে।খুব নিম্নমানের প্লাস্টিক।,ছবি দেখে ভাবছিলাম অনেক ভাল হবে স্টিল বডি মনে করসিলাম .কিন্তু খুব নিম্নমানের একটা পণ্য । বডি সাউন্ড.. সব নিম্নমানের । হেডফোন একবার হাত থেকে পোরলেই ভেঙ্গে যাবে । খুব নিম্নমানের প্লাস্টিক ।,product_quality_negative,Negative,Product Quality,"{""Product Quality"": ""negative""}"
50465917449018,এটা ভালোনা বাটান কাজ করেনা  ছাউন কলিটি একটুও ভালোনা তার উপর প্রথমে তো এটা কানেক্ট হছিলোনা এট আমার দারাজ থেকে কেনা সবচে খারাপ পোডাক। দারাজ থেকে আমি আনেক কিছু কিনেছি কিন্তু এরকম হইনি আমার সাথে। একদম ফালতু 😡😡😡,এটা ভালোনা বাটান কাজ করেনা ছাউন কলি টি একটু ও ভালোনা তার উপর প্রথমে তো এটা কানেক্ট হছিলোনা এট আমার দারাজ থেকে কেনা সবচে খারাপ পোডাক । দারাজ থেকে আমি আনেক কিছু কিনেছি কিন্তু এরকম হইনি আমার সাথে । একদম ফালতু,product_quality_negative,Negative,Product Quality,"{""Product Quality"": ""negative""}"
54616665549018,"মাশাল্লাহ রেট হিসেবে খুব ভালো পাইচি চেলারের ব্যাবহার ও অনেক ভালো চিলো।প্রোডাক টা সবাই নিতে পারেন আমি নিশ্চিত 
ভালো প্রোডাক পাবেন সাউন্ড কোয়ালিটি অনেক সুন্দর",মাশাল্লাহ রেট হিসেবে খুব ভালো পাইচি চেলারের ব্যাবহার ও অনেক ভালো চিলো । প্রোডাক টা সবাই নিতে পারেন আমি নিশ্চিত ভালো প্রোডাক পাবেন সাউন্ড কোয়ালি টি অনেক সুন্দর,seller_service_positive#price_positive#product_quality_positive,Positive,"Price, Product Quality, Seller Service","{""Seller Service"": ""positive"", ""Price"": ""positive"", ""Product Quality"": ""positive""}"
55125828449018,"ফালতু একটা হেডফোন।
চার্জিং ক্যাবল নেই। চার্জিং ইন্ডিকেটর নেই। সাইজে ছোট।
যেগুলো ভালো রিভিউ সেগুলো সব ওনাদের সাজানো রিভিউ।
কেউ কিনবেন না।
৫* দিলাম যাতে রিভিউ উপরে থাকে সবাই সাবধান হতে পারেন।",ফালতু একটা হেডফোন । চার্জিং ক্যাবল নেই । চার্জিং ইন্ডিকেটর নেই । সাইজে ছোট । যে গুলো ভালো রিভিউ সে গুলো সব ওনাদের সাজানো রিভিউ । কেউ কিনবেন না । ৫ দিলাম যাতে রিভিউ উপরে থাকে সবাই সাবধান হতে পারেন ।,product_quality_negative,Negative,Product Quality,"{""Product Quality"": ""negative""}"
54799869649018,"মোটা মোটামুটি ভালো আচে  চাইলে নিতে পারেন 
 সাউন্ড ঠিক আচে বাট কলে কথা বললে শুনা জায়না।",মো টা মোটামুটি ভালো আচে চাইলে নিতে পারেন সাউন্ড ঠিক আচে বাট কলে কথা বললে শুনা জায়না ।,product_quality_neutral,Neutral,Product Quality,"{""Product Quality"": ""neutral""}"
52369761849018,ওনেক ভালো প্রোডাক্ট আপনারা নিতে পারেন ট্রাই করে দেখেছি এত সাউন্ড এত ভালো কোয়ালিটি,ওনেক ভালো প্রোডাক্ট আপনারা নিতে পারেন ট্রাই করে দেখেছি এত সাউন্ড এত ভালো কোয়ালি টি,product_quality_positive,Positive,Product Quality,"{""Product Quality"": ""positive""}"
55087544249018,আলহামদুলিল্লাহ খুব ভালো হইছে জেমন টা চাইছি তেমনি পাইছি সব কিছু মিলে আলহামদুলিল্লাহ,আলহামদুলিল্লাহ খুব ভালো হইছে জেমন টা চাইছি তেমনি পাইছি সব কিছু মিলে আলহামদুলিল্লাহ,product_quality_positive,Positive,Product Quality,"{""Product Quality"": ""positive""}"
52689528649018,একদম বাজে কোয়ালিটি বাজে এবং সাউন্ড বাজে আমিতো ঐদিন ব্যবহার করার পর ভেঙে গেছে,একদম বাজে কোয়ালি টি বাজে এবং সাউন্ড বাজে আমিতো ঐদিন ব্যবহার করার পর ভেঙে গেছে,product_quality_negative,Negative,Product Quality,"{""Product Quality"": ""negative""}"
50413553349018,একদম ফালতু একটা জিনিস। বাটন নষ্ট। কেউ কিনিয়েন না ঠকে জাবেন পরে আমাকে বলিয়েন না,একদম ফালতু একটা জিনিস । বাটন নষ্ট । কেউ কিনিয়েন না ঠকে জাবেন পরে আমাকে বলিয়েন না,product_quality_negative,Negative,Product Quality,"{""Product Quality"": ""negative""}"
53105980049018,"ফালতু, সাউন্ড একেবারে কম ঠিক মতো গানও শুনা যায় না। দাম হিসেবে একেবারে ফালতু ।","ফালতু , সাউন্ড একেবারে কম ঠিক মতো গান ও শুনা যায় না । দাম হিসেবে একেবারে ফালতু ।",product_quality_negative,Negative,Product Quality,"{""Product Quality"": ""negative""}"
54131324949018,ফালতু একটা প্রোডাক্ট ভিতরে ভাঙা ছিলো। কিন্তু সাউন্ড সিস্টেমে মোটামুটি ভালো,ফালতু একটা প্রোডাক্ট ভিতরে ভাঙা ছিলো । কিন্তু সাউন্ড সিস্টেমে মোটামুটি ভালো,product_quality_negative,Negative,Product Quality,"{""Product Quality"": ""negative""}"
52487473749018,"জিনিস টা ঠিক আছে দাম টা বেশি....
ডেলিভারি খরচ টা অনেক বেশি 😡😡😡😡😡😡",জিনিস টা ঠিক আছে দাম টা বেশি. ডেলিভারি খরচ টা অনেক বেশি,price_negative#product_quality_positive,Neutral,"Price, Product Quality","{""Price"": ""negative"", ""Product Quality"": ""positive""}"
52314304149018,"ওভারঅল দাম অনুযায়ী সব কিছু ঠিকাছে,, চাইলে সবাই নিতে পারেন ১০/৯ 👍👍💝","ওভারঅল দাম অনুযায়ী সব কিছু ঠিকাছে , , চাইলে সবাই নিতে পারেন ১০ ৯",price_positive#product_quality_positive,Positive,"Price, Product Quality","{""Price"": ""positive"", ""Product Quality"": ""positive""}"
52423297649018,কানে দেওয়ার সময় ভেঙে যাবে এমন অবস্থা। আমার কাছে ছোট লাগে এটা। 😅,কানে দেওয়ার সময় ভেঙে যাবে এমন অবস্থা । আমার কাছে ছোট লাগে এটা ।,product_quality_negative,Negative,Product Quality,"{""Product Quality"": ""negative""}"
53079765449018,দেরিতে পেয়েছি কিন্তু ভালো চাইলে আপনার নিতে পারেন,দেরিতে পেয়েছি কিন্তু ভালো চাইলে আপনার নিতে পারেন,delivery_negative#product_quality_positive,Neutral,"Delivery, Product Quality","{""Delivery"": ""negative"", ""Product Quality"": ""positive""}"
54522528849018,অতটাও ভালো না হালকা কিন্তু বাজেটের মধ্যে বেস্ট,অতটা ও ভালো না হালকা কিন্তু বাজেটের মধ্যে বেস্ট,price_positive#product_quality_neutral,Positive,"Price, Product Quality","{""Price"": ""positive"", ""Product Quality"": ""neutral""}"
54346168149018,এই হেডফোনটা ভালো না এক কানে শোনা যায় না,এই হেডফোন টা ভালো না এক কানে শোনা যায় না,product_quality_negative,Negative,Product Quality,"{""Product Quality"": ""negative""}"
51845475449018,"পণ্যটি সত্যিই অসাধারণ, সেলারকে ধন্যবাদ","পণ্য টি সত্যিই অসাধারণ , সেলারকে ধন্যবাদ",product_quality_positive,Positive,Product Quality,"{""Product Quality"": ""positive""}"
49295486049018,"অসাধারণ, সাউন্ড কোয়ালিটি অনেক ভালো, দশে দশ দিলাম????","অসাধারণ , সাউন্ড কোয়ালি টি অনেক ভালো , দশে দশ দিলাম ?",product_quality_positive,Positive,Product Quality,"{""Product Quality"": ""positive""}"
52067621649018,মোটামুটি দাম আরো কম হওয়া দরকার,মোটামুটি দাম আরো কম হওয়া দরকার,price_negative#product_quality_neutral,Negative,"Price, Product Quality","{""Price"": ""negative"", ""Product Quality"": ""neutral""}"
49032990449018,সুন্দর প্রোডাক্ট নিতে পারেন। চার্জ ভালোই থাকে।,সুন্দর প্রোডাক্ট নিতে পারেন । চার্জ ভালোই থাকে ।,product_quality_positive,Positive,Product Quality,"{""Product Quality"": ""positive""}"
49022930949018,জিনিসটা ভালো আমার কাছে ভালই লাগছে কিন্তু এর সাউন্ড কোয়ালিটি টা একটু খারাপ আর একটু বেশি সাউন্ড থাকলে ভালো হতো বাট পুরোপুরি জিনিসটা আমার কাছে অনেক ভালো লাগছে,জিনিস টা ভালো আমার কাছে ভালই লাগছে কিন্তু এর সাউন্ড কোয়ালি টি টা একটু খারাপ আর একটু বেশি সাউন্ড থাকলে ভালো হতো বাট পুরোপুরি জিনিস টা আমার কাছে অনেক ভালো লাগছে,product_quality_positive,Positive,Product Quality,"{""Product Quality"": ""positive""}"
54017628249018,চার্জ কম থাকে। আর সম্পূর্ণ কান ঢাকা যায় না। ফলে কানে চাপ লাগে। পরে একটু ব্যাথা করে। গ্রীষ্মের সময় ব্যবহার করা কষ্টকর। খুব তাড়াতাড়ি কান গরম হয়ে যায়। আমার এই হল্য অভিজ্ঞতা ।,চার্জ কম থাকে । আর সম্পূর্ণ কান ঢাকা যায় না । ফলে কানে চাপ লাগে । পরে একটু ব্যাথা করে । গ্রীষ্মের সময় ব্যবহার করা কষ্টকর । খুব তাড়াতাড়ি কান গরম হয়ে যায় । আমার এই হল্য অভিজ্ঞতা ।,product_quality_negative,Negative,Product Quality,"{""Product Quality"": ""negative""}"
50861496749018,সেলার একটি নষ্ট প্রোডাক্ট কিভাবে দিতে পারলো? এমনটা আশা করিনি।,সেলার একটি নষ্ট প্রোডাক্ট কিভাবে দিতে পারলো ? এমন টা আশা করিনি ।,product_quality_negative,Negative,Product Quality,"{""Product Quality"": ""negative""}"
54561808649018,অনেক সুন্দর একটি প্রোডাক্ট নিতে পারেন,অনেক সুন্দর একটি প্রোডাক্ট নিতে পারেন,product_quality_positive,Positive,Product Quality,"{""Product Quality"": ""positive""}"
46182884825820,"আমি প্রথমে ভাবছিলাম যে ওয়াডার টা ক্যানসেল করে দেই ,মনে হয় ভালো হবে না প্রোডাক্টটা ,কিন্তু ডেলিভারি পাওয়ার পরে ৪ ঘন্টা চালানোর পর রিভিউ দিচ্ছি আমি সত্যিই বিশ্বাস করতে পারতেছি না এত সুন্দর একটা জিনিস আমি পেয়েছি এই বাজেটে এর থেকে ভালো আর কোন কিছুই হয় না !
 ধন্যবাদ দারাজ আপনাকে অনেক তাড়াতাড়ি পেয়েছি জিনিসটা আর ডেলিভারি বয়,
 ভাই ভাইয়ার ব্যবহার অনেক ভালো ধন্যবাদ ভাইয়া ইনশাআল্লাহ আবার দেখা হবে","আমি প্রথমে ভাবছিলাম যে ওয়াডার টা ক্যানসেল করে দেই , মনে হয় ভালো হবে না প্রোডাক্ট টা , কিন্তু ডেলিভারি পাওয়ার পরে ৪ ঘন্টা চালানোর পর রিভিউ দিচ্ছি আমি সত্যিই বিশ্বাস করতে পারতেছি না এত সুন্দর একটা জিনিস আমি পেয়েছি এই বাজেটে এর থেকে ভালো আর কোন কিছুই হয় না ! ধন্যবাদ দারাজ আপনাকে অনেক তাড়াতাড়ি পেয়েছি জিনিস টা আর ডেলিভারি বয় , ভাই ভাইয়ার ব্যবহার অনেক ভালো ধন্যবাদ ভাইয়া ইনশাআল্লাহ আবার দেখা হবে",delivery_positive#price_positive#product_quality_positive,Positive,"Delivery, Price, Product Quality","{""Delivery"": ""positive"", ""Price"": ""positive"", ""Product Quality"": ""positive""}"
45883155125820,"আলহামদুলিল্লাহ, 
অনলাইন কেনাকাটায় সবসময়ই অবিশ্বাস ও সন্দেহ কাজ করত, এরপর ঝুকি নিয়ে পণ্যটি কিনলাম, 
মাশাআল্লাহ পণ্যটি যেমন চেয়েছিলাম তেমনই পেয়েছি, যথেষ্ট সন্তোষজনক, 
ডেলিভারি ম্যানের ব্যাবহার মাশাআল্লাহ অনেক সুন্দর ছিলো, 
ধন্যবাদ দারাজ টিম কে","আলহামদুলিল্লাহ , অনলাইন কেনাকাটায় সবসময়ই অবিশ্বাস ও সন্দেহ কাজ করত , এরপর ঝুকি নিয়ে পণ্য টি কিনলাম , মাশাআল্লাহ পণ্য টি যেমন চেয়েছিলাম তেমনই পেয়েছি , যথেষ্ট সন্তোষজনক , ডেলিভারি ম্যানের ব্যাবহার মাশাআল্লাহ অনেক সুন্দর ছিলো , ধন্যবাদ দারাজ টিম কে",delivery_positive#product_quality_positive,Positive,"Delivery, Product Quality","{""Delivery"": ""positive"", ""Product Quality"": ""positive""}"
48012107725820,প্রোডাক্টটা অনেক ভালো। কিন্তু একটা নষ্ট। এর সাথে ইউএসবি ক্যাবল দেয় নাই। যেটা দিয়ে চার্জ দিতে হয়। আপনারা চাইলে নিতে পারেন। সবগুলো প্রোডাক্ট তো আর একরকম হয় না তাই আমি এটা রিটার্ন করতে চাচ্ছি,প্রোডাক্ট টা অনেক ভালো । কিন্তু একটা নষ্ট । এর সাথে ইউএসবি ক্যাবল দেয় নাই । যে টা দিয়ে চার্জ দিতে হয় । আপনারা চাইলে নিতে পারেন । সব গুলো প্রোডাক্ট তো আর একরকম হয় না তাই আমি এটা রিটার্ন করতে চাচ্ছি,product_quality_positive,Positive,Product Quality,"{""Product Quality"": ""positive""}"
45606972825820,আমার কাছে ভালোই লাগছে।দাম অনুযায়ী ঠিক আছে।মোটামুটি এক চার্জে ৩ ঘণ্টা চালানো যাবে।আপনারা চাইলে নিতে পারেন।,আমার কাছে ভালোই লাগছে । দাম অনুযায়ী ঠিক আছে । মোটামুটি এক চার্জে ৩ ঘণ্টা চালানো যাবে । আপনারা চাইলে নিতে পারেন ।,price_neutral#product_quality_positive,Positive,"Price, Product Quality","{""Price"": ""neutral"", ""Product Quality"": ""positive""}"
45975296025820,প্রোডাক্টটা ভালো ছিল কিন্তু প্যাকেজিং ভালো ছিল না,প্রোডাক্ট টা ভালো ছিল কিন্তু প্যাকেজিং ভালো ছিল না,packaging_negative#product_quality_positive,Neutral,"Packaging, Product Quality","{""Packaging"": ""negative"", ""Product Quality"": ""positive""}"
51925335725820,"দাম অনুযায়ী জিনিসটা ভালোই। চার্জ ব্যাকআপ  ভালোই দিচ্ছে খারাপ না, দাম অনুযায়ী জিনিসটা স্যাটিসফাইড আছে, আমি সন্তুষ্ট","দাম অনুযায়ী জিনিস টা ভালোই । চার্জ ব্যাকআপ ভালোই দিচ্ছে খারাপ না , দাম অনুযায়ী জিনিস টা স্যাটিসফাইড আছে , আমি সন্তুষ্ট",price_positive#product_quality_positive,Positive,"Price, Product Quality","{""Price"": ""positive"", ""Product Quality"": ""positive""}"
49844040225820,"প্রোডাক্ট কি হাতে পেলাম ,
আলহামদুলিল্লাহ অনেক ভালো 
১ চার্জ এ ২ ঘন্টা ব্যবহার করছি 
সাউন্ড কোয়ালিটি অনেক ভালো","প্রোডাক্ট কি হাতে পেলাম , আলহামদুলিল্লাহ অনেক ভালো ১ চার্জ এ ২ ঘন্টা ব্যবহার করছি সাউন্ড কোয়ালি টি অনেক ভালো",product_quality_positive,Positive,Product Quality,"{""Product Quality"": ""positive""}"
49919780025820,"দাম অনুযায়ী ভালো বলা যায়,
আমি ৩ সপ্তাহ ব্যবহার করে যা বুঝলাম।

- সমস্যা হলো"" চার্জ ব্যাকআপ অল্প এবং কানে রেখে হাত লাগলে সমস্যা হয়!","দাম অনুযায়ী ভালো বলা যায় , আমি ৩ সপ্তাহ ব্যবহার করে যা বুঝলাম । - সমস্যা হলো চার্জ ব্যাকআপ অল্প এবং কানে রেখে হাত লাগলে সমস্যা হয় !",price_positive#product_quality_positive,Positive,"Price, Product Quality","{""Price"": ""positive"", ""Product Quality"": ""positive""}"
52692836425820,প্রডাক্ট ভালো কিন্ত কালোটা অর্ডার করে সাদা পেয়েছি। যে কালার অর্ডার করেছি সেই কালার দেয়া উচিত ছিল।,প্রডাক্ট ভালো কিন্ত কালো টা অর্ডার করে সাদা পেয়েছি । যে কালার অর্ডার করেছি সেই কালার দেয়া উচিত ছিল ।,product_quality_positive,Positive,Product Quality,"{""Product Quality"": ""positive""}"
49668477725820,প্যাকেজিং টা ভালো ছিলো না কারন প্যাকেট টির অবস্থা ভালো না কিন্তু এয়ারপডটা ভালো কোনো সমস্যা নেই 👌,প্যাকেজিং টা ভালো ছিলো না কারন প্যাকেট টির অবস্থা ভালো না কিন্তু এয়ারপড টা ভালো কোনো সমস্যা নেই,packaging_negative#product_quality_positive,Neutral,"Packaging, Product Quality","{""Packaging"": ""negative"", ""Product Quality"": ""positive""}"
48729888925820,"সবকিছু ঠিক আছে, প্রোডাক্ট অনেক ভালো। কিন্তু চার্জ তাড়াতাড়ি কমে যায়! চার্জের বিষয়টা বাদ দিলে জিনিসটা খুবই ভালো। এরপরও এ প্রাইস পয়েন্ট এ এটা ভালো।","সবকিছু ঠিক আছে , প্রোডাক্ট অনেক ভালো । কিন্তু চার্জ তাড়াতাড়ি কমে যায় ! চার্জের বিষয় টা বাদ দিলে জিনিস টা খুবই ভালো । এরপর ও এ প্রাইস পয়েন্ট এ এটা ভালো ।",price_positive#product_quality_positive,Positive,"Price, Product Quality","{""Price"": ""positive"", ""Product Quality"": ""positive""}"
51227725725820,এমনিতে ভালো কিন্তু মাজে মাজে সাউন্ড এ সমস্যা করে,এমনিতে ভালো কিন্তু মাজে মাজে সাউন্ড এ সমস্যা করে,product_quality_positive,Positive,Product Quality,"{""Product Quality"": ""positive""}"
49297836125820,দেখতে খুব ভালোই লাগছে এখন ব্যবহার করে দেখতে হবে সাউন্ড কোয়ালিটি কেমন,দেখতে খুব ভালোই লাগছে এখন ব্যবহার করে দেখতে হবে সাউন্ড কোয়ালি টি কেমন,product_quality_positive,Positive,Product Quality,"{""Product Quality"": ""positive""}"
47332902425820,ছবিতে যেমন দেখেছি তেমন পাইনি। দেখলাম ওয়ানপ্লাসের এখন দেখি শুধুই জিরো। আবার চেক করে দেখি একটা বাজে একটা বাজে না।। প্রোডাক্ট খুব বাজে কেউ নেবেন না।,ছবিতে যেমন দেখেছি তেমন পাইনি । দেখলাম ওয়ানপ্লাসের এখন দেখি শুধুই জিরো । আবার চেক করে দেখি একটা বাজে একটা বাজে না । । প্রোডাক্ট খুব বাজে কেউ নেবেন না ।,product_quality_negative,Negative,Product Quality,"{""Product Quality"": ""negative""}"
48993580125820,খারাপ না ভালই আছে অনেকক্ষণ চলছে,খারাপ না ভালই আছে অনেকক্ষণ চলছে,product_quality_positive,Positive,Product Quality,"{""Product Quality"": ""positive""}"
46279607125820,"আমি গতকাল এটি ক্রয় করি। দাম অনুযায়ী একদম বাজে প্রডাক্ট, সাউন্ড কোয়ালিটি একদম বাজে আর ঝিন ঝিন করে একটা শব্দ আসছে,, আশা করি নি এরকম নষ্ট একটা প্রডাক্ট দিবে 😢","আমি গতকাল এটি ক্রয় করি । দাম অনুযায়ী একদম বাজে প্রডাক্ট , সাউন্ড কোয়ালি টি একদম বাজে আর ঝিন ঝিন করে একটা শব্দ আসছে , , আশা করি নি এরকম নষ্ট একটা প্রডাক্ট দিবে",price_negative#product_quality_negative,Negative,"Price, Product Quality","{""Price"": ""negative"", ""Product Quality"": ""negative""}"
45956587825820,একদম বাজে মাল দিছে এটা কখনো আশা করিনি দারাজের কাছ থেকে আমার মন থেকে দারাজ অনেকটাই উঠে গেল প্রোডাক্টি রিটার্ন দিয়ে দিব,একদম বাজে মাল দিছে এটা কখনো আশা করিনি দারাজের কাছ থেকে আমার মন থেকে দারাজ অনেকটাই উঠে গেল প্রোডাক্ টি রিটার্ন দিয়ে দিব,product_quality_negative,Negative,Product Quality,"{""Product Quality"": ""negative""}"
46077616225820,"আমি কালার চাইছি একটা আর পাইছি আরেকটা 😔😔 কিন্তু ব্লুটুথটা আলহামদুলিল্লাহ অনেক ভালো 🖤 আপনারা চাইলে নিতে পারেন,ঠকবেন না ইনশাআল্লাহ 🥰","আমি কালার চাইছি একটা আর পাইছি আরেক টা কিন্তু ব্লুটুথ টা আলহামদুলিল্লাহ অনেক ভালো আপনারা চাইলে নিতে পারেন , ঠকবেন না ইনশাআল্লাহ",product_quality_positive,Positive,Product Quality,"{""Product Quality"": ""positive""}"
45993033825820,আমার কাছে ভালো লাগছে। আপনারা চাইলে নিতে পারেন। ডেলিভারির সময় ৪ দিন লাগছে। ডেলিভারি ম্যান অনেক ভালো আমাকে চা খাওয়াতে চাইছিলো😌,আমার কাছে ভালো লাগছে । আপনারা চাইলে নিতে পারেন । ডেলিভারির সময় ৪ দিন লাগছে । ডেলিভারি ম্যান অনেক ভালো আমাকে চা খাওয়াতে চাইছিলো,delivery_positive#product_quality_positive,Positive,"Delivery, Product Quality","{""Delivery"": ""positive"", ""Product Quality"": ""positive""}"
46326000625820,অর্ডার দিয়ে ছিলাম কালো টা আর দিলেন নেভি ব্লু। দেখতে ভালোই লাগছে। সাউন্ড কোয়ালিটি অনেক ভালো,অর্ডার দিয়ে ছিলাম কালো টা আর দিলেন নেভি ব্লু । দেখতে ভালোই লাগছে । সাউন্ড কোয়ালি টি অনেক ভালো,product_quality_positive,Positive,Product Quality,"{""Product Quality"": ""positive""}"
45905877525820,অনেক ভালো একটি প্রোডাক্ট ইউজ করে অনেক ভালো লাগতেছে । চার্জও মোটামুটি অনেক ভালো যায়।ধন্যবাদ ডেলিভারি ম্যান ভাইকে তার ব্যবহার অনেক সুন্দর।😍😍🤟👍✅,অনেক ভালো একটি প্রোডাক্ট ইউজ করে অনেক ভালো লাগতেছে । চার্জ ও মোটামুটি অনেক ভালো যায় । ধন্যবাদ ডেলিভারি ম্যান ভাইকে তার ব্যবহার অনেক সুন্দর ।,delivery_positive#product_quality_positive,Positive,"Delivery, Product Quality","{""Delivery"": ""positive"", ""Product Quality"": ""positive""}"
46229764225820,প্রোডাক্ট এর কোয়ালিটি একদম খারাপ।সাউন্ড কোয়ালিটি ও খারাপ । আপনারা কেউ প্রোডাক্টটি নিবেন না ।,প্রোডাক্ট এর কোয়ালি টি একদম খারাপ । সাউন্ড কোয়ালি টি ও খারাপ । আপনারা কেউ প্রোডাক্ট টি নিবেন না ।,product_quality_negative,Negative,Product Quality,"{""Product Quality"": ""negative""}"
46397680625820,জিনিসটা কিন্তু ভালো দেই না কিন্তুু নষ্ট জিনিস দিছেন দারাজ খালি পাবলিকের টাকা চিনে,জিনিস টা কিন্তু ভালো দেই না কিন্তুু নষ্ট জিনিস দিছেন দারাজ খালি পাবলিকের টাকা চিনে,product_quality_negative,Negative,Product Quality,"{""Product Quality"": ""negative""}"
46776535425820,অর্ডার করলাম একটা দিলো আরেকটা।  তাও আবার কালার ও ভিন্ন। এইটা তো প্রো ৬ না।,অর্ডার করলাম একটা দিলো আরেক টা । তাও আবার কালার ও ভিন্ন । এই টা তো প্রো ৬ না ।,product_quality_negative,Negative,Product Quality,"{""Product Quality"": ""negative""}"
45764776525820,দারাজের দেওয়া সব মাল খারাপ আগেও দিয়েছি একটি আরফোট ভিতরে ব্যাটারি চার্জ থাকে না লুয়া দিয়ে ওয়েট বাড়ানো আর এখন যেটা অর্ডার দিছি ইয়ারফুট ১ ঘন্টা ২০ মিনিট বাজি আর বক্স থেকে একবার চার্জ দেওয়া যায় দেখে দিতে পারেন,দারাজের দেওয়া সব মাল খারাপ আগে ও দিয়েছি একটি আরফোট ভিতরে ব্যাটারি চার্জ থাকে না লুয়া দিয়ে ওয়েট বাড়ানো আর এখন যে টা অর্ডার দিছি ইয়ারফুট ১ ঘন্টা ২০ মিনিট বাজি আর বক্স থেকে একবার চার্জ দেওয়া যায় দেখে দিতে পারেন,product_quality_negative,Negative,Product Quality,"{""Product Quality"": ""negative""}"
45718033725820,"চাইছি একটা দিছে আরেকটা, এই হল বাংলাদেশের অনলাইন সর্বোচ্চ সফল বিজনেস দ্বারাজের অবস্থা, আমি খুবই হতাশ","চাইছি একটা দিছে আরেক টা , এই হল বাংলাদেশের অনলাইন সর্বোচ্চ সফল বিজনেস দ্বারাজের অবস্থা , আমি খুবই হতাশ",product_quality_negative,Negative,Product Quality,"{""Product Quality"": ""negative""}"
46176888625820,"অনেক ভালো,,, শুধু চার্জ একটু কম থাকে,,,আর সব দিক দিয়ে পারফেক্ট 🫠🫠","অনেক ভালো , শুধু চার্জ একটু কম থাকে , আর সব দিক দিয়ে পারফেক্ট",product_quality_positive,Positive,Product Quality,"{""Product Quality"": ""positive""}"
46283462425820,দাম অনুযায়ী পণ্য ঠিক আসে কেউ নিতে চাইলে নিতে পারেন।,দাম অনুযায়ী পণ্য ঠিক আসে কেউ নিতে চাইলে নিতে পারেন ।,price_neutral#product_quality_neutral,Neutral,"Price, Product Quality","{""Price"": ""neutral"", ""Product Quality"": ""neutral""}"
45996074125820,পন্য টা বেশি ভালো মানের না চার্জ ৩০ মিনিট এর বেশি জায় না,পন্য টা বেশি ভালো মানের না চার্জ ৩০ মিনিট এর বেশি জায় না,product_quality_negative,Negative,Product Quality,"{""Product Quality"": ""negative""}"
45039419825820,খুব বাজে পোডাক্ট। চাজ হয় না। পারলে ০ স্টার দিতাাম,খুব বাজে পোডাক্ট । চাজ হয় না । পারলে ০ স্টার দিতাাম,product_quality_negative,Negative,Product Quality,"{""Product Quality"": ""negative""}"
46186191525820,এই এয়ারপোর্টটা যতটুক ভাবছিলাম ততটুক না এয়ারপোর্ট সর্বোচ্চ গেলে ১ ঘন্টা যায় ১ ঘন্টা ভালোভাবে যায় না ৪৫ মিনিট যায় এর বেশি যায় না আমি মনে করেছিলাম এই এয়ারপোর্টটা অনেক ভালো কিন্তু না এরপর এয়ারপোর্টটা এত ভালো না আমি রিভিউ দেখে ভাবছিলাম যে এই এয়ারপোর্টটা অনেক ভালো কিন্তু ততটা ভালো না।,এই এয়ারপোর্ট টা যতটুক ভাবছিলাম ততটুক না এয়ারপোর্ট সর্বোচ্চ গেলে ১ ঘন্টা যায় ১ ঘন্টা ভালোভাবে যায় না ৪৫ মিনিট যায় এর বেশি যায় না আমি মনে করেছিলাম এই এয়ারপোর্ট টা অনেক ভালো কিন্তু না এরপর এয়ারপোর্ট টা এত ভালো না আমি রিভিউ দেখে ভাবছিলাম যে এই এয়ারপোর্ট টা অনেক ভালো কিন্তু তত টা ভালো না ।,product_quality_negative,Negative,Product Quality,"{""Product Quality"": ""negative""}"
51166546925820,"অর্ডার দিয়েছি কালো আর ডেলিভারি দিয়েছে সাদা😡
সাউন্ড কোয়ালিটি এতো বাজে, যে কিনার পরে মনে হচ্ছে নিজেই নিজেকে গালি দেই😡😡","অর্ডার দিয়েছি কালো আর ডেলিভারি দিয়েছে সাদা সাউন্ড কোয়ালি টি এতো বাজে , যে কিনার পরে মনে হচ্ছে নিজেই নিজেকে গালি দেই",product_quality_negative,Negative,Product Quality,"{""Product Quality"": ""negative""}"
52549968825820,"বাজে একটা পোডাক্ট ভালো না, অডার দিছি একটা দিছে অন্যটা। 
সাউন্ড কোয়ালিটি একদমই বাজে। একটা নস্টো ছিল।😭😭","বাজে একটা পোডাক্ট ভালো না , অডার দিছি একটা দিছে অন্য টা । সাউন্ড কোয়ালি টি একদমই বাজে । একটা নস্টো ছিল ।",product_quality_negative,Negative,Product Quality,"{""Product Quality"": ""negative""}"
50103672625820,ভাই প্রোডাক্টটা নষ্ট এইসব আলতু ফালতু প্রোডাক্ট কেউ নিবেন না রিফান্ড করার চেষ্টা করছি তাও নাই না শুধু একদিন ইউজ করছি তাতেই নষ্ট হয়ে গেছে,ভাই প্রোডাক্ট টা নষ্ট এইসব আলতু ফালতু প্রোডাক্ট কেউ নিবেন না রিফান্ড করার চেষ্ টা করছি তাও নাই না শুধু একদিন ইউজ করছি তাতেই নষ্ট হয়ে গেছে,product_quality_negative,Negative,Product Quality,"{""Product Quality"": ""negative""}"
52755696925820,"দারাজে অর্ডার করা সবচাইতে বাজে অভিজ্ঞতা আমার এই পণ্যটি ক্রয় করে হলো,,, আমি অর্ডার করেছিলাম কালো কালার আমাকে সাদা কালার দিছে, সাউন্ড কোয়ালিটি তেমন লাউড না,,,  কালো কালারের টা পেলে হয়তোবা একটু সন্তুষ্ট লাগতো,,,","দারাজে অর্ডার করা সবচাইতে বাজে অভিজ্ঞতা আমার এই পণ্য টি ক্রয় করে হলো , আমি অর্ডার করেছিলাম কালো কালার আমাকে সাদা কালার দিছে , সাউন্ড কোয়ালি টি তেমন লাউড না , কালো কালারের টা পেলে হয়তোবা একটু সন্তুষ্ট লাগতো ,",product_quality_negative,Negative,Product Quality,"{""Product Quality"": ""negative""}"
46208287425820,"কোয়ালিটি খারাপ না তবে বক্সের ঢাকনা টা ঢিল ছুটে যাবার সম্ভবনা আছে। সাথে চার্জ ব্যাকআপটা খুব বেশি নয় 🖤।
এভারেজ প্রোডাক্ট",কোয়ালি টি খারাপ না তবে বক্সের ঢাকনা টা ঢিল ছুটে যাবার সম্ভবনা আছে । সাথে চার্জ ব্যাকআপ টা খুব বেশি নয় । এভারেজ প্রোডাক্ট,product_quality_neutral,Neutral,Product Quality,"{""Product Quality"": ""neutral""}"
48807799825820,"এই প্রোডাক্টটা মোটামুটি ভালো, তবে আমি জেইটা নিছি ওইটাতে একটাতে সাউন্ড কম হয় আর একটা ঠিক আছে","এই প্রোডাক্ট টা মোটামুটি ভালো , তবে আমি জেই টা নিছি ওইটাতে একটাতে সাউন্ড কম হয় আর একটা ঠিক আছে",product_quality_neutral,Neutral,Product Quality,"{""Product Quality"": ""neutral""}"
52074146325820,ভাই নষ্ট একটা জিনিস দিয়ে দিলেন প্যাকেটটা ছিঁড়ে ফেলেছি রিটার্ন টাও দিতে পারলাম না,ভাই নষ্ট একটা জিনিস দিয়ে দিলেন প্যাকেট টা ছিঁড়ে ফেলেছি রিটার্ন টা ও দিতে পারলাম না,product_quality_negative,Negative,Product Quality,"{""Product Quality"": ""negative""}"
49430768825820,ফালতু জঘন্য একটা প্রডাক্ট 😡 বার বার নিজে নিজে ডিসকানেক্ট হয়ে যায়!  খুবই বিরক্তিকর,ফালতু জঘন্য একটা প্রডাক্ট বার বার নিজে নিজে ডিসকানেক্ট হয়ে যায় ! খুবই বিরক্তিকর,product_quality_negative,Negative,Product Quality,"{""Product Quality"": ""negative""}"
48718370725820,"খুবই বাজে পোডাক্ট চার্জ ১ ঘন্টাও থাকে না 
আমার সাউন্ড কোয়ালিটি খুবই খারাপ 
আবার ডান পাশের টা সাউন্ড নাই বললেই চলে",খুবই বাজে পোডাক্ট চার্জ ১ ঘন্টা ও থাকে না আমার সাউন্ড কোয়ালি টি খুবই খারাপ আবার ডান পাশের টা সাউন্ড নাই বললেই চলে,product_quality_negative,Negative,Product Quality,"{""Product Quality"": ""negative""}"
48730044225820,একবারে ফালতু।সাউন্ড কোওয়ালিটি খুবি জঘন্য।বাজার থেকে দেখে কিনুন নিরাপদ থাকুন।প্রতারনার শিকার হওয়ার দরকার কি।একটু অলসতা করে ১০০০টাকা বাশ খাইলাম।,একবারে ফালতু । সাউন্ড কোওয়ালি টি খুবি জঘন্য । বাজার থেকে দেখে কিনুন নিরাপদ থাকুন । প্রতারনার শিকার হওয়ার দরকার কি । একটু অলসতা করে ১০টাকা বাশ খাইলাম ।,product_quality_negative,Negative,Product Quality,"{""Product Quality"": ""negative""}"
49360848925820,হেডফোনটা অনেক ভালো কিন্তু আসতে অনেক দেরি হয়েছে প্রায় ১৫ দিন লেগে গেছে।,হেডফোন টা অনেক ভালো কিন্তু আসতে অনেক দেরি হয়েছে প্রায় ১৫ দিন লেগে গেছে ।,delivery_negative#product_quality_positive,Neutral,"Delivery, Product Quality","{""Delivery"": ""negative"", ""Product Quality"": ""positive""}"
53475065825820,অনেক ধন্যবাদ। অনেক ভালো প্রডাক্ট। আপনার ও নিতে পারেন,অনেক ধন্যবাদ । অনেক ভালো প্রডাক্ট । আপনার ও নিতে পারেন,product_quality_positive,Positive,Product Quality,"{""Product Quality"": ""positive""}"
47836137925820,"দাম অনুযায়ী সাউন্ড কোয়ালিটি খুব ভালো।🥰
 ডেলিভারিও খুব দ্রুতই পেয়ে গিয়েছিলাম। 
সমস্যা হলো অর্ডার দিয়েছি কালো রঙের দিয়েছে সাদা।😡",দাম অনুযায়ী সাউন্ড কোয়ালি টি খুব ভালো । ডেলিভারি ও খুব দ্রুতই পেয়ে গিয়েছিলাম । সমস্যা হলো অর্ডার দিয়েছি কালো রঙের দিয়েছে সাদা ।,delivery_positive#price_positive#product_quality_positive,Positive,"Delivery, Price, Product Quality","{""Delivery"": ""positive"", ""Price"": ""positive"", ""Product Quality"": ""positive""}"
46411010625820,"৫দিন নরমাল ইউজ করেছি, এই দামে ভালোই","৫দিন নরমাল ইউজ করেছি , এই দামে ভালোই",price_positive#product_quality_positive,Positive,"Price, Product Quality","{""Price"": ""positive"", ""Product Quality"": ""positive""}"
48816400225820,বেশি ভালো পড়ে নাই কথা বললে আওয়াজ শব্দ হয়,বেশি ভালো পড়ে নাই কথা বললে আওয়াজ শব্দ হয়,product_quality_negative,Negative,Product Quality,"{""Product Quality"": ""negative""}"
47728295725820,সেই ভাই সেই অস্থির ভাই জেনেবেন সে খুবই লাভবান হবেন এত কম টাকায় এত ভাল প্রোডাক্ট কেউ দিবে না দারাজ কে অসংখ্য ধন্যবাদ অসংখ্য ধন্যবাদ ছেলের ভাইকে,সেই ভাই সেই অস্থির ভাই জেনেবেন সে খুবই লাভবান হবেন এত কম টাকায় এত ভাল প্রোডাক্ট কেউ দিবে না দারাজ কে অসংখ্য ধন্যবাদ অসংখ্য ধন্যবাদ ছেলের ভাইকে,price_positive#product_quality_positive,Positive,"Price, Product Quality","{""Price"": ""positive"", ""Product Quality"": ""positive""}"
48402600025820,"যেমনটা ভাবছিলাম তেমন ভালো না
একদম বাজে হেডফোন 
চাজ থাকেনা মাঝে মাঝে বন্ধ হয়ে যায়",যেমন টা ভাবছিলাম তেমন ভালো না একদম বাজে হেডফোন চাজ থাকেনা মাঝে মাঝে বন্ধ হয়ে যায়,product_quality_negative,Negative,Product Quality,"{""Product Quality"": ""negative""}"
50013774925820,মোটামুটি সাউন্ড কোয়ালিটি খুবই খারাপ,মোটামুটি সাউন্ড কোয়ালি টি খুবই খারাপ,product_quality_negative,Negative,Product Quality,"{""Product Quality"": ""negative""}"
49951826125820,মোটামুটি ভালো। কম দামে নিতে পারেন।,মোটামুটি ভালো । কম দামে নিতে পারেন ।,price_positive#product_quality_positive,Positive,"Price, Product Quality","{""Price"": ""positive"", ""Product Quality"": ""positive""}"
48993007625820,যেমন টা দেখানো হয়েছে তেমন টা পেয়েছি ।  ৩ ঘন্টা মত ব্যবহার করা যায় 💝,যেমন টা দেখানো হয়েছে তেমন টা পেয়েছি । ৩ ঘন্টা মত ব্যবহার করা যায়,product_quality_positive,Positive,Product Quality,"{""Product Quality"": ""positive""}"
50234481125820,খুবি বাজে।  ১০০ টাকর পণ্য,খুবি বাজে । ১০০ টাকর পণ্য,product_quality_negative,Negative,Product Quality,"{""Product Quality"": ""negative""}"
49463409025820,মোটামুটি ভালো অপনারা নিতে পারেন,মোটামুটি ভালো অপনারা নিতে পারেন,product_quality_neutral,Neutral,Product Quality,"{""Product Quality"": ""neutral""}"
49369188925820,এটায়ো খুব ভালো ছিলো সাউন্ড ভালো হয়,এটায়ো খুব ভালো ছিলো সাউন্ড ভালো হয়,product_quality_positive,Positive,Product Quality,"{""Product Quality"": ""positive""}"
49423592225820,ভালো নাহ বিট কম হয়,ভালো নাহ বিট কম হয়,product_quality_negative,Negative,Product Quality,"{""Product Quality"": ""negative""}"
46183899325820,প্রোডাক্ট ঠিক ঠাক ছিলো তবে সাথে কোন কিছুই দেয় নি প্লাস সাউন্ড কোয়ালিটি তেমন না দাম অনুযায়ী প্রোডাক্ট আরো ভালো হওয়ার কথা ছিল। ডেলিভারি মেন আন্তরিক ছিল। না কেনার জন্য পরামর্শ দিবো।,প্রোডাক্ট ঠিক ঠাক ছিলো তবে সাথে কোন কিছুই দেয় নি প্লাস সাউন্ড কোয়ালি টি তেমন না দাম অনুযায়ী প্রোডাক্ট আরো ভালো হওয়ার কথা ছিল । ডেলিভারি মেন আন্তরিক ছিল । না কেনার জন্য পরামর্শ দিবো ।,delivery_positive#price_neutral#product_quality_neutral,Positive,"Delivery, Price, Product Quality","{""Delivery"": ""positive"", ""Price"": ""neutral"", ""Product Quality"": ""neutral""}"
46064717025820,"আলহামদুলিল্লাহ, অনেক ভালো একটা প্রোডাক্ট,  সাউন্ড কোয়ালিটি ও ভালো, বক্স সহ পাঠানো উচিত ছিল, পেকেজিং টা ভালো হয়নি????","আলহামদুলিল্লাহ , অনেক ভালো একটা প্রোডাক্ট , সাউন্ড কোয়ালি টি ও ভালো , বক্স সহ পাঠানো উচিত ছিল , পেকেজিং টা ভালো হয়নি ?",packaging_negative#product_quality_positive,Neutral,"Packaging, Product Quality","{""Packaging"": ""negative"", ""Product Quality"": ""positive""}"
45981775125820,"এমনিতে কুয়ালিটি খুব ভালো ,কিন্তু আমি চাইছিলাম নেভি ব্লু কালার ,আমাকে পাঠাইছে কমলা কালার। সেলার এর এমন ব্যাবহার খুবই দুঃখজনক।🥲😢","এমনিতে কুয়ালি টি খুব ভালো , কিন্তু আমি চাইছিলাম নেভি ব্লু কালার , আমাকে পাঠাইছে কমলা কালার । সেলার এর এমন ব্যাবহার খুবই দুঃখজনক ।",product_quality_positive,Positive,Product Quality,"{""Product Quality"": ""positive""}"
48305454425820,দাম অনুযায়ী প্রোডাক্ট এর কোয়ালিটি ও সাউন্ড ভালো,দাম অনুযায়ী প্রোডাক্ট এর কোয়ালি টি ও সাউন্ড ভালো,product_quality_positive,Positive,Product Quality,"{""Product Quality"": ""positive""}"
47553448325820,একটা কোয়ালিটি তেমন একটা ভালো না। সাউন্ড কোয়ালিটি খুব বাজে।,একটা কোয়ালি টি তেমন একটা ভালো না । সাউন্ড কোয়ালি টি খুব বাজে ।,product_quality_negative,Negative,Product Quality,"{""Product Quality"": ""negative""}"
49103193325820,দাম অনু যাই অনেক ভালো,দাম অনু যাই অনেক ভালো,price_positive#product_quality_positive,Positive,"Price, Product Quality","{""Price"": ""positive"", ""Product Quality"": ""positive""}"
46479895125820,ভালোই খারাপ না নিতে পারেন,ভালোই খারাপ না নিতে পারেন,product_quality_positive,Positive,Product Quality,"{""Product Quality"": ""positive""}"
46078188425820,"একে বারে ফালতু 🤬 পকেটে ফোন রাখলে কিছুই শোনা জায় না 😣🤬
বাহিরে একট টুকুও চালানো জায় না",একে বারে ফালতু পকেটে ফোন রাখলে কিছুই শোনা জায় না বাহিরে একট টুকু ও চালানো জায় না,product_quality_negative,Negative,Product Quality,"{""Product Quality"": ""negative""}"
46899967225820,সব চেয়ে বাজে একটা জিনিস এরকম জানলে কিনতাম না একটু পর পর লাইন চলে যায় কেনো?????,সব চেয়ে বাজে একটা জিনিস এরকম জানলে কিনতাম না একটু পর পর লাইন চলে যায় কেনো ?,product_quality_negative,Negative,Product Quality,"{""Product Quality"": ""negative""}"
46609262825820,"খুব খারাপ এইটা স্পর্শ করার আগেই খুলে যায়, দেখায় একরকম দিয়েছে আরেক রকম😡😡😡😡😡","খুব খারাপ এই টা স্পর্শ করার আগেই খুলে যায় , দেখায় একরকম দিয়েছে আরেক রকম",product_quality_negative,Negative,Product Quality,"{""Product Quality"": ""negative""}"
46589948525820,তেমন একটা খারাপ না দাম অনুযায়ী ভালোই।,তেমন একটা খারাপ না দাম অনুযায়ী ভালোই ।,price_positive#product_quality_neutral,Positive,"Price, Product Quality","{""Price"": ""positive"", ""Product Quality"": ""neutral""}"
46047761625820,"ডেলিভাবি ম্যান ফালতু।
কথা বার্তা সুন্দর না।",ডেলিভাবি ম্যান ফালতু । কথা বার্তা সুন্দর না ।,delivery_negative,Negative,Delivery,"{""Delivery"": ""negative""}"
46406341425820,"১টা বাজে আর একটা বাজেনা, ফালতু জিনিস","১টা বাজে আর একটা বাজেনা , ফালতু জিনিস",product_quality_negative,Negative,Product Quality,"{""Product Quality"": ""negative""}"
51002643525820,মোটামুটি ভালো খুব ভালো তা নয়। সাউন্ড কম বললেই চলে,মোটামুটি ভালো খুব ভালো তা নয় । সাউন্ড কম বললেই চলে,product_quality_neutral#product_quality_positive,Positive,Product Quality,"{""Product Quality"": ""positive""}"
46080554325820,দাম হিসাবে পণ্য মোটামুটি ঠিক আছে।,দাম হিসাবে পণ্য মোটামুটি ঠিক আছে ।,price_neutral#product_quality_neutral,Neutral,"Price, Product Quality","{""Price"": ""neutral"", ""Product Quality"": ""neutral""}"
48690789925820,মাঝেমধ্যে ডিসকানেকটেড হয়ে যায়। এটা হতাশ করলো। মোটামুটি ভালোই,মাঝেমধ্যে ডিসকানেকটেড হয়ে যায় । এটা হতাশ করলো । মোটামুটি ভালোই,product_quality_neutral,Neutral,Product Quality,"{""Product Quality"": ""neutral""}"
46025004225820,দাম হিসাবে ভালোই। খারাপ না,দাম হিসাবে ভালোই । খারাপ না,price_positive#product_quality_positive,Positive,"Price, Product Quality","{""Price"": ""positive"", ""Product Quality"": ""positive""}"
46367890425820,খুব বেশি মন মত হলো না।,খুব বেশি মন মত হলো না ।,product_quality_neutral,Neutral,Product Quality,"{""Product Quality"": ""neutral""}"
50940566925820,"কোয়ালিটি একদমই ভালো না,খুবই বাজে আবার চার্জ ও থাকে না ঠিকমতো,,, এটা কেনা মানে টাকা নষ্ট","কোয়ালি টি একদমই ভালো না , খুবই বাজে আবার চার্জ ও থাকে না ঠিকমতো , এটা কেনা মানে টাকা নষ্ট",product_quality_negative,Negative,Product Quality,"{""Product Quality"": ""negative""}"
48786262125820,একটু ও ভালো না। দুই টা অর্ডার করেছিলাম। একটা ও ভালো দেয় নাই। দুই টা ই নষ্ট ছিল ।,একটু ও ভালো না । দুই টা অর্ডার করেছিলাম । একটা ও ভালো দেয় নাই । দুই টা ই নষ্ট ছিল ।,product_quality_negative,Negative,Product Quality,"{""Product Quality"": ""negative""}"
48237517625820,একদম ভালো না। আপনারা কেউ নিবেন না। বাঝে প্রোডাক্ট। পুরো টাকাটাই পানিতে ভেসে গেলো। এরোকম ফালতু প্রোডাক্ট কেউ নিবেন না। 😡😡,একদম ভালো না । আপনারা কেউ নিবেন না । বাঝে প্রোডাক্ট । পুরো টাকাটাই পানিতে ভেসে গেলো । এরোকম ফালতু প্রোডাক্ট কেউ নিবেন না ।,product_quality_negative,Negative,Product Quality,"{""Product Quality"": ""negative""}"
46209302825820,"মোটামুটি ভালো ছিলো পন্য 
টি",মোটামুটি ভালো ছিলো পন্য টি,product_quality_neutral,Neutral,Product Quality,"{""Product Quality"": ""neutral""}"
47178251725820,"মানলাম টাকা কম এই জন্য এইটা কি দিসস
না আছে আওয়াজ আর না আছে বডি 
হাত দিতেই ভয় হয় ভেঙ্গে যাবে এমন অবস্থা 
আর প্যাকেজিং এর কথা আর নাই বললাম 
২ টাকার পলিথিনে 
কেউ নিবেন না ভুলে ও",মানলাম টাকা কম এই জন্য এই টা কি দিসস না আছে আওয়াজ আর না আছে বডি হাত দিতেই ভয় হয় ভেঙ্গে যাবে এমন অবস্থা আর প্যাকেজিং এর কথা আর নাই বললাম ২ টাকার পলিথিনে কেউ নিবেন না ভুলে ও,packaging_negative#product_quality_negative,Negative,"Packaging, Product Quality","{""Packaging"": ""negative"", ""Product Quality"": ""negative""}"
50142092225820,দুইটা এয়ারবারের কোয়ালিটি ভালো না চার  পিকআপ থাকে না,দুই টা এয়ারবারের কোয়ালি টি ভালো না চার পিকআপ থাকে না,product_quality_negative,Negative,Product Quality,"{""Product Quality"": ""negative""}"
50171879725820,এই প্রোডাক্টটা  ভালো  না  এটা তে  চার্জ থাকে না,এই প্রোডাক্ট টা ভালো না এটা তে চার্জ থাকে না,product_quality_negative,Negative,Product Quality,"{""Product Quality"": ""negative""}"
46430299225820,"একপাশের নষ্ট হেডফোন দিয়েছে, রিটার্ন না দিয়ে আবার সেটাই পাঠিয়েছে, এই প্রথম দারাজ থেকে কিনে প্রতারিত হলাম","একপাশের নষ্ট হেডফোন দিয়েছে , রিটার্ন না দিয়ে আবার সেটাই পাঠিয়েছে , এই প্রথম দারাজ থেকে কিনে প্রতারিত হলাম",product_quality_negative,Negative,Product Quality,"{""Product Quality"": ""negative""}"
52020684525820,মোটামুটি চলছে। প্রোডাক্ট এর মান অতটা ভালো না।,মোটামুটি চলছে । প্রোডাক্ট এর মান অতটা ভালো না ।,product_quality_neutral,Neutral,Product Quality,"{""Product Quality"": ""neutral""}"
49582648125820,দেখে যতোটা ভালো মনে করে ছিলাম ততোটা ভালো না।,দেখে যতো টা ভালো মনে করে ছিলাম ততো টা ভালো না ।,product_quality_negative,Negative,Product Quality,"{""Product Quality"": ""negative""}"
46228188625820,একদম ফালতু একটি প্রোডাক্ট। অর্ডার করেছিলাম একটা পাইছি অন্য আরেকটা। এই প্রোডাক্টের কোয়ালিটি অনেক খারাপ। দারাজ থেকে আমি এটা আশা করি নাই।,একদম ফালতু একটি প্রোডাক্ট । অর্ডার করেছিলাম একটা পাইছি অন্য আরেক টা । এই প্রোডাক্টের কোয়ালি টি অনেক খারাপ । দারাজ থেকে আমি এটা আশা করি নাই ।,product_quality_negative,Negative,Product Quality,"{""Product Quality"": ""negative""}"
48093995325820,এই এয়ার বাট টি খুবই খারাপ ৩ দিন চলার পর এখন আর চলে নাহ চার্জ হয় বাট কাজ করে নাহ,এই এয়ার বাট টি খুবই খারাপ ৩ দিন চলার পর এখন আর চলে নাহ চার্জ হয় বাট কাজ করে নাহ,product_quality_negative,Negative,Product Quality,"{""Product Quality"": ""negative""}"
46324620125820,আমি এ-র আগেও নিয়েছি ওগুলো দামোদর কমে ছিলো কিন্তু জিনিস ভালো ছিলো এখন দামো বেশি জিনিস ও ভালো না,আমি এ-র আগে ও নিয়েছি ও গুলো দামোদর কমে ছিলো কিন্তু জিনিস ভালো ছিলো এখন দামো বেশি জিনিস ও ভালো না,price_negative#product_quality_negative,Negative,"Price, Product Quality","{""Price"": ""negative"", ""Product Quality"": ""negative""}"
46237110425820,একটা ঠিক আছে।অন্যটা অন হয়না।দারাজ থেকে আগেও অনেক কিছু কিনেছি।ঠকি নি।আজকে নষ্ট জিনিস দিল আমাকে।,একটা ঠিক আছে । অন্য টা অন হয়না । দারাজ থেকে আগে ও অনেক কিছু কিনেছি । ঠকি নি । আজকে নষ্ট জিনিস দিল আমাকে ।,product_quality_negative,Negative,Product Quality,"{""Product Quality"": ""negative""}"
48231469425820,এমনিতে মোটামুটি ভালো ছিল কিন্তু চার্জ খুবই কম থাকে,এমনিতে মোটামুটি ভালো ছিল কিন্তু চার্জ খুবই কম থাকে,product_quality_neutral,Neutral,Product Quality,"{""Product Quality"": ""neutral""}"
47478788225820,তেমন ভালো না মাজে মধ্যে ডিস কানেক্ট হয়ে যায় চাজ থাকে না,তেমন ভালো না মাজে মধ্যে ডিস কানেক্ট হয়ে যায় চাজ থাকে না,product_quality_negative,Negative,Product Quality,"{""Product Quality"": ""negative""}"
46306717325820,পন্যের লোক টা ভালোই লাগছে কিন্তু চার্জ থাকে কম …...,পন্যের লোক টা ভালোই লাগছে কিন্তু চার্জ থাকে কম .,product_quality_positive,Positive,Product Quality,"{""Product Quality"": ""positive""}"
46375731225820,মোটামটি ভালো। তবে সাউন্ড কলেটি তেমন ভালো না ❌,মোটাম টি ভালো । তবে সাউন্ড কলে টি তেমন ভালো না,product_quality_neutral,Neutral,Product Quality,"{""Product Quality"": ""neutral""}"
47581075525820,চেয়েছি গ্রীন কালার দিছে সাদা।,চেয়েছি গ্রীন কালার দিছে সাদা ।,product_quality_negative,Negative,Product Quality,"{""Product Quality"": ""negative""}"
46083194725820,মুটামুটি ভালো আহামরি কিছু নাহ,মুটামু টি ভালো আহামরি কিছু নাহ,product_quality_neutral,Neutral,Product Quality,"{""Product Quality"": ""neutral""}"
54405649270849,এগুলো জিনিস কখনো দ্বারাজ থেকে কেউ নিবেন না কেননা যদি কেউ প্রথম নিয়ে থাকেন দেখবেন সেও কোনো না কোনো ধোঁকা খাইছেন পরবর্তীতে নিলে তো বুঝিনি যেমন ধরেন জুয়া খেললে যেমন প্রথম প্রথম দান বেশি পাওয়া যায় সেম এরাও একই কাজ করে আমি আর জীবনে দারাজ থেকে জিনিস নিচ্ছি না একেবারে মন উঠে গেছে যদি নিতেও হয় বাজার থেকে কিনে নেব অনেক ভালো দুই টাকা বেশি লাগুক,এ গুলো জিনিস কখনো দ্বারাজ থেকে কেউ নিবেন না কেননা যদি কেউ প্রথম নিয়ে থাকেন দেখবেন সে ও কোনো না কোনো ধোঁকা খাইছেন পরবর্তীতে নিলে তো বুঝিনি যেমন ধরেন জুয়া খেললে যেমন প্রথম প্রথম দান বেশি পাওয়া যায় সেম এরা ও একই কাজ করে আমি আর জীবনে দারাজ থেকে জিনিস নিচ্ছি না একেবারে মন উঠে গেছে যদি নিতে ও হয় বাজার থেকে কিনে নেব অনেক ভালো দুই টাকা বেশি লাগুক,product_quality_negative,Negative,Product Quality,"{""Product Quality"": ""negative""}"
53115801970849,"প্রডাক্টটি সব দিক হতে ঠিক ঠাক আছে! তবে বাম দিকে ইয়ার পডটির চার্জার লাইন পায় না গেটিজ দিয়ে লাইন পাওয়াতে হয়,যা খুব দুঃখজনক! আবার চার্জার কেবলটাও নষ্ট! তাছাড়া প্রডাক্টটি ভালো চলছে চার্জিং ব্যাকাপ প্রায় ৩ঘন্টা ৩৩ মিনিট ফুল সাউন্ডে শুনেছি আরো বেশি যেতে পারে চার্জ! সাউন্ড খুবই ক্রিপি তবে ১২০০/= টাকা প্রডাক্টের সাথে তুলনা করা যেতে পারে। ওভারঅল মার্ক আমি ১০-এ ৬ দিবো! তবে ক্রয় কারী রা অবশ্যই বেজ সিংটিং করে শুনবেন চিকন সাউন্ড অনেক বেশি!","প্রডাক্ট টি সব দিক হতে ঠিক ঠাক আছে ! তবে বাম দিকে ইয়ার পডটির চার্জার লাইন পায় না গেটিজ দিয়ে লাইন পাওয়াতে হয় , যা খুব দুঃখজনক ! আবার চার্জার কেবলটা ও নষ্ট ! তাছাড়া প্রডাক্ট টি ভালো চলছে চার্জিং ব্যাকাপ প্রায় ৩ঘন্ টা ৩৩ মিনিট ফুল সাউন্ডে শুনেছি আরো বেশি যেতে পারে চার্জ ! সাউন্ড খুবই ক্রিপি তবে ১২০০ টাকা প্রডাক্টের সাথে তুলনা করা যেতে পারে । ওভারঅল মার্ক আমি ১০-এ ৬ দিবো ! তবে ক্রয় কারী রা অবশ্যই বেজ সিংটিং করে শুনবেন চিকন সাউন্ড অনেক বেশি !",product_quality_neutral,Neutral,Product Quality,"{""Product Quality"": ""neutral""}"
51395128570849,"হেডফোনটা হাতে পেয়েছি প্যাকেট নতুনের মত প্যাকেট করা চার্জ নাই যার কারণে চালিয়ে দেখতে পারি নাই তবে প্রোডাক্ট কি কোয়ালিটি খুব সুন্দর 
আপনার চাইলে নিতে পারেন এবং দারাজ কে অসংখ্য অসংখ্য অসংখ্য ধন্যবাদ",হেডফোন টা হাতে পেয়েছি প্যাকেট নতুনের মত প্যাকেট করা চার্জ নাই যার কারণে চালিয়ে দেখতে পারি নাই তবে প্রোডাক্ট কি কোয়ালি টি খুব সুন্দর আপনার চাইলে নিতে পারেন এবং দারাজ কে অসংখ্য অসংখ্য অসংখ্য ধন্যবাদ,packaging_positive#product_quality_positive,Positive,"Packaging, Product Quality","{""Packaging"": ""positive"", ""Product Quality"": ""positive""}"
52662536470849,ভালো ছিলো কিন্তু ডেলিভারি চার্জ বেশি ফ্রী ডেলিভারি কথা বলে ছবি দেওয়া ছিল কিন্তু চার্জ অনেক বেশি নিয়েছে,ভালো ছিলো কিন্তু ডেলিভারি চার্জ বেশি ফ্রী ডেলিভারি কথা বলে ছবি দেওয়া ছিল কিন্তু চার্জ অনেক বেশি নিয়েছে,product_quality_positive,Positive,Product Quality,"{""Product Quality"": ""positive""}"
52431765070849,দাম অনুযায়ী ভিতরের বিল্ড কোয়ালিটি খারাপ না। বাইরের লুকিং বেশ ভালো। সুন্দরভাবে কাজ করছে। সেলার ভাই ও ডেলিভারি ম্যান ভাই অনেক ভালো ছিল। দ্রুত সময়ে হাতে পেয়েছি।,দাম অনুযায়ী ভিতরের বিল্ড কোয়ালি টি খারাপ না । বাইরের লুকিং বেশ ভালো । সুন্দরভাবে কাজ করছে । সেলার ভাই ও ডেলিভারি ম্যান ভাই অনেক ভালো ছিল । দ্রুত সময়ে হাতে পেয়েছি ।,seller_service_positive#delivery_positive#price_positive#product_quality_positive,Positive,"Delivery, Price, Product Quality, Seller Service","{""Seller Service"": ""positive"", ""Delivery"": ""positive"", ""Price"": ""positive"", ""Product Quality"": ""positive""}"
49785893970849,"অসংখ্য অসংখ্য ধন্যবাদ দারজ কখনো আসা করিনি এত সুন্দর জিনিস পাবো সাউন্ড কোয়ালিটি অনেক ক্লিয়ার 
খুব খুশি ধন্যবাদ সেলার ভাই সেলার ভাইয়ের ব্যাবহার খুব ভালো",অসংখ্য অসংখ্য ধন্যবাদ দারজ কখনো আসা করিনি এত সুন্দর জিনিস পাবো সাউন্ড কোয়ালি টি অনেক ক্লিয়ার খুব খুশি ধন্যবাদ সেলার ভাই সেলার ভাইয়ের ব্যাবহার খুব ভালো,seller_service_positive#product_quality_positive,Positive,"Product Quality, Seller Service","{""Seller Service"": ""positive"", ""Product Quality"": ""positive""}"
50912624070849,"সব কিছু ঠিক আছে কিন্তু পাওয়ার ব্যাংক এ চার্জ টা অনেক তাড়াতাড়ি শেষ হয়ে যায় 🙂
তার পর জিনিস টা ভাল",সব কিছু ঠিক আছে কিন্তু পাওয়ার ব্যাংক এ চার্জ টা অনেক তাড়াতাড়ি শেষ হয়ে যায় তার পর জিনিস টা ভাল,product_quality_positive,Positive,Product Quality,"{""Product Quality"": ""positive""}"
54749399770849,যা দেখেছিলাম তাই পেয়েছি। ধন্যবাদ সেলার ভাইকে। এত সুন্দর জিনিস দেওয়ার জন্য।💖💖💖💖💖💖🌹🌹🌹🌹🌹,যা দেখেছিলাম তাই পেয়েছি । ধন্যবাদ সেলার ভাইকে । এত সুন্দর জিনিস দেওয়ার জন্য ।,product_quality_positive,Positive,Product Quality,"{""Product Quality"": ""positive""}"
53205329670849,আলহামদুলিল্লাহ এমনিতে সব দিক দিয়ে ভালো বাট যেকোণ একটা শুনতে হয় দুইটা এক সাথে শুনা যায় না,আলহামদুলিল্লাহ এমনিতে সব দিক দিয়ে ভালো বাট যেকোণ একটা শুনতে হয় দুই টা এক সাথে শুনা যায় না,product_quality_positive,Positive,Product Quality,"{""Product Quality"": ""positive""}"
51250185670849,"খুবই বাজে বাম সাইডের পুস কখনো সাউন্ড আবার হয় না, বাম সাইডে পুস নস্ট।আর দারাজ থেকে কিনব না","খুবই বাজে বাম সাইডের পুস কখনো সাউন্ড আবার হয় না , বাম সাইডে পুস নস্ট । আর দারাজ থেকে কিনব না",product_quality_negative,Negative,Product Quality,"{""Product Quality"": ""negative""}"
49784647670849,"আলহামদুলিল্লাহ এয়ার বার্ডটা অনেক ভালো, 
সাউন্ড কোয়ালিটি অনেক সুন্দর, এখন দেখা যাক কতদিন টিকে","আলহামদুলিল্লাহ এয়ার বার্ড টা অনেক ভালো , সাউন্ড কোয়ালি টি অনেক সুন্দর , এখন দেখা যাক কতদিন টিকে",product_quality_positive,Positive,Product Quality,"{""Product Quality"": ""positive""}"
54277003570849,"আলহামদুলিল্লাহ।  ভালো পাইছি, এত কম বাজেটে যা দিছে ভালোই খারাপ না। সব কিছুই ঠিক ঠাক আছে।","আলহামদুলিল্লাহ । ভালো পাইছি , এত কম বাজেটে যা দিছে ভালোই খারাপ না । সব কিছুই ঠিক ঠাক আছে ।",price_positive#product_quality_positive,Positive,"Price, Product Quality","{""Price"": ""positive"", ""Product Quality"": ""positive""}"
54402973570849,"জিনিস টা অস্থির 
কিন্তু সমস্যা একটাই ফোনে কথা বলা যায় না 
আর সব কিছু ঠিক ঠাক আছে",জিনিস টা অস্থির কিন্তু সমস্যা একটাই ফোনে কথা বলা যায় না আর সব কিছু ঠিক ঠাক আছে,product_quality_positive,Positive,Product Quality,"{""Product Quality"": ""positive""}"
49394726570849,অন্যটা খুবই সুন্দর হয়েছে ডেলিভারি ম্যান ধন্যবাদ বাড়িতে সবাই কিনতে পারেন সাউন্ড কোয়ালিটি খুব ভালো,অন্য টা খুবই সুন্দর হয়েছে ডেলিভারি ম্যান ধন্যবাদ বাড়িতে সবাই কিনতে পারেন সাউন্ড কোয়ালি টি খুব ভালো,delivery_positive#product_quality_positive,Positive,"Delivery, Product Quality","{""Delivery"": ""positive"", ""Product Quality"": ""positive""}"
52215029570849,খুব বাজে কলিটি একটা  জিনিস নিছি চার্জিং কাবল নস্ট দিছে মনটাই খারাপ হয়ে  গেছে 😭,খুব বাজে কলি টি একটা জিনিস নিছি চার্জিং কাবল নস্ট দিছে মনটাই খারাপ হয়ে গেছে,product_quality_negative,Negative,Product Quality,"{""Product Quality"": ""negative""}"
49312541570849,দাম হিসাবে যেমনটা আশা করেছিলাম তার থেকে 100 গুন ভালো আপনারা নির্দ্বিধায় নিতে পারেন খুব সুন্দর একটা প্রোডাক্ট,দাম হিসাবে যেমন টা আশা করেছিলাম তার থেকে 100 গুন ভালো আপনারা নির্দ্বিধায় নিতে পারেন খুব সুন্দর একটা প্রোডাক্ট,price_positive#product_quality_positive,Positive,"Price, Product Quality","{""Price"": ""positive"", ""Product Quality"": ""positive""}"
50730450570849,ফালতু ডান কানের টা চলে না চার্জ হয় সব কিছুই ওকে দেখায় কিন্তূ সাউন্ড নাই 😡,ফালতু ডান কানের টা চলে না চার্জ হয় সব কিছুই ওকে দেখায় কিন্তূ সাউন্ড নাই,product_quality_negative,Negative,Product Quality,"{""Product Quality"": ""negative""}"
49715617170849,অনেক দিন চালানোর পর রিভিউ দিলাম ভালো এখোনো চলতেছে কোনো সমস্যা নাই সবাই নিতে পারেন।,অনেক দিন চালানোর পর রিভিউ দিলাম ভালো এখোনো চলতেছে কোনো সমস্যা নাই সবাই নিতে পারেন ।,product_quality_positive,Positive,Product Quality,"{""Product Quality"": ""positive""}"
52113552870849,আলহামদুলিল্লাহ ৭৫০ টাকায় এই তিনটা জিনিস ভালই একটা জিনিসও খারাপ আসে নাই,আলহামদুলিল্লাহ ৭৫০ টাকায় এই তিন টা জিনিস ভালই একটা জিনিস ও খারাপ আসে নাই,product_quality_positive,Positive,Product Quality,"{""Product Quality"": ""positive""}"
49311793270849,"আলহামদুলিল্লাহ প্রডাক্টি ভালোই ধন্যবাদ সেলার কে,,কিন্ত হঠাৎ করে আপনারা আগের দাম চেইঞ্জ করলেন কেনো ভাই,,,আমি কিছু প্রডাক্ট কার্ট এ রেখেছিলাম সেগুলো উধাও হয়ে গেলো কেনো??","আলহামদুলিল্লাহ প্রডাক্ টি ভালোই ধন্যবাদ সেলার কে , , কিন্ত হঠাৎ করে আপনারা আগের দাম চেইঞ্জ করলেন কেনো ভাই , আমি কিছু প্রডাক্ট কার্ট এ রেখেছিলাম সে গুলো উধাও হয়ে গেলো কেনো ? ?",product_quality_positive,Positive,Product Quality,"{""Product Quality"": ""positive""}"
49312246070849,কেনার ১০-১২ দিন পর রিভিউ দিচ্ছি।এই দামে আমার কাছে খুবই ভালো লেগেছে।চার্জে যথেষ্ট পরিমান যায়।খু্বই ভালো।,কেনার ১০-১২ দিন পর রিভিউ দিচ্ছি । এই দামে আমার কাছে খুবই ভালো লেগেছে । চার্জে যথেষ্ট পরিমান যায় । খু্বই ভালো ।,price_positive#product_quality_positive,Positive,"Price, Product Quality","{""Price"": ""positive"", ""Product Quality"": ""positive""}"
49577126070849,এইটা খুব ভালো ৩ মাস ব্যাবহার করে রিভিউ দিলাম খুব ভালো সাউন্ড কোয়ালিটি সবাই নিতে পারেন,এই টা খুব ভালো ৩ মাস ব্যাবহার করে রিভিউ দিলাম খুব ভালো সাউন্ড কোয়ালি টি সবাই নিতে পারেন,product_quality_positive,Positive,Product Quality,"{""Product Quality"": ""positive""}"
49311687770849,আলহামদুলিল্লাহ যেমন চেয়েছিলাম তার থেকেও ভালো সব যেমন সাউন্ড তেমন চার্জ থাকে দুইটা একসঙ্গে চালাইলে আড়াই ঘন্টা যায়,আলহামদুলিল্লাহ যেমন চেয়েছিলাম তার থেকে ও ভালো সব যেমন সাউন্ড তেমন চার্জ থাকে দুই টা একসঙ্গে চালাইলে আড়াই ঘন্টা যায়,product_quality_positive,Positive,Product Quality,"{""Product Quality"": ""positive""}"
49311781670849,খুবই ভালো যতবার কিনেছি অনেক ভালই পেয়েছি কিন্তু এইবার পাওয়ার ব্যাংকের যে ব্যাটারিটা এইটা একটু দুর্বল আলহামদুলিল্লাহ যদি কেউ নিতে চান  নিতে পারেন চার্জ 2 ঘন্টা বেশি থাকে না সাউন্ট কোয়ালিটি অনেক ভালো,খুবই ভালো যতবার কিনেছি অনেক ভালই পেয়েছি কিন্তু এইবার পাওয়ার ব্যাংকের যে ব্যাটারি টা এই টা একটু দুর্বল আলহামদুলিল্লাহ যদি কেউ নিতে চান নিতে পারেন চার্জ 2 ঘন্টা বেশি থাকে না সাউন্ট কোয়ালি টি অনেক ভালো,product_quality_positive,Positive,Product Quality,"{""Product Quality"": ""positive""}"
49429057070849,দাম হিসাবে খারাপ না। তবে চার্জ ৩+ ঘন্টা থাকে। লেখা ছিল ৫ ঘন্টা। ৩ দিন পর রিভিউ দিলাম।,দাম হিসাবে খারাপ না । তবে চার্জ ৩ ঘন্টা থাকে । লেখা ছিল ৫ ঘন্টা । ৩ দিন পর রিভিউ দিলাম ।,price_positive#product_quality_positive,Positive,"Price, Product Quality","{""Price"": ""positive"", ""Product Quality"": ""positive""}"
49412388870849,একমাস ইউস করার পর রিভিউ দিচ্ছি আলহামদুলিল্লাহ ভালই চার্জ দুই থেকে তিন দিন থাকে,একমাস ইউস করার পর রিভিউ দিচ্ছি আলহামদুলিল্লাহ ভালই চার্জ দুই থেকে তিন দিন থাকে,product_quality_positive,Positive,Product Quality,"{""Product Quality"": ""positive""}"
52703518570849,দারাজ কে অনেক ধন্যবাদ  কম দামে ভালো একটা ব্লুটুথ কিনতে পারছি,দারাজ কে অনেক ধন্যবাদ কম দামে ভালো একটা ব্লুটুথ কিনতে পারছি,price_positive#product_quality_positive,Positive,"Price, Product Quality","{""Price"": ""positive"", ""Product Quality"": ""positive""}"
49311846570849,এটার সাউন্ড কোয়ালিটি অনেক সুন্দর। পার্সোনালি আমার অনেক পছন্দ হইছে কিন্তু এর সঙ্গে যে ক‍্যাবলটা দেওয়া হয় চার্জে দেওয়ার জন্য সেই ক‍্যাবলটা আমার নষ্ট দিয়েছে। আমি অন‍্য একটা ক‍্যাবল দিয়ে চার্জে দিচ্ছি। এছাড়া সবকিছু পারফেক্ট।,এটার সাউন্ড কোয়ালি টি অনেক সুন্দর । পার্সোনালি আমার অনেক পছন্দ হইছে কিন্তু এর সঙ্গে যে ক্যাবল টা দেওয়া হয় চার্জে দেওয়ার জন্য সেই ক্যাবল টা আমার নষ্ট দিয়েছে । আমি অন্য একটা ক্যাবল দিয়ে চার্জে দিচ্ছি । এছাড়া সবকিছু পারফেক্ট ।,product_quality_positive,Positive,Product Quality,"{""Product Quality"": ""positive""}"
49311219070849,আলহামদুলিল্লাহ  ৩ দিন ব্যাবহার করে রিভিউ  দিলাম অনেক সুন্দর   একটু দেরিতে প্রোডাক্ট পাইছি  কিন্তু  ভালো প্রোডাক্ট  আপনার সবাই নিতে পারেন,আলহামদুলিল্লাহ ৩ দিন ব্যাবহার করে রিভিউ দিলাম অনেক সুন্দর একটু দেরিতে প্রোডাক্ট পাইছি কিন্তু ভালো প্রোডাক্ট আপনার সবাই নিতে পারেন,delivery_negative#product_quality_positive,Neutral,"Delivery, Product Quality","{""Delivery"": ""negative"", ""Product Quality"": ""positive""}"
49311242670849,যেমনটা আশা করেছিলাম তেমনটাই পেয়েছি। অর্ডার করার আগে একটু সন্দেহ ছিল কিন্তু হাতে পাওয়ার পর দেখলাম সব ঠিকই আছে। নির্দিষ্ট সময়ের মধ্যে ডেলিভারি পেয়েছি। প্যাকেজিং ও ভালো ছিল। আপনারা নিতেই পারেন নিঃসন্দেহে।,যেমন টা আশা করেছিলাম তেমনটাই পেয়েছি । অর্ডার করার আগে একটু সন্দেহ ছিল কিন্তু হাতে পাওয়ার পর দেখলাম সব ঠিকই আছে । নির্দিষ্ট সময়ের মধ্যে ডেলিভারি পেয়েছি । প্যাকেজিং ও ভালো ছিল । আপনারা নিতেই পারেন নিঃসন্দেহে ।,delivery_positive#packaging_positive#product_quality_positive,Positive,"Delivery, Packaging, Product Quality","{""Delivery"": ""positive"", ""Packaging"": ""positive"", ""Product Quality"": ""positive""}"
49311522270849,প্রোডাক্ট আলহামদুলিল্লাহ ভালো চাইলে নিতে পারেন এই দামের মধ্যে ঠিক আছে কিন্তু ব্যাটারি ব্যাকআপ আর একটু বেশি হলে ভালো হতো,প্রোডাক্ট আলহামদুলিল্লাহ ভালো চাইলে নিতে পারেন এই দামের মধ্যে ঠিক আছে কিন্তু ব্যাটারি ব্যাকআপ আর একটু বেশি হলে ভালো হতো,price_positive#product_quality_positive,Positive,"Price, Product Quality","{""Price"": ""positive"", ""Product Quality"": ""positive""}"
49313300270849,প্রোডাক্ট ভালো চার্জিং  ব্যকআপ দাম অনুযায়ী ভালো   কিন্তু প্যাকেজিং এর অবস্থা খুব খারাপ   ডেলিভারি ম্যান প্রোডাক্ট দিতে লেট করছে অনেক,প্রোডাক্ট ভালো চার্জিং ব্যকআপ দাম অনুযায়ী ভালো কিন্তু প্যাকেজিং এর অবস্থা খুব খারাপ ডেলিভারি ম্যান প্রোডাক্ট দিতে লেট করছে অনেক,delivery_negative#packaging_negative#price_positive#product_quality_positive,Neutral,"Delivery, Packaging, Price, Product Quality","{""Delivery"": ""negative"", ""Packaging"": ""negative"", ""Price"": ""positive"", ""Product Quality"": ""positive""}"
49394927370849,আলহামদুলিল্লাহ অনেক ভালো মনের পণ্য আপনারা জেনে নিতে পারেন। চার্জ ভালো যায় ❤️,আলহামদুলিল্লাহ অনেক ভালো মনের পণ্য আপনারা জেনে নিতে পারেন । চার্জ ভালো যায়,product_quality_positive,Positive,Product Quality,"{""Product Quality"": ""positive""}"
49311435770849,প্রোডাক্ট খুবই ভাল ছিল আপনারা নিতে পারেন। দশ দিন পর রিভিউ দিচ্ছি। চার্জ ব্যাকআপ ভালো আছে।,প্রোডাক্ট খুবই ভাল ছিল আপনারা নিতে পারেন । দশ দিন পর রিভিউ দিচ্ছি । চার্জ ব্যাকআপ ভালো আছে ।,product_quality_positive,Positive,Product Quality,"{""Product Quality"": ""positive""}"
53017154370849,এই প্রোডাক্ট অনেক ভালো আপনার চাইলে নিতে পারেন,এই প্রোডাক্ট অনেক ভালো আপনার চাইলে নিতে পারেন,product_quality_positive,Positive,Product Quality,"{""Product Quality"": ""positive""}"
53429371470849,খুব বেশি টা ভালো না দুই ঘন্টা চার্জ টিকে না,খুব বেশি টা ভালো না দুই ঘন্টা চার্জ টিকে না,product_quality_negative,Negative,Product Quality,"{""Product Quality"": ""negative""}"
54299510470849,"মুটামুটি ভালো আছে চাইলে নিতে পারেন 
আপনারা",মুটামু টি ভালো আছে চাইলে নিতে পারেন আপনারা,product_quality_neutral,Neutral,Product Quality,"{""Product Quality"": ""neutral""}"
50785048870849,প্রোডাক্টটি খুবই ভালো কিন্তু চার্জ কম টিকে,প্রোডাক্ট টি খুবই ভালো কিন্তু চার্জ কম টিকে,product_quality_positive,Positive,Product Quality,"{""Product Quality"": ""positive""}"
49311134670849,"আলহামদুলিল্লাহ, যথেষ্ট ভালো আছে তবে ফুল চার্জ এয়ারবাড সর্বোচ্চ 2 বার চার্জ করা যায় যা অনেক কম । চাইলে নিতে পড়েন  ।","আলহামদুলিল্লাহ , যথেষ্ট ভালো আছে তবে ফুল চার্জ এয়ারবাড সর্বোচ্চ 2 বার চার্জ করা যায় যা অনেক কম । চাইলে নিতে পড়েন ।",product_quality_positive,Positive,Product Quality,"{""Product Quality"": ""positive""}"
49311044170849,১০দিন ইউজ করার পর রিভিউ দিলাম ভাই অনেক ভালো চার্জিং এর রাজা সাউন্ড কোয়ালিটি অনেক ভালো ৩২০ টাকা হিসেবে অনেক ভালো  লাভ ইউ সেলার ভাইকে,১০দিন ইউজ করার পর রিভিউ দিলাম ভাই অনেক ভালো চার্জিং এর রাজা সাউন্ড কোয়ালি টি অনেক ভালো ৩২০ টাকা হিসেবে অনেক ভালো লাভ ইউ সেলার ভাইকে,price_positive#product_quality_positive,Positive,"Price, Product Quality","{""Price"": ""positive"", ""Product Quality"": ""positive""}"
49311572570849,দাম হিসাবে ঠিকই আছে। এই টাকার মধ্যে এটাই বেষ্ট।কপি প্রোডাক্ট হিসাবে মোটামুটি ভালোই আছে।,দাম হিসাবে ঠিকই আছে । এই টাকার মধ্যে এটাই বেষ্ট । কপি প্রোডাক্ট হিসাবে মোটামুটি ভালোই আছে ।,price_neutral#product_quality_neutral,Neutral,"Price, Product Quality","{""Price"": ""neutral"", ""Product Quality"": ""neutral""}"
49312266670849,আলহামদুলিল্লাহ খুবই ভালো একটি প্রোডাক্টস পেয়েছি ধন্যবাদ দাস এবং সেলার ভাইকে,আলহামদুলিল্লাহ খুবই ভালো একটি প্রোডাক্টস পেয়েছি ধন্যবাদ দাস এবং সেলার ভাইকে,product_quality_positive,Positive,Product Quality,"{""Product Quality"": ""positive""}"
49342873670849,আলহামদুলিল্লাহ অনেক অনেক ভালো এত কম দামে এত ভালো হবে ভাবতেও পারি নাই,আলহামদুলিল্লাহ অনেক অনেক ভালো এত কম দামে এত ভালো হবে ভাবতে ও পারি নাই,price_positive#product_quality_positive,Positive,"Price, Product Quality","{""Price"": ""positive"", ""Product Quality"": ""positive""}"
49313304370849,প্রোডাক্ট হাতে পেয়েছি। দামেও এটা কম। ওভার অল প্রোডাক্টটি ভালো।,প্রোডাক্ট হাতে পেয়েছি । দামে ও এটা কম । ওভার অল প্রোডাক্ট টি ভালো ।,price_positive#product_quality_positive,Positive,"Price, Product Quality","{""Price"": ""positive"", ""Product Quality"": ""positive""}"
53502503470849,বাজার থেকে কম দামে পেয়েছি মান ও ভালো আছে,বাজার থেকে কম দামে পেয়েছি মান ও ভালো আছে,price_positive#product_quality_positive,Positive,"Price, Product Quality","{""Price"": ""positive"", ""Product Quality"": ""positive""}"
52694620470849,ভালো লেগেছে যে রকম দেখেছি তেমন পেয়েছি,ভালো লেগেছে যে রকম দেখেছি তেমন পেয়েছি,product_quality_positive,Positive,Product Quality,"{""Product Quality"": ""positive""}"
50251363270849,ভালো সবাই নিতে পরেন। এই দামে ভালো পন্য,ভালো সবাই নিতে পরেন । এই দামে ভালো পন্য,price_positive#product_quality_positive,Positive,"Price, Product Quality","{""Price"": ""positive"", ""Product Quality"": ""positive""}"
49310182170849,"পার্সেল টি গতকাল হাতে পেলাম,কাল থেকে ব্যবহার করতেছি,দাম অনুযায়ী প্রডাক্ট টা অনেক ভাল,চার্জ ও মোটামুটি ভাল থাকে,আপনারা প্রডাক্ট টি নিতে পারেন।","পার্সেল টি গতকাল হাতে পেলাম , কাল থেকে ব্যবহার করতেছি , দাম অনুযায়ী প্রডাক্ট টা অনেক ভাল , চার্জ ও মোটামুটি ভাল থাকে , আপনারা প্রডাক্ট টি নিতে পারেন ।",price_positive#product_quality_positive,Positive,"Price, Product Quality","{""Price"": ""positive"", ""Product Quality"": ""positive""}"
49311372770849,প্রোডাক্টটি ভালো কিন্তু গেমের জন্য না গেম খেলতে গেলে নেট সাউন্ড আসে ১সেকেন্ড লেট আসে গান বা ভিডিও মুভি দেখার জন্য একটি ভালো একটা প্রোডাক্ট।,প্রোডাক্ট টি ভালো কিন্তু গেমের জন্য না গেম খেলতে গেলে নেট সাউন্ড আসে ১সেকেন্ড লেট আসে গান বা ভিডিও মুভি দেখার জন্য একটি ভালো একটা প্রোডাক্ট ।,product_quality_positive,Positive,Product Quality,"{""Product Quality"": ""positive""}"
49311750070849,খুবই ভালো ভাবে প্যাকেজিং হয়ে এসেছে। কোয়ালিটি সম্পন্ন প্রোডাক্ট। কিন্তু চার্জ একটু বেশি থাকলে ভালো হতো। কিন্তু দাম অনুযায়ী খুবই ভালো। সবাই নিতে পারেন।,খুবই ভালো ভাবে প্যাকেজিং হয়ে এসেছে । কোয়ালি টি সম্পন্ন প্রোডাক্ট । কিন্তু চার্জ একটু বেশি থাকলে ভালো হতো । কিন্তু দাম অনুযায়ী খুবই ভালো । সবাই নিতে পারেন ।,packaging_positive#price_positive#product_quality_positive,Positive,"Packaging, Price, Product Quality","{""Packaging"": ""positive"", ""Price"": ""positive"", ""Product Quality"": ""positive""}"
49311841670849,আলহামদুলিল্লাহ অনেক ভালো একটা প্রডাক্ট। সাউণ্ড কোয়ালিটি ভালো সবাই নিতে পারেন।,আলহামদুলিল্লাহ অনেক ভালো একটা প্রডাক্ট । সাউণ্ড কোয়ালি টি ভালো সবাই নিতে পারেন ।,product_quality_positive,Positive,Product Quality,"{""Product Quality"": ""positive""}"
49311285070849,সবকিছুই ঠিক আছে সময়ের আগেই ডেলিভারি পেয়েছি। প্রথমবার একটা কিনেছিলাম কিন্তু বেশিদিন যায়নি। দ্বিতীয়বার আবার কিনলাম এটা  দেখি কতদিন যায় 🙂,সবকিছুই ঠিক আছে সময়ের আগেই ডেলিভারি পেয়েছি । প্রথমবার একটা কিনেছিলাম কিন্তু বেশিদিন যায়নি । দ্বিতীয়বার আবার কিনলাম এটা দেখি কতদিন যায়,delivery_positive#product_quality_positive,Positive,"Delivery, Product Quality","{""Delivery"": ""positive"", ""Product Quality"": ""positive""}"
49311917070849,"আলহামদুল্লিহ অনেক সুন্দর ক্লিয়ার সাউন্ড কোয়ালিটি,চার্জ ব্যাকআপ ও দারুন। ৩ দিনে ডেলিভারি পেলাম।প্রথম বার দারাজ থেকে অর্ডার এত সুন্দর প্রডাক্ট পাবো ভাবিনি।","আলহামদুল্লিহ অনেক সুন্দর ক্লিয়ার সাউন্ড কোয়ালি টি , চার্জ ব্যাকআপ ও দারুন । ৩ দিনে ডেলিভারি পেলাম । প্রথম বার দারাজ থেকে অর্ডার এত সুন্দর প্রডাক্ট পাবো ভাবিনি ।",delivery_positive#product_quality_positive,Positive,"Delivery, Product Quality","{""Delivery"": ""positive"", ""Product Quality"": ""positive""}"
49310683070849,"দাম অনুযায়ী প্রডাক্টটি খুবই ভালো, চার্জ ও ভালোই থাকে...নিতে পারেন, । বাট ডেলিভারি সার্বিস টা ভালো লাগেনাই, প্রডাক্টটি যখন হাতে পাই তখন পুরো প্যাকেট টা চাপ খেয়ে বাকা হয়েছিলো, এতে প্রডাক্টটি নষ্ট হয়েও যেতে পারতো, তাই আপনাদের উচিত আরো সাবধানতার  সাথে ডেলিভারি দেওয়া...","দাম অনুযায়ী প্রডাক্ট টি খুবই ভালো , চার্জ ও ভালোই থাকে.নিতে পারেন , । বাট ডেলিভারি সার্বিস টা ভালো লাগেনাই , প্রডাক্ট টি যখন হাতে পাই তখন পুরো প্যাকেট টা চাপ খেয়ে বাকা হয়েছিলো , এতে প্রডাক্ট টি নষ্ট হয়ে ও যেতে পারতো , তাই আপনাদের উচিত আরো সাবধানতার সাথে ডেলিভারি দেওয়া.",delivery_negative#price_positive#product_quality_positive,Positive,"Delivery, Price, Product Quality","{""Delivery"": ""negative"", ""Price"": ""positive"", ""Product Quality"": ""positive""}"
49311066070849,অনেকে বলে যে দারাজের পণ্য ভালো না তবে দেখলাম খারাপ না আমি একটি ব্লুটুথ দারাজ থেকে নিয়েছি সাউন্ড কোয়ালিটি প্রাইজ অনুযায়ী  আলহামদুলিল্লাহ ভালই আপনারা চাইলেও দারাজ এর মত বিশ্বস্ত অ্যাপ থেকে পণ্য নিতে পারেন,অনেকে বলে যে দারাজের পণ্য ভালো না তবে দেখলাম খারাপ না আমি একটি ব্লুটুথ দারাজ থেকে নিয়েছি সাউন্ড কোয়ালি টি প্রাইজ অনুযায়ী আলহামদুলিল্লাহ ভালই আপনারা চাইলে ও দারাজ এর মত বিশ্বস্ত অ্যাপ থেকে পণ্য নিতে পারেন,price_positive#product_quality_positive,Positive,"Price, Product Quality","{""Price"": ""positive"", ""Product Quality"": ""positive""}"
49311256270849,"আলহামদুলিল্লাহ, ধন্যবাদ দারাজকে ধন্যবাদ ডেলিভারি ম্যানকে, তিন দিনের মধ্যে হাতে পাইছি🥰🥰","আলহামদুলিল্লাহ , ধন্যবাদ দারাজকে ধন্যবাদ ডেলিভারি ম্যানকে , তিন দিনের মধ্যে হাতে পাইছি",delivery_positive,Positive,Delivery,"{""Delivery"": ""positive""}"
49311546770849,মাশাআল্লাহ পণ্যের কোয়ালিটি যথেষ্ট ভালো।ইচ্ছে হলে নিতে পারেন।আশা করি এদামে ঠকবেন না।,মাশাআল্লাহ পণ্যের কোয়ালি টি যথেষ্ট ভালো । ইচ্ছে হলে নিতে পারেন । আশা করি এদামে ঠকবেন না ।,price_positive#product_quality_positive,Positive,"Price, Product Quality","{""Price"": ""positive"", ""Product Quality"": ""positive""}"
49312523470849,দাম অনুযায়ী ভালো আছে তবে একটু চার্জ কম যায় নিতে পারেন সবাই।,দাম অনুযায়ী ভালো আছে তবে একটু চার্জ কম যায় নিতে পারেন সবাই ।,price_positive#product_quality_positive,Positive,"Price, Product Quality","{""Price"": ""positive"", ""Product Quality"": ""positive""}"
49310295970849,"আলহামদুলিল্লাহ ২ টা অর্ডার করে ছিলাম দুই টাই অনেক ভালো দাম হিসাবে পণ্যটা অনেক ভালো, আমি একদিন পরেই হাতে পেয়েছি ধন্যবাদ","আলহামদুলিল্লাহ ২ টা অর্ডার করে ছিলাম দুই টাই অনেক ভালো দাম হিসাবে পণ্য টা অনেক ভালো , আমি একদিন পরেই হাতে পেয়েছি ধন্যবাদ",delivery_positive#price_positive#product_quality_positive,Positive,"Delivery, Price, Product Quality","{""Delivery"": ""positive"", ""Price"": ""positive"", ""Product Quality"": ""positive""}"
49310373470849,"সব ঠিকঠাক আছে কিন্তু চার্জ কম থাকে, তবে ভালো চলে, আপনারা নিতে পারেন, আমার কাছে এর সাউন্ড কোয়ালিটি খুব ভালো লেগেছে, ধন্যবাদ","সব ঠিকঠাক আছে কিন্তু চার্জ কম থাকে , তবে ভালো চলে , আপনারা নিতে পারেন , আমার কাছে এর সাউন্ড কোয়ালি টি খুব ভালো লেগেছে , ধন্যবাদ",product_quality_positive,Positive,Product Quality,"{""Product Quality"": ""positive""}"
49310180570849,আলহামদুলিল্লাহ। দাম অনুযায়ী অনেক ভালো।এত কম টাকায় এত ভালো প্রডাক্ট পাবো ভাবতেও পারি নি।কিন্তু ডেলিভারি করতে সময়টা একটু বেশি লাগছে।৫ -৬ দিন সময় লাগছে।আর ডেলিভারি ম্যান অনেক ভালো তাহার ব্যবহার ও অনেক ভালো। ডেলিভারি ম্যান কে অনেক অনেক ধন্যবাদ।,আলহামদুলিল্লাহ । দাম অনুযায়ী অনেক ভালো । এত কম টাকায় এত ভালো প্রডাক্ট পাবো ভাবতে ও পারি নি । কিন্তু ডেলিভারি করতে সময় টা একটু বেশি লাগছে । ৫ -৬ দিন সময় লাগছে । আর ডেলিভারি ম্যান অনেক ভালো তাহার ব্যবহার ও অনেক ভালো । ডেলিভারি ম্যান কে অনেক অনেক ধন্যবাদ ।,delivery_negative#price_positive#product_quality_positive,Positive,"Delivery, Price, Product Quality","{""Delivery"": ""negative"", ""Price"": ""positive"", ""Product Quality"": ""positive""}"
49310733470849,"পুরাই আগুন😊, বেস ওওও সেই সাউন্ড ওওও সেই আপনারা সবাই নিতে পারেন অনেক ভালো আমি ৩দিন এর মধ্যে পেয়ে গেছি, আর সেলার ভাই কে বলতে চাই যে ভাই পেকেজিং টা ভালো করবেন একটু ভাই।","পুরাই আগুন , বেস ও সেই সাউন্ড ও সেই আপনারা সবাই নিতে পারেন অনেক ভালো আমি ৩দিন এর মধ্যে পেয়ে গেছি , আর সেলার ভাই কে বলতে চাই যে ভাই পেকেজিং টা ভালো করবেন একটু ভাই ।",delivery_positive#packaging_negative#product_quality_positive,Positive,"Delivery, Packaging, Product Quality","{""Delivery"": ""positive"", ""Packaging"": ""negative"", ""Product Quality"": ""positive""}"
49312048070849,বেষ্ট সাউন্ড কোয়ালিটি;  অনেক ভালো একটি প্রডাক্ট ;দারাজকে অনেক ধন্যবাদ,বেষ্ট সাউন্ড কোয়ালিটি অনেক ভালো একটি প্রডাক্ট দারাজকে অনেক ধন্যবাদ,product_quality_positive,Positive,Product Quality,"{""Product Quality"": ""positive""}"
49312078670849,এক কথায় অসাধারণ। হাতে পেতে এক মাসের মত লেগেছে। যাইহোক  জিনিসটা অনেক ভালো।,এক কথায় অসাধারণ । হাতে পেতে এক মাসের মত লেগেছে । যাইহোক জিনিস টা অনেক ভালো ।,delivery_negative#product_quality_positive,Neutral,"Delivery, Product Quality","{""Delivery"": ""negative"", ""Product Quality"": ""positive""}"
49312214670849,যেমন চেয়েছিলাম তেমনি পাইছি আলহামদুলিল্লাহ অনেক ভালো সবাই নিতে পারেন,যেমন চেয়েছিলাম তেমনি পাইছি আলহামদুলিল্লাহ অনেক ভালো সবাই নিতে পারেন,product_quality_positive,Positive,Product Quality,"{""Product Quality"": ""positive""}"
49312610770849,আলহামদুলিল্লাহ অনেক ভালো প্রোডাক্ট আপনারা চাইলে নিতে পারেন যেমন চেয়েছি তেমন আছে প্রত্যেকটা তিন ঘন্টা করে ব্যাকআপ দেয় আর ব্যাংক থেকে ছয় বার চার্জ করা যায় সব মিলিয়ে এক  দুই দিন যায় 👍👍,আলহামদুলিল্লাহ অনেক ভালো প্রোডাক্ট আপনারা চাইলে নিতে পারেন যেমন চেয়েছি তেমন আছে প্রত্যেক টা তিন ঘন্টা করে ব্যাকআপ দেয় আর ব্যাংক থেকে ছয় বার চার্জ করা যায় সব মিলিয়ে এক দুই দিন যায়,product_quality_positive,Positive,Product Quality,"{""Product Quality"": ""positive""}"
49312431170849,এক সপ্তাহ পর রিভিউ দিলাম অনেক সুন্দর একটা প্রোডাক্ট। আপনারা চাইলে নিতে পারেন অনেক ভালো,এক সপ্তাহ পর রিভিউ দিলাম অনেক সুন্দর একটা প্রোডাক্ট । আপনারা চাইলে নিতে পারেন অনেক ভালো,product_quality_positive,Positive,Product Quality,"{""Product Quality"": ""positive""}"
49310373970849,"ধন্যবাদ সেলারকে সব কিছু টিকটাক পেয়েছি,,দেখি কয় দিন চলে কেমন চার্জ টিকে","ধন্যবাদ সেলারকে সব কিছু টিকটাক পেয়েছি , , দেখি কয় দিন চলে কেমন চার্জ টিকে",product_quality_positive,Positive,Product Quality,"{""Product Quality"": ""positive""}"
49312203970849,আলহামদুলিল্লাহ প্রোডাক্ট ভালো তবে চার্জ থাকে একটু কম।,আলহামদুলিল্লাহ প্রোডাক্ট ভালো তবে চার্জ থাকে একটু কম ।,product_quality_positive,Positive,Product Quality,"{""Product Quality"": ""positive""}"
49310392370849,"এই দামে সেরা,অনেকেই বাজে মন্তব্য করেছেন আসলে তারা এর কি খারাপ দিকটা দেখছে আমার মাথায় আসেনা,জিনিস ভালো মোটামুটি ১০/৮ পাবার মতো,আপনারা চাইলে নিতে পারেন 👍","এই দামে সেরা , অনেকেই বাজে মন্তব্য করেছেন আসলে তারা এর কি খারাপ দিক টা দেখছে আমার মাথায় আসেনা , জিনিস ভালো মোটামুটি ১০ ৮ পাবার মতো , আপনারা চাইলে নিতে পারেন",price_positive#product_quality_positive,Positive,"Price, Product Quality","{""Price"": ""positive"", ""Product Quality"": ""positive""}"
49312326370849,এই বাজেটে এর থেকে ভালো ইয়ারপড পাওয়া সম্ভব না। সাউন্ড কোয়ালিটি যথেষ্ট ভালো চার্জ মোটামুটি।,এই বাজেটে এর থেকে ভালো ইয়ারপড পাওয়া সম্ভব না । সাউন্ড কোয়ালি টি যথেষ্ট ভালো চার্জ মোটামুটি ।,product_quality_positive,Positive,Product Quality,"{""Product Quality"": ""positive""}"
49394388870849,"খুব ভালো,,, আপনারা নিতে পারেন।","খুব ভালো , আপনারা নিতে পারেন ।",product_quality_positive,Positive,Product Quality,"{""Product Quality"": ""positive""}"
49310650270849,খুব ভালো একটা প্রডাক্ট দামে ও কম দ্রুত পেয়ে গেলাম। আপনার ও নিশ্চিন্তে নিতে পারেন,খুব ভালো একটা প্রডাক্ট দামে ও কম দ্রুত পেয়ে গেলাম । আপনার ও নিশ্চিন্তে নিতে পারেন,delivery_positive#price_positive#product_quality_positive,Positive,"Delivery, Price, Product Quality","{""Delivery"": ""positive"", ""Price"": ""positive"", ""Product Quality"": ""positive""}"
49312305070849,"আলহামদুলিল্লাহ প্রডাক্ট টা অনেক ভালো, চার্জ ভালো থাকে,৪দিন পর রিবিউ দুলাম,","আলহামদুলিল্লাহ প্রডাক্ট টা অনেক ভালো , চার্জ ভালো থাকে , ৪দিন পর রিবিউ দুলাম ,",product_quality_positive,Positive,Product Quality,"{""Product Quality"": ""positive""}"
49524860470849,কম দামের ভিতরে খুব সুন্দর একটি প্রোডাক্ট সবাই নিতে পারেন।,কম দামের ভিতরে খুব সুন্দর একটি প্রোডাক্ট সবাই নিতে পারেন ।,price_positive#product_quality_positive,Positive,"Price, Product Quality","{""Price"": ""positive"", ""Product Quality"": ""positive""}"
49311812870849,জাস্ট অসাধারণ। ❤️ আরো ৩ টা অর্ডার দিয়েছি।,জাস্ট অসাধারণ । আরো ৩ টা অর্ডার দিয়েছি ।,product_quality_positive,Positive,Product Quality,"{""Product Quality"": ""positive""}"
49312090370849,এক কথায় অসাধারণ একটা জিনিস এবং খুব তারা তারি ডেলিভারি পাইছি।,এক কথায় অসাধারণ একটা জিনিস এবং খুব তারা তারি ডেলিভারি পাইছি ।,delivery_positive#product_quality_positive,Positive,"Delivery, Product Quality","{""Delivery"": ""positive"", ""Product Quality"": ""positive""}"
49310696870849,আপনাদের ছার্বিস ও প্রোডাক্ট ২ টোই ভালো ধন্যবাদ 🤍,আপনাদের ছার্বিস ও প্রোডাক্ট ২ টোই ভালো ধন্যবাদ,seller_service_positive#product_quality_positive,Positive,"Product Quality, Seller Service","{""Seller Service"": ""positive"", ""Product Quality"": ""positive""}"
49312040170849,"সবাই নিতে পারেন খুব সুন্দর, ফোনটা দেওয়া ছিল ঠিক তেমনটাই পেয়েছি","সবাই নিতে পারেন খুব সুন্দর , ফোন টা দেওয়া ছিল ঠিক তেমনটাই পেয়েছি",product_quality_positive,Positive,Product Quality,"{""Product Quality"": ""positive""}"
49311574370849,এই দামে এই জিনিস টা ওনেক ভালো কিন্তূ চার্জে টা একটু কম থাকে,এই দামে এই জিনিস টা ওনেক ভালো কিন্তূ চার্জে টা একটু কম থাকে,price_positive#product_quality_positive,Positive,"Price, Product Quality","{""Price"": ""positive"", ""Product Quality"": ""positive""}"
49311647370849,দাম অপেক্ষা অনেক অনেক ভালো। আর ডেলিভারি সার্ভিস ও অনেক ভালো ছিলো🥰,দাম অপেক্ষা অনেক অনেক ভালো । আর ডেলিভারি সার্ভিস ও অনেক ভালো ছিলো,delivery_positive#price_positive#product_quality_positive,Positive,"Delivery, Price, Product Quality","{""Delivery"": ""positive"", ""Price"": ""positive"", ""Product Quality"": ""positive""}"
49311888170849,আসতে একটু লেইট হইছে দাম অনুযায়ী  পন্য খোব ভাল,আসতে একটু লেইট হইছে দাম অনুযায়ী পন্য খোব ভাল,delivery_negative#price_positive#product_quality_positive,Positive,"Delivery, Price, Product Quality","{""Delivery"": ""negative"", ""Price"": ""positive"", ""Product Quality"": ""positive""}"
49312002270849,"মাশাআল্লাহ খুব ভালো পরেছে, আপনারা চাইলে নিঃসন্দেহে নিতে পারেন👌","মাশাআল্লাহ খুব ভালো পরেছে , আপনারা চাইলে নিঃসন্দেহে নিতে পারেন",product_quality_positive,Positive,Product Quality,"{""Product Quality"": ""positive""}"
49311525970849,"এই দামে এক কথায় অসাধারণ, ভাবতেও পারিনি এইরকম এত সুন্দর হবে।","এই দামে এক কথায় অসাধারণ , ভাবতে ও পারিনি এইরকম এত সুন্দর হবে ।",price_positive#product_quality_positive,Positive,"Price, Product Quality","{""Price"": ""positive"", ""Product Quality"": ""positive""}"
49311545370849,অনেক ভালো একটা এয়ার বাডস।।।সবাই নিতে পারেন।,অনেক ভালো একটা এয়ার বাডস । সবাই নিতে পারেন ।,product_quality_positive,Positive,Product Quality,"{""Product Quality"": ""positive""}"
49311801970849,"এই প্রাইজ  এর মধ্যে বেস্ট হবে এটা নিতে পারেন,,","এই প্রাইজ এর মধ্যে বেস্ট হবে এটা নিতে পারেন , ,",price_positive#product_quality_positive,Positive,"Price, Product Quality","{""Price"": ""positive"", ""Product Quality"": ""positive""}"
49310831570849,"দ্বিতীয় বার নিলাম,এই দামে সেরা,চোঁখ বন্ধ করে নিতে পারেন😎👍","দ্বিতীয় বার নিলাম , এই দামে সেরা , চোঁখ বন্ধ করে নিতে পারেন",price_positive#product_quality_positive,Positive,"Price, Product Quality","{""Price"": ""positive"", ""Product Quality"": ""positive""}"
49312230170849,পন্যোটি খারাপ বাম কানের টা বাজে আর ডান কানের টা বাজে না,পন্যো টি খারাপ বাম কানের টা বাজে আর ডান কানের টা বাজে না,product_quality_negative,Negative,Product Quality,"{""Product Quality"": ""negative""}"
49310546270849,ভালোই আছে বেশ খুবই সুন্দর আপনারা সবাই কিনতে পারেন,ভালোই আছে বেশ খুবই সুন্দর আপনারা সবাই কিনতে পারেন,product_quality_positive,Positive,Product Quality,"{""Product Quality"": ""positive""}"
49311780970849,এক কথায় ১০ এ ১০👍,এক কথায় ১০ এ ১০,product_quality_positive,Positive,Product Quality,"{""Product Quality"": ""positive""}"
49311636970849,খুব ভালো প্রোডাক্ট অল্প দামে,খুব ভালো প্রোডাক্ট অল্প দামে,price_positive#product_quality_positive,Positive,"Price, Product Quality","{""Price"": ""positive"", ""Product Quality"": ""positive""}"
49312335270849,হেট ফোন টা আনে ভালো দেখতে যেমন তেমনি সাউন্ড  হেব্বি,হেট ফোন টা আনে ভালো দেখতে যেমন তেমনি সাউন্ড হেব্বি,product_quality_positive,Positive,Product Quality,"{""Product Quality"": ""positive""}"
49311081070849,দাম হিসেবে অনেক ভালো পণ্য। 320টাকায় নেওয়া,দাম হিসেবে অনেক ভালো পণ্য । 320টাকায় নেওয়া,price_positive#product_quality_positive,Positive,"Price, Product Quality","{""Price"": ""positive"", ""Product Quality"": ""positive""}"
49311794270849,মোটামুটি। তবে চার্জে সন্তুষ্ট না আমি,মোটামুটি । তবে চার্জে সন্তুষ্ট না আমি,product_quality_neutral,Neutral,Product Quality,"{""Product Quality"": ""neutral""}"
49311365770849,ভালো মানের একটা প্রোডাক্ট একদিন চাজ দিলে তিন-চার দিন যায়,ভালো মানের একটা প্রোডাক্ট একদিন চাজ দিলে তিন-চার দিন যায়,product_quality_positive,Positive,Product Quality,"{""Product Quality"": ""positive""}"
49312366470849,"মোটামুটি ভালো,, বাজারে প্রায় একই দামে পাওয়া যায়।।","মোটামুটি ভালো , , বাজারে প্রায় একই দামে পাওয়া যায় । ।",price_neutral#product_quality_neutral,Neutral,"Price, Product Quality","{""Price"": ""neutral"", ""Product Quality"": ""neutral""}"
49311556070849,ভালোই চলছে...যা চাইছি তাই পাইছি❤️❤️,ভালোই চলছে.যা চাইছি তাই পাইছি,product_quality_positive,Positive,Product Quality,"{""Product Quality"": ""positive""}"
49311754870849,সবকিছু মিলাই অনেক ভালো আলহামদুলিল্লাহ,সবকিছু মিলাই অনেক ভালো আলহামদুলিল্লাহ,product_quality_positive,Positive,Product Quality,"{""Product Quality"": ""positive""}"
49310991270849,জিনের দাম অনুযাই খুব ভালো কেউ নিতে চাইলে নিতে  পারেন 🥰🥰,জিনের দাম অনুযাই খুব ভালো কেউ নিতে চাইলে নিতে পারেন,price_positive#product_quality_positive,Positive,"Price, Product Quality","{""Price"": ""positive"", ""Product Quality"": ""positive""}"
49310692170849,সবাই নিতে পারেন প্রোডাক্টটি ভালো,সবাই নিতে পারেন প্রোডাক্ট টি ভালো,product_quality_positive,Positive,Product Quality,"{""Product Quality"": ""positive""}"
49310682670849,"ভালোই আছে,চাইলে আপনারা নিতে পারেন।","ভালোই আছে , চাইলে আপনারা নিতে পারেন ।",product_quality_positive,Positive,Product Quality,"{""Product Quality"": ""positive""}"
49311707870849,"যেমন দেখেছি তেমনই পাইছি, খুব ভালো প্রোডাক্ট টি","যেমন দেখেছি তেমনই পাইছি , খুব ভালো প্রোডাক্ট টি",product_quality_positive,Positive,Product Quality,"{""Product Quality"": ""positive""}"
49312010570849,অনেক ভালো প্রোডাক্ট। চাইলে সবাই নিতে পারেন,অনেক ভালো প্রোডাক্ট । চাইলে সবাই নিতে পারেন,product_quality_positive,Positive,Product Quality,"{""Product Quality"": ""positive""}"
49310796970849,এই দামে খুবই ভালো পন্য।,এই দামে খুবই ভালো পন্য ।,product_quality_positive,Positive,Product Quality,"{""Product Quality"": ""positive""}"
49311443570849,ভালো আছে সবাই নিতে পারেন,ভালো আছে সবাই নিতে পারেন,product_quality_positive,Positive,Product Quality,"{""Product Quality"": ""positive""}"
49311395170849,মাশাল্লাহ্ অনেক সুন্দর একটি পোডাক,মাশাল্লাহ্ অনেক সুন্দর একটি পোডাক,product_quality_positive,Positive,Product Quality,"{""Product Quality"": ""positive""}"
49311221570849,দাম হিসাবে অনেক সুন্দর জিনিস,দাম হিসাবে অনেক সুন্দর জিনিস,price_positive#product_quality_positive,Positive,"Price, Product Quality","{""Price"": ""positive"", ""Product Quality"": ""positive""}"
53284251570849,অনেক ভালো ছিল প্রডাক্ট কিন্তু এখন আমার কাছে নেই ছবিটি দিতে পারলাম না কারণ ওটা আমার ফ্রেন্ড এর কাছে আছে,অনেক ভালো ছিল প্রডাক্ট কিন্তু এখন আমার কাছে নেই ছবি টি দিতে পারলাম না কারণ ওটা আমার ফ্রেন্ড এর কাছে আছে,product_quality_positive,Positive,Product Quality,"{""Product Quality"": ""positive""}"
51983960570849,"সাউন্ড কোয়ালিটি একদম বাজে । চার্জ থাকেনা 
টাচ ঠিক মতো কাজ করে না। চার্জে দিয়ে রাখলে সারাদিনই চার্জ ওঠে। তাও চলে না",সাউন্ড কোয়ালি টি একদম বাজে । চার্জ থাকেনা টাচ ঠিক মতো কাজ করে না । চার্জে দিয়ে রাখলে সারাদিনই চার্জ ওঠে । তাও চলে না,product_quality_negative,Negative,Product Quality,"{""Product Quality"": ""negative""}"
54427619970849,ভাল প্রোডাক্ট আপনারা চাইলে সবাই নিতে পারেন চার্জ খুব ভালো টেকতেছি বাট ভালই আছে নিতে পারেন সবাই আপনারা প্রোডাক্ট দেখতে  যেরকম ওর থেকে হাজারগুন বেশি ভালো আর দেরি না করে সবাই নিয়ে ফেলুন জলদি আর ডেলিভারি বয় কে ধন্যবাদ প্রোডাক্টটা তাড়াতাড়ি দেওয়ার জন্য,ভাল প্রোডাক্ট আপনারা চাইলে সবাই নিতে পারেন চার্জ খুব ভালো টেকতেছি বাট ভালই আছে নিতে পারেন সবাই আপনারা প্রোডাক্ট দেখতে যেরকম ওর থেকে হাজারগুন বেশি ভালো আর দেরি না করে সবাই নিয়ে ফেলুন জলদি আর ডেলিভারি বয় কে ধন্যবাদ প্রোডাক্ট টা তাড়াতাড়ি দেওয়ার জন্য,delivery_positive#product_quality_positive,Positive,"Delivery, Product Quality","{""Delivery"": ""positive"", ""Product Quality"": ""positive""}"
51140689770849,পুরো ফালতু একটি প্রোডাক্ট। ভিতরে একটা ছিল আর একটা ছিল না। বক্সের ছবির সাথে প্রোডাক্ট এর কোন মিল নেই । প্যাকেজিং এর অবস্থাও একদম বাজে। এসব তো ১০০ টাকা করে ফুটপাতে পাওয়া যায়। দারাজের থেকে এটা আশা করিনি। এই সেলার এর কাছ থেকে কেউ নিবেন না।,পুরো ফালতু একটি প্রোডাক্ট । ভিতরে একটা ছিল আর একটা ছিল না । বক্সের ছবির সাথে প্রোডাক্ট এর কোন মিল নেই । প্যাকেজিং এর অবস্থা ও একদম বাজে । এসব তো ১০০ টাকা করে ফুটপাতে পাওয়া যায় । দারাজের থেকে এটা আশা করিনি । এই সেলার এর কাছ থেকে কেউ নিবেন না ।,packaging_negative#product_quality_negative,Negative,"Packaging, Product Quality","{""Packaging"": ""negative"", ""Product Quality"": ""negative""}"
50487395070849,"খুব বাজে একটা প্রোডাক্ট, আমাকে নষ্ট ইয়ারফোন দিয়েছে, রিটার্ন করতে গেলে নানান কাহিনী, ভুলেও কেউ নিবেন না","খুব বাজে একটা প্রোডাক্ট , আমাকে নষ্ট ইয়ারফোন দিয়েছে , রিটার্ন করতে গেলে নানান কাহিনী , ভুলে ও কেউ নিবেন না",product_quality_negative,Negative,Product Quality,"{""Product Quality"": ""negative""}"
52573632570849,দেখতে সবকিছু ভালো হলেও চার্জ হতে অনেক দেরি হয় এবং কানেক্ট হয় না। চার্জ হলেও অটোমেটিক বন্ধ হয়ে যায় আরো অনেক ধরনের সমস্যা দেখা দিচ্ছে। যতটুকু এক্সপেক্ট করেছিলাম তার কিছুই পেলাম না। যদি কেউ কিনতে চান তাহলে আর একটু উন্নত মানের কোয়ালিটি দেখে কিনুন দুই টাকা বেশি দিয়ে হলেও সবকিছু ঠিকঠাক পাবেন আশা করি।,দেখতে সবকিছু ভালো হলে ও চার্জ হতে অনেক দেরি হয় এবং কানেক্ট হয় না । চার্জ হলে ও অটোমেটিক বন্ধ হয়ে যায় আরো অনেক ধরনের সমস্যা দেখা দিচ্ছে । যতটুকু এক্সপেক্ট করেছিলাম তার কিছুই পেলাম না । যদি কেউ কিনতে চান তাহলে আর একটু উন্নত মানের কোয়ালি টি দেখে কিনুন দুই টাকা বেশি দিয়ে হলে ও সবকিছু ঠিকঠাক পাবেন আশা করি ।,product_quality_negative,Negative,Product Quality,"{""Product Quality"": ""negative""}"
54411410470849,"মাশাআল্লাহ, আলহামদুলিল্লাহ, ইনটেক প্যাকেট, সাউন্ড কোয়ালিটি অনেক ভালো, চার্জ ওকে, অসাধারণ একটা ইয়ারফোনে। ধন্যবাদ সেলারকে, ধন্যবাদ দারাজকে।","মাশাআল্লাহ , আলহামদুলিল্লাহ , ইনটেক প্যাকেট , সাউন্ড কোয়ালি টি অনেক ভালো , চার্জ ওকে , অসাধারণ একটা ইয়ারফোনে । ধন্যবাদ সেলারকে , ধন্যবাদ দারাজকে ।",packaging_positive#product_quality_positive,Positive,"Packaging, Product Quality","{""Packaging"": ""positive"", ""Product Quality"": ""positive""}"
52164367870849,খুবই সুন্দর একটা প্রোডাক্ট আমি গত কালকে হাতে পেয়েছি  সাউন্ড সিস্টেমটা অনেক ভালো ধন্যবাদ দারাজ।,খুবই সুন্দর একটা প্রোডাক্ট আমি গত কালকে হাতে পেয়েছি সাউন্ড সিস্টেম টা অনেক ভালো ধন্যবাদ দারাজ ।,product_quality_positive,Positive,Product Quality,"{""Product Quality"": ""positive""}"
50495841270849,আলহামদুলিল্লাহ দাম অনুযায়ী ভালো ১ দিন পরে বলছি ব্যবহার করে।আমাদের এলাকার সেলার টা অনেক ভালো,আলহামদুলিল্লাহ দাম অনুযায়ী ভালো ১ দিন পরে বলছি ব্যবহার করে । আমাদের এলাকার সেলার টা অনেক ভালো,seller_service_positive#price_positive#product_quality_positive,Positive,"Price, Product Quality, Seller Service","{""Seller Service"": ""positive"", ""Price"": ""positive"", ""Product Quality"": ""positive""}"
49524670770849,একদম বাজে একটা পন্য দিছে।নষ্ট দিয়ে গেছে।পরে আবার আমি রিটার্ন মেসেজ দিয়েছি তাও আবার না করে দিছে।টাকা দিয়ে কিনেছি তাহলে নষ্ট দিবে কেন।আবার রিটার্ন  ও নিবে না।,একদম বাজে একটা পন্য দিছে । নষ্ট দিয়ে গেছে । পরে আবার আমি রিটার্ন মেসেজ দিয়েছি তাও আবার না করে দিছে । টাকা দিয়ে কিনেছি তাহলে নষ্ট দিবে কেন । আবার রিটার্ন ও নিবে না ।,product_quality_negative,Negative,Product Quality,"{""Product Quality"": ""negative""}"
54996560070849,"নষ্ট চালু হয়না চার্জও হয়না আমি রির্টন করব, আপনারা কেও নিয়েন না এরা নষ্ট জিনিসই দেয়","নষ্ট চালু হয়না চার্জ ও হয়না আমি রির্টন করব , আপনারা কে ও নিয়েন না এরা নষ্ট জিনিসই দেয়",product_quality_negative,Negative,Product Quality,"{""Product Quality"": ""negative""}"
49312346370849,ইউজ করার পরে ভিডিওটা দেখছি অনেক ভালো একটা ব্লুটুথ চার্জার পিন টাইপ সি তিন থেকে চার ঘন্টা চলে ভালো চাইলে নিতে পারেন,ইউজ করার পরে ভিডিও টা দেখছি অনেক ভালো একটা ব্লুটুথ চার্জার পিন টাইপ সি তিন থেকে চার ঘন্টা চলে ভালো চাইলে নিতে পারেন,product_quality_positive,Positive,Product Quality,"{""Product Quality"": ""positive""}"
49858607970849,আলহামদুলিল্লাহ সাউন্ড কোয়ালিটি এবং বিল্ড কোয়ালিটি অনেক ভালো সবাই নিতে পারেন,আলহামদুলিল্লাহ সাউন্ড কোয়ালি টি এবং বিল্ড কোয়ালি টি অনেক ভালো সবাই নিতে পারেন,product_quality_positive,Positive,Product Quality,"{""Product Quality"": ""positive""}"
53213692470849,কেউ নিবেন না এটা খুব বাজে পডাক্ট এই পডাক্ট নিলে লছ হবে এটার সমস্যার ওভাব নাই,কেউ নিবেন না এটা খুব বাজে পডাক্ট এই পডাক্ট নিলে লছ হবে এটার সমস্যার ওভাব নাই,product_quality_negative,Negative,Product Quality,"{""Product Quality"": ""negative""}"
49312229370849,ফালতু একটা প্রোডাক্ট একটা কানেক্ট হয় আরেকটা হয় না এগুলো মানুষের প্রতারণা করা নেট সমস্যা কারণে ফেরত ও দিতে পারতেছি না😡,ফালতু একটা প্রোডাক্ট একটা কানেক্ট হয় আরেক টা হয় না এ গুলো মানুষের প্রতারণা করা নেট সমস্যা কারণে ফেরত ও দিতে পারতেছি না,product_quality_negative,Negative,Product Quality,"{""Product Quality"": ""negative""}"
49311916470849,প্রডাক্ট পেযেছি প্রায় ১ মাস আগে। এই এক মাস ব্যবহার করে বুঝলাম খুবই ভালো প্রডাক্টটি। ১মাস ব্যাবহার করার পর আজ রিভিউ দিলাম।,প্রডাক্ট পেযেছি প্রায় ১ মাস আগে । এই এক মাস ব্যবহার করে বুঝলাম খুবই ভালো প্রডাক্ট টি । ১মাস ব্যাবহার করার পর আজ রিভিউ দিলাম ।,product_quality_positive,Positive,Product Quality,"{""Product Quality"": ""positive""}"
49394278270849,পণ্য ভালো পাইছি। কিন্তু আগের বার সব ঠিকই ছিল। আমাকে শুধু চার্জারটা দেওয়া হয় নাই।,পণ্য ভালো পাইছি । কিন্তু আগের বার সব ঠিকই ছিল । আমাকে শুধু চার্জার টা দেওয়া হয় নাই ।,product_quality_positive,Positive,Product Quality,"{""Product Quality"": ""positive""}"
51232924270849,প্রোডাক্টটা অনেক ভালো নিতে পারেন কিন্তু একটু বড় সাইজ হয়ে যায়,প্রোডাক্ট টা অনেক ভালো নিতে পারেন কিন্তু একটু বড় সাইজ হয়ে যায়,product_quality_positive,Positive,Product Quality,"{""Product Quality"": ""positive""}"
50978592970849,বাজেট বিবেচনা ঠিক আছে কিন্তু চার্জ আর একটু ভালো থাকলে ভালো হতো,বাজেট বিবেচনা ঠিক আছে কিন্তু চার্জ আর একটু ভালো থাকলে ভালো হতো,price_neutral#product_quality_neutral,Neutral,"Price, Product Quality","{""Price"": ""neutral"", ""Product Quality"": ""neutral""}"
49312469570849,ভালো ❤️ ৩৩০ টাকা হিসেবে দারুন ❤️আপনারা চাইলে নিতে পারেন শাওন মোটামুটি ভালো 🫣 মোহাম্মদ জুবায়েদ 🫣🫶,ভালো ৩৩০ টাকা হিসেবে দারুন আপনারা চাইলে নিতে পারেন শাওন মোটামুটি ভালো মোহাম্মদ জুবায়েদ,price_positive#product_quality_positive,Positive,"Price, Product Quality","{""Price"": ""positive"", ""Product Quality"": ""positive""}"
49312172870849,আলহামদুলিল্লাহ। প্রডাক্ট কোয়ালিটি ভালো। সাউন্ড কোয়ালিটি ভালো। ব্যাটারি চার্জ অনেক ক্ষন থাকে। সেলার কে ধন্যবাদ।,আলহামদুলিল্লাহ । প্রডাক্ট কোয়ালি টি ভালো । সাউন্ড কোয়ালি টি ভালো । ব্যাটারি চার্জ অনেক ক্ষন থাকে । সেলার কে ধন্যবাদ ।,product_quality_positive,Positive,Product Quality,"{""Product Quality"": ""positive""}"
54768386870849,অসাধারণ। এবার দিয়ে আমি পরপর দুইবার অর্ডার করে রিসিভ করেছি।,অসাধারণ । এবার দিয়ে আমি পরপর দুইবার অর্ডার করে রিসিভ করেছি ।,product_quality_positive,Positive,Product Quality,"{""Product Quality"": ""positive""}"
54925835070849,"বেশি ভালো না, ব্যাটারীতে চার্জ থাকে না, না নেওয়াই ভালো হবে","বেশি ভালো না , ব্যাটারীতে চার্জ থাকে না , না নেওয়াই ভালো হবে",product_quality_negative,Negative,Product Quality,"{""Product Quality"": ""negative""}"
49311172970849,দারাজে অর্ডার করলে ডেলিভারি দিতে অনেক সময় লাগে এই কারণেই ভালো লাগেনা কিছু অর্ডার দিতে,দারাজে অর্ডার করলে ডেলিভারি দিতে অনেক সময় লাগে এই কারণেই ভালো লাগেনা কিছু অর্ডার দিতে,delivery_negative,Negative,Delivery,"{""Delivery"": ""negative""}"
49312065770849,সম্পূর্ণ বাজে প্রডাক্ট। ৭ দিন ব্যবহার করছি তারপর নষ্ট হয়ে গেছে। কেউ নিয়েন না।,সম্পূর্ণ বাজে প্রডাক্ট । ৭ দিন ব্যবহার করছি তারপর নষ্ট হয়ে গেছে । কেউ নিয়েন না ।,product_quality_negative,Negative,Product Quality,"{""Product Quality"": ""negative""}"
51436394970849,"মূল্য অনুযায়ী প্রডাক্ট মুটামুটি ভালোই,  চাইলে নিতে পারেন।","মূল্য অনুযায়ী প্রডাক্ট মুটামু টি ভালোই , চাইলে নিতে পারেন ।",price_neutral#product_quality_neutral,Neutral,"Price, Product Quality","{""Price"": ""neutral"", ""Product Quality"": ""neutral""}"
51387176470849,পণ্যটা ভালোই ।আপনারা চাইলে নিতে পারেন। সবকিছু ঠিকঠাক ছিল,পণ্য টা ভালোই । আপনারা চাইলে নিতে পারেন । সবকিছু ঠিকঠাক ছিল,product_quality_positive,Positive,Product Quality,"{""Product Quality"": ""positive""}"
49729902170849,আলহামদুলিল্লাহ প্রোডাক্টটা অনেক ভালো যারা নিতে চান নিতে পারেন,আলহামদুলিল্লাহ প্রোডাক্ট টা অনেক ভালো যারা নিতে চান নিতে পারেন,product_quality_positive,Positive,Product Quality,"{""Product Quality"": ""positive""}"
52915525470849,বাটপারের দল একটা দিছ আমারে চার্জ থাকে না ৫ মিনিট ও,বাটপারের দল একটা দিছ আমারে চার্জ থাকে না ৫ মিনিট ও,product_quality_negative,Negative,Product Quality,"{""Product Quality"": ""negative""}"
53559206770849,ওয়ালেট দাম অনুযায়ী ভালোই। মাত্রই রিসিভ করেছি। ❣️,ওয়ালেট দাম অনুযায়ী ভালোই । মাত্রই রিসিভ করেছি ।,price_positive#product_quality_positive,Positive,"Price, Product Quality","{""Price"": ""positive"", ""Product Quality"": ""positive""}"
49311484570849,যেমন ভাবছিলাম তেমন ই পেয়েছি। কিন্তু ব্যাটারি ব্যাকআপ আর একটু লং টাইম দরকার ছিল। দাম হিসেবে সাউন্ড কোয়ালিটি অনেক ভাল। সবাই নিতে পারেন। ধন্যবাদ সেলার কে।,যেমন ভাবছিলাম তেমন ই পেয়েছি । কিন্তু ব্যাটারি ব্যাকআপ আর একটু লং টাইম দরকার ছিল । দাম হিসেবে সাউন্ড কোয়ালি টি অনেক ভাল । সবাই নিতে পারেন । ধন্যবাদ সেলার কে ।,price_positive#product_quality_positive,Positive,"Price, Product Quality","{""Price"": ""positive"", ""Product Quality"": ""positive""}"
54778488570849,এটা একটুও ভালো না চাজ থাকে এটা আমি রিটান করতে চাই,এটা একটু ও ভালো না চাজ থাকে এটা আমি রিটান করতে চাই,product_quality_negative,Negative,Product Quality,"{""Product Quality"": ""negative""}"
51516336370849,ভালই তবে চার্জ ২ ঘন্টার বেশি থাকে...  নিতেরপারেন,ভালই তবে চার্জ ২ ঘন্টার বেশি থাকে. নিতেরপারেন,product_quality_positive,Positive,Product Quality,"{""Product Quality"": ""positive""}"
51598290170849,"ফালতু একটা প্রডাক্ট ভাই,, চার্জ খুবই কম থাকে।","ফালতু একটা প্রডাক্ট ভাই , , চার্জ খুবই কম থাকে ।",product_quality_negative,Negative,Product Quality,"{""Product Quality"": ""negative""}"
54313929370849,এটা সবচেয়ে ভালো পোর্টার এটা নিউজ নিতে পারেন,এটা সবচেয়ে ভালো পোর্টার এটা নিউজ নিতে পারেন,product_quality_positive,Positive,Product Quality,"{""Product Quality"": ""positive""}"
49311026270849,ভাইরে ভাই এত সুন্দর আমি বলে বুঝাতে পারব না সেই চার্জে টিকসই এবং অত্যন্ত সুন্দর সাউন্ড কোয়ালিটি অসম্ভব সুন্দর থ্যাংক ইউ জানাচ্ছি দারাজ,ভাইরে ভাই এত সুন্দর আমি বলে বুঝাতে পারব না সেই চার্জে টিকসই এবং অত্যন্ত সুন্দর সাউন্ড কোয়ালি টি অসম্ভব সুন্দর থ্যাংক ইউ জানাচ্ছি দারাজ,product_quality_positive,Positive,Product Quality,"{""Product Quality"": ""positive""}"
50087390070849,ভালো প্রোডাক্ট আমি পেয়েছি। আওয়াজ ও ঠিক আছে,ভালো প্রোডাক্ট আমি পেয়েছি । আওয়াজ ও ঠিক আছে,product_quality_positive,Positive,Product Quality,"{""Product Quality"": ""positive""}"
50278131370849,অসাধারণ একটা জিনিস চাইলে আপনারও নিতে পারেন,অসাধারণ একটা জিনিস চাইলে আপনার ও নিতে পারেন,product_quality_positive,Positive,Product Quality,"{""Product Quality"": ""positive""}"
49312221870849,খুব ভালো প্রোডাক্ট সবাই নিতে পারেন চার্জ মোটামুটি ভাল থাকে এই দাম অনুযায়ী,খুব ভালো প্রোডাক্ট সবাই নিতে পারেন চার্জ মোটামুটি ভাল থাকে এই দাম অনুযায়ী,price_positive#product_quality_positive,Positive,"Price, Product Quality","{""Price"": ""positive"", ""Product Quality"": ""positive""}"
49312628070849,"চাজ ভালো যায় না,ঘ্যার ঘ্যার শব্দ হয়,এক কথায় ভালো না,খুব বাজে","চাজ ভালো যায় না , ঘ্যার ঘ্যার শব্দ হয় , এক কথায় ভালো না , খুব বাজে",product_quality_negative,Negative,Product Quality,"{""Product Quality"": ""negative""}"
49311560170849,"প্রোডাক্টটা অনেক ভালো ছিল ডেলিভারি ও খুব তাড়াতাড়ি পাইছি সব মিলিয়ে আলহামদুলিল্লাহ,,, 🥰🥰","প্রোডাক্ট টা অনেক ভালো ছিল ডেলিভারি ও খুব তাড়াতাড়ি পাইছি সব মিলিয়ে আলহামদুলিল্লাহ ,",delivery_positive#product_quality_positive,Positive,"Delivery, Product Quality","{""Delivery"": ""positive"", ""Product Quality"": ""positive""}"
49798687070849,এক দম বাজে নষ্ট প্রোডাক্ট দেওয়া হয়েছে,এক দম বাজে নষ্ট প্রোডাক্ট দেওয়া হয়েছে,product_quality_negative,Negative,Product Quality,"{""Product Quality"": ""negative""}"
51628334770849,আলহামদুলিল্লাহ অনেক ভালো সবাই নিতে পারে,আলহামদুলিল্লাহ অনেক ভালো সবাই নিতে পারে,product_quality_positive,Positive,Product Quality,"{""Product Quality"": ""positive""}"
51304803970849,"ভালোই নিতে পারেন প্যাকেজিং ও ভালো ছিল ,","ভালোই নিতে পারেন প্যাকেজিং ও ভালো ছিল ,",packaging_positive#product_quality_positive,Positive,"Packaging, Product Quality","{""Packaging"": ""positive"", ""Product Quality"": ""positive""}"
51875855670849,ঠিক যেমন টা চেয়েছি তেমনটা পেয়েছি 🥰🥰,ঠিক যেমন টা চেয়েছি তেমন টা পেয়েছি,product_quality_positive,Positive,Product Quality,"{""Product Quality"": ""positive""}"
53566671870849,"গুড প্রোডাক্ট, সবাই নিতে পারেন 😊😊😊","গুড প্রোডাক্ট , সবাই নিতে পারেন",product_quality_positive,Positive,Product Quality,"{""Product Quality"": ""positive""}"
52851370970849,আলহামদুলিল্লাহ ভালো  সবাই নিতে পারেন,আলহামদুলিল্লাহ ভালো সবাই নিতে পারেন,product_quality_positive,Positive,Product Quality,"{""Product Quality"": ""positive""}"
51651482270849,অনেক ভালো প্রোডাক্ট নতুন মাল পেয়েছি,অনেক ভালো প্রোডাক্ট নতুন মাল পেয়েছি,product_quality_positive,Positive,Product Quality,"{""Product Quality"": ""positive""}"
49633692170849,এই দামের মধ্যে ভালো তবে চার্জ বেশি থাকে না,এই দামের মধ্যে ভালো তবে চার্জ বেশি থাকে না,price_positive#product_quality_positive,Positive,"Price, Product Quality","{""Price"": ""positive"", ""Product Quality"": ""positive""}"
49311220470849,ভালো ২ সাপ্তাহ ব্যবহার করলাম মোটামুটি ভালো চার্জ একটু কম থাকে নিতে পারেন সবাই 🖐️,ভালো ২ সাপ্তাহ ব্যবহার করলাম মোটামুটি ভালো চার্জ একটু কম থাকে নিতে পারেন সবাই,product_quality_neutral,Neutral,Product Quality,"{""Product Quality"": ""neutral""}"
49311215470849,খুব ভালো প্রডাক ওডার দেয়ার দুইদিব পর হাতে পেয়ে ছি ডেলিভারি ম্যান  খুব ভালো আচারন করে ছে😊😊😊,খুব ভালো প্রডাক ওডার দেয়ার দুইদিব পর হাতে পেয়ে ছি ডেলিভারি ম্যান খুব ভালো আচারন করে ছে,delivery_positive#product_quality_positive,Positive,"Delivery, Product Quality","{""Delivery"": ""positive"", ""Product Quality"": ""positive""}"
49538301170849,মোটামুটি ভালোই আপনারা চাইলে নিতে পারেন,মোটামুটি ভালোই আপনারা চাইলে নিতে পারেন,product_quality_neutral,Neutral,Product Quality,"{""Product Quality"": ""neutral""}"
52891069670849,আলহামদুলিল্লাহ সব কিছু টিক ছিলো।,আলহামদুলিল্লাহ সব কিছু টিক ছিলো ।,product_quality_positive,Positive,Product Quality,"{""Product Quality"": ""positive""}"
49312303670849,"কয়েকদিন ব্যাবহার করার পরে রিভিউ দিচ্ছি,মোটামুটি ভালোই।","কয়েকদিন ব্যাবহার করার পরে রিভিউ দিচ্ছি , মোটামুটি ভালোই ।",product_quality_neutral,Neutral,Product Quality,"{""Product Quality"": ""neutral""}"
54361968270849,খুব খাফার মাল দিছে চার্জ ঠিকে না,খুব খাফার মাল দিছে চার্জ ঠিকে না,product_quality_negative,Negative,Product Quality,"{""Product Quality"": ""negative""}"
50637565070849,এক কথায় অসাধারণ সবাই নিতে পারেন,এক কথায় অসাধারণ সবাই নিতে পারেন,product_quality_positive,Positive,Product Quality,"{""Product Quality"": ""positive""}"
49312199970849,ডেলিভারি ভাইয়ার ব্যবহার ছিল বরাবরের মতো অসাধারণ ❤️❤️,ডেলিভারি ভাইয়ার ব্যবহার ছিল বরাবরের মতো অসাধারণ,delivery_positive,Positive,Delivery,"{""Delivery"": ""positive""}"
49444197470849,খুবই ভালো একটা প্রোডাক্ট সবাই নিতে পারেন,খুবই ভালো একটা প্রোডাক্ট সবাই নিতে পারেন,product_quality_positive,Positive,Product Quality,"{""Product Quality"": ""positive""}"
49310395770849,একটা সাত দিন ব্যবহার করেছি মোটামুটি রেজাল ভালো। আর একটা নিয়েছি দেখা যাক কি হয়,একটা সাত দিন ব্যবহার করেছি মোটামুটি রেজাল ভালো । আর একটা নিয়েছি দেখা যাক কি হয়,product_quality_positive,Positive,Product Quality,"{""Product Quality"": ""positive""}"
53647015370849,এগুলা ভালো না কেউ নিবেন না,এগুলা ভালো না কেউ নিবেন না,product_quality_negative,Negative,Product Quality,"{""Product Quality"": ""negative""}"
49311877270849,"ডেলিভারি ম্যান ভাইয়াকে অসংখ্য ধন্যবাদ জানাই, প্রডাক্ট খুব ভালো ছিলো","ডেলিভারি ম্যান ভাইয়াকে অসংখ্য ধন্যবাদ জানাই , প্রডাক্ট খুব ভালো ছিলো",product_quality_positive,Positive,Product Quality,"{""Product Quality"": ""positive""}"
49311493170849,"আলহামদুলিল্লাহ অনেক ভালো প্রোডাক্ট,, আপনারা সবাই নিতে পারেন","আলহামদুলিল্লাহ অনেক ভালো প্রোডাক্ট , , আপনারা সবাই নিতে পারেন",product_quality_positive,Positive,Product Quality,"{""Product Quality"": ""positive""}"
49313204070849,অসাধারণ একটা জিনিস সাউন্ড কোয়ালিটি ও অসাধারণ,অসাধারণ একটা জিনিস সাউন্ড কোয়ালি টি ও অসাধারণ,product_quality_positive,Positive,Product Quality,"{""Product Quality"": ""positive""}"
49311805170849,দাম হিসেবে অনেক ভালো ছিলো।  চার্জ টা একটু বেশি সময় থাকলে ভালো হতো।  আপনারা নিতে পারেন।,দাম হিসেবে অনেক ভালো ছিলো । চার্জ টা একটু বেশি সময় থাকলে ভালো হতো । আপনারা নিতে পারেন ।,price_positive#product_quality_positive,Positive,"Price, Product Quality","{""Price"": ""positive"", ""Product Quality"": ""positive""}"
49310783170849,প্রাই এক মাস ব্যবহার করে রিভিউ দিলাম।অনেক ভালো। আপনারা চাইলে নিতে পারেন।,প্রাই এক মাস ব্যবহার করে রিভিউ দিলাম । অনেক ভালো । আপনারা চাইলে নিতে পারেন ।,product_quality_positive,Positive,Product Quality,"{""Product Quality"": ""positive""}"
49474318470849,জঘন্য। এক ঘন্টাও চার্জ থাকে না।,জঘন্য । এক ঘন্টা ও চার্জ থাকে না ।,product_quality_negative,Negative,Product Quality,"{""Product Quality"": ""negative""}"
49312533670849,একদিন ব্যবহার করলাম ভালই বুঝলাম। সাউন্ড কোয়ালিটি খুবই ভালো,একদিন ব্যবহার করলাম ভালই বুঝলাম । সাউন্ড কোয়ালি টি খুবই ভালো,product_quality_positive,Positive,Product Quality,"{""Product Quality"": ""positive""}"
49394390970849,"এভারেজ, বিল্ড কোয়ালিটি কিছুটা নরমাল","এভারেজ , বিল্ড কোয়ালি টি কিছুটা নরমাল",product_quality_neutral,Neutral,Product Quality,"{""Product Quality"": ""neutral""}"
49312204870849,"সময় মতো হাতে পেয়েছি, এবং চার্জ ও যায় ভালো।","সময় মতো হাতে পেয়েছি , এবং চার্জ ও যায় ভালো ।",delivery_positive#product_quality_positive,Positive,"Delivery, Product Quality","{""Delivery"": ""positive"", ""Product Quality"": ""positive""}"
49312632170849,ভালো প্রোডাক্ট ডেলিভারি বয় একদম বাজে,ভালো প্রোডাক্ট ডেলিভারি বয় একদম বাজে,delivery_negative#product_quality_positive,Neutral,"Delivery, Product Quality","{""Delivery"": ""negative"", ""Product Quality"": ""positive""}"
49310798170849,খুবই ভাল পন্য। সেলার এর ব্যবহার ও ভাল। যে কেউ চাইলে নিতে পারেন।,খুবই ভাল পন্য । সেলার এর ব্যবহার ও ভাল । যে কেউ চাইলে নিতে পারেন ।,seller_service_positive#product_quality_positive,Positive,"Product Quality, Seller Service","{""Seller Service"": ""positive"", ""Product Quality"": ""positive""}"
49311217870849,খুব ভালো একটা প্রডাক্ট এই দামে।আপনারা নিতে পারেন,খুব ভালো একটা প্রডাক্ট এই দামে । আপনারা নিতে পারেন,price_positive#product_quality_positive,Positive,"Price, Product Quality","{""Price"": ""positive"", ""Product Quality"": ""positive""}"
49310982470849,মোটামুটি ভালো ছিল। আওয়াজ এত বেশি হয় না। ডেলিভারি ম্যান  মোটামুটি ভালো ছিল,মোটামুটি ভালো ছিল । আওয়াজ এত বেশি হয় না । ডেলিভারি ম্যান মোটামুটি ভালো ছিল,delivery_neutral#product_quality_neutral,Neutral,"Delivery, Product Quality","{""Delivery"": ""neutral"", ""Product Quality"": ""neutral""}"
49311641270849,"কম টাকায় ভালো একটা প্রোডাক্ট।  সাউন্ড ও ভালো,","কম টাকায় ভালো একটা প্রোডাক্ট । সাউন্ড ও ভালো ,",price_positive#product_quality_positive,Positive,"Price, Product Quality","{""Price"": ""positive"", ""Product Quality"": ""positive""}"
49311395970849,অনেক সুন্দর একটা প্রোডাক্ট। জাস্ট ওয়াও 😍🥰🥰🫰🫰,অনেক সুন্দর একটা প্রোডাক্ট । জাস্ট ওয়াও,product_quality_positive,Positive,Product Quality,"{""Product Quality"": ""positive""}"
49312216370849,"ভালো ,                      ‘‘ দাম অনুযায়ী  ভালো ‘‘","ভালো , দাম অনুযায়ী ভালো",price_positive#product_quality_positive,Positive,"Price, Product Quality","{""Price"": ""positive"", ""Product Quality"": ""positive""}"
49311056070849,ভাইএমোন একটা মাল দিছেন চার্জ থাকেনা,ভাইএমোন একটা মাল দিছেন চার্জ থাকেনা,product_quality_negative,Negative,Product Quality,"{""Product Quality"": ""negative""}"
49311349370849,অনেক সুন্দর হয়েছে যা চাই ছি তাই পাইছি,অনেক সুন্দর হয়েছে যা চাই ছি তাই পাইছি,product_quality_positive,Positive,Product Quality,"{""Product Quality"": ""positive""}"
49311283870849,ভালো পণ্য। সবাই নিতে পারেন  🥰,ভালো পণ্য । সবাই নিতে পারেন,product_quality_positive,Positive,Product Quality,"{""Product Quality"": ""positive""}"
49311940570849,আলহামদুলিল্লাহ কম দামে ভালো চলছে,আলহামদুলিল্লাহ কম দামে ভালো চলছে,price_positive#product_quality_positive,Positive,"Price, Product Quality","{""Price"": ""positive"", ""Product Quality"": ""positive""}"
49310390570849,"দারুণ একটা প্রোডাক্ট,  বেশ পছন্দ হয়েছে","দারুণ একটা প্রোডাক্ট , বেশ পছন্দ হয়েছে",product_quality_positive,Positive,Product Quality,"{""Product Quality"": ""positive""}"
49312183570849,"বেস্ট ছিল,, যেমনটি চাইছি, ঠিক তেমনটি পাইছি","বেস্ট ছিল , , যেমন টি চাইছি , ঠিক তেমন টি পাইছি",product_quality_positive,Positive,Product Quality,"{""Product Quality"": ""positive""}"
49311462470849,অনেক ভালো। আপনারা চাইলে নিতে পারেন।,অনেক ভালো । আপনারা চাইলে নিতে পারেন ।,product_quality_positive,Positive,Product Quality,"{""Product Quality"": ""positive""}"
49311437570849,দাম অনুযায়ী খুবই ভালো নিতে পারেন,দাম অনুযায়ী খুবই ভালো নিতে পারেন,price_positive#product_quality_positive,Positive,"Price, Product Quality","{""Price"": ""positive"", ""Product Quality"": ""positive""}"
49311468170849,ভালোই যার প্রয়োজন নিতে পারেন,ভালোই যার প্রয়োজন নিতে পারেন,product_quality_positive,Positive,Product Quality,"{""Product Quality"": ""positive""}"
49312716670849,আলহামদুলিল্লাহ অনেক ভালো যেমনটা চেয়েছি তেমনি পেয়েছি এ দামের মধ্যে এটাই সেরা,আলহামদুলিল্লাহ অনেক ভালো যেমন টা চেয়েছি তেমনি পেয়েছি এ দামের মধ্যে এটাই সেরা,price_positive#product_quality_positive,Positive,"Price, Product Quality","{""Price"": ""positive"", ""Product Quality"": ""positive""}"
49311437670849,সত্যি কথা বলতে ডেলিভারি ম্যানটা অনেক ভালো ছিল ❤️❤️❤️,সত্যি কথা বলতে ডেলিভারি ম্যান টা অনেক ভালো ছিল,delivery_positive,Positive,Delivery,"{""Delivery"": ""positive""}"
49311172770849,আমি নিয়েছি এই দামে সবথেকে ভালো প্রডাক্ট 🤩🤩,আমি নিয়েছি এই দামে সবথেকে ভালো প্রডাক্ট,price_positive#product_quality_positive,Positive,"Price, Product Quality","{""Price"": ""positive"", ""Product Quality"": ""positive""}"
49310599270849,দাম হিসেবে অনেক ভাল। সাউন্ড ও ভাল। ধন্যবাদ সেলার।,দাম হিসেবে অনেক ভাল । সাউন্ড ও ভাল । ধন্যবাদ সেলার ।,price_positive#product_quality_positive,Positive,"Price, Product Quality","{""Price"": ""positive"", ""Product Quality"": ""positive""}"
49311054470849,প্রোডাক্টটি অসাধারণ ছিল যারা  নিতে চান নিতে পারেন,প্রোডাক্ট টি অসাধারণ ছিল যারা নিতে চান নিতে পারেন,product_quality_positive,Positive,Product Quality,"{""Product Quality"": ""positive""}"
49311244270849,খুব ভালো প্রডাক্ট। সাউন্ড খুব ভালো।,খুব ভালো প্রডাক্ট । সাউন্ড খুব ভালো ।,product_quality_positive,Positive,Product Quality,"{""Product Quality"": ""positive""}"
49310763070849,এটা যে রকম দেখেছি সে রকমি পাইছি 🥰❤️🥰,এটা যে রকম দেখেছি সে রকমি পাইছি,product_quality_positive,Positive,Product Quality,"{""Product Quality"": ""positive""}"
49312634570849,খুব ভালো সাউন্ড ও ভালো।  নিতে পারেন সবাই,খুব ভালো সাউন্ড ও ভালো । নিতে পারেন সবাই,product_quality_positive,Positive,Product Quality,"{""Product Quality"": ""positive""}"
49312626070849,খুবই ভালো আপনারা নিতে চাইলে নিতে পারেন।,খুবই ভালো আপনারা নিতে চাইলে নিতে পারেন ।,product_quality_positive,Positive,Product Quality,"{""Product Quality"": ""positive""}"
49311697370849,খুবই ভালো নিতে পারেন সবাই।।,খুবই ভালো নিতে পারেন সবাই । ।,product_quality_positive,Positive,Product Quality,"{""Product Quality"": ""positive""}"
49312328970849,খারাপ না ভালোই। কেউ চাইলে নিতে পারেন।,খারাপ না ভালোই । কেউ চাইলে নিতে পারেন ।,product_quality_positive,Positive,Product Quality,"{""Product Quality"": ""positive""}"
49310594370849,কম টাকায় এ‌টি অ‌নেক ভাল পন্য,কম টাকায় এটি অনেক ভাল পন্য,price_positive#product_quality_positive,Positive,"Price, Product Quality","{""Price"": ""positive"", ""Product Quality"": ""positive""}"
49312010070849,আশানুরূপ হিসেবে প্রোডাক্টটা বেশ ভালো।,আশানুরূপ হিসেবে প্রোডাক্ট টা বেশ ভালো ।,product_quality_positive,Positive,Product Quality,"{""Product Quality"": ""positive""}"
49310662170849,ভালোই বোর্ডের চার্জ একটু কম যায় তারপরও ভালো,ভালোই বোর্ডের চার্জ একটু কম যায় তারপর ও ভালো,product_quality_positive,Positive,Product Quality,"{""Product Quality"": ""positive""}"
49311908370849,মোটামুটি ভালো।  তবে সাউন্ড তুলনামূলক কম,মোটামুটি ভালো । তবে সাউন্ড তুলনামূলক কম,product_quality_neutral,Neutral,Product Quality,"{""Product Quality"": ""neutral""}"
53159571670849,প্রোডাক্টটা মোটামুটি ভালই। তবে সাউন্ড একটু কম। সাউন্ড ছাড়া সবই ঠিক আছে।,প্রোডাক্ট টা মোটামুটি ভালই । তবে সাউন্ড একটু কম । সাউন্ড ছাড়া সবই ঠিক আছে ।,product_quality_neutral,Neutral,Product Quality,"{""Product Quality"": ""neutral""}"
49312012170849,যা চেয়েছি তাই দিয়েছে ধন্যবাদ,যা চেয়েছি তাই দিয়েছে ধন্যবাদ,product_quality_positive,Positive,Product Quality,"{""Product Quality"": ""positive""}"
51900200770849,"মোটামুটি ভালো, ৩ টা কিনেছিলাম দুইটা ভালো একটা এক-কানে কম শুনায়","মোটামুটি ভালো , ৩ টা কিনেছিলাম দুই টা ভালো একটা এক-কানে কম শুনায়",product_quality_neutral,Neutral,Product Quality,"{""Product Quality"": ""neutral""}"
49310674870849,খুব খুব ভালো সবাই নিতে পারেন,খুব খুব ভালো সবাই নিতে পারেন,product_quality_positive,Positive,Product Quality,"{""Product Quality"": ""positive""}"
49310477670849,খুব ভাল জিনিস সবাই নিতে পারেন,খুব ভাল জিনিস সবাই নিতে পারেন,product_quality_positive,Positive,Product Quality,"{""Product Quality"": ""positive""}"
49311198270849,প্রাইস অনুযায়ী যথেষ্ট ভালো।। ধন্যবাদ,প্রাইস অনুযায়ী যথেষ্ট ভালো । । ধন্যবাদ,price_positive#product_quality_positive,Positive,"Price, Product Quality","{""Price"": ""positive"", ""Product Quality"": ""positive""}"
49730033670849,"বাজে প্রোডাক্ট,  প্রথম দিন থেকেই এক কান নষ্ট,  অন্য কানে চার্জ থাকে সর্বোচ্চ ৫-৭ মিনিট। 

এই প্রোডাক্ট থেকে দূরে থাকার পরামর্শ","বাজে প্রোডাক্ট , প্রথম দিন থেকেই এক কান নষ্ট , অন্য কানে চার্জ থাকে সর্বোচ্চ ৫-৭ মিনিট । এই প্রোডাক্ট থেকে দূরে থাকার পরামর্শ",product_quality_negative,Negative,Product Quality,"{""Product Quality"": ""negative""}"
51505259070849,ভালো না একটিতে সাউন্ড আসে আরেকটিতে আসে না। ওরা নষ্ট হয়ে জাওয়া প্রোডাক্ট ধরিয়ে দিবে ইলেক্ট্রনিক প্রোডাক্ট ওর্ডার করলে।,ভালো না একটিতে সাউন্ড আসে আরেকটিতে আসে না । ওরা নষ্ট হয়ে জাওয়া প্রোডাক্ট ধরিয়ে দিবে ইলেক্ট্রনিক প্রোডাক্ট ওর্ডার করলে ।,product_quality_negative,Negative,Product Quality,"{""Product Quality"": ""negative""}"
54508648070849,"একটা কাজ করে,,,, আর একটা কাজ করে না,,,
কাজ টা ভাল করেন নাই,,,,
এমন টা মনে করছিলাম না,,,,","একটা কাজ করে , আর একটা কাজ করে না , কাজ টা ভাল করেন নাই , এমন টা মনে করছিলাম না ,",product_quality_negative,Negative,Product Quality,"{""Product Quality"": ""negative""}"
50728460370849,প্যাকেজি এর অবস্থা খুবই বাজে।আর প্রডাক্টের কথা আর কি আর বলবো।খুবই হতাশ,প্যাকেজি এর অবস্থা খুবই বাজে । আর প্রডাক্টের কথা আর কি আর বলবো । খুবই হতাশ,packaging_negative#product_quality_negative,Negative,"Packaging, Product Quality","{""Packaging"": ""negative"", ""Product Quality"": ""negative""}"
49763905670849,"প্রোডাক্ট টা হাতে পেয়ে খুবই হতাশ,,,ডান পাশের হেড ফোন নষ্ট।","প্রোডাক্ট টা হাতে পেয়ে খুবই হতাশ , ডান পাশের হেড ফোন নষ্ট ।",product_quality_negative,Negative,Product Quality,"{""Product Quality"": ""negative""}"
51071060770849,কোয়ালিটি ভালো না। চার্জ অনেক কম থাকে,কোয়ালি টি ভালো না । চার্জ অনেক কম থাকে,product_quality_negative,Negative,Product Quality,"{""Product Quality"": ""negative""}"
51085648370849,"ভালোনা,  একটা চলে, আরেকটা চলছেনা","ভালোনা , একটা চলে , আরেক টা চলছেনা",product_quality_negative,Negative,Product Quality,"{""Product Quality"": ""negative""}"
49903998070849,দাম অনুযায়ী ঠিক আছে। কেউ চাইলে নিতে পারেন।,দাম অনুযায়ী ঠিক আছে । কেউ চাইলে নিতে পারেন ।,price_neutral#product_quality_neutral,Neutral,"Price, Product Quality","{""Price"": ""neutral"", ""Product Quality"": ""neutral""}"
49791970970849,ছবির সাথে ১০০% বাস্তবের মিল! ৩৩০ টাকা দিয়ে ক্রয় করেছি! চার্জিং কোয়ালিটি খুব ভালো লং টাইম চলে  এই  ইয়ার বাটএর বক্স দিয়ে  মোবাইল ফোন চার্জ করা যায়!আমি অনেক ধরনের ইয়ারবাট ইউজ করেছি  এই দামে আমার দেখা বেস্ট ইয়ার বাট!চাইলে আপনারা নিতে পারেন!,ছবির সাথে ১০০ বাস্তবের মিল ! ৩৩০ টাকা দিয়ে ক্রয় করেছি ! চার্জিং কোয়ালি টি খুব ভালো লং টাইম চলে এই ইয়ার বাটএর বক্স দিয়ে মোবাইল ফোন চার্জ করা যায় ! আমি অনেক ধরনের ইয়ারবাট ইউজ করেছি এই দামে আমার দেখা বেস্ট ইয়ার বাট ! চাইলে আপনারা নিতে পারেন !,price_positive#product_quality_positive,Positive,"Price, Product Quality","{""Price"": ""positive"", ""Product Quality"": ""positive""}"
49792344470849,মোটামুটি ভালোই আছে দাম অনুযায়ী,মোটামুটি ভালোই আছে দাম অনুযায়ী,price_neutral#product_quality_neutral,Neutral,"Price, Product Quality","{""Price"": ""neutral"", ""Product Quality"": ""neutral""}"
51971415490425,"অনেক ভাল একটি প্রোডাক্ট।। চোখ বন্ধ করে অর্ডার করতে পারেন, সাউন্ড কোয়ার্ট কোয়ালিটি যথেষ্ট ভালো এবং কমফোর্টেবল।সেলার ভাই টা অনেক ভালো দেখে শুনে জিনিস দেন। দারাজে এমন সেলার পাওয়াই জানা খুবই। ওনি অনেক ভালো সবাই নিশ্চিতনতে অর্ডার করতে পারেন।","অনেক ভাল একটি প্রোডাক্ট । । চোখ বন্ধ করে অর্ডার করতে পারেন , সাউন্ড কোয়ার্ট কোয়ালি টি যথেষ্ট ভালো এবং কমফোর্টেবল । সেলার ভাই টা অনেক ভালো দেখে শুনে জিনিস দেন । দারাজে এমন সেলার পাওয়াই জানা খুবই । ওনি অনেক ভালো সবাই নিশ্চিতনতে অর্ডার করতে পারেন ।",seller_service_positive#product_quality_positive,Positive,"Product Quality, Seller Service","{""Seller Service"": ""positive"", ""Product Quality"": ""positive""}"
51889270790425,ভাই কি জিনিস দিছো পুরা ১০০ তে ২০০ এই মাল নিয়ে কোনো কথা এই হবে না এই বাজেট এর মধ্যে এত ভালো জিনিস ভাবতে পারি নাই যেমন বিট তেমন চার্জিং ব্যাকআপ এক কথায় অসাধারণ। আর সেলার ভাইরে নিয়া ও কথা হবে না ভাই অনেক ভালো মানুষ ভালো জিনিস দেওয়ার জন্য ধন্যবাদ ভাই আসা করি আমাদের এই ভাবে ভালো জিনিস দিয়ে অনেক বড় হতে পারবেন।,ভাই কি জিনিস দিছো পুরা ১০০ তে ২০০ এই মাল নিয়ে কোনো কথা এই হবে না এই বাজেট এর মধ্যে এত ভালো জিনিস ভাবতে পারি নাই যেমন বিট তেমন চার্জিং ব্যাকআপ এক কথায় অসাধারণ । আর সেলার ভাইরে নিয়া ও কথা হবে না ভাই অনেক ভালো মানুষ ভালো জিনিস দেওয়ার জন্য ধন্যবাদ ভাই আসা করি আমাদের এই ভাবে ভালো জিনিস দিয়ে অনেক বড় হতে পারবেন ।,seller_service_positive#price_positive#product_quality_positive,Positive,"Price, Product Quality, Seller Service","{""Seller Service"": ""positive"", ""Price"": ""positive"", ""Product Quality"": ""positive""}"
53223003290425,আলহামদুলিল্লাহ প্রোডাক্ট এর মান খুবই ভালো সাউন্ড কোয়ালিটি একদম মনের মত ডেলিভারি পেয়েছি খুব কম সময়ে এবং একটি কথা না বললেই নয় সেলার এর ব্যবহার অমায়িক ধন্যবাদ সেলার ভাইয়াকে ❤️,আলহামদুলিল্লাহ প্রোডাক্ট এর মান খুবই ভালো সাউন্ড কোয়ালি টি একদম মনের মত ডেলিভারি পেয়েছি খুব কম সময়ে এবং একটি কথা না বললেই নয় সেলার এর ব্যবহার অমায়িক ধন্যবাদ সেলার ভাইয়াকে,seller_service_positive#delivery_positive#product_quality_positive,Positive,"Delivery, Product Quality, Seller Service","{""Seller Service"": ""positive"", ""Delivery"": ""positive"", ""Product Quality"": ""positive""}"
51397788290425,অসাধারণ একটি এয়ার বার্ডস আপনারা সবাই চোখ বন্ধ করে নিতে পারেন ধন্যবাদ দারাজ এত ভালো একটি প্রোডাক্ট দেওয়ার জন্য,অসাধারণ একটি এয়ার বার্ডস আপনারা সবাই চোখ বন্ধ করে নিতে পারেন ধন্যবাদ দারাজ এত ভালো একটি প্রোডাক্ট দেওয়ার জন্য,product_quality_positive,Positive,Product Quality,"{""Product Quality"": ""positive""}"
52432229190425,"ঠিকঠাক মতো প্রোডাক্টি পেয়েছি। 
 সেলার অনেক ভালো এবং ঠিকঠাক প্রোডাক্টের দিয়েছে এবং আমার প্রোডাক্ট পছন্দ হয়েছে।",ঠিকঠাক মতো প্রোডাক্ টি পেয়েছি । সেলার অনেক ভালো এবং ঠিকঠাক প্রোডাক্টের দিয়েছে এবং আমার প্রোডাক্ট পছন্দ হয়েছে ।,seller_service_positive#product_quality_positive,Positive,"Product Quality, Seller Service","{""Seller Service"": ""positive"", ""Product Quality"": ""positive""}"
54350207190425,"আমার কাছে এই দামে পৃথিবীর সেরা কোয়ালিটির একটা প্রোডাক্ট।
এয়ার বাট টি আপনি নিঃস্বন্দেহে নিতে পারেন। চোখ বন্ধ করে নিন আশাকরি এই দামে সেরা প্রোডাক্ট আপনিও বলবেন।",আমার কাছে এই দামে পৃথিবীর সেরা কোয়ালিটির একটা প্রোডাক্ট । এয়ার বাট টি আপনি নিঃস্বন্দেহে নিতে পারেন । চোখ বন্ধ করে নিন আশাকরি এই দামে সেরা প্রোডাক্ট আপনি ও বলবেন ।,price_positive#product_quality_positive,Positive,"Price, Product Quality","{""Price"": ""positive"", ""Product Quality"": ""positive""}"
53217577990425,"প্যাকেজিং ভালো ছিলো সাউন্ড মোটামুটিভাবে ভালো ।
এন্ড লুকস প্রিমিয়াম ।
শুধু সাউন্ড বাড়ানো কমানো যায়না ওভারল ভালো আছে নেওয়া যায় ।",প্যাকেজিং ভালো ছিলো সাউন্ড মোটামুটিভাবে ভালো । এন্ড লুকস প্রিমিয়াম । শুধু সাউন্ড বাড়ানো কমানো যায়না ওভারল ভালো আছে নেওয়া যায় ।,packaging_positive#product_quality_positive,Positive,"Packaging, Product Quality","{""Packaging"": ""positive"", ""Product Quality"": ""positive""}"
54574554890425,"সাইন্ড কোয়ালিটি  ভালো,আর সব চাইতে ভালো দিক হলো সেলার এর ব্যবহার, সব মিলিয়ে নেয়া যায় এমন একটি প্রডাক্ট","সাইন্ড কোয়ালি টি ভালো , আর সব চাইতে ভালো দিক হলো সেলার এর ব্যবহার , সব মিলিয়ে নেয়া যায় এমন একটি প্রডাক্ট",seller_service_positive#product_quality_positive,Positive,"Product Quality, Seller Service","{""Seller Service"": ""positive"", ""Product Quality"": ""positive""}"
52208899890425,সত্যি খুব ভালো... আপনারা সবাই নিতে পারেন । এই দামে এটাই বেস্ট । সাউন্ড কোয়ালিটি ১০/৯ .. ব্যাসটা ক্লিয়ার আছে .. ধন্যবাদ সেলার কে ❤️,সত্যি খুব ভালো. আপনারা সবাই নিতে পারেন । এই দামে এটাই বেস্ট । সাউন্ড কোয়ালি টি ১০ ৯ .. ব্যাস টা ক্লিয়ার আছে .. ধন্যবাদ সেলার কে,price_positive#product_quality_positive,Positive,"Price, Product Quality","{""Price"": ""positive"", ""Product Quality"": ""positive""}"
51500508890425,"তাই বলতে চাই সেলারের ব্যবহার খুবই ভালো। আর যদি প্রোডাক্ট এর কথা বলতে হয়... তাহলে এই দামে এরকম প্রোডাক্ট পাওয়া খুবই কঠিন ব্যাপার। দাম হিসেবে প্রোডাক্টটি অনেক প্রিমিয়াম এবং গর্জিয়াস। 
সাউন্ড কোয়ালিটি অনেক ভালো,কেউ যদি কল করে  কথাও অনেক স্পষ্ট শোনা যায়....
সর্বশেষে এই বলি... প্রোডাক্টও ভালো, তার পাশাপাশি সেলার আরো ভালো","তাই বলতে চাই সেলারের ব্যবহার খুবই ভালো । আর যদি প্রোডাক্ট এর কথা বলতে হয়. তাহলে এই দামে এরকম প্রোডাক্ট পাওয়া খুবই কঠিন ব্যাপার । দাম হিসেবে প্রোডাক্ট টি অনেক প্রিমিয়াম এবং গর্জিয়াস । সাউন্ড কোয়ালি টি অনেক ভালো , কেউ যদি কল করে কথা ও অনেক স্পষ্ট শোনা যায়. সর্বশেষে এই বলি. প্রোডাক্ট ও ভালো , তার পাশাপাশি সেলার আরো ভালো",seller_service_positive#price_positive#product_quality_positive,Positive,"Price, Product Quality, Seller Service","{""Seller Service"": ""positive"", ""Price"": ""positive"", ""Product Quality"": ""positive""}"
52412606190425,আগে একটা নেবার কারনে এবারের শপিং এক্সপেরিয়েন্সটা অসাধারণ ছিল।খুবই কোয়ালিটিফুল প্রোডাক্ট।সবাই নিয়ে ভাইটাকে সাহায্য করতে পারেন।তার ব্যাবসায়িক চিন্তা চেতনা ও ব্যাবহারে আমি মুগ্ধ।আল্লাহ তার ব্যাবসায় উত্তম জাজাহ দান করুক।,আগে একটা নেবার কারনে এবারের শপিং এক্সপেরিয়েন্স টা অসাধারণ ছিল । খুবই কোয়ালিটিফুল প্রোডাক্ট । সবাই নিয়ে ভাইটাকে সাহায্য করতে পারেন । তার ব্যাবসায়িক চিন্তা চেতনা ও ব্যাবহারে আমি মুগ্ধ । আল্লাহ তার ব্যাবসায় উত্তম জাজাহ দান করুক ।,seller_service_positive#product_quality_positive,Positive,"Product Quality, Seller Service","{""Seller Service"": ""positive"", ""Product Quality"": ""positive""}"
52349171990425,"মাশা-আল্লাহ! প্রোডাক্ট অনেক ভালো, সাউন্ড কোয়ালিটি, চার্জ ব্যাকআপ,সব দুর্দান্ত!  ম্যাট ফিনিস জন্য দেখতে আরো বেশি জোস!","মাশা-আল্লাহ ! প্রোডাক্ট অনেক ভালো , সাউন্ড কোয়ালি টি , চার্জ ব্যাকআপ , সব দুর্দান্ত ! ম্যাট ফিনিস জন্য দেখতে আরো বেশি জোস !",product_quality_positive,Positive,Product Quality,"{""Product Quality"": ""positive""}"
52381866190425,"আপনি দারাজে হাজারও সেলার পাবেন এবং যতটুকু অভিজ্ঞতা হয়েছে অধিকাংশ সময়ই প্রতারণার শিকার হবেন আপনি। হয়তো প্রডাক্ট নেওয়ার পরে/ প্যাকেজিং / সেলারের বিহ্যাব/ ডেলিভারি এই সময়গুলোর যেকোন একটিতে আপনি প্রতারণার শিকার হবেন। কিন্তু, এই সেলারের প্রডাক্ট কোয়ালিটি, বিহ্যাব, প্যাকেজিং সবকিছু আমি ১০০/১০০ দিবো। আপনারা যারা মিডল রেঞ্জের মধ্যে এয়ারবাডস খুঁজছেন তারা এখানথেকে নিঃসন্দেহে  নিতে পারেন।  ধন্যবাদ সেলারকে এবং দারাজকে","আপনি দারাজে হাজার ও সেলার পাবেন এবং যতটুকু অভিজ্ঞতা হয়েছে অধিকাংশ সময়ই প্রতারণার শিকার হবেন আপনি । হয়তো প্রডাক্ট নেওয়ার পরে প্যাকেজিং সেলারের বিহ্যাব ডেলিভারি এই সময়গুলোর যেকোন একটিতে আপনি প্রতারণার শিকার হবেন । কিন্তু , এই সেলারের প্রডাক্ট কোয়ালি টি , বিহ্যাব , প্যাকেজিং সবকিছু আমি ১০০ ১০০ দিবো । আপনারা যারা মিডল রেঞ্জের মধ্যে এয়ারবাডস খুঁজছেন তারা এখানথেকে নিঃসন্দেহে নিতে পারেন । ধন্যবাদ সেলারকে এবং দারাজকে",seller_service_positive#packaging_positive#price_positive#product_quality_positive,Positive,"Packaging, Price, Product Quality, Seller Service","{""Seller Service"": ""positive"", ""Packaging"": ""positive"", ""Price"": ""positive"", ""Product Quality"": ""positive""}"
51921925390425,"আলহামদুলিল্লাহ অনেক সুন্দর জিনিস 
এটার থেকেও আমার সব থেকে বেশি ভালো লাগছে ভাইয়ার কথা টা সে অনেক ভালো মনের মানুষ  💝
হেডফোনটা ভালোই সাউন্ড কোয়ালিটি ❤️",আলহামদুলিল্লাহ অনেক সুন্দর জিনিস এটার থেকে ও আমার সব থেকে বেশি ভালো লাগছে ভাইয়ার কথা টা সে অনেক ভালো মনের মানুষ হেডফোন টা ভালোই সাউন্ড কোয়ালি টি,seller_service_positive#product_quality_positive,Positive,"Product Quality, Seller Service","{""Seller Service"": ""positive"", ""Product Quality"": ""positive""}"
52418064690425,এই প্রাইজের মধ্যে মোটামুটি ভালোই বলা চলে।দেখতে অনেক প্রিমিয়াম।প্যাকেজিং মাশাআল্লাহ অনেক ভালো ছিল।❤️,এই প্রাইজের মধ্যে মোটামুটি ভালোই বলা চলে । দেখতে অনেক প্রিমিয়াম । প্যাকেজিং মাশাআল্লাহ অনেক ভালো ছিল ।,packaging_positive#price_neutral#product_quality_neutral,Positive,"Packaging, Price, Product Quality","{""Packaging"": ""positive"", ""Price"": ""neutral"", ""Product Quality"": ""neutral""}"
53978386390425,"এই প্রাইজে এতো ভালো কোয়ালিটির একটা ইয়ারবাডস পাবো, ভাবি নাই। সেলার ভাইয়াকে খুব বেশি ধন্যবাদ। অনেক অনেক অনেক ভালো। রিকমন্ডেড। সাউন্ড কোয়ালিটি অসাধারণ।","এই প্রাইজে এতো ভালো কোয়ালিটির একটা ইয়ারবাডস পাবো , ভাবি নাই । সেলার ভাইয়াকে খুব বেশি ধন্যবাদ । অনেক অনেক অনেক ভালো । রিকমন্ডেড । সাউন্ড কোয়ালি টি অসাধারণ ।",price_positive#product_quality_positive,Positive,"Price, Product Quality","{""Price"": ""positive"", ""Product Quality"": ""positive""}"
52264267990425,"ওভারঅল গুড এয়ারপডস এই বাজেটে,কয়েকঘন্টার ইউজে তাই মনে হচ্ছে। হাতে নিলেই প্রিমিয়াম ফিল আসে,এক্সপার্ট কেউ না হলে দেখে বুজতেই পারবে না এটা কপি প্রোডাক্ট। প্যাকেজিং,বক্স,এয়াপডস কেস সবকিছুই প্রিমিয়াম লেভেলের,আরেকটা কথা না বললেই নয় সেটা হলো সেলারের বিহেভ টু গুড। আমার পার্সোনাল রেটি হলোঃ 

বিল্ড কোয়ালিটিঃ ১০/১০
সাউন্ড  কোয়ালিটিঃ ৮/১০

এখন ইউজ করে দেখি কতদিন ঠিকঠাক চলে।","ওভারঅল গুড এয়ারপডস এই বাজেটে , কয়েকঘন্টার ইউজে তাই মনে হচ্ছে । হাতে নিলেই প্রিমিয়াম ফিল আসে , এক্সপার্ট কেউ না হলে দেখে বুজতেই পারবে না এটা কপি প্রোডাক্ট । প্যাকেজিং , বক্স , এয়াপডস কেস সবকিছুই প্রিমিয়াম লেভেলের , আরেক টা কথা না বললেই নয় সে টা হলো সেলারের বিহেভ টু গুড । আমার পার্সোনাল রে টি হলোঃ বিল্ড কোয়ালিটিঃ ১০ ১০ সাউন্ড কোয়ালিটিঃ ৮ ১০ এখন ইউজ করে দেখি কতদিন ঠিকঠাক চলে ।",seller_service_positive#packaging_positive#price_positive#product_quality_positive,Positive,"Packaging, Price, Product Quality, Seller Service","{""Seller Service"": ""positive"", ""Packaging"": ""positive"", ""Price"": ""positive"", ""Product Quality"": ""positive""}"
51898336990425,"অনেক ভাল একটি প্রোডাক্ট।। চোখ বন্ধ করে অর্ডার করতে পারেন,সাউন্ড কোয়ার্ট কোয়ালিটি  যথেষ্ট ভালো এবং কমফোর্টেবল। যাদের বাজেট ১০০০ টাকার মধ্যে তাদের জন্য এটি হতে পারে একটি বেস্ট  চয়েস। ১৫০০ থেকে ২০০০ টাকা খরচ করে আপনি যে কমফোর্ট এন্ড যে সাউন্ড কোয়ালিটি পাবেন সেম কোয়ালিটি এবং কমফোর্ট এই  প্রোডাক্টটিতে  পাবেন (কিন্তু কলের জন্য এটি পারফেক্ট না)।সেলার  ভাইয়ের কথা না বললেই না হয়, আই থিংক উনি দারাজের মধ্যে একজন বেস্ট সোলার।","অনেক ভাল একটি প্রোডাক্ট । । চোখ বন্ধ করে অর্ডার করতে পারেন , সাউন্ড কোয়ার্ট কোয়ালি টি যথেষ্ট ভালো এবং কমফোর্টেবল । যাদের বাজেট ১০ টাকার মধ্যে তাদের জন্য এটি হতে পারে একটি বেস্ট চয়েস । ১৫০০ থেকে ২০ টাকা খরচ করে আপনি যে কমফোর্ট এন্ড যে সাউন্ড কোয়ালি টি পাবেন সেম কোয়ালি টি এবং কমফোর্ট এই প্রোডাক্টটিতে পাবেন কিন্তু কলের জন্য এটি পারফেক্ট না । সেলার ভাইয়ের কথা না বললেই না হয় , আই থিংক উনি দারাজের মধ্যে একজন বেস্ট সোলার ।",seller_service_positive#product_quality_positive,Positive,"Product Quality, Seller Service","{""Seller Service"": ""positive"", ""Product Quality"": ""positive""}"
50891587590425,"আলহামদুলিল্লাহ খুব ভালো প্রোডাক্ট, অরিজিনাল প্রোডাক্ট, বিক্রেতা  যথেষ্ট পরিমাণ হেল্প করেছেন, প্রথমে একটা নিয়ে ব্যবহার করায় পরবর্তীতে আরো তিনটি অর্ডার করেছি যথা সময়ে ডেলিভারি পেয়েছি","আলহামদুলিল্লাহ খুব ভালো প্রোডাক্ট , অরিজিনাল প্রোডাক্ট , বিক্রেতা যথেষ্ট পরিমাণ হেল্প করেছেন , প্রথমে একটা নিয়ে ব্যবহার করায় পরবর্তীতে আরো তিন টি অর্ডার করেছি যথা সময়ে ডেলিভারি পেয়েছি",seller_service_positive#delivery_positive#product_quality_positive,Positive,"Delivery, Product Quality, Seller Service","{""Seller Service"": ""positive"", ""Delivery"": ""positive"", ""Product Quality"": ""positive""}"
50819565190425,"খুবই ভালো প্রোডাক্ট, এই প্রাইযে এমন ভালো প্রোডাক্ট পাওয়া মুশকিল, কোন প্রশ্ন ছাড়াই অর্ডার করে দেওয়া যায়, এই শপ এর ওনার খুবই ভালো ব্যবহার একদম যথেষ্ট ভালো প্রোডাক্ট দেয়ার চেষ্টা করে ব্যবহার খুব ভালো প্রোডাক্টটিও খুবই ভালো। এমন প্রটেক্ট পাওয়া মুশকিল অনলাইনে জগতে","খুবই ভালো প্রোডাক্ট , এই প্রাইযে এমন ভালো প্রোডাক্ট পাওয়া মুশকিল , কোন প্রশ্ন ছাড়াই অর্ডার করে দেওয়া যায় , এই শপ এর ওনার খুবই ভালো ব্যবহার একদম যথেষ্ট ভালো প্রোডাক্ট দেয়ার চেষ্ টা করে ব্যবহার খুব ভালো প্রোডাক্টটি ও খুবই ভালো । এমন প্রটেক্ট পাওয়া মুশকিল অনলাইনে জগতে",seller_service_positive#product_quality_positive,Positive,"Product Quality, Seller Service","{""Seller Service"": ""positive"", ""Product Quality"": ""positive""}"
51562509190425,"এই প্রাইজের মধ্যে চমৎকার আইটেম, যথেষ্ট  লাউড এবং বেজ, ভালোই আছে, কিন্তু আজো আমি বুঝতে পারতেছি না একই প্রোডাক্ট আরো কমে কিভাবে পেলাম, এবং দুটোর পার্থক্য আজও ধরতে পারতেছি না","এই প্রাইজের মধ্যে চমৎকার আইটেম , যথেষ্ট লাউড এবং বেজ , ভালোই আছে , কিন্তু আজো আমি বুঝতে পারতেছি না একই প্রোডাক্ট আরো কমে কিভাবে পেলাম , এবং দুটোর পার্থক্য আজ ও ধরতে পারতেছি না",price_positive#product_quality_positive,Positive,"Price, Product Quality","{""Price"": ""positive"", ""Product Quality"": ""positive""}"
52379807890425,"আপনি দারাজে হাজারও সেলার পাবেন এবং যতটুকু অভিজ্ঞতা হয়েছে অধিকাংশ সময়ই প্রতারণার শিকার হবেন আপনি। হয়তো প্রডাক্ট নেওয়ার পরে/ প্যাকেজিং / সেলারের বিহ্যাব/ ডেলিভারি এই সময়গুলোর যেকোন একটিতে আপনি প্রতারণার শিকার হবেন। কিন্তু, এই সেলারের প্রডাক্ট কোয়ালিটি, বিহ্যাব, প্যাকেজিং সবকিছু আমি ১০০/১০০ দিবো। আপনারা যারা মিডল রেঞ্জের মধ্যে এয়ারবাডস খুঁজছেন তারা এখানথেকে নিঃসন্দেহে নিতে পারেন। ধন্যবাদ সেলারকে এবং দারাজকে..আমি ৭ দিন ব্যবহার করার পর রিভিউ দিচ্ছি...","আপনি দারাজে হাজার ও সেলার পাবেন এবং যতটুকু অভিজ্ঞতা হয়েছে অধিকাংশ সময়ই প্রতারণার শিকার হবেন আপনি । হয়তো প্রডাক্ট নেওয়ার পরে প্যাকেজিং সেলারের বিহ্যাব ডেলিভারি এই সময়গুলোর যেকোন একটিতে আপনি প্রতারণার শিকার হবেন । কিন্তু , এই সেলারের প্রডাক্ট কোয়ালি টি , বিহ্যাব , প্যাকেজিং সবকিছু আমি ১০০ ১০০ দিবো । আপনারা যারা মিডল রেঞ্জের মধ্যে এয়ারবাডস খুঁজছেন তারা এখানথেকে নিঃসন্দেহে নিতে পারেন । ধন্যবাদ সেলারকে এবং দারাজকে..আমি ৭ দিন ব্যবহার করার পর রিভিউ দিচ্ছি.",seller_service_positive#packaging_positive#product_quality_positive,Positive,"Packaging, Product Quality, Seller Service","{""Seller Service"": ""positive"", ""Packaging"": ""positive"", ""Product Quality"": ""positive""}"
54549744790425,খুবই সুন্দর একটি প্রোডাক্ট এবং এর প্যাকেজিং খুবই ভালো ছিল বলতে গেলে এক কথায় অসাধারণ এবং এয়ার বার্ডস দুটি থেকে খুব ভালো বেশ সাউন্ড পাওয়া যায় যারা বেশ লাভার আছেন তারা নিয়ে খুব মজা পাবেন এবং সেলারও অনেক আন্তরিক ডেলিভারি মেন ও খুব ভালো ছিল। দুই দিনের ভিতরে ডেলিভারি পেয়েছি।,খুবই সুন্দর একটি প্রোডাক্ট এবং এর প্যাকেজিং খুবই ভালো ছিল বলতে গেলে এক কথায় অসাধারণ এবং এয়ার বার্ডস দু টি থেকে খুব ভালো বেশ সাউন্ড পাওয়া যায় যারা বেশ লাভার আছেন তারা নিয়ে খুব মজা পাবেন এবং সেলার ও অনেক আন্তরিক ডেলিভারি মেন ও খুব ভালো ছিল । দুই দিনের ভিতরে ডেলিভারি পেয়েছি ।,seller_service_positive#delivery_positive#packaging_positive#product_quality_positive,Positive,"Delivery, Packaging, Product Quality, Seller Service","{""Seller Service"": ""positive"", ""Delivery"": ""positive"", ""Packaging"": ""positive"", ""Product Quality"": ""positive""}"
54587306590425,খুবই ভালো একটি প্রোডাক্ট 🥰🥰🥰সবাই নিতে পারেন সাউন্ড কোয়ালিটি পার্কে বিড ও পারফেক্ট হবে আপনার ভালো ফোন হলে ওএটা থেকে কন্ট্রোল করতে পারবেন ডাবল বিড করা যায়😍🥳,খুবই ভালো একটি প্রোডাক্ট সবাই নিতে পারেন সাউন্ড কোয়ালি টি পার্কে বিড ও পারফেক্ট হবে আপনার ভালো ফোন হলে ওএ টা থেকে কন্ট্রোল করতে পারবেন ডাবল বিড করা যায়,product_quality_positive,Positive,Product Quality,"{""Product Quality"": ""positive""}"
51552493790425,সাউন্ড কোয়ালিটি এবং ব্যাটারি বেকআপ অসাধারন। ৭-৮ ঘন্টার মতো চার্জ থাকে। নয়েজ ক্যান্সেলেসনও মোটামুটি ভালোই কাজ করে। এই প্রাইচ রেঞ্জে এই এয়ারপড অবশ্যই রেকমেন্ড করা যায়। সেলারের ব্যবহারও খুবই ভালো ছিল। কেউ এই প্রাইচ রেঞ্জে নিতে চাইলে অবশ্যই নিতে পারেন😊।,সাউন্ড কোয়ালি টি এবং ব্যাটারি বেকআপ অসাধারন । ৭-৮ ঘন্টার মতো চার্জ থাকে । নয়েজ ক্যান্সেলেসন ও মোটামুটি ভালোই কাজ করে । এই প্রাইচ রেঞ্জে এই এয়ারপড অবশ্যই রেকমেন্ড করা যায় । সেলারের ব্যবহার ও খুবই ভালো ছিল । কেউ এই প্রাইচ রেঞ্জে নিতে চাইলে অবশ্যই নিতে পারেন ।,seller_service_positive#price_positive#product_quality_positive,Positive,"Price, Product Quality, Seller Service","{""Seller Service"": ""positive"", ""Price"": ""positive"", ""Product Quality"": ""positive""}"
53739420190425,আলহামদুলিল্লাহ প্রোডাক্টটা যেমন চাইছিলাম ঠিক ঐরকমই পাইছি শুধু আমার কাছে একটা সমস্যা হয় অনেক। কানে দিয়ে শুয়ে থাকলে সাইটে চাপ লেগে লাইন বন্ধ হয়ে যায় বা অফ হয়ে যায় এরকম তাছাড়া অন্য কোন সমস্যা পাই নাই এখন কয়দিন ইউজ করার পরে দেখা যাবে ব্যাটারি ব্যাকআপ কেমন পাওয়া যায় তবে ইনশাআল্লাহ আশা করি ভালো কিছু পাব।,আলহামদুলিল্লাহ প্রোডাক্ট টা যেমন চাইছিলাম ঠিক ঐরকমই পাইছি শুধু আমার কাছে একটা সমস্যা হয় অনেক । কানে দিয়ে শুয়ে থাকলে সাইটে চাপ লেগে লাইন বন্ধ হয়ে যায় বা অফ হয়ে যায় এরকম তাছাড়া অন্য কোন সমস্যা পাই নাই এখন কয়দিন ইউজ করার পরে দেখা যাবে ব্যাটারি ব্যাকআপ কেমন পাওয়া যায় তবে ইনশাআল্লাহ আশা করি ভালো কিছু পাব ।,product_quality_positive,Positive,Product Quality,"{""Product Quality"": ""positive""}"
51968242490425,"দাম হিসেবে সাউন্ড কোয়ালিটি বেস্ট🤞
যথেষ্ট পরিমাণ চার্জ থাকে। তিন দিন ধরে ইউজ করেছি এখনো চার্জ দেওয়া লাগে নাই😃
সেলার ভাইয়ার ব্যবহার খুবই ভালো❤️❤️",দাম হিসেবে সাউন্ড কোয়ালি টি বেস্ট যথেষ্ট পরিমাণ চার্জ থাকে । তিন দিন ধরে ইউজ করেছি এখনো চার্জ দেওয়া লাগে নাই সেলার ভাইয়ার ব্যবহার খুবই ভালো,seller_service_positive#price_positive#product_quality_positive,Positive,"Price, Product Quality, Seller Service","{""Seller Service"": ""positive"", ""Price"": ""positive"", ""Product Quality"": ""positive""}"
52698467890425,"প্রোডাক্ট টা সত্যি অনেক ভালো,, দাম অনুযায়ী সত্যি অনেক বেশি অসাধারণ,, এর সাউন্ড কোয়ালিটি অনেক ভালো,, যেমনটা চেয়েছিলাম ঠিক তেমনটাই পেয়েছি,,","প্রোডাক্ট টা সত্যি অনেক ভালো , , দাম অনুযায়ী সত্যি অনেক বেশি অসাধারণ , , এর সাউন্ড কোয়ালি টি অনেক ভালো , , যেমন টা চেয়েছিলাম ঠিক তেমনটাই পেয়েছি , ,",price_positive#product_quality_positive,Positive,"Price, Product Quality","{""Price"": ""positive"", ""Product Quality"": ""positive""}"
52665512590425,"আলহামদুলিল্লাহ্ 🥰
খুব সুন্দর একটা প্রোডাক্ট পেয়েছি৷ সাউন্ড কোয়ালিটি খুবই ভালো।  চার্জ ব্যাকআপ কেমন দিবে সেটা সেটা যদিও এখন বলা যাচ্ছে না।  তবে ২/৩ ঘন্টার এক্সপেরিয়েন্স থেকে ভালোই হবে আশা করছি, ইংশা-আল্লাহ্। 
সেলার ভাইয়ের বন্ধুসুলভ আচরনে কৃতজ্ঞতা প্রকাশ করছি। এর আগেও অনেক অর্ডার করছি ভাই, আপনার মত কাউকে পাইনি। আল্লাহ সুবহানাহুয়া তা'য়ালা আপনার কর্মে বারাকাহ দান করুক। 🙏
দারাজকেও ধন্যবাদ দ্রুততার সাথে ডেলিভেরি দেওয়ার জন্য।","আলহামদুলিল্লাহ্ খুব সুন্দর একটা প্রোডাক্ট পেয়েছি৷ সাউন্ড কোয়ালি টি খুবই ভালো । চার্জ ব্যাকআপ কেমন দিবে সে টা সে টা যদি ও এখন বলা যাচ্ছে না । তবে ২ ৩ ঘন্টার এক্সপেরিয়েন্স থেকে ভালোই হবে আশা করছি , ইংশা-আল্লাহ্ । সেলার ভাইয়ের বন্ধুসুলভ আচরনে কৃতজ্ঞতা প্রকাশ করছি । এর আগে ও অনেক অর্ডার করছি ভাই , আপনার মত কাউকে পাইনি । আল্লাহ সুবহানাহুয়া তা ' য়ালা আপনার কর্মে বারাকাহ দান করুক । দারাজকে ও ধন্যবাদ দ্রুততার সাথে ডেলিভেরি দেওয়ার জন্য ।",seller_service_positive#delivery_positive#product_quality_positive,Positive,"Delivery, Product Quality, Seller Service","{""Seller Service"": ""positive"", ""Delivery"": ""positive"", ""Product Quality"": ""positive""}"
54393459890425,"সত্যি বলতে প্রোডাক্টটি খারাপ বলা যাবে না ভালোই আছে❤️
তবে আমি সবচেয়ে খুশি হয়েছি পেকেজিং নিয়ে।🙂 পলি দিয়ে খুব সুন্দর করে পেকেজিং করা হয়েছে এতে পন্যের কোন ক্ষতি হবে না এটা সিওর❤️ তবে যদি আপনি এক কানে দিয়ে ভলিউম বারিয়ে দেন তাহলে ভিটগুলো একটু ক্যেন ক্যেন করে তবে ভলিউম কমিয়ে দিলে বা দুইটা কানে দিলে ভালোই লাগে❤️
৮/১০ রেটিং দিলাম🫰🏻",সত্যি বলতে প্রোডাক্ট টি খারাপ বলা যাবে না ভালোই আছে তবে আমি সবচেয়ে খুশি হয়েছি পেকেজিং নিয়ে । পলি দিয়ে খুব সুন্দর করে পেকেজিং করা হয়েছে এতে পন্যের কোন ক্ষতি হবে না এটা সিওর তবে যদি আপনি এক কানে দিয়ে ভলিউম বারিয়ে দেন তাহলে ভিট গুলো একটু ক্যেন ক্যেন করে তবে ভলিউম কমিয়ে দিলে বা দুই টা কানে দিলে ভালোই লাগে ৮ ১০ রেটিং দিলাম,packaging_positive#product_quality_positive,Positive,"Packaging, Product Quality","{""Packaging"": ""positive"", ""Product Quality"": ""positive""}"
53685691990425,"এই প্রাইজের মধ্যে চমৎকার আইটেম, যথেষ্ট লাউড এবং বেজ, প্যাকেজিং ভালো ছিল,  এবং খুব তাড়াতাড়ি ডেলিভারি পেয়েছি।","এই প্রাইজের মধ্যে চমৎকার আইটেম , যথেষ্ট লাউড এবং বেজ , প্যাকেজিং ভালো ছিল , এবং খুব তাড়াতাড়ি ডেলিভারি পেয়েছি ।",delivery_positive#packaging_positive#price_positive#product_quality_positive,Positive,"Delivery, Packaging, Price, Product Quality","{""Delivery"": ""positive"", ""Packaging"": ""positive"", ""Price"": ""positive"", ""Product Quality"": ""positive""}"
54060346790425,"প্রোডাক্টটা একদম পারফেক্ট ছিলো। সাউন্ড কোয়ালিটি খুব ভালো, বেস ক্লিয়ার। কানে ভালোভাবে ফিট হয়।

সেলার ভাইয়ের ব্যবহার অসাধারণ ছিলো — রেসপন্স খুব ফাস্ট, ধৈর্য ধরে সব বুঝিয়ে দিয়েছেন। ডেলিভারিও টাইমলি পেয়েছি।

দাম অনুযায়ী কোয়ালিটি একদম টপ লেভেল। খুবই সন্তুষ্ট। রিকমেন্ডেড!","প্রোডাক্ট টা একদম পারফেক্ট ছিলো । সাউন্ড কোয়ালি টি খুব ভালো , বেস ক্লিয়ার । কানে ভালোভাবে ফিট হয় । সেলার ভাইয়ের ব্যবহার অসাধারণ ছিলো রেসপন্স খুব ফাস্ট , ধৈর্য ধরে সব বুঝিয়ে দিয়েছেন । ডেলিভারি ও টাইমলি পেয়েছি । দাম অনুযায়ী কোয়ালি টি একদম টপ লেভেল । খুবই সন্তুষ্ট । রিকমেন্ডেড !",seller_service_positive#delivery_positive#price_positive#product_quality_positive,Positive,"Delivery, Price, Product Quality, Seller Service","{""Seller Service"": ""positive"", ""Delivery"": ""positive"", ""Price"": ""positive"", ""Product Quality"": ""positive""}"
52493734490425,"প্রডাক্টি হাতে পাওয়ার ৭ দিন পরে রিভিউ দিতে আসছি, কারন আমি না ব্যবহার করে রিভিউ দেবো না ভাবছিলাম, আসলে অল্প টাকাই এতো ভালো এবং অরিজিনাল একটা প্রডাক্ট পাবো ভাবতে পারিনি,, চার্জও ভালোই থাকে, সব মিলিয়ে অনেক সুন্দর।","প্রডাক্ টি হাতে পাওয়ার ৭ দিন পরে রিভিউ দিতে আসছি , কারন আমি না ব্যবহার করে রিভিউ দেবো না ভাবছিলাম , আসলে অল্প টাকাই এতো ভালো এবং অরিজিনাল একটা প্রডাক্ট পাবো ভাবতে পারিনি , , চার্জ ও ভালোই থাকে , সব মিলিয়ে অনেক সুন্দর ।",price_positive#product_quality_positive,Positive,"Price, Product Quality","{""Price"": ""positive"", ""Product Quality"": ""positive""}"
51632883590425,সত্যি চমৎকার একটা প্রোডাক্ট.. প্রিমিয়াম লুক আর অসাধারণ সাউন্ড কোয়ালিটি.. সেলার কে ধন্যবাদ জানাই.. তার ব্যাবহারে আমি মুগ্ধ.. তার জন্য শুভকামনা রইল.. সততার সাথে সাথে ব্যাবসা করলে আপনি অবশ্যই সফল হবেন..,সত্যি চমৎকার একটা প্রোডাক্ট.. প্রিমিয়াম লুক আর অসাধারণ সাউন্ড কোয়ালিটি.. সেলার কে ধন্যবাদ জানাই.. তার ব্যাবহারে আমি মুগ্ধ.. তার জন্য শুভকামনা রইল.. সততার সাথে সাথে ব্যাবসা করলে আপনি অবশ্যই সফল হবেন..,seller_service_positive#product_quality_positive,Positive,"Product Quality, Seller Service","{""Seller Service"": ""positive"", ""Product Quality"": ""positive""}"
54350887890425,এয়ারপোর্টটা ভালো তবে এয়ারপোর্ট টা খুললে আওয়াজ একদম অল্প হয় আমার বন্ধুর একটা আছে ওটার আওয়াজ অনেক বেশি হয় দুটা একই হইতে পারে এটা ডুবলিকেট তবে সাউন্ড কোয়ালিটি মোটামুটি আপনার নিতে পারেন,এয়ারপোর্ট টা ভালো তবে এয়ারপোর্ট টা খুললে আওয়াজ একদম অল্প হয় আমার বন্ধুর একটা আছে ওটার আওয়াজ অনেক বেশি হয় দু টা একই হইতে পারে এটা ডুবলিকেট তবে সাউন্ড কোয়ালি টি মোটামুটি আপনার নিতে পারেন,product_quality_positive,Positive,Product Quality,"{""Product Quality"": ""positive""}"
52352944390425,আলহামদুলিল্লাহ  খুব ভালো একটা প্রোডাক্ট।  যেমনটা আশা করছিলাম ঠিক তেমনটাই পেলাম।  বি:দ্র: ডেলিভারি ম্যান এর ব্যবহারটা খুব ভালো ছিলো। ওভারঅল আলহামদুলিল্লাহ 🫶,আলহামদুলিল্লাহ খুব ভালো একটা প্রোডাক্ট । যেমন টা আশা করছিলাম ঠিক তেমনটাই পেলাম । বি দ্র ডেলিভারি ম্যান এর ব্যবহার টা খুব ভালো ছিলো । ওভারঅল আলহামদুলিল্লাহ,delivery_positive#product_quality_positive,Positive,"Delivery, Product Quality","{""Delivery"": ""positive"", ""Product Quality"": ""positive""}"
54039618990425,সেলার নিতান্তই ভদ্র। প্রতিটি তথ্য দেয়ার জন্য চেষ্টা করেছে। সঠিক প্রডাক্ট টি দিয়েছে। কোয়ালিটি এই দামে খুবই ভালো। দেখা যাক কতদিন যায়। পরবর্তীতে আবারো নিতে পারি অফারে কম দাম পেলে। এবার 600 এর মত পড়ছে ক্যাশব্যাকসহ।,সেলার নিতান্তই ভদ্র । প্রতি টি তথ্য দেয়ার জন্য চেষ্ টা করেছে । সঠিক প্রডাক্ট টি দিয়েছে । কোয়ালি টি এই দামে খুবই ভালো । দেখা যাক কতদিন যায় । পরবর্তীতে আবারো নিতে পারি অফারে কম দাম পেলে । এবার 600 এর মত পড়ছে ক্যাশব্যাকসহ ।,seller_service_positive#price_positive#product_quality_positive,Positive,"Price, Product Quality, Seller Service","{""Seller Service"": ""positive"", ""Price"": ""positive"", ""Product Quality"": ""positive""}"
54065650090425,"প্রথমে ধন্যবাদ জানাই সেলার ভাইয়া কে । তার  ওনার রেসপন্স টা সত্যিই আমায় মুগ্ধ করছে । ডেলিভারি ম্যান ভাই ও অনেক ভালো ।
আর প্রডাক্ট এর প্যাকেজিং টা অনেক সুন্দর ছিলো ❤️
আর প্রোডাক্ট ও অরিজিনাল ছিলো এই দামে অনেক সুন্দর সাউন্ড কোয়ালিটি 😍
কিন্তু দুঃখের বিষয় হলো আমার ফোনের সমস্যার কারণে সাউন্ড আটকে আটকে যাচ্ছে কিন্তু অন্য ফোনে আবার অনেক সুন্দর চলতেছে কোনো সমস্যা ছাড়া । 
সেলার ভাইয়ার সাথে এই বিষয় নিয়েও কথা বলছি ওনি যথেষ্ট হেল্প করছে যদিও আমার ফোনে সাপোর্ট করতেছে না তবুও ওনি অনেকটা আশ্বাস দিছেন এই সমস্যার সমাধান দেওয়ার জন্য 
আপনারা চাইলে নিতে পারেন এই এয়ারবার্ডস টা অনেক সুন্দর কোয়ালিটি আর অনেক সুন্দর সাউন্ড 😍❤️",প্রথমে ধন্যবাদ জানাই সেলার ভাইয়া কে । তার ওনার রেসপন্স টা সত্যিই আমায় মুগ্ধ করছে । ডেলিভারি ম্যান ভাই ও অনেক ভালো । আর প্রডাক্ট এর প্যাকেজিং টা অনেক সুন্দর ছিলো আর প্রোডাক্ট ও অরিজিনাল ছিলো এই দামে অনেক সুন্দর সাউন্ড কোয়ালি টি কিন্তু দুঃখের বিষয় হলো আমার ফোনের সমস্যার কারণে সাউন্ড আটকে আটকে যাচ্ছে কিন্তু অন্য ফোনে আবার অনেক সুন্দর চলতেছে কোনো সমস্যা ছাড়া । সেলার ভাইয়ার সাথে এই বিষয় নিয়ে ও কথা বলছি ওনি যথেষ্ট হেল্প করছে যদি ও আমার ফোনে সাপোর্ট করতেছে না তবু ও ওনি অনেক টা আশ্বাস দিছেন এই সমস্যার সমাধান দেওয়ার জন্য আপনারা চাইলে নিতে পারেন এই এয়ারবার্ডস টা অনেক সুন্দর কোয়ালি টি আর অনেক সুন্দর সাউন্ড,seller_service_positive#delivery_positive#packaging_positive#price_positive#product_quality_positive,Positive,"Delivery, Packaging, Price, Product Quality, Seller Service","{""Seller Service"": ""positive"", ""Delivery"": ""positive"", ""Packaging"": ""positive"", ""Price"": ""positive"", ""Product Quality"": ""positive""}"
52425745090425,"আলহামদুলিল্লাহ! প্রথমেই বলতে হবে সেলারের ব্যবহার আসলে খুবই ভালো মাশাআল্লাহ!প্রোডাক্টটি প্রিমিয়ামনেস আছে হাতে এবং ওয়েট ফুল লাগে। সাউন্ড কোয়ালিটি খুবই ভালো লাগলো এই প্রাইস অনুযায়ী। এখন দেখা যাক ব্যাটারির ব্যাকআপ মিলিয়ে কত দিন যায়! প্রাথমিক অবস্থায় মনে হচ্ছে বক্সের চার্জসহ সারাদিন চলে যাবে।

সেলার এর জন্য দোয়া রইলো!",আলহামদুলিল্লাহ ! প্রথমেই বলতে হবে সেলারের ব্যবহার আসলে খুবই ভালো মাশাআল্লাহ ! প্রোডাক্ট টি প্রিমিয়ামনেস আছে হাতে এবং ওয়েট ফুল লাগে । সাউন্ড কোয়ালি টি খুবই ভালো লাগলো এই প্রাইস অনুযায়ী । এখন দেখা যাক ব্যাটারির ব্যাকআপ মিলিয়ে কত দিন যায় ! প্রাথমিক অবস্থায় মনে হচ্ছে বক্সের চার্জসহ সারাদিন চলে যাবে । সেলার এর জন্য দোয়া রইলো !,seller_service_positive#price_positive#product_quality_positive,Positive,"Price, Product Quality, Seller Service","{""Seller Service"": ""positive"", ""Price"": ""positive"", ""Product Quality"": ""positive""}"
50585550790425,"প্রোডাক্ট কাল হাতে পেয়েছি, একদিন ইউজ করে রিভিউ দিলাম। আলহামদুলিল্লাহ দাম অনুযায়ী অনেক ভালো প্রোডাক্ট, ধন্যবাদ।","প্রোডাক্ট কাল হাতে পেয়েছি , একদিন ইউজ করে রিভিউ দিলাম । আলহামদুলিল্লাহ দাম অনুযায়ী অনেক ভালো প্রোডাক্ট , ধন্যবাদ ।",price_positive#product_quality_positive,Positive,"Price, Product Quality","{""Price"": ""positive"", ""Product Quality"": ""positive""}"
52302054490425,আলহামদুলিল্লাহ! প্রথমেই বলতে হবে সেলারের ব্যবহার আসলে খুবই ভালো মাশাআল্লাহ! দুই দিনে ডেলিভারি পেয়েছি! প্রোডাক্টটি প্রিমিয়ামনেস আছে হাতে এবং ওয়েট ফুল লাগে। সাউন্ড কোয়ালিটি খুবই ভালো লাগলো এই প্রাইস অনুযায়ী। এখন দেখা যাক ব্যাটারির ব্যাকআপ মিলিয়ে কত দিন যায়! প্রাথমিক অবস্থায় মনে হচ্ছে বক্সের চার্জসহ সারাদিন চলে যাবে। সেলার এর জন্য দোয়া রইলো!,আলহামদুলিল্লাহ ! প্রথমেই বলতে হবে সেলারের ব্যবহার আসলে খুবই ভালো মাশাআল্লাহ ! দুই দিনে ডেলিভারি পেয়েছি ! প্রোডাক্ট টি প্রিমিয়ামনেস আছে হাতে এবং ওয়েট ফুল লাগে । সাউন্ড কোয়ালি টি খুবই ভালো লাগলো এই প্রাইস অনুযায়ী । এখন দেখা যাক ব্যাটারির ব্যাকআপ মিলিয়ে কত দিন যায় ! প্রাথমিক অবস্থায় মনে হচ্ছে বক্সের চার্জসহ সারাদিন চলে যাবে । সেলার এর জন্য দোয়া রইলো !,seller_service_positive#delivery_positive#price_positive#product_quality_neutral#product_quality_positive,Positive,"Delivery, Price, Product Quality, Seller Service","{""Seller Service"": ""positive"", ""Delivery"": ""positive"", ""Price"": ""positive"", ""Product Quality"": ""positive""}"
53714030990425,"প্রোডাক্ট ঠিক আছে, কোনো অভিযোগ নেই। কিন্তু নয়েস কেন্সেলেশন টা একটু সমস্যা, কল এ কথা বলার সময় ভয়েস ঠিক মতো যায় না। 
চার্জ ৬/৭ ঘন্টা থাকে যদি টুকটাক ব্যবহার করা হয়। রাফ ব্যবহার করলে ৩ ঘন্টা + থাকে।
চার্জ হতেও বেশি সময় নেয় না। বক্স এবং অন্যান্য জিনিস ঠিকঠাক আছে। 

আপনারা নিতে পারেন।","প্রোডাক্ট ঠিক আছে , কোনো অভিযোগ নেই । কিন্তু নয়েস কেন্সেলেশন টা একটু সমস্যা , কল এ কথা বলার সময় ভয়েস ঠিক মতো যায় না । চার্জ ৬ ৭ ঘন্টা থাকে যদি টুকটাক ব্যবহার করা হয় । রাফ ব্যবহার করলে ৩ ঘন্টা থাকে । চার্জ হতে ও বেশি সময় নেয় না । বক্স এবং অন্যান্য জিনিস ঠিকঠাক আছে । আপনারা নিতে পারেন ।",product_quality_positive,Positive,Product Quality,"{""Product Quality"": ""positive""}"
51631528790425,"খুবই ভালো একটা এয়ার পড। প্রোডাক্ট এন্ড প্যাকেজিং খুবই চমৎকার, সাউণ্ড কোয়ালিটিও বেশ ভালো, হাতে ধরতেও চমৎকার একটা প্রিমিয়াম ফিল দেয়, আসলে এই দামে এতো ভালো পড আমি চিন্তাই করি নাই, ডেলিভারি অনেক দ্রুত পেয়েছি, সেলার অবশ্যই রেকমেনডেড","খুবই ভালো একটা এয়ার পড । প্রোডাক্ট এন্ড প্যাকেজিং খুবই চমৎকার , সাউণ্ড কোয়ালিটি ও বেশ ভালো , হাতে ধরতে ও চমৎকার একটা প্রিমিয়াম ফিল দেয় , আসলে এই দামে এতো ভালো পড আমি চিন্তাই করি নাই , ডেলিভারি অনেক দ্রুত পেয়েছি , সেলার অবশ্যই রেকমেনডেড",seller_service_positive#delivery_positive#packaging_positive#price_positive#product_quality_positive,Positive,"Delivery, Packaging, Price, Product Quality, Seller Service","{""Seller Service"": ""positive"", ""Delivery"": ""positive"", ""Packaging"": ""positive"", ""Price"": ""positive"", ""Product Quality"": ""positive""}"
52651784790425,"৫/৩/২০২৫তারিখে অর্ডার করছি ৬/৩/২০২৫ তারিখে হাতে পাইছি,,, আলহামদুলিল্লাহ ১ দিন পর এই পাইছি অনেক ভালো একটা জিনিস,,, একদম অরজিনাল,,, কিন্তুুু বেজ একটু বেশি। 🥰🥰🥰🥰🥰","৫ ৩ ২০২৫তারিখে অর্ডার করছি ৬ ৩ ২০২৫ তারিখে হাতে পাইছি , আলহামদুলিল্লাহ ১ দিন পর এই পাইছি অনেক ভালো একটা জিনিস , একদম অরজিনাল , কিন্তু বেজ একটু বেশি ।",delivery_positive#product_quality_positive,Positive,"Delivery, Product Quality","{""Delivery"": ""positive"", ""Product Quality"": ""positive""}"
52501401390425,"মাশাআল্লাহ, অসাধারণ কোয়ালিটি কালার খুব সুন্দর, খুব ভালো চার্জ থাকে, সাউন্ড কোয়ালিটি ও ভালো। সবাই নিতে পারেন।","মাশাআল্লাহ , অসাধারণ কোয়ালি টি কালার খুব সুন্দর , খুব ভালো চার্জ থাকে , সাউন্ড কোয়ালি টি ও ভালো । সবাই নিতে পারেন ।",product_quality_positive,Positive,Product Quality,"{""Product Quality"": ""positive""}"
52311379490425,"আলহামদুলিল্লাহ।আমার খুব ভালো লেগেছে। 
এটার ভালো দিক গুলো। 
১☞দেখতে খুব সুন্দর এবং হাতে নিলেই শান্তি অনুভব হয়।সত্যি  অরিজিনাল। 
২☞সাউন্ড কোয়ালিটি অসাধারন। 
৩☞ চার্জ থাকে অস্থির। 
৪☞কথা বলে খুব আরাম।
💯খারাপ দিক💯
১☞ কেবল টার দুই মাথা একই রকম।
সর্বশেষ ডেলিভারি ম্যান শাহিন ভাইকে ধন্যবাদ হাসিমুখে কথা বলার জন্য। 
ধন্যবাদ দারাজ।",আলহামদুলিল্লাহ । আমার খুব ভালো লেগেছে । এটার ভালো দিক গুলো । ১ দেখতে খুব সুন্দর এবং হাতে নিলেই শান্তি অনুভব হয় । সত্যি অরিজিনাল । ২ সাউন্ড কোয়ালি টি অসাধারন । ৩ চার্জ থাকে অস্থির । ৪ কথা বলে খুব আরাম । খারাপ দিক ১ কেবল টার দুই মাথা একই রকম । সর্বশেষ ডেলিভারি ম্যান শাহিন ভাইকে ধন্যবাদ হাসিমুখে কথা বলার জন্য । ধন্যবাদ দারাজ ।,delivery_positive#product_quality_positive,Positive,"Delivery, Product Quality","{""Delivery"": ""positive"", ""Product Quality"": ""positive""}"
52359988690425,"দাম অনুযায়ী প্রোডাক্ট যথেষ্ট ভালোই বলা যায়।আমি প্রায় ১ সপ্তাহ যাবত ব্যাবহার করছি,আমার কাছে ভালোই মনে হচ্ছে।সবচাইতে বড় কথা এটার ব্যাটারি ব্যাকআপ যথেষ্ট কোয়ালিটিপুল।👌","দাম অনুযায়ী প্রোডাক্ট যথেষ্ট ভালোই বলা যায় । আমি প্রায় ১ সপ্তাহ যাবত ব্যাবহার করছি , আমার কাছে ভালোই মনে হচ্ছে । সবচাইতে বড় কথা এটার ব্যাটারি ব্যাকআপ যথেষ্ট কোয়ালিটিপুল ।",price_positive#product_quality_positive,Positive,"Price, Product Quality","{""Price"": ""positive"", ""Product Quality"": ""positive""}"
51687506190425,আলহামদুলিল্লাহ আজকেই হাতে পেলাম সাউন্ড কোয়ালিটি আলহামদুলিল্লাহ সেলার ভাইয়ের ব্যাবহার আলহামদুলিল্লাহ রাইডার ও খুব ভালো ছিলো সব কিছু মিলিয়ে আমার ১০০ তে ২০০ দিতে ইচ্ছে করছে আলহামদুলিল্লাহ অনেক ভালো প্রোডাক্ট। চাইলে আপনারাও নিতে পারেন,আলহামদুলিল্লাহ আজকেই হাতে পেলাম সাউন্ড কোয়ালি টি আলহামদুলিল্লাহ সেলার ভাইয়ের ব্যাবহার আলহামদুলিল্লাহ রাইডার ও খুব ভালো ছিলো সব কিছু মিলিয়ে আমার ১০০ তে ২০০ দিতে ইচ্ছে করছে আলহামদুলিল্লাহ অনেক ভালো প্রোডাক্ট । চাইলে আপনারা ও নিতে পারেন,seller_service_positive#delivery_positive#product_quality_positive,Positive,"Delivery, Product Quality, Seller Service","{""Seller Service"": ""positive"", ""Delivery"": ""positive"", ""Product Quality"": ""positive""}"
52422129990425,"মাশাল্লাহ এ অল্প দামের মধ্যে এই প্রোডাক্টসটা এত ভালো পাব কখনো ভাবতেই পারি নাই। সাউন্ড কোয়ালিটি অনেক দারুন, চার্জিং ব্যাকআপ মাশাল্লাহ আরো ভালো,  তাই আপনারা সকলেই প্রোডাক্টস  টা নিতে পারেন। 
দারাজের ডেলিভারি ম্যানের ব্যবহার ও অত্যন্ত ভালো","মাশাল্লাহ এ অল্প দামের মধ্যে এই প্রোডাক্টস টা এত ভালো পাব কখনো ভাবতেই পারি নাই । সাউন্ড কোয়ালি টি অনেক দারুন , চার্জিং ব্যাকআপ মাশাল্লাহ আরো ভালো , তাই আপনারা সকলেই প্রোডাক্টস টা নিতে পারেন । দারাজের ডেলিভারি ম্যানের ব্যবহার ও অত্যন্ত ভালো",delivery_positive#price_positive#product_quality_positive,Positive,"Delivery, Price, Product Quality","{""Delivery"": ""positive"", ""Price"": ""positive"", ""Product Quality"": ""positive""}"
50187299990425,"আলহামদুলিল্লাহ 
প্রোডাক্ট টা ১০০% অরিজিনাল 
ভাবছিলাম কোনও রিভিউ নাই নিব কি না কিন্তু সেলার অনেক ভালো ছিলো 
ধন্যবাদ সেলারকে",আলহামদুলিল্লাহ প্রোডাক্ট টা ১০০ অরিজিনাল ভাবছিলাম কোন ও রিভিউ নাই নিব কি না কিন্তু সেলার অনেক ভালো ছিলো ধন্যবাদ সেলারকে,seller_service_positive#product_quality_positive,Positive,"Product Quality, Seller Service","{""Seller Service"": ""positive"", ""Product Quality"": ""positive""}"
53036121890425,"মোটামুটি ভালো ছিল তবে কথা বলার সময় একটু প্রবলেম করে 
আমি বেশিরভাগই নিয়েছিলাম কথা বলার জন্য কিন্তু কথা বলার সময় দেখা যাচ্ছে ডিসকানেক্ট হয়ে যায় এ বিষয়টি খুব দুঃখজনক",মোটামুটি ভালো ছিল তবে কথা বলার সময় একটু প্রবলেম করে আমি বেশিরভাগই নিয়েছিলাম কথা বলার জন্য কিন্তু কথা বলার সময় দেখা যাচ্ছে ডিসকানেক্ট হয়ে যায় এ বিষয় টি খুব দুঃখজনক,product_quality_neutral,Neutral,Product Quality,"{""Product Quality"": ""neutral""}"
55137043590425,"খুবি চমৎকার একটি প্রোডাক্ট, সেই সাউণ্ড, ধন্যবাদ সেলার ভাইকে,ভালোবাসা অবিরাম ভাই,এ রকম কথার সাথে কাজে মিল রাকবেন,ইনশাআল্লাহ, সবার ভালোবাসা পাবেন👌👌🥰🥰😍দেখা যাক চার্জ কেমন থাকে?","খুবি চমৎকার একটি প্রোডাক্ট , সেই সাউণ্ড , ধন্যবাদ সেলার ভাইকে , ভালোবাসা অবিরাম ভাই , এ রকম কথার সাথে কাজে মিল রাকবেন , ইনশাআল্লাহ , সবার ভালোবাসা পাবেন দেখা যাক চার্জ কেমন থাকে ?",product_quality_positive,Positive,Product Quality,"{""Product Quality"": ""positive""}"
52058721990425,আলহামদুলিল্লাহ সব ঠিকঠাক আপনার চোখ বন্ধ করে নিতে পারেন আমি নিজেই পাঁচটা নিয়েছি এক কথায় অসাধারণ,আলহামদুলিল্লাহ সব ঠিকঠাক আপনার চোখ বন্ধ করে নিতে পারেন আমি নিজেই পাঁচ টা নিয়েছি এক কথায় অসাধারণ,product_quality_positive,Positive,Product Quality,"{""Product Quality"": ""positive""}"
51821721490425,ভালো একটা পূর্ণ  অনেক সুন্দর চার্য ভালো এয়ারপোর্টটা অনেক ভালো লাগছে আপনারা নিঃসন্দে নিতে পারেন।,ভালো একটা পূর্ণ অনেক সুন্দর চার্য ভালো এয়ারপোর্ট টা অনেক ভালো লাগছে আপনারা নিঃসন্দে নিতে পারেন ।,product_quality_positive,Positive,Product Quality,"{""Product Quality"": ""positive""}"
54011751090425,"প্রথম ভাবছিলাম যে ভালো হবে না এখন দেখি অনেক ভালো অনেক কোয়ালিটি ফুল, আপনারা চাইলে নিতে পারেন।","প্রথম ভাবছিলাম যে ভালো হবে না এখন দেখি অনেক ভালো অনেক কোয়ালি টি ফুল , আপনারা চাইলে নিতে পারেন ।",product_quality_positive,Positive,Product Quality,"{""Product Quality"": ""positive""}"
51751799490425,কি বলবো ওনেক ওনেক ভালো  সবাই নিতে পারেন  আমি ২ টা নিছি আপনারে চোখ বন্ধ  করে নিতে পারেন ❤️❤️❤️,কি বলবো ওনেক ওনেক ভালো সবাই নিতে পারেন আমি ২ টা নিছি আপনারে চোখ বন্ধ করে নিতে পারেন,product_quality_positive,Positive,Product Quality,"{""Product Quality"": ""positive""}"
52541933490425,প্রোডাক্ট টি অসাধারণ। সবচেয়ে ভালো লেগেছে প্রোডাক্টটির প্যাকেজিং দেখে। আর কোয়ালিটি ও দারুন।,প্রোডাক্ট টি অসাধারণ । সবচেয়ে ভালো লেগেছে প্রোডাক্টটির প্যাকেজিং দেখে । আর কোয়ালি টি ও দারুন ।,packaging_positive#product_quality_positive,Positive,"Packaging, Product Quality","{""Packaging"": ""positive"", ""Product Quality"": ""positive""}"
52102048390425,আলহামদুলিল্লাহ যেমন চেয়েছি তেমন পেয়েছি খুব ভালো প্রোডাক্ট সবাই নিতে পারেন ধন্যবাদ দারাজ,আলহামদুলিল্লাহ যেমন চেয়েছি তেমন পেয়েছি খুব ভালো প্রোডাক্ট সবাই নিতে পারেন ধন্যবাদ দারাজ,product_quality_positive,Positive,Product Quality,"{""Product Quality"": ""positive""}"
52474632590425,"দাম অনুযায়ী প্রোডাক্ট ভালো, তবে কল কোয়ালিটি এভারেজ বলা যায়...সাউন্ড কোয়ালিটি ভালো","দাম অনুযায়ী প্রোডাক্ট ভালো , তবে কল কোয়ালি টি এভারেজ বলা যায়.সাউন্ড কোয়ালি টি ভালো",price_positive#product_quality_positive,Positive,"Price, Product Quality","{""Price"": ""positive"", ""Product Quality"": ""positive""}"
52043752290425,সাউন্ড কোয়ালিটি বেশ ভালো ছিলো।বেস লাভারদের জন্য অনেক ভালো একটা প্রডাক্ট হবে।,সাউন্ড কোয়ালি টি বেশ ভালো ছিলো । বেস লাভারদের জন্য অনেক ভালো একটা প্রডাক্ট হবে ।,product_quality_positive,Positive,Product Quality,"{""Product Quality"": ""positive""}"
54990874690425,"অনেক সুন্দর একটা এওয়ার্ড খুব ভালো সাউন্ড কোয়ালিটি 
আমি এটাকে দেব 9/10",অনেক সুন্দর একটা এওয়ার্ড খুব ভালো সাউন্ড কোয়ালি টি আমি এটাকে দেব 9 10,product_quality_positive,Positive,Product Quality,"{""Product Quality"": ""positive""}"
52677758790425,প্রোডাক্ট টি ভালো। সাউন্ড কোয়ালিটি ও ভালো। চাইলে আপনারা ও নিতে পারেন 😊,প্রোডাক্ট টি ভালো । সাউন্ড কোয়ালি টি ও ভালো । চাইলে আপনারা ও নিতে পারেন,product_quality_positive,Positive,Product Quality,"{""Product Quality"": ""positive""}"
54649771990425,"এত খারাপ কেনো এখন চার্জ হয় না ,কেউ কিনবেন না , ২ দিন পর আর চার্জ হয় না","এত খারাপ কেনো এখন চার্জ হয় না , কেউ কিনবেন না , ২ দিন পর আর চার্জ হয় না",product_quality_negative,Negative,Product Quality,"{""Product Quality"": ""negative""}"
51975760690425,অসাধারণ একটা প্রোডাক্ট। হাতে নিলে একটা প্রিমিয়াম ফিলিং পাওয়া যায়।,অসাধারণ একটা প্রোডাক্ট । হাতে নিলে একটা প্রিমিয়াম ফিলিং পাওয়া যায় ।,product_quality_positive,Positive,Product Quality,"{""Product Quality"": ""positive""}"
53481738490425,আলহামদুলিল্লাহ আনেক ভাল একটা প্রডাক্ট। সবাই নিতে পারেন আমি সন্তুষ্ট।,আলহামদুলিল্লাহ আনেক ভাল একটা প্রডাক্ট । সবাই নিতে পারেন আমি সন্তুষ্ট ।,product_quality_positive,Positive,Product Quality,"{""Product Quality"": ""positive""}"
52381378590425,দাম অনুযায়ী এয়ারপডটি যথেষ্ট ভালো। একটু প্রিমিয়াম ভাইব পাওয়া যায়।,দাম অনুযায়ী এয়ারপড টি যথেষ্ট ভালো । একটু প্রিমিয়াম ভাইব পাওয়া যায় ।,price_positive#product_quality_positive,Positive,"Price, Product Quality","{""Price"": ""positive"", ""Product Quality"": ""positive""}"
52292320090425,"দেখে ভালোই মনে হলো, ব্যবহার করলে বোঝা যাবে।
প্যাকেটিং ভালোই ছিল","দেখে ভালোই মনে হলো , ব্যবহার করলে বোঝা যাবে । প্যাকেটিং ভালোই ছিল",packaging_positive#product_quality_positive,Positive,"Packaging, Product Quality","{""Packaging"": ""positive"", ""Product Quality"": ""positive""}"
53728582890425,"ভাই অসাধারণ একটা প্রডাক্ট আমি আরো একটা অডার দিবো
ইনশাআল্লাহ",ভাই অসাধারণ একটা প্রডাক্ট আমি আরো একটা অডার দিবো ইনশাআল্লাহ,product_quality_positive,Positive,Product Quality,"{""Product Quality"": ""positive""}"
52142753690425,আলহামদুলিল্লাহ হাতে পেলাম বিল্ড কোয়ালিটি খুব ভালো ❤️‍🔥,আলহামদুলিল্লাহ হাতে পেলাম বিল্ড কোয়ালি টি খুব ভালো,product_quality_positive,Positive,Product Quality,"{""Product Quality"": ""positive""}"
50898613590425,আলহামদুলিল্লাহ যেরকমটা চেয়েছি ঠিক সেরকম টা পেয়েছি,আলহামদুলিল্লাহ যেরকম টা চেয়েছি ঠিক সেরকম টা পেয়েছি,product_quality_positive,Positive,Product Quality,"{""Product Quality"": ""positive""}"
52082547390425,অনেক ভালো প্রোডাক্ট সবাই নিতে পারবেন কোনো সমস্যা নেই,অনেক ভালো প্রোডাক্ট সবাই নিতে পারবেন কোনো সমস্যা নেই,product_quality_positive,Positive,Product Quality,"{""Product Quality"": ""positive""}"
52275692090425,কোয়ালিটি সম্পূন্ন পন্য। সেলার খুব আন্তরিক। ধন্যবাদ।,কোয়ালি টি সম্পূন্ন পন্য । সেলার খুব আন্তরিক । ধন্যবাদ ।,seller_service_positive#product_quality_positive,Positive,"Product Quality, Seller Service","{""Seller Service"": ""positive"", ""Product Quality"": ""positive""}"
53178147690425,দাম হিসেবে অনেক ভালো ছিল।আপনারা চাইলে নিতে পারেন।,দাম হিসেবে অনেক ভালো ছিল । আপনারা চাইলে নিতে পারেন ।,product_quality_positive,Positive,Product Quality,"{""Product Quality"": ""positive""}"
52338422390425,খুবই ভালো সাউণ্ড। আমার পছন্দ হয়েছে। ধন্যবাদ,খুবই ভালো সাউণ্ড । আমার পছন্দ হয়েছে । ধন্যবাদ,product_quality_positive,Positive,Product Quality,"{""Product Quality"": ""positive""}"
55129230690425,অনেক সুন্দর প্রোডাক্ট। নিতে পারেন আপনারা,অনেক সুন্দর প্রোডাক্ট । নিতে পারেন আপনারা,product_quality_positive,Positive,Product Quality,"{""Product Quality"": ""positive""}"
52386935490425,ভালো একটা পন্য পেয়েছি ধন্যবাদ সেলার কে,ভালো একটা পন্য পেয়েছি ধন্যবাদ সেলার কে,product_quality_positive,Positive,Product Quality,"{""Product Quality"": ""positive""}"
52534287090425,যথেষ্ট পরিমাণ এ সাউন্ড কোয়ালিটি ভালো,যথেষ্ট পরিমাণ এ সাউন্ড কোয়ালি টি ভালো,product_quality_positive,Positive,Product Quality,"{""Product Quality"": ""positive""}"
52391426390425,"বাজেটে সেরা প্রোডাক্ট, প্যাকেজিং, ডেলিভারি আর সাউন্ড কোয়ালিটি সবই একদম আশা অতিক্রম করেছে। 
প্যাকেজিং: ১০/১০
সাউন্ড কোয়ালিটি: ৯/১০
বিল্ড কোয়ালিটি: ১০/১০

বাজেটে বেস্ট এইটাই। ধন্যবাদ সেলারকে 🔥","বাজেটে সেরা প্রোডাক্ট , প্যাকেজিং , ডেলিভারি আর সাউন্ড কোয়ালি টি সবই একদম আশা অতিক্রম করেছে । প্যাকেজিং ১০ ১০ সাউন্ড কোয়ালিটি ৯ ১০ বিল্ড কোয়ালিটি ১০ ১০ বাজেটে বেস্ট এইটাই । ধন্যবাদ সেলারকে",delivery_positive#packaging_positive#price_positive#product_quality_positive,Positive,"Delivery, Packaging, Price, Product Quality","{""Delivery"": ""positive"", ""Packaging"": ""positive"", ""Price"": ""positive"", ""Product Quality"": ""positive""}"
51760428890425,অনেক ভালো —কম দামে ভালো প্রোডাক্ট,অনেক ভালো কম দামে ভালো প্রোডাক্ট,price_positive#product_quality_positive,Positive,"Price, Product Quality","{""Price"": ""positive"", ""Product Quality"": ""positive""}"
54260141314268,"চাইলাম কি দিলো কি দারাজ এর কাছে একটা আশা করি নাই 

আর কনো দিন দারাজ থেকে কিছু অডার করবো নাহ",চাইলাম কি দিলো কি দারাজ এর কাছে একটা আশা করি নাই আর কনো দিন দারাজ থেকে কিছু অডার করবো নাহ,product_quality_negative,Negative,Product Quality,"{""Product Quality"": ""negative""}"
50531004114268,আলহামদুলিল্লাহ ভালো পোটাক যেমন চেয়েছি  তেমন পেয়েছি চাই লে আপনারাও নিতে পাড়েন ❤️❤️🇧🇩,আলহামদুলিল্লাহ ভালো পোটাক যেমন চেয়েছি তেমন পেয়েছি চাই লে আপনারা ও নিতে পাড়েন,product_quality_positive,Positive,Product Quality,"{""Product Quality"": ""positive""}"
54220765614268,প্রোডাক্টটি এতো ভালো না কিন্তু সাউন্ড কোয়ালিটি ভালো প্যাকেটটা দেখি চার্জ কতক্ষণ থাকে,প্রোডাক্ট টি এতো ভালো না কিন্তু সাউন্ড কোয়ালি টি ভালো প্যাকেট টা দেখি চার্জ কতক্ষণ থাকে,product_quality_negative,Negative,Product Quality,"{""Product Quality"": ""negative""}"
50003759014268,আলহামদুলিল্লাহ অনেক ভালো মনের এয়ারপোর্ট পাইছি সেলার কে অনেক ধন্যবাদ অনেক চার্জ থাকে,আলহামদুলিল্লাহ অনেক ভালো মনের এয়ারপোর্ট পাইছি সেলার কে অনেক ধন্যবাদ অনেক চার্জ থাকে,product_quality_positive,Positive,Product Quality,"{""Product Quality"": ""positive""}"
54175464414268,একদম বাজে ছিল অ্যাপেল ইয়ার বাস দিবে বলে টিডাব্লিউএস ধরাই দিছে এটা কখনো আশা করি নাই,একদম বাজে ছিল অ্যাপেল ইয়ার বাস দিবে বলে টিডাব্লিউএস ধরাই দিছে এটা কখনো আশা করি নাই,product_quality_negative,Negative,Product Quality,"{""Product Quality"": ""negative""}"
54363895814268,"কেউ নিয়েন না, কারণ যেইটা দেইখা অর্ডার দিবেন, সেইটা দেয়না, আমারে দিছে আরেকটা, 😡","কেউ নিয়েন না , কারণ যেই টা দেইখা অর্ডার দিবেন , সেই টা দেয়না , আমারে দিছে আরেক টা ,",product_quality_negative,Negative,Product Quality,"{""Product Quality"": ""negative""}"
54105499214268,অনেক সুন্দর হয়েছে কোয়ালিটি অনেক সুন্দর মাশাল্লাহ সাউন্ডটা অনেক ভালো,অনেক সুন্দর হয়েছে কোয়ালি টি অনেক সুন্দর মাশাল্লাহ সাউন্ড টা অনেক ভালো,product_quality_positive,Positive,Product Quality,"{""Product Quality"": ""positive""}"
54301256914268,অর্ডার করছি একটা আর দিছে আরেকটা এই প্রথম কিছু কিনে ঠকলাম নারাজ থেকে,অর্ডার করছি একটা আর দিছে আরেক টা এই প্রথম কিছু কিনে ঠকলাম নারাজ থেকে,product_quality_negative,Negative,Product Quality,"{""Product Quality"": ""negative""}"
52829745914268,খুব ভালো একটি ব্লুটু চাইলে আপনারা নিতে পারেন সাউন্ড কোয়ালিটি ও ভালো,খুব ভালো একটি ব্লুটু চাইলে আপনারা নিতে পারেন সাউন্ড কোয়ালি টি ও ভালো,product_quality_positive,Positive,Product Quality,"{""Product Quality"": ""positive""}"
54132105114268,মোটামুটি এই দামের মধ্যে চলে। চার্জ কেমন থাকবে এখনো বোঝা যাচ্ছে না।,মোটামুটি এই দামের মধ্যে চলে । চার্জ কেমন থাকবে এখনো বোঝা যাচ্ছে না ।,price_neutral#product_quality_neutral,Neutral,"Price, Product Quality","{""Price"": ""neutral"", ""Product Quality"": ""neutral""}"
49014509714268,"প্রোডাক্টটা যথেষ্ট পরিমাণ ভাল ছিল। 
এত কম দামের মধ্যে এই প্রোডাক্ট পাওয়া খুবই অসম্ভব। দারাজ থেকে পেয়েছি। সাউন্ড কোয়ালিটিটা মোটামুটি আলহামদুলিল্লাহ। সত্যি কথা বলতে এই বাজেটের মধ্যে ভালো একটি এয়াপডস।🥰🥰🥰
সেলার ভাই টা খুবই। ভালো ছিল।",প্রোডাক্ট টা যথেষ্ট পরিমাণ ভাল ছিল । এত কম দামের মধ্যে এই প্রোডাক্ট পাওয়া খুবই অসম্ভব । দারাজ থেকে পেয়েছি । সাউন্ড কোয়ালিটি টা মোটামুটি আলহামদুলিল্লাহ । সত্যি কথা বলতে এই বাজেটের মধ্যে ভালো একটি এয়াপডস । সেলার ভাই টা খুবই । ভালো ছিল ।,seller_service_positive#price_positive#product_quality_positive,Positive,"Price, Product Quality, Seller Service","{""Seller Service"": ""positive"", ""Price"": ""positive"", ""Product Quality"": ""positive""}"
52638078914268,মাশাল্লাহ খুব ভালো আপনারা চাইলে নিতে পারেন যারা বেজ পছন্দ করেন,মাশাল্লাহ খুব ভালো আপনারা চাইলে নিতে পারেন যারা বেজ পছন্দ করেন,product_quality_positive,Positive,Product Quality,"{""Product Quality"": ""positive""}"
53819488414268,আলহামদুলিল্লাহ প্রোডাক্ট টি খুব ভালো ছিলো আপনারা ও নিতে পারেন,আলহামদুলিল্লাহ প্রোডাক্ট টি খুব ভালো ছিলো আপনারা ও নিতে পারেন,product_quality_positive,Positive,Product Quality,"{""Product Quality"": ""positive""}"
52710382714268,দাম অনুযায়ী আমি জিনিসটা সঠিক পাইছি কোয়ালিটিটা অনেক ভালো,দাম অনুযায়ী আমি জিনিস টা সঠিক পাইছি কোয়ালিটি টা অনেক ভালো,price_positive#product_quality_positive,Positive,"Price, Product Quality","{""Price"": ""positive"", ""Product Quality"": ""positive""}"
54425363914268,এরা একটা বাটপার অর্ডার করি এক পণ্য দেয় আরেক পণ্য,এরা একটা বাটপার অর্ডার করি এক পণ্য দেয় আরেক পণ্য,product_quality_negative,Negative,Product Quality,"{""Product Quality"": ""negative""}"
52922422814268,"তেমন ভালো না,চার্জ এবং সাউন্ড কোয়ালিটিও ভালো না","তেমন ভালো না , চার্জ এবং সাউন্ড কোয়ালিটি ও ভালো না",product_quality_negative,Negative,Product Quality,"{""Product Quality"": ""negative""}"
54528683114268,ধন্যবাদ দারাজকে অরিজিনাল প্রোডাক্ট দেয়ার জন্য।,ধন্যবাদ দারাজকে অরিজিনাল প্রোডাক্ট দেয়ার জন্য ।,product_quality_positive,Positive,Product Quality,"{""Product Quality"": ""positive""}"
54317706614268,খুবই ভালো একটি প্রোড না নিশ্চিন্তে নিতে পারি,খুবই ভালো একটি প্রোড না নিশ্চিন্তে নিতে পারি,product_quality_positive,Positive,Product Quality,"{""Product Quality"": ""positive""}"
50470251014268,প্রডাক্টটি অনেক ভালো। আপনারা চাইলে নিতে পারেন,প্রডাক্ট টি অনেক ভালো । আপনারা চাইলে নিতে পারেন,product_quality_positive,Positive,Product Quality,"{""Product Quality"": ""positive""}"
54345746314268,কি অর্ডার দিলাম আর কি দিলো এইটা আসা করিনি 😢,কি অর্ডার দিলাম আর কি দিলো এই টা আসা করিনি,product_quality_negative,Negative,Product Quality,"{""Product Quality"": ""negative""}"
54170278814268,এই টাকায় এত ভালো জিনিস দারাজ থেকে কখনো পাইনি,এই টাকায় এত ভালো জিনিস দারাজ থেকে কখনো পাইনি,price_positive#product_quality_positive,Positive,"Price, Product Quality","{""Price"": ""positive"", ""Product Quality"": ""positive""}"
54661611614268,"খুবই ভালো লাগছে,,এই দামে ভালো একটি প্রডাক্ট","খুবই ভালো লাগছে , , এই দামে ভালো একটি প্রডাক্ট",price_positive#product_quality_positive,Positive,"Price, Product Quality","{""Price"": ""positive"", ""Product Quality"": ""positive""}"
53989289714268,প্রোডাক্টি ভালো আছে।আপ্নারা নিতে পারেন।,প্রোডাক্ টি ভালো আছে । আপ্নারা নিতে পারেন ।,product_quality_positive,Positive,Product Quality,"{""Product Quality"": ""positive""}"
53747205714268,আপনারা নিতে পারেন দাম হিসেবে অনেক ভালো,আপনারা নিতে পারেন দাম হিসেবে অনেক ভালো,price_positive#product_quality_positive,Positive,"Price, Product Quality","{""Price"": ""positive"", ""Product Quality"": ""positive""}"
54553843114268,অসাধারন কেউ ঠকবেন না  নিতে পারেন 1234,অসাধারন কেউ ঠকবেন না নিতে পারেন 1234,product_quality_positive,Positive,Product Quality,"{""Product Quality"": ""positive""}"
54158692914268,এই বাজেট এ সেরা 💝 ধন্যবাদ।,এই বাজেট এ সেরা ধন্যবাদ ।,price_positive#product_quality_positive,Positive,"Price, Product Quality","{""Price"": ""positive"", ""Product Quality"": ""positive""}"
45631346114268,"আলহামদুলিল্লাহ প্রোডাক্ট টা ভালো ছিলো,এই দামের ভিতর যথেষ্ট 🖤","আলহামদুলিল্লাহ প্রোডাক্ট টা ভালো ছিলো , এই দামের ভিতর যথেষ্ট",price_positive#product_quality_positive,Positive,"Price, Product Quality","{""Price"": ""positive"", ""Product Quality"": ""positive""}"
54423111814268,এত অল্প টাকা এত ভালো মানের জিনিস দেওয়ার জন্য দ্বারা আজকে ধন্যবাদ ডেলিভারি বয় আমার খুব পরিচিত ছিল,এত অল্প টাকা এত ভালো মানের জিনিস দেওয়ার জন্য দ্বারা আজকে ধন্যবাদ ডেলিভারি বয় আমার খুব পরিচিত ছিল,price_positive#product_quality_positive,Positive,"Price, Product Quality","{""Price"": ""positive"", ""Product Quality"": ""positive""}"
52746251714268,"ভাই কেউ দযা করে এটা কিনবেন না , মোবাইলের সাথে সহজে কানেক্ট হয় না , চার্জ ও ভালো থাকে না ,হঠাৎ হঠাৎ বন্ধ হয়ে যায় 🤬🤬🤬🤬","ভাই কেউ দযা করে এটা কিনবেন না , মোবাইলের সাথে সহজে কানেক্ট হয় না , চার্জ ও ভালো থাকে না , হঠাৎ হঠাৎ বন্ধ হয়ে যায়",product_quality_negative,Negative,Product Quality,"{""Product Quality"": ""negative""}"
54286615714268,কি দেখে অর্ডার করলাম আর কি দিলেন।  এমন প্রতারণা আমার সাথে এই প্রথম হল দারাজে। ভিন্ন জিনিস দিছেন। চেক করে তো দিবেন এক কানে কানেক্টে হয় না। এমন প্রতারণা করে ব্যবসা করে কি লাভ?! আখেরাত বরবাদ হবে আপনার আমি আখেরাতে নিবো। দুনিয়াতে রিটার্নের যে সাত দিনের সময় ও পক্রিয়া আপনারা আমাকে দিছেন এই সময় আমার থাকলে দারাজে অর্ডার করতাম না।,কি দেখে অর্ডার করলাম আর কি দিলেন । এমন প্রতারণা আমার সাথে এই প্রথম হল দারাজে । ভিন্ন জিনিস দিছেন । চেক করে তো দিবেন এক কানে কানেক্টে হয় না । এমন প্রতারণা করে ব্যবসা করে কি লাভ ? ! আখেরাত বরবাদ হবে আপনার আমি আখেরাতে নিবো । দুনিয়াতে রিটার্নের যে সাত দিনের সময় ও পক্রিয়া আপনারা আমাকে দিছেন এই সময় আমার থাকলে দারাজে অর্ডার করতাম না ।,product_quality_negative,Negative,Product Quality,"{""Product Quality"": ""negative""}"
54332499814268,প্রথম ছবির টা দেখিয়ে। ফালতু প্রোডাক্ট দিছে।জানোয়ারের বাচ্চারা। ব্যাবসার নামে ফাজলামো করস।দেখালি কি দিলি কি।বাটপার সেলার,প্রথম ছবির টা দেখিয়ে । ফালতু প্রোডাক্ট দিছে । জানোয়ারের বাচ্চারা । ব্যাবসার নামে ফাজলামো করস । দেখালি কি দিলি কি । বাটপার সেলার,product_quality_negative,Negative,Product Quality,"{""Product Quality"": ""negative""}"
54198772714268,"পণ্য দেখতে ভাল কিন্তু কোয়ালিটি একবারে বাজে,, ৩৫০ টাকা খরচ না করে যদি বাজার থেকে একটা ইয়ারফোন কেনা যায় আমার মনে হয় এর থেকে বেস্ট হবে,, দেখতে মোটামুটি মাশাল্লাহ খুবই ভালো কিন্তু সাউন্ড কোয়ালিটি সুন্দর একদম বাজে একটাও ধরতে পারেনা ভয়েস চেঞ্জ হয়ে যায় বহু ধরনের সমস্যা দেখা যায়","পণ্য দেখতে ভাল কিন্তু কোয়ালি টি একবারে বাজে , , ৩৫০ টাকা খরচ না করে যদি বাজার থেকে একটা ইয়ারফোন কেনা যায় আমার মনে হয় এর থেকে বেস্ট হবে , , দেখতে মোটামুটি মাশাল্লাহ খুবই ভালো কিন্তু সাউন্ড কোয়ালি টি সুন্দর একদম বাজে একটা ও ধরতে পারেনা ভয়েস চেঞ্জ হয়ে যায় বহু ধরনের সমস্যা দেখা যায়",product_quality_negative,Negative,Product Quality,"{""Product Quality"": ""negative""}"
54543059014268,ওভারঅল সবদিকেই ভালো নয়েজ ক্যান্সলেশন কাজ করে বেজ ভালো আছে কম দামের মধ্যে ভালো প্রোডাক্ট।,ওভারঅল সবদিকেই ভালো নয়েজ ক্যান্সলেশন কাজ করে বেজ ভালো আছে কম দামের মধ্যে ভালো প্রোডাক্ট ।,price_positive#product_quality_positive,Positive,"Price, Product Quality","{""Price"": ""positive"", ""Product Quality"": ""positive""}"
54363782614268,অর্ডার দিছে একটা গেছে আরেকটা কেউ অর্ডার দিবেন না  দুইটা অর্ডার দিচ্ছি একটা দিছে  🤬🤬🤬🤬,অর্ডার দিছে একটা গেছে আরেক টা কেউ অর্ডার দিবেন না দুই টা অর্ডার দিচ্ছি একটা দিছে,product_quality_negative,Negative,Product Quality,"{""Product Quality"": ""negative""}"
49017658914268,এখন পর্যন্ত ব্যবহার করে কোন সমস্যা ফিল করি নি চার্জ ও অনেক থাকে। ডেলিভারি ম্যান ভাই টা অনেক সুন্দর ব্যবহার ❤️❤️❤️,এখন পর্যন্ত ব্যবহার করে কোন সমস্যা ফিল করি নি চার্জ ও অনেক থাকে । ডেলিভারি ম্যান ভাই টা অনেক সুন্দর ব্যবহার,delivery_positive#product_quality_positive,Positive,"Delivery, Product Quality","{""Delivery"": ""positive"", ""Product Quality"": ""positive""}"
54380644314268,অল্প টাকে ভালো একটা হেডফোন পেলাম আলহামদুলিল্লাহ এই ইয়া পোস্টে অনেক ভালো,অল্প টাকে ভালো একটা হেডফোন পেলাম আলহামদুলিল্লাহ এই ইয়া পোস্টে অনেক ভালো,price_positive#product_quality_positive,Positive,"Price, Product Quality","{""Price"": ""positive"", ""Product Quality"": ""positive""}"
54349699814268,অর্ডার করেছিলাম ১ম ছবি সাদা কালার টা দিয়েছেন ২য় ছবির টা। প্রতারনা করেছেন,অর্ডার করেছিলাম ১ম ছবি সাদা কালার টা দিয়েছেন ২য় ছবির টা । প্রতারনা করেছেন,product_quality_negative,Negative,Product Quality,"{""Product Quality"": ""negative""}"
54134457414268,"মোটামুটি ভালো, যেমনটা দেখছিলাম তেমনটাই পাইছি। আপনারা চাইলে নিতে পারেন","মোটামুটি ভালো , যেমন টা দেখছিলাম তেমনটাই পাইছি । আপনারা চাইলে নিতে পারেন",product_quality_neutral,Neutral,Product Quality,"{""Product Quality"": ""neutral""}"
54169078114268,যেমন দেখানো হয়েছে ঠিক তেমন না কিন্তু ভালোর মধ্যেই খুব একটা ভালো না,যেমন দেখানো হয়েছে ঠিক তেমন না কিন্তু ভালোর মধ্যেই খুব একটা ভালো না,product_quality_neutral,Neutral,Product Quality,"{""Product Quality"": ""neutral""}"
54203453514268,প্রোডাক্টটি অনেক ভালো দাম অনুযায়ী সাউন্ড কোয়ালিটি অনেক ভালো আছে।,প্রোডাক্ট টি অনেক ভালো দাম অনুযায়ী সাউন্ড কোয়ালি টি অনেক ভালো আছে ।,price_positive#product_quality_positive,Positive,"Price, Product Quality","{""Price"": ""positive"", ""Product Quality"": ""positive""}"
54269466214268,"খুবই ভালো লাগল, দাম অনুযায়ী বেস্ট💝💝দারাজ মানেই কম দামে ভালো কিছু","খুবই ভালো লাগল , দাম অনুযায়ী বেস্ট দারাজ মানেই কম দামে ভালো কিছু",price_positive#product_quality_positive,Positive,"Price, Product Quality","{""Price"": ""positive"", ""Product Quality"": ""positive""}"
54205906514268,"আলহামদুলিল্লাহ,,,
 সাউন্ড কোয়ালিটি আলহামদুলিল্লাহ অনেক ভালো,,","আলহামদুলিল্লাহ , সাউন্ড কোয়ালি টি আলহামদুলিল্লাহ অনেক ভালো , ,",product_quality_positive,Positive,Product Quality,"{""Product Quality"": ""positive""}"
52755118014268,অনেক সুন্দর একটি প্রোডাক্ট সাউন্ড কোয়ালিটি অনেক ভালো,অনেক সুন্দর একটি প্রোডাক্ট সাউন্ড কোয়ালি টি অনেক ভালো,product_quality_positive,Positive,Product Quality,"{""Product Quality"": ""positive""}"
54722790214268,অনেক সুন্দর প্রোডাক্ট সাউন্ড কোয়ালিটি ফ্রেশ ছিল,অনেক সুন্দর প্রোডাক্ট সাউন্ড কোয়ালি টি ফ্রেশ ছিল,product_quality_positive,Positive,Product Quality,"{""Product Quality"": ""positive""}"
54498647114268,এমনিতেই ভালো আছে কিন্তু আমাকে সব কিছু দেই নাই,এমনিতেই ভালো আছে কিন্তু আমাকে সব কিছু দেই নাই,product_quality_positive,Positive,Product Quality,"{""Product Quality"": ""positive""}"
54198215914268,"একদম বাজে প্রোডাক্ট, কেউ নিয়েন না ভাইয়েরা🥲","একদম বাজে প্রোডাক্ট , কেউ নিয়েন না ভাইয়েরা",product_quality_negative,Negative,Product Quality,"{""Product Quality"": ""negative""}"
54091508814268,প্রোডাক্টটা ভালো পাইছি সেলার কে ধন্যবাদ,প্রোডাক্ট টা ভালো পাইছি সেলার কে ধন্যবাদ,product_quality_positive,Positive,Product Quality,"{""Product Quality"": ""positive""}"
55126516614268,"ফালতু, একটি ছেলে যে অন্য আরেকটি দিয়েছে","ফালতু , একটি ছেলে যে অন্য আরেক টি দিয়েছে",product_quality_negative,Negative,Product Quality,"{""Product Quality"": ""negative""}"
54002704414268,এটা খুবই ভালো চাইলে আপনারা নিতে পারেন,এটা খুবই ভালো চাইলে আপনারা নিতে পারেন,product_quality_positive,Positive,Product Quality,"{""Product Quality"": ""positive""}"
54164159114268,মুটামুটি ভালোই আছে এই দাম অনুযায়ী 🥰🥰,মুটামু টি ভালোই আছে এই দাম অনুযায়ী,price_neutral#product_quality_neutral,Neutral,"Price, Product Quality","{""Price"": ""neutral"", ""Product Quality"": ""neutral""}"
52757720614268,আলহামদুলিল্লাহ খুব ভালো একটা পোডাক..,আলহামদুলিল্লাহ খুব ভালো একটা পোডাক..,product_quality_positive,Positive,Product Quality,"{""Product Quality"": ""positive""}"
48957864814268,খুব একটা খারাপও না আরব ভালোও না...,খুব একটা খারাপ ও না আরব ভালো ও না.,product_quality_neutral,Neutral,Product Quality,"{""Product Quality"": ""neutral""}"
54263483214268,"খুব খারাপ 
এক কানের টা বাজে না",খুব খারাপ এক কানের টা বাজে না,product_quality_negative,Negative,Product Quality,"{""Product Quality"": ""negative""}"
54236823314268,এরা পণ্য দেখা একটা দে আর একটা,এরা পণ্য দেখা একটা দে আর একটা,product_quality_negative,Negative,Product Quality,"{""Product Quality"": ""negative""}"
54267588814268,পছন্দ করছি একটা দিছে আরেকটা,পছন্দ করছি একটা দিছে আরেক টা,product_quality_negative,Negative,Product Quality,"{""Product Quality"": ""negative""}"
54202766514268,খুব ভালো সবাই নিতে পারেন,খুব ভালো সবাই নিতে পারেন,product_quality_positive,Positive,Product Quality,"{""Product Quality"": ""positive""}"
45539524214268,কম দামে এত সুন্দর একটি জিনিস পাইছি কি বলবো,কম দামে এত সুন্দর একটি জিনিস পাইছি কি বলবো,price_positive#product_quality_positive,Positive,"Price, Product Quality","{""Price"": ""positive"", ""Product Quality"": ""positive""}"
44946864914268,"অনেক ভালো প্রডাক পেয়েছি, ধন্যবাদ দারাজ কে 🙃","অনেক ভালো প্রডাক পেয়েছি , ধন্যবাদ দারাজ কে",product_quality_positive,Positive,Product Quality,"{""Product Quality"": ""positive""}"
54176268314268,প্রোডাক্ট ভালো। কিন্তু চার্জার দেয় নাই। সাউন্ড কোয়ালিটি খুব ভালো। সবকিছু ভালো আছে,প্রোডাক্ট ভালো । কিন্তু চার্জার দেয় নাই । সাউন্ড কোয়ালি টি খুব ভালো । সবকিছু ভালো আছে,product_quality_positive,Positive,Product Quality,"{""Product Quality"": ""positive""}"
49634747914268,দ্রুত ডেলিভারি দিয়ে গেলেও আমার ইয়ারবাডস এর একটি নষ্ট। কোন ভাবেই চার্জ করা যায় না যার ফলে সেটি চলেও না। শখ করে কেনা জিনিস এভাবে না ঠকালেও চলতো।খুব বাজে কোয়ালিটি। তার উপর দামটাও বেশী রাখা হইছে।,দ্রুত ডেলিভারি দিয়ে গেলে ও আমার ইয়ারবাডস এর একটি নষ্ট । কোন ভাবেই চার্জ করা যায় না যার ফলে সে টি চলে ও না । শখ করে কেনা জিনিস এভাবে না ঠকালে ও চলতো । খুব বাজে কোয়ালি টি । তার উপর দামটা ও বেশী রাখা হইছে ।,delivery_positive#price_negative#product_quality_negative,Negative,"Delivery, Price, Product Quality","{""Delivery"": ""positive"", ""Price"": ""negative"", ""Product Quality"": ""negative""}"
53409922338794,"আলহামদুলিল্লাহ তিনটা অর্ডার করছিলাম আজকে হাতে পেয়েছি তিনটাই ভালো আছে এখন ব্যবহার করে দেখি কেমন চার্জ যায়। 
কিন্তু দুঃখের বিষয় হলো আমায় একটা গিফট দেওয়ার কথা ছিল সে গিফট আমি পাইনি 😥🥺",আলহামদুলিল্লাহ তিন টা অর্ডার করছিলাম আজকে হাতে পেয়েছি তিনটাই ভালো আছে এখন ব্যবহার করে দেখি কেমন চার্জ যায় । কিন্তু দুঃখের বিষয় হলো আমায় একটা গিফট দেওয়ার কথা ছিল সে গিফট আমি পাইনি,product_quality_positive,Positive,Product Quality,"{""Product Quality"": ""positive""}"
52606900938794,"এই তিনটা প্রডাক্ট অর্ডার করেছি,২টা মিনি রিচার্জেবল ফ্যান একটি ব্লুটুথ এয়ারফোন,আলহামদুলিল্লা খুব ভালো পেয়েছি ডেলিভারিও অনেকে ফাষ্ট পেয়েছি ২৪ ঘন্টারও কম সময়ে।ডেলিভারী ম্যান এর ব্যাবহারও সন্তোশ জনক ছিল।ডেলিভারী চার্জও ফ্রি ছিল।সব মিলিয়ে আমি সন্তুষ্ট,ধন্যবাদ দারাজকে।আসা করছি দারাজের এমন সার্ভিস অব্যাহত থাকবে।","এই তিন টা প্রডাক্ট অর্ডার করেছি , ২টা মিনি রিচার্জেবল ফ্যান একটি ব্লুটুথ এয়ারফোন , আলহামদুলিল্লা খুব ভালো পেয়েছি ডেলিভারি ও অনেকে ফাষ্ট পেয়েছি ২৪ ঘন্টার ও কম সময়ে । ডেলিভারী ম্যান এর ব্যাবহার ও সন্তোশ জনক ছিল । ডেলিভারী চার্জ ও ফ্রি ছিল । সব মিলিয়ে আমি সন্তুষ্ট , ধন্যবাদ দারাজকে । আসা করছি দারাজের এমন সার্ভিস অব্যাহত থাকবে ।",delivery_positive#product_quality_positive,Positive,"Delivery, Product Quality","{""Delivery"": ""positive"", ""Product Quality"": ""positive""}"
53940075738794,"টাকা হিসেবে ভালো বাট কল করার পরে সাউন্ড কুয়ালিটি তে ১০ এ ৬ পাওয়ার মতো,, আর এমনিতে সাউন্ড কোয়ালিটি ভালো, ওভারঅল দাম হিসেবে ভালো, চাইলে নিতে পারেন,, আর ডেলিভারি দেওয়া ভাইটার ব্যাবহার অত্যান্ত ভালো,,,","টাকা হিসেবে ভালো বাট কল করার পরে সাউন্ড কুয়ালি টি তে ১০ এ ৬ পাওয়ার মতো , , আর এমনিতে সাউন্ড কোয়ালি টি ভালো , ওভারঅল দাম হিসেবে ভালো , চাইলে নিতে পারেন , , আর ডেলিভারি দেওয়া ভাইটার ব্যাবহার অত্যান্ত ভালো ,",delivery_positive#price_positive#product_quality_positive,Positive,"Delivery, Price, Product Quality","{""Delivery"": ""positive"", ""Price"": ""positive"", ""Product Quality"": ""positive""}"
51900425438794,ডেলিভারি খুব ফাস্ট পাইসি বাট সবকিছুই ভালো কোয়ালিটির দিক দিয়েও ভালো বাট চার্জিংটা একটু কম মনে হয়েছে। বাজেট  হিসেবে ঠিক আছে,ডেলিভারি খুব ফাস্ট পাইসি বাট সবকিছুই ভালো কোয়ালিটির দিক দিয়ে ও ভালো বাট চার্জিং টা একটু কম মনে হয়েছে । বাজেট হিসেবে ঠিক আছে,delivery_positive#price_positive#product_quality_positive,Positive,"Delivery, Price, Product Quality","{""Delivery"": ""positive"", ""Price"": ""positive"", ""Product Quality"": ""positive""}"
52022416538794,আলহামদুলিল্লাহ খুবই ভালো হয়েছে ৩ঘন্টা প্লাস চার্জ থাকে একবার চার্জ করলে ৩বার ২টাকে চার্জ করা যায় এত কমদামে এরকম ভালো প্রডাক্ট পাব কখনো চিন্তা করি নাই আপনারা ও নিতে পারেন❤️❤️❤️❤️🇧🇩,আলহামদুলিল্লাহ খুবই ভালো হয়েছে ৩ঘন্ টা প্লাস চার্জ থাকে একবার চার্জ করলে ৩বার ২টাকে চার্জ করা যায় এত কমদামে এরকম ভালো প্রডাক্ট পাব কখনো চিন্তা করি নাই আপনারা ও নিতে পারেন,price_positive#product_quality_positive,Positive,"Price, Product Quality","{""Price"": ""positive"", ""Product Quality"": ""positive""}"
51739549138794,"মাত্র ২২৫ টাকা ডেলিভারি চার্জ ৭ টাকা টোটাল ২৩২ টাকায় এই প্রোডাক্ট ভাবা যায় 
অসংখ্য ধন্যবাদ দারাজ বাংলাদেশকে",মাত্র ২২৫ টাকা ডেলিভারি চার্জ ৭ টাকা টোটাল ২৩২ টাকায় এই প্রোডাক্ট ভাবা যায় অসংখ্য ধন্যবাদ দারাজ বাংলাদেশকে,product_quality_positive,Positive,Product Quality,"{""Product Quality"": ""positive""}"
52356336838794,"অনেক ভালো প্রোডাক্ট
রাইডার্স এর ব্যাবহার অনেক সুন্দর 
যেমনটি দেখেছি তেমনটাই পেয়েছি ধন্যবাদ দারাজকে",অনেক ভালো প্রোডাক্ট রাইডার্স এর ব্যাবহার অনেক সুন্দর যেমন টি দেখেছি তেমনটাই পেয়েছি ধন্যবাদ দারাজকে,delivery_positive#product_quality_positive,Positive,"Delivery, Product Quality","{""Delivery"": ""positive"", ""Product Quality"": ""positive""}"
53769485638794,খুব সুন্দর একটা ইয়ারফোন যারা যারা আমার এই রিভিউ দেখছেন আপনারা চাইলে এই অফারটি এবং এই ইয়ারফোনটি নিতে পারেন খুব সুন্দর একটা ইয়ারফোন ধন্যবাদ দারাজকে সময় মত এত সুন্দর একটা ইয়ারফোন দেওয়ার জন্য,খুব সুন্দর একটা ইয়ারফোন যারা যারা আমার এই রিভিউ দেখছেন আপনারা চাইলে এই অফার টি এবং এই ইয়ারফোন টি নিতে পারেন খুব সুন্দর একটা ইয়ারফোন ধন্যবাদ দারাজকে সময় মত এত সুন্দর একটা ইয়ারফোন দেওয়ার জন্য,delivery_positive#product_quality_positive,Positive,"Delivery, Product Quality","{""Delivery"": ""positive"", ""Product Quality"": ""positive""}"
53585847638794,আমি কিছুদিন ব্যবহার করে রিভিউ দিলাম মোটামুটি ভালোই একটা ইয়ারফোন কিছুটা ডিস্টার্ব দেয় তাছাড়া ভালোই কম দামের ভিতরে।,আমি কিছুদিন ব্যবহার করে রিভিউ দিলাম মোটামুটি ভালোই একটা ইয়ারফোন কিছুটা ডিস্টার্ব দেয় তাছাড়া ভালোই কম দামের ভিতরে ।,price_positive#product_quality_positive,Positive,"Price, Product Quality","{""Price"": ""positive"", ""Product Quality"": ""positive""}"
51904060238794,"আলহামদুলিল্লাহ, ঠিক ঠাকই পেয়েছি, প্যাকেট ও ঠিক ছিলো। সাউন্ড কোয়ালিটি একটু খারাপ লাগতে পারে, তবে দাম হিসেবে ঠিক ই আছে। চাইলে নিতে পারেন 😊","আলহামদুলিল্লাহ , ঠিক ঠাকই পেয়েছি , প্যাকেট ও ঠিক ছিলো । সাউন্ড কোয়ালি টি একটু খারাপ লাগতে পারে , তবে দাম হিসেবে ঠিক ই আছে । চাইলে নিতে পারেন",packaging_positive#price_positive#product_quality_positive,Positive,"Packaging, Price, Product Quality","{""Packaging"": ""positive"", ""Price"": ""positive"", ""Product Quality"": ""positive""}"
54857457438794,👍চয়েচ হলো আমার নিত্যদিনের অনলাইনে জিনিস কিনার একমাত্র ই- কমার্স সাইট।অনেক ভালো পাইছি নিতে পারেন।চয়েচের মতো ফিচার আরো চাই!,চয়েচ হলো আমার নিত্যদিনের অনলাইনে জিনিস কিনার একমাত্র ই- কমার্স সাইট । অনেক ভালো পাইছি নিতে পারেন । চয়েচের মতো ফিচার আরো চাই !,product_quality_positive,Positive,Product Quality,"{""Product Quality"": ""positive""}"
54655549638794,"""পার্সেলটা ঠিক সময়েই পেয়েছি। হেডফোনটা দারুণ! সাউন্ড কোয়ালিটি ভালো, ব্লুটুথ কানেকশনও স্মুথ। খুবই সন্তুষ্ট। ডেলিভারি ম্যান ভদ্র ও সময়মতো পার্সেল পৌঁছে দিয়েছেন। তার আচরণ ভালো ছিল। ধন্যবাদ!""😊","পার্সেল টা ঠিক সময়েই পেয়েছি । হেডফোন টা দারুণ ! সাউন্ড কোয়ালি টি ভালো , ব্লুটুথ কানেকশন ও স্মুথ । খুবই সন্তুষ্ট । ডেলিভারি ম্যান ভদ্র ও সময়মতো পার্সেল পৌঁছে দিয়েছেন । তার আচরণ ভালো ছিল । ধন্যবাদ !",delivery_positive#product_quality_positive,Positive,"Delivery, Product Quality","{""Delivery"": ""positive"", ""Product Quality"": ""positive""}"
53027215538794,"প্রডাক্ট টা ভালোই, চার্জ ও ভলোই থাকছে দেখা যাক কত দিন লাষ্টিক করে, সুধু খারপ লাগলো ডেলিভারি চার্জ বেশি, হেডফনের  দাম ২৫২ টাকা আর ডেলিভারি চাজ ১৫০ টাকা 😒","প্রডাক্ট টা ভালোই , চার্জ ও ভলোই থাকছে দেখা যাক কত দিন লাষ্টিক করে , সুধু খারপ লাগলো ডেলিভারি চার্জ বেশি , হেডফনের দাম ২৫২ টাকা আর ডেলিভারি চাজ ১৫০ টাকা",product_quality_positive,Positive,Product Quality,"{""Product Quality"": ""positive""}"
53442732438794,দাম অনুযায়ী মোটামুটি। এর থেকে বেশী কিছু এই দামে আশা করা যায় না। আমার কাছে ভালো লেগেছে। তবে কতদিন লাস্টিং করবে জানিনা। আপনারা বিচার বিবেচনা করে নিতে পারেন।,দাম অনুযায়ী মোটামুটি । এর থেকে বেশী কিছু এই দামে আশা করা যায় না । আমার কাছে ভালো লেগেছে । তবে কতদিন লাস্টিং করবে জানিনা । আপনারা বিচার বিবেচনা করে নিতে পারেন ।,price_neutral#product_quality_neutral,Neutral,"Price, Product Quality","{""Price"": ""neutral"", ""Product Quality"": ""neutral""}"
53304086838794,মাশা আল্লাহ!  অনেক ভালো একটি প্রোডাক্ট!  দেখি কতদিন টিকে।জীবনের প্রথম বার অনলাইন থেকে কিছু অর্ডার করলাম। অনেক নার্ভাস ছিলাম যে অর্ডারটা হাতে পাবো কি পাবো না! ইত্যাদি। আলহামদুলিল্লাহ কোন সমস্যা হয়নি। খুব তারাতাড়ি পেয়ে গেলাম। ডেলিভারি ম্যান খুব ভালো। ধন্যবাদ দারাজ  ও দোকানদার কে। আরো সামনে এগিয়ে যান।,মাশা আল্লাহ ! অনেক ভালো একটি প্রোডাক্ট ! দেখি কতদিন টিকে । জীবনের প্রথম বার অনলাইন থেকে কিছু অর্ডার করলাম । অনেক নার্ভাস ছিলাম যে অর্ডার টা হাতে পাবো কি পাবো না ! ইত্যাদি । আলহামদুলিল্লাহ কোন সমস্যা হয়নি । খুব তারাতাড়ি পেয়ে গেলাম । ডেলিভারি ম্যান খুব ভালো । ধন্যবাদ দারাজ ও দোকানদার কে । আরো সামনে এগিয়ে যান ।,delivery_positive#product_quality_positive,Positive,"Delivery, Product Quality","{""Delivery"": ""positive"", ""Product Quality"": ""positive""}"
53640036838794,আমি আসলেই অনেক খুশি৷ ব্যবহারের ১৫ দিন পর রিভিউ দিচ্ছি। অল্প দামে অনেক ভালো জিনিস পেয়েছি। ধন্যবাদ দারাজ এবং সেলার কে,আমি আসলেই অনেক খুশি৷ ব্যবহারের ১৫ দিন পর রিভিউ দিচ্ছি । অল্প দামে অনেক ভালো জিনিস পেয়েছি । ধন্যবাদ দারাজ এবং সেলার কে,price_positive#product_quality_positive,Positive,"Price, Product Quality","{""Price"": ""positive"", ""Product Quality"": ""positive""}"
53006987538794,"৩ দিনে ডেলিভারি পেয়েছি। দাম অনুযায়ী প্রোডাক্টের সাউন্ড কোয়ালিটি, ডিসপ্লে, ডিজাইন সব মিলিয়ে ভালোই। কিন্তু ব্যাটারি ব্যাকআপ টা আরেকটু বেশি হলে ভালো হতো।","৩ দিনে ডেলিভারি পেয়েছি । দাম অনুযায়ী প্রোডাক্টের সাউন্ড কোয়ালি টি , ডিসপ্লে , ডিজাইন সব মিলিয়ে ভালোই । কিন্তু ব্যাটারি ব্যাকআপ টা আরেকটু বেশি হলে ভালো হতো ।",delivery_positive#price_positive#product_quality_positive,Positive,"Delivery, Price, Product Quality","{""Delivery"": ""positive"", ""Price"": ""positive"", ""Product Quality"": ""positive""}"
53097031638794,দাম অনুসারে অত্যন্ত ভালো একটি প্রোডাক্ট। চাইলে আপনারা নিতে পারেন। ব্যাটারি ব্যাকআপ মোটামুটি দুই দিন ভালোভাবে যায়। আর ইয়ারবাড একটানা ২ থেকে ৩ ঘন্টা ভালোভাবে যায়।,দাম অনুসারে অত্যন্ত ভালো একটি প্রোডাক্ট । চাইলে আপনারা নিতে পারেন । ব্যাটারি ব্যাকআপ মোটামুটি দুই দিন ভালোভাবে যায় । আর ইয়ারবাড একটানা ২ থেকে ৩ ঘন্টা ভালোভাবে যায় ।,price_positive#product_quality_positive,Positive,"Price, Product Quality","{""Price"": ""positive"", ""Product Quality"": ""positive""}"
52508323438794,"বলের জিনিস, কেউ নিবেন না ভাই।
আমি দুইটা নিয়েছি তার ভিতরে একটা মুটামুটি ভালো আর একটা খারাপ। ভাই আমার পুরাই৬৪০টাকা লস।😡😡😡","বলের জিনিস , কেউ নিবেন না ভাই । আমি দুই টা নিয়েছি তার ভিতরে একটা মুটামু টি ভালো আর একটা খারাপ । ভাই আমার পুরাই৬৪০টাকা লস ।",product_quality_negative,Negative,Product Quality,"{""Product Quality"": ""negative""}"
53613591438794,আলহামদুলিল্লাহ যেমন চেয়েছি তেমন পেয়েছি।প্রোডাক্ট অনেক ভালো ডেলিভারি ম্যানকে ধন্যবাদ সময়মত প্রোডাক্ট হাতে দেওয়ার জন্য।,আলহামদুলিল্লাহ যেমন চেয়েছি তেমন পেয়েছি । প্রোডাক্ট অনেক ভালো ডেলিভারি ম্যানকে ধন্যবাদ সময়মত প্রোডাক্ট হাতে দেওয়ার জন্য ।,delivery_positive#product_quality_positive,Positive,"Delivery, Product Quality","{""Delivery"": ""positive"", ""Product Quality"": ""positive""}"
52469788138794,দাম অনুযায়ী অনেক ভালো। এখন চার্জিং ব্যাক আপ কেমন সেটাই দেখার বিষয়। ডেলিভারি ম্যান অনেক ভালো ছিলো।,দাম অনুযায়ী অনেক ভালো । এখন চার্জিং ব্যাক আপ কেমন সেটাই দেখার বিষয় । ডেলিভারি ম্যান অনেক ভালো ছিলো ।,delivery_positive#price_positive#product_quality_positive,Positive,"Delivery, Price, Product Quality","{""Delivery"": ""positive"", ""Price"": ""positive"", ""Product Quality"": ""positive""}"
53135340838794,আজকে পেয়েছে ভালো কিন্তু সাউন্ড একটু বেশি হলে আরো ভালো হতো এই দামের মধ্যে মোটামুটি ভালো,আজকে পেয়েছে ভালো কিন্তু সাউন্ড একটু বেশি হলে আরো ভালো হতো এই দামের মধ্যে মোটামুটি ভালো,price_neutral#product_quality_neutral,Neutral,"Price, Product Quality","{""Price"": ""neutral"", ""Product Quality"": ""neutral""}"
53368191538794,খুবই বাজে কোয়ালিটি আবার ভাঙ্গা প্রোডাক্ট দেওয়া হয়েছে সাউন্ড কোয়ালিটি একদম ভাল না,খুবই বাজে কোয়ালি টি আবার ভাঙ্গা প্রোডাক্ট দেওয়া হয়েছে সাউন্ড কোয়ালি টি একদম ভাল না,product_quality_negative,Negative,Product Quality,"{""Product Quality"": ""negative""}"
53862488238794,"এতো বাজে পোডাক্ট বেচে এরা,,, আগে একটা নিচি তাতেও এক কানে সমস্যা এটাও এক কানে সমস্যা","এতো বাজে পোডাক্ট বেচে এরা , আগে একটা নিচি তাতে ও এক কানে সমস্যা এটা ও এক কানে সমস্যা",product_quality_negative,Negative,Product Quality,"{""Product Quality"": ""negative""}"
53165220738794,"যেটা অডার করছি সেটাই পাইছি খুব ভালো হেডফোন মাএ ২৩৫ টাকা  
দিয়ে। আপনারা নিতে পারেন।",যে টা অডার করছি সেটাই পাইছি খুব ভালো হেডফোন মাএ ২৩৫ টাকা দিয়ে । আপনারা নিতে পারেন ।,price_positive#product_quality_positive,Positive,"Price, Product Quality","{""Price"": ""positive"", ""Product Quality"": ""positive""}"
53123135738794,এই প্রাথম কিছু নিলাম বাট প্রাডাক টা খুব ভালো ছিলো এত কম বাজেট এ এতো ভালো প্রাডাক,এই প্রাথম কিছু নিলাম বাট প্রাডাক টা খুব ভালো ছিলো এত কম বাজেট এ এতো ভালো প্রাডাক,price_positive#product_quality_positive,Positive,"Price, Product Quality","{""Price"": ""positive"", ""Product Quality"": ""positive""}"
53667185138794,"ভালো না,,,,চার্জ একদিন ও থাকে না। ফুল চার্জ করলেও চার্জ তাড়াতাড়ি চলে যাই।","ভালো না , চার্জ একদিন ও থাকে না । ফুল চার্জ করলে ও চার্জ তাড়াতাড়ি চলে যাই ।",product_quality_negative,Negative,Product Quality,"{""Product Quality"": ""negative""}"
53969550838794,ইয়ারফোনটি সাউন্ড অনেক সুন্দর এবং জিনিসটি ও অনেক ভালো আপনার নিতে পারেন।,ইয়ারফোন টি সাউন্ড অনেক সুন্দর এবং জিনিস টি ও অনেক ভালো আপনার নিতে পারেন ।,product_quality_positive,Positive,Product Quality,"{""Product Quality"": ""positive""}"
51942726438794,সাউন্ড কোয়ালিটি ভালো আছে চার্জ অনেকক্ষণ থাকে আপনারা সবাই নিতে পারেন।,সাউন্ড কোয়ালি টি ভালো আছে চার্জ অনেকক্ষণ থাকে আপনারা সবাই নিতে পারেন ।,product_quality_positive,Positive,Product Quality,"{""Product Quality"": ""positive""}"
53751373538794,আলহামদুলিল্লাহ খুব সুন্দর একটা অরজিনাল জিনিস দেওয়ার জন্য দারাজ কে,আলহামদুলিল্লাহ খুব সুন্দর একটা অরজিনাল জিনিস দেওয়ার জন্য দারাজ কে,product_quality_positive,Positive,Product Quality,"{""Product Quality"": ""positive""}"
52274141338794,"একটু ও ভালো নাহ,নস্ট কোনো আওয়াজ ই আসে না আমার টাকা গুলো বরবাদ😔😔","একটু ও ভালো নাহ , নস্ট কোনো আওয়াজ ই আসে না আমার টাকা গুলো বরবাদ",product_quality_negative,Negative,Product Quality,"{""Product Quality"": ""negative""}"
53752078838794,"যেমনটা দেখেছি ঠিক তেমনটাই পেয়েছি,,, দাম হিসেবে ঠিকই আছে,, 🙂🙂🙂","যেমন টা দেখেছি ঠিক তেমনটাই পেয়েছি , দাম হিসেবে ঠিকই আছে , ,",price_positive#product_quality_positive,Positive,"Price, Product Quality","{""Price"": ""positive"", ""Product Quality"": ""positive""}"
53055474338794,আলহামদুলিল্লাহ যেমনটা চেয়েছিলাম তেমনটাই পেয়েছি সেলার খুব ভালো।,আলহামদুলিল্লাহ যেমন টা চেয়েছিলাম তেমনটাই পেয়েছি সেলার খুব ভালো ।,seller_service_positive#product_quality_positive,Positive,"Product Quality, Seller Service","{""Seller Service"": ""positive"", ""Product Quality"": ""positive""}"
53544626938794,প্রোডাক্টটা মানে ভালো আছে চার্জ কম দেয় আপনারা চাইলে নিতে পারেন,প্রোডাক্ট টা মানে ভালো আছে চার্জ কম দেয় আপনারা চাইলে নিতে পারেন,product_quality_positive,Positive,Product Quality,"{""Product Quality"": ""positive""}"
51466970438794,এইটার শাওন কোয়ালিটি খুবই বাজে এটা কিনার দেখা না কিনাই ভাল ছিল,এইটার শাওন কোয়ালি টি খুবই বাজে এটা কিনার দেখা না কিনাই ভাল ছিল,product_quality_negative,Negative,Product Quality,"{""Product Quality"": ""negative""}"
53117474638794,আজ দুই মাস ধরে ব্যবহার করতেছি কিন্তু এখনো অনেক সুন্দর এবং ভালো,আজ দুই মাস ধরে ব্যবহার করতেছি কিন্তু এখনো অনেক সুন্দর এবং ভালো,product_quality_positive,Positive,Product Quality,"{""Product Quality"": ""positive""}"
52577446138794,"অনেক সুন্দর প্রডাক্ট, চাইলে আপনারা নিয়ে ব্যবহার করতে পারেন 😊","অনেক সুন্দর প্রডাক্ট , চাইলে আপনারা নিয়ে ব্যবহার করতে পারেন",product_quality_positive,Positive,Product Quality,"{""Product Quality"": ""positive""}"
53220119338794,কম দামের ভিতরে ভালো একটা প্রোডাক্ট চাইলে অন্য কেউ নিতে পারেন,কম দামের ভিতরে ভালো একটা প্রোডাক্ট চাইলে অন্য কেউ নিতে পারেন,price_positive#product_quality_positive,Positive,"Price, Product Quality","{""Price"": ""positive"", ""Product Quality"": ""positive""}"
53450179938794,ভালো মানের কোয়ালিটি আপনারাও নিতে পারেন ডিজাইনটা অনেক সুন্দর,ভালো মানের কোয়ালি টি আপনারা ও নিতে পারেন ডিজাইন টা অনেক সুন্দর,product_quality_positive,Positive,Product Quality,"{""Product Quality"": ""positive""}"
52453050938794,"আলহামদুলিল্লাহ প্রোডাক্ট ভালো ছিল
আপনারা চাইলে নিতে পারেন।",আলহামদুলিল্লাহ প্রোডাক্ট ভালো ছিল আপনারা চাইলে নিতে পারেন ।,product_quality_positive,Positive,Product Quality,"{""Product Quality"": ""positive""}"
52533202338794,আলহামদুলিল্লাহ ভালোই 👍 ৬-৭ দিন ব্যবহারের পর রিভিউ দিলাম।,আলহামদুলিল্লাহ ভালোই ৬-৭ দিন ব্যবহারের পর রিভিউ দিলাম ।,product_quality_positive,Positive,Product Quality,"{""Product Quality"": ""positive""}"
53219791838794,আমি যে জিনিসটার অর্ডার দিছি সঠিকভাবে সেই জিনিসটাই পেয়েছি,আমি যে জিনিসটার অর্ডার দিছি সঠিকভাবে সেই জিনিসটাই পেয়েছি,product_quality_positive,Positive,Product Quality,"{""Product Quality"": ""positive""}"
53183483938794,এটি অনেক ভালো প্রোডাক্ট।আপনারা চাইলে কিনতে পারেন।😀😀😀,এটি অনেক ভালো প্রোডাক্ট । আপনারা চাইলে কিনতে পারেন ।,product_quality_positive,Positive,Product Quality,"{""Product Quality"": ""positive""}"
52014568338794,অসাধারণ ধন্যবাদ ভাই অনেক ভালো চাইলে আপনার ও নিতে পারেন,অসাধারণ ধন্যবাদ ভাই অনেক ভালো চাইলে আপনার ও নিতে পারেন,product_quality_positive,Positive,Product Quality,"{""Product Quality"": ""positive""}"
54485181238794,ভালো একটা প্রোডাক্ট। আমি অনেকদিন যাবত ব্যবহার করিতেছি,ভালো একটা প্রোডাক্ট । আমি অনেকদিন যাবত ব্যবহার করিতেছি,product_quality_positive,Positive,Product Quality,"{""Product Quality"": ""positive""}"
53611717438794,দাম অনুযায়ী ঠিক আছে ভালো আছে যেমন দাম তেমন প্রডাক্ট,দাম অনুযায়ী ঠিক আছে ভালো আছে যেমন দাম তেমন প্রডাক্ট,price_positive#product_quality_positive,Positive,"Price, Product Quality","{""Price"": ""positive"", ""Product Quality"": ""positive""}"
53323137138794,এটা দেখতে সুন্দর মনে হয়েছে অসংখ্য ধন্যবাদ আপনাদেরকে,এটা দেখতে সুন্দর মনে হয়েছে অসংখ্য ধন্যবাদ আপনাদেরকে,product_quality_positive,Positive,Product Quality,"{""Product Quality"": ""positive""}"
51894960138794,আলহামদুলিল্লাহ ডেলিভারি ম্যান অনেক আন্তরিক। ধন্যবাদ,আলহামদুলিল্লাহ ডেলিভারি ম্যান অনেক আন্তরিক । ধন্যবাদ,delivery_positive,Positive,Delivery,"{""Delivery"": ""positive""}"
53045733138794,আলহামদুলিল্লাহ ইনশাআল্লাহ ভালো পেয়েছি আপনারা নিবেন,আলহামদুলিল্লাহ ইনশাআল্লাহ ভালো পেয়েছি আপনারা নিবেন,product_quality_positive,Positive,Product Quality,"{""Product Quality"": ""positive""}"
52350432538794,মাশা-আল্লাহ যেমন চেয়েছি তেমন পেয়েছি আলহামদুলিল্লাহ,মাশা-আল্লাহ যেমন চেয়েছি তেমন পেয়েছি আলহামদুলিল্লাহ,product_quality_positive,Positive,Product Quality,"{""Product Quality"": ""positive""}"
53545558438794,"খুবই ভাল কোয়লিটি সাউন্ড খুব ভাল,আপনারা নিতে পারেন","খুবই ভাল কোয়লি টি সাউন্ড খুব ভাল , আপনারা নিতে পারেন",product_quality_positive,Positive,Product Quality,"{""Product Quality"": ""positive""}"
52879418938794,অনেক সুন্দর একটি প্রোডাক্ট আমার খুব পছন্দ হয়েছে,অনেক সুন্দর একটি প্রোডাক্ট আমার খুব পছন্দ হয়েছে,product_quality_positive,Positive,Product Quality,"{""Product Quality"": ""positive""}"
53503632238794,ভালো আছে দেখাযাক কত সময় চার্জ ব্যাকাপ পাওয়া যায়,ভালো আছে দেখাযাক কত সময় চার্জ ব্যাকাপ পাওয়া যায়,product_quality_positive,Positive,Product Quality,"{""Product Quality"": ""positive""}"
53358932838794,প্রোডাকটি অনেক ভালো ৫ টি প্রোডাক নিছি সবই ভালো,প্রোডাক টি অনেক ভালো ৫ টি প্রোডাক নিছি সবই ভালো,product_quality_positive,Positive,Product Quality,"{""Product Quality"": ""positive""}"
53644981538794,মোটামুটি ভালই। এখন দেখা যাক লাস্টিং করে কতদিন,মোটামুটি ভালই । এখন দেখা যাক লাস্টিং করে কতদিন,product_quality_neutral,Neutral,Product Quality,"{""Product Quality"": ""neutral""}"
54813662838794,"অনেক অনেক ভালো
অনেক অনেক ভালো
অনেক অনেক ভালো",অনেক অনেক ভালো অনেক অনেক ভালো অনেক অনেক ভালো,product_quality_positive,Positive,Product Quality,"{""Product Quality"": ""positive""}"
53664575838794,আলহামদুলিল্লাহ ভালো আর চার্জটা মোটামুটি যায়,আলহামদুলিল্লাহ ভালো আর চার্জ টা মোটামুটি যায়,product_quality_positive,Positive,Product Quality,"{""Product Quality"": ""positive""}"
54733541538794,অনেক ভালো একটি হেডফোন সবাই চাইলে নিতে পারেন,অনেক ভালো একটি হেডফোন সবাই চাইলে নিতে পারেন,product_quality_positive,Positive,Product Quality,"{""Product Quality"": ""positive""}"
53277341938794,সুন্দর একটি প্রডাক্ট চাইলে কিন তে পারে🤩🤩,সুন্দর একটি প্রডাক্ট চাইলে কিন তে পারে,product_quality_positive,Positive,Product Quality,"{""Product Quality"": ""positive""}"
53581250038794,প্রোডাক্টি   রেট অনুযায়ী ভালোই কজ করে ✨✨💖,প্রোডাক্ টি রেট অনুযায়ী ভালোই কজ করে,price_positive#product_quality_positive,Positive,"Price, Product Quality","{""Price"": ""positive"", ""Product Quality"": ""positive""}"
52301424838794,অনেক ভালো  দিয়েছে।আপনারা চাইলে নিতে পারেন,অনেক ভালো দিয়েছে । আপনারা চাইলে নিতে পারেন,product_quality_positive,Positive,Product Quality,"{""Product Quality"": ""positive""}"
52340493738794,কম টাকার মধ্যে সেরা প্রোডাক্ট নিতে পারেন,কম টাকার মধ্যে সেরা প্রোডাক্ট নিতে পারেন,price_positive#product_quality_positive,Positive,"Price, Product Quality","{""Price"": ""positive"", ""Product Quality"": ""positive""}"
53683172738794,প্রডাক্টটির দাম অনুযায়ী মোটামুটি ভালো,প্রডাক্টটির দাম অনুযায়ী মোটামুটি ভালো,price_neutral#product_quality_neutral,Neutral,"Price, Product Quality","{""Price"": ""neutral"", ""Product Quality"": ""neutral""}"
54252338638794,অনেক সুন্দর। আপনি  সাইলেন্ট নিতে পারেন,অনেক সুন্দর । আপনি সাইলেন্ট নিতে পারেন,product_quality_positive,Positive,Product Quality,"{""Product Quality"": ""positive""}"
53337351938794,২ দিন হলো হাতে পেলাম। খারাপ না ভালোই।,২ দিন হলো হাতে পেলাম । খারাপ না ভালোই ।,product_quality_positive,Positive,Product Quality,"{""Product Quality"": ""positive""}"
52357335338794,আলহামদুলিল্লাহ এটা খুব ভালো পড়েছে 🥰,আলহামদুলিল্লাহ এটা খুব ভালো পড়েছে,product_quality_positive,Positive,Product Quality,"{""Product Quality"": ""positive""}"
52583927938794,"খুব ভালো, এখনো সাউন্ড টেষ্ট করি নাই।","খুব ভালো , এখনো সাউন্ড টেষ্ট করি নাই ।",product_quality_positive,Positive,Product Quality,"{""Product Quality"": ""positive""}"
53045883938794,যেরকম চেয়েছি ঠিক সেরকমই পেয়েছি,যেরকম চেয়েছি ঠিক সেরকমই পেয়েছি,product_quality_positive,Positive,Product Quality,"{""Product Quality"": ""positive""}"
51472013038794,"ভালো।  		(তবে বেইজ কম)
ধন্যবাদ।",ভালো । তবে বেইজ কম ধন্যবাদ ।,product_quality_positive,Positive,Product Quality,"{""Product Quality"": ""positive""}"
53063046438794,ভালো। তবে চার্জ একটু কম থাকে।,ভালো । তবে চার্জ একটু কম থাকে ।,product_quality_positive,Positive,Product Quality,"{""Product Quality"": ""positive""}"
50986722738794,অনেক সুন্দর একটা এয়ার পট।,অনেক সুন্দর একটা এয়ার পট ।,product_quality_positive,Positive,Product Quality,"{""Product Quality"": ""positive""}"
52409934838794,"যে পরিমান টাকা 
এর থেকে ভালো আশা করা যায় না, 
খারাপ না।","যে পরিমান টাকা এর থেকে ভালো আশা করা যায় না , খারাপ না ।",price_positive#product_quality_positive,Positive,"Price, Product Quality","{""Price"": ""positive"", ""Product Quality"": ""positive""}"
53794320638794,"মোটামু‌টি ভা‌লোই, ত‌বে চার্জ একটু কম থা‌কে","মোটামুটি ভালোই , তবে চার্জ একটু কম থাকে",product_quality_neutral,Neutral,Product Quality,"{""Product Quality"": ""neutral""}"
53054080638794,"দারাজ এর কাছ থেকে এরকম আশা করি নাই।এর থেকে বাজে প্রোডাক্ট আমি জীবনে পাই নাই।একেই তো ভাঙ্গা তার ওপর চার্জ ও হচ্ছে না।আর সাউন্ড কোয়ালিটি তে একেবারেই ফালতো।তার পর আবার ডেলিভারি করতে দেরি করেছে অনেক দিন,প্রায় 15 দিন লাগসে।আমি যদি পারতাম তাহলে এই সেলার এর নামে মামলা দিতাম।আর কেউ যদি টাকা দিয়া পো*কিমা*খেতে চাও তাহলে এই প্রোডাক্ট তোমার জন্য","দারাজ এর কাছ থেকে এরকম আশা করি নাই । এর থেকে বাজে প্রোডাক্ট আমি জীবনে পাই নাই । একেই তো ভাঙ্গা তার ওপর চার্জ ও হচ্ছে না । আর সাউন্ড কোয়ালি টি তে একেবারেই ফালতো । তার পর আবার ডেলিভারি করতে দেরি করেছে অনেক দিন , প্রায় 15 দিন লাগসে । আমি যদি পারতাম তাহলে এই সেলার এর নামে মামলা দিতাম । আর কেউ যদি টাকা দিয়া পো কিমা খেতে চাও তাহলে এই প্রোডাক্ট তোমার জন্য",delivery_negative#product_quality_negative,Negative,"Delivery, Product Quality","{""Delivery"": ""negative"", ""Product Quality"": ""negative""}"
54582637538794,"এক দম বাজে, ফোন এর সাথে কানেক্টেড ই হয়  না সব টাকা পানিতে গেলো সমস্যা নাই সেইলারএর নামে  জিডি করবো","এক দম বাজে , ফোন এর সাথে কানেক্টেড ই হয় না সব টাকা পানিতে গেলো সমস্যা নাই সেইলারএর নামে জিডি করবো",product_quality_negative,Negative,Product Quality,"{""Product Quality"": ""negative""}"
52613263038794,"প্রোডাক্টটি  অনেক ভালো পেয়েছি। সাউন্ড কলিটি সবকিছু ঠিক আছে। 
এবং ডেলিভারি ম্যান যিনি ছিলেন অল্প সময় প্রোডাক্টটি হ্যান্ডওভার করে গেছেন এবং আচার ব্যবহার অনেক ভালো",প্রোডাক্ট টি অনেক ভালো পেয়েছি । সাউন্ড কলি টি সবকিছু ঠিক আছে । এবং ডেলিভারি ম্যান যিনি ছিলেন অল্প সময় প্রোডাক্ট টি হ্যান্ডওভার করে গেছেন এবং আচার ব্যবহার অনেক ভালো,delivery_positive#product_quality_positive,Positive,"Delivery, Product Quality","{""Delivery"": ""positive"", ""Product Quality"": ""positive""}"
52260803138794,আলহামদুলিল্লাহ প্রোডাক্টটা হাতে পেয়েছে ইউজ করে রিভিউ দিলাম অনেক ভালো মনে প্রোডাক্ট আপনার নিতে পারেন চাইলে,আলহামদুলিল্লাহ প্রোডাক্ট টা হাতে পেয়েছে ইউজ করে রিভিউ দিলাম অনেক ভালো মনে প্রোডাক্ট আপনার নিতে পারেন চাইলে,product_quality_positive,Positive,Product Quality,"{""Product Quality"": ""positive""}"
53442234238794,ভালো নিতে পারেন কিন্তু  আপনারা গান শোনার জন্য নিলে ২ ঘন্টা শুনতে পারবেন এমনে নরমাল ব্যবহার করলে৩ ঘন্টা যায়।  দাম হিসেবে ভালো। চাজ হতে সময় লাগে ২ ঘন্টা।,ভালো নিতে পারেন কিন্তু আপনারা গান শোনার জন্য নিলে ২ ঘন্টা শুনতে পারবেন এমনে নরমাল ব্যবহার করলে৩ ঘন্টা যায় । দাম হিসেবে ভালো । চাজ হতে সময় লাগে ২ ঘন্টা ।,price_positive#product_quality_positive,Positive,"Price, Product Quality","{""Price"": ""positive"", ""Product Quality"": ""positive""}"
51858905138794,"এক দম ফালতু একটা প্রোডাক্ট, খুব তাহারই চার্জ শেষ হয়ে যায়, আর এখানে যে 68% চার্জ দেখানো আছে, ২৪ ঘন্টা পরও এই 64% চার্জ দেখা যায়, আমি এই প্রোডাক্টটা রিটার্ন দিতে চাই, এই সব ফালতু দোকান থেকে কেই প্রোডাক্ট কিনে প্রতারিত হবেন না প্লিজ, আমি এই প্রথম কোনো বাটপার এর কাছ থেকে প্রোডাক্ট কিনে প্রতারিত হয়েছি, সবাই এই সব বাটপার, প্রতারকের কাছ থেকে পণ্য কিনা থেকে বিরত থাকবেন, এরা কম দামে প্রোডাক্ট সেল করে মানুষকে হয়রানি করে...😡😡😡","এক দম ফালতু একটা প্রোডাক্ট , খুব তাহারই চার্জ শেষ হয়ে যায় , আর এখানে যে 68 চার্জ দেখানো আছে , ২৪ ঘন্টা পর ও এই 64 চার্জ দেখা যায় , আমি এই প্রোডাক্ট টা রিটার্ন দিতে চাই , এই সব ফালতু দোকান থেকে কেই প্রোডাক্ট কিনে প্রতারিত হবেন না প্লিজ , আমি এই প্রথম কোনো বাটপার এর কাছ থেকে প্রোডাক্ট কিনে প্রতারিত হয়েছি , সবাই এই সব বাটপার , প্রতারকের কাছ থেকে পণ্য কিনা থেকে বিরত থাকবেন , এরা কম দামে প্রোডাক্ট সেল করে মানুষকে হয়রানি করে.",product_quality_negative,Negative,Product Quality,"{""Product Quality"": ""negative""}"
52818703038794,"আলহামদুলিল্লাহ খুব দ্রুত ডেলিভারি পাইছি, আর যেমন'টা অর্ডার করলাম তেমন টাই পাইলাম, সাউন্ড কোয়ালিটি ও খুব ভালো, এখন দেখা যাক কয়দিন টিকে","আলহামদুলিল্লাহ খুব দ্রুত ডেলিভারি পাইছি , আর যেমন ' টা অর্ডার করলাম তেমন টাই পাইলাম , সাউন্ড কোয়ালি টি ও খুব ভালো , এখন দেখা যাক কয়দিন টিকে",delivery_positive#product_quality_positive,Positive,"Delivery, Product Quality","{""Delivery"": ""positive"", ""Product Quality"": ""positive""}"
54315151838794,আমি এর আগে ২ টা ব্লুটুথ কিনেছিলাম দারাজ থেকে কিন্তু দুই টাই নকল আর খারাপ জিনিস পেয়েছি এই প্রথমবার একটা ভালো ব্লুটুথ পেলাম 🙂 সাউন্ড কোয়ালিটি তো ভালোই আর চার্জ ও মোটামুটি ভালোই থাকে প্রাইজ হিসেবে ভালো। আপনারা চাইলে নিতে পারেন ভাগ্য ভালো থাকলে ভালো জিনিস পাবেন না হলে খারাপ টা পেতে পারেন,আমি এর আগে ২ টা ব্লুটুথ কিনেছিলাম দারাজ থেকে কিন্তু দুই টাই নকল আর খারাপ জিনিস পেয়েছি এই প্রথমবার একটা ভালো ব্লুটুথ পেলাম সাউন্ড কোয়ালি টি তো ভালোই আর চার্জ ও মোটামুটি ভালোই থাকে প্রাইজ হিসেবে ভালো । আপনারা চাইলে নিতে পারেন ভাগ্য ভালো থাকলে ভালো জিনিস পাবেন না হলে খারাপ টা পেতে পারেন,price_positive#product_quality_positive,Positive,"Price, Product Quality","{""Price"": ""positive"", ""Product Quality"": ""positive""}"
52776008838794,প্রোডাক্ট হাতে পাইছি ঠিক কিন্তু সবচাইতে খারাপ এবং এই রমজান মাসে একটা বাজে প্রোডাক্ট আমাকে দেওয়া হয়েছে প্রোডাক্ট আনার পরে কোন ওপেনই হচ্ছে না আশা করি কাস্টমারকে ভালো কিছু দেওয়ার চেষ্টা করবেন ধন্যবাদ,প্রোডাক্ট হাতে পাইছি ঠিক কিন্তু সবচাইতে খারাপ এবং এই রমজান মাসে একটা বাজে প্রোডাক্ট আমাকে দেওয়া হয়েছে প্রোডাক্ট আনার পরে কোন ওপেনই হচ্ছে না আশা করি কাস্টমারকে ভালো কিছু দেওয়ার চেষ্ টা করবেন ধন্যবাদ,product_quality_negative,Negative,Product Quality,"{""Product Quality"": ""negative""}"
52435236438794,দুইটা প্রোডাক্ট আলহামদুলিল্লাহ ভালো পাইছি না জানি এখন কতদিন লাস্টিং করে বা কেমন থাকে  ইভেন দুইটাই ভালো আছে এখন পর্যন্ত খুব ভালো পাইছি,দুই টা প্রোডাক্ট আলহামদুলিল্লাহ ভালো পাইছি না জানি এখন কতদিন লাস্টিং করে বা কেমন থাকে ইভেন দুইটাই ভালো আছে এখন পর্যন্ত খুব ভালো পাইছি,product_quality_positive,Positive,Product Quality,"{""Product Quality"": ""positive""}"
53159085938794,আমি ব্যবহার করে দেখলাম খুবই ভালো। তবে প্রথমে চার্জ হচ্ছিল না । পরে আমি অন্য চার্জার দিয়ে চার্জ দিয়ে ব্যবহার করছি।,আমি ব্যবহার করে দেখলাম খুবই ভালো । তবে প্রথমে চার্জ হচ্ছিল না । পরে আমি অন্য চার্জার দিয়ে চার্জ দিয়ে ব্যবহার করছি ।,product_quality_positive,Positive,Product Quality,"{""Product Quality"": ""positive""}"
53534538038794,আলহামদুলিল্লাহ এই প্রোডাক্টটা অনেক সুন্দর এবং সাউন্ড কোয়ালিটি খুব সুন্দর এবং চার্জ দীর্ঘক্ষণই যায়,আলহামদুলিল্লাহ এই প্রোডাক্ট টা অনেক সুন্দর এবং সাউন্ড কোয়ালি টি খুব সুন্দর এবং চার্জ দীর্ঘক্ষণই যায়,product_quality_positive,Positive,Product Quality,"{""Product Quality"": ""positive""}"
54044737338794,"আলহামদুলিল্লাহ, কম দামের ভিতরে মোটামুটি ভালো একটি প্রোডাক্ট। চাজ একটু কম টিকে, আর কোন সমস্যা নাই।","আলহামদুলিল্লাহ , কম দামের ভিতরে মোটামুটি ভালো একটি প্রোডাক্ট । চাজ একটু কম টিকে , আর কোন সমস্যা নাই ।",price_neutral#product_quality_neutral,Neutral,"Price, Product Quality","{""Price"": ""neutral"", ""Product Quality"": ""neutral""}"
52053279238794,"বেশি কিছু বলব না, ডেলিভারি ম্যানের ব্যবহার অত্যন্ত ভালো, ঠিকঠাক মতো প্রোডাক্ট বুঝিয়ে দিয়েছে।","বেশি কিছু বলব না , ডেলিভারি ম্যানের ব্যবহার অত্যন্ত ভালো , ঠিকঠাক মতো প্রোডাক্ট বুঝিয়ে দিয়েছে ।",delivery_positive,Positive,Delivery,"{""Delivery"": ""positive""}"
51735727738794,এয়ারবাডস টিকঠাক পাইছি মোবাইলে চাজ ওও দেওয়া জাই ডেলিভারি ম্যান খুব আন্তরিক ধন্যবাদ ডারাজকে 📌,এয়ারবাডস টিকঠাক পাইছি মোবাইলে চাজ ওও দেওয়া জাই ডেলিভারি ম্যান খুব আন্তরিক ধন্যবাদ ডারাজকে,delivery_positive#product_quality_positive,Positive,"Delivery, Product Quality","{""Delivery"": ""positive"", ""Product Quality"": ""positive""}"
53449681538794,"ভালো আছে সাউন্ড কোয়ালিটি অত্যন্ত ভালো, ব্যবহারের পর বুঝা যাবে ব্যাটারি কতক্ষণ থাকে ধন্যবাদ","ভালো আছে সাউন্ড কোয়ালি টি অত্যন্ত ভালো , ব্যবহারের পর বুঝা যাবে ব্যাটারি কতক্ষণ থাকে ধন্যবাদ",product_quality_positive,Positive,Product Quality,"{""Product Quality"": ""positive""}"
52753718138794,দারাজ সব সময় বিশ্বাসযোগ্য হয় আমি এম টেন নিয়েছে আলহামদুলিল্লাহ সাউন্ড কোয়ালিটি অনেক ভালো,দারাজ সব সময় বিশ্বাসযোগ্য হয় আমি এম টেন নিয়েছে আলহামদুলিল্লাহ সাউন্ড কোয়ালি টি অনেক ভালো,product_quality_positive,Positive,Product Quality,"{""Product Quality"": ""positive""}"
53458373538794,পার্সেলটা অনেক ভালো চাইলে আপনারা নিতে পারেন এটাই অনেক আওয়াজ দে সাউন্ড কোয়ালিটি অনেক ভালো,পার্সেল টা অনেক ভালো চাইলে আপনারা নিতে পারেন এটাই অনেক আওয়াজ দে সাউন্ড কোয়ালি টি অনেক ভালো,product_quality_positive,Positive,Product Quality,"{""Product Quality"": ""positive""}"
52256712038794,"মোটামুটি ভালো কিন্তু পাওয়ার ব্যাংক টি একটু নরমাল, কিন্তু প্রাইজ হিসেবে খারাপ না ভালোই","মোটামুটি ভালো কিন্তু পাওয়ার ব্যাংক টি একটু নরমাল , কিন্তু প্রাইজ হিসেবে খারাপ না ভালোই",price_positive#product_quality_neutral,Positive,"Price, Product Quality","{""Price"": ""positive"", ""Product Quality"": ""neutral""}"
51649290838794,"তেমন একটা ভালো না,, সাউন্ড কোয়ালিটি মোটামুটি ভালো। কিন্তু চার্জে দিয়ে চালু করতে হয়।","তেমন একটা ভালো না , , সাউন্ড কোয়ালি টি মোটামুটি ভালো । কিন্তু চার্জে দিয়ে চালু করতে হয় ।",product_quality_negative,Negative,Product Quality,"{""Product Quality"": ""negative""}"
54199901638794,অনেক সুন্দর একটা প্রোডাক্ট।  ধন্যবাদ এত কম দামে এত সুন্দর ও প্রোডাক্ট দেওয়ার জন্য,অনেক সুন্দর একটা প্রোডাক্ট । ধন্যবাদ এত কম দামে এত সুন্দর ও প্রোডাক্ট দেওয়ার জন্য,price_positive#product_quality_positive,Positive,"Price, Product Quality","{""Price"": ""positive"", ""Product Quality"": ""positive""}"
52259862438794,ইনশাল্লাহ  হাতে পেয়েছি অনেক ভালো প্রোডাক্ট নিতে পারেন ডেলিভারি ম্যান অনেক ভালো ছিল,ইনশাল্লাহ হাতে পেয়েছি অনেক ভালো প্রোডাক্ট নিতে পারেন ডেলিভারি ম্যান অনেক ভালো ছিল,delivery_positive#product_quality_positive,Positive,"Delivery, Product Quality","{""Delivery"": ""positive"", ""Product Quality"": ""positive""}"
51752792338794,"আমি মনে করি,  এই প্রোডাকট আরেকটু আপডেট করে মার্কেটে ছাড়া উচিত 🥲 ভালো জিনিস বেচুন😎","আমি মনে করি , এই প্রোডাকট আরেকটু আপডেট করে মার্কেটে ছাড়া উচিত ভালো জিনিস বেচুন",product_quality_neutral,Neutral,Product Quality,"{""Product Quality"": ""neutral""}"
53710431438794,"খুব তারাতারি পেয়েছি ধন্যবাদ দারাজকে, ধন্যবাদ সেলারকে, ধন্যবাদ ডেলিভারি ম্যানকে ♥♥","খুব তারাতারি পেয়েছি ধন্যবাদ দারাজকে , ধন্যবাদ সেলারকে , ধন্যবাদ ডেলিভারি ম্যানকে",delivery_positive,Positive,Delivery,"{""Delivery"": ""positive""}"
52049850938794,প্রোডাক্ট টা ভালো। কোন প্রকার সমস্যা নেই। দাম ও কম প্রয়োজন হলে নিতে পারেন....,প্রোডাক্ট টা ভালো । কোন প্রকার সমস্যা নেই । দাম ও কম প্রয়োজন হলে নিতে পারেন.,price_positive#product_quality_positive,Positive,"Price, Product Quality","{""Price"": ""positive"", ""Product Quality"": ""positive""}"
53101144038794,হ্যাঁ এটাও খুব তাড়াতাড়ি পাইছি একদিনের ভিতর সব পেয়ে গেছি ভালো প্রোডাক্ট,হ্যাঁ এটা ও খুব তাড়াতাড়ি পাইছি একদিনের ভিতর সব পেয়ে গেছি ভালো প্রোডাক্ট,delivery_positive#product_quality_positive,Positive,"Delivery, Product Quality","{""Delivery"": ""positive"", ""Product Quality"": ""positive""}"
53377086738794,"খুব ভালো হাতে পেয়ে খুব ভালো লাগছে। আমরা তিন বন্ধু তিনটা নিয়েছি
সব ঠিকঠাক",খুব ভালো হাতে পেয়ে খুব ভালো লাগছে । আমরা তিন বন্ধু তিন টা নিয়েছি সব ঠিকঠাক,product_quality_positive,Positive,Product Quality,"{""Product Quality"": ""positive""}"
51581543438794,প্রোডাক্টটা ভালো পাইছি আপনারা চাইলে নিতে পারেন দুই দিনের ভিতর হাতে পাইছি,প্রোডাক্ট টা ভালো পাইছি আপনারা চাইলে নিতে পারেন দুই দিনের ভিতর হাতে পাইছি,delivery_positive#product_quality_positive,Positive,"Delivery, Product Quality","{""Delivery"": ""positive"", ""Product Quality"": ""positive""}"
53002868538794,"একদম বাজে প্রোডাক্ট।৷ কোয়ালিটি অনেক খারাপ। বিশ্বাস, টাকা ও সময় সবই নষ্ট।","একদম বাজে প্রোডাক্ট । ৷ কোয়ালি টি অনেক খারাপ । বিশ্বাস , টাকা ও সময় সবই নষ্ট ।",product_quality_negative,Negative,Product Quality,"{""Product Quality"": ""negative""}"
54142545138794,"মাশা-আল্লাহ খুব ভালো একটা প্রোডাক্ট,,,,,।আমি অনেক গুলো অর্ডার দিয়েছি।","মাশা-আল্লাহ খুব ভালো একটা প্রোডাক্ট , । আমি অনেক গুলো অর্ডার দিয়েছি ।",product_quality_positive,Positive,Product Quality,"{""Product Quality"": ""positive""}"
53636134438794,কম দামের মধ্যে খুব সুন্দর একটি প্রোডাক্ট খুব ভালো সার্ভিস দিচ্ছে।,কম দামের মধ্যে খুব সুন্দর একটি প্রোডাক্ট খুব ভালো সার্ভিস দিচ্ছে ।,price_positive#product_quality_positive,Positive,"Price, Product Quality","{""Price"": ""positive"", ""Product Quality"": ""positive""}"
53427394938794,ভালো মানের পণ্য। এক দিনের মধ্যেই পেয়েগেছি ডেলিভারি বয় ভালো ছিল,ভালো মানের পণ্য । এক দিনের মধ্যেই পেয়েগেছি ডেলিভারি বয় ভালো ছিল,delivery_positive#product_quality_positive,Positive,"Delivery, Product Quality","{""Delivery"": ""positive"", ""Product Quality"": ""positive""}"
52674961738794,"খুবই ভাল একটা প্রডাক্ট,,,ডেলিভারি ম্যানের ব্যাবহারটাও অনেক ভালো","খুবই ভাল একটা প্রডাক্ট , ডেলিভারি ম্যানের ব্যাবহারটা ও অনেক ভালো",delivery_positive#product_quality_positive,Positive,"Delivery, Product Quality","{""Delivery"": ""positive"", ""Product Quality"": ""positive""}"
52771318338794,অনেক সুন্দর পন্য! নতুন এবং অথেনটিক। দাম অনুযায়ী অনেক ভালো ❤️‍🩹,অনেক সুন্দর পন্য ! নতুন এবং অথেনটিক । দাম অনুযায়ী অনেক ভালো,price_positive#product_quality_positive,Positive,"Price, Product Quality","{""Price"": ""positive"", ""Product Quality"": ""positive""}"
51868931538794,আলহামদুলিল্লাহ  ভোট্রাকটি অনেক ভালো হয়েছে এবং দ্রুত পেয়েছি,আলহামদুলিল্লাহ ভোট্রাক টি অনেক ভালো হয়েছে এবং দ্রুত পেয়েছি,delivery_positive#product_quality_positive,Positive,"Delivery, Product Quality","{""Delivery"": ""positive"", ""Product Quality"": ""positive""}"
54740235338794,প্রোডাক্টটা অনেক ভালো ছিল এবং সার্ভিস প্রোভাইডার ও খুব ভালো,প্রোডাক্ট টা অনেক ভালো ছিল এবং সার্ভিস প্রোভাইডার ও খুব ভালো,seller_service_positive#product_quality_positive,Positive,"Product Quality, Seller Service","{""Seller Service"": ""positive"", ""Product Quality"": ""positive""}"
52593443638794,মাল গুলো অনেক ভালো। ডেলিভারি ম্যানের ব্যবহার অনেক ভালো। মাল গুলো সময় মতো হাতে পেয়ে আমি খুব খুশি হয়েছি,মাল গুলো অনেক ভালো । ডেলিভারি ম্যানের ব্যবহার অনেক ভালো । মাল গুলো সময় মতো হাতে পেয়ে আমি খুব খুশি হয়েছি,delivery_positive#product_quality_positive,Positive,"Delivery, Product Quality","{""Delivery"": ""positive"", ""Product Quality"": ""positive""}"
54704355638794,আলহামদুলিল্লাহ খুব ভালো প্রোডাক্ট আপনারা চাইলে কিনতে পারেন,আলহামদুলিল্লাহ খুব ভালো প্রোডাক্ট আপনারা চাইলে কিনতে পারেন,product_quality_positive,Positive,Product Quality,"{""Product Quality"": ""positive""}"
53148075438794,"সাউন্ড কোয়ালিটি অনেক ভালো, চার্জ ও ভালো থাকে। ভালো 👍👍👍👍","সাউন্ড কোয়ালি টি অনেক ভালো , চার্জ ও ভালো থাকে । ভালো",product_quality_positive,Positive,Product Quality,"{""Product Quality"": ""positive""}"
53380947938794,যথেষ্ট সুন্দর কোয়ালিটি ও গুনগত মান সম্মত ধন্যবাদ আপনাদেরকে,যথেষ্ট সুন্দর কোয়ালি টি ও গুনগত মান সম্মত ধন্যবাদ আপনাদেরকে,product_quality_positive,Positive,Product Quality,"{""Product Quality"": ""positive""}"
52970426738794,"এই দামে সেরা পণ্য,, আমার রাইডার ভাই অনেক ভালো মনের মানুষ ।","এই দামে সেরা পণ্য , , আমার রাইডার ভাই অনেক ভালো মনের মানুষ ।",seller_service_positive#price_positive#product_quality_positive,Positive,"Price, Product Quality, Seller Service","{""Seller Service"": ""positive"", ""Price"": ""positive"", ""Product Quality"": ""positive""}"
54164106738794,এই দামের মধ্যে অসাধারণ হেডফোন সাউন্ড কোয়ালিটি অনেক ভালো,এই দামের মধ্যে অসাধারণ হেডফোন সাউন্ড কোয়ালি টি অনেক ভালো,price_positive#product_quality_positive,Positive,"Price, Product Quality","{""Price"": ""positive"", ""Product Quality"": ""positive""}"
53593943838794,ভালো ভালো প্রোডাক্ট র ঠিক আছে সবকিছু ঠিক আছে নিতে পারেন,ভালো ভালো প্রোডাক্ট র ঠিক আছে সবকিছু ঠিক আছে নিতে পারেন,product_quality_positive,Positive,Product Quality,"{""Product Quality"": ""positive""}"
52789505438794,পণ্য পাইছি পণ্য ভালো আছে চলতেছে বলতে পারি না কতদিন যাবে,পণ্য পাইছি পণ্য ভালো আছে চলতেছে বলতে পারি না কতদিন যাবে,product_quality_positive,Positive,Product Quality,"{""Product Quality"": ""positive""}"
52589125738794,অনেক ভালো কিন্তু ডেলিভারি চার্জ দিয়ে অনেক দাম পরে যায়,অনেক ভালো কিন্তু ডেলিভারি চার্জ দিয়ে অনেক দাম পরে যায়,price_negative#product_quality_positive,Neutral,"Price, Product Quality","{""Price"": ""negative"", ""Product Quality"": ""positive""}"
51803622338794,অনেক সুন্দর একটা এয়ারপোর্ট পাইলাম ধন্যবাদ দারাজ 🥰🥰,অনেক সুন্দর একটা এয়ারপোর্ট পাইলাম ধন্যবাদ দারাজ,product_quality_positive,Positive,Product Quality,"{""Product Quality"": ""positive""}"
51743423838794,চার্জিং বেকাফ ভালো না। কিন্তু এই দামের মধ্যে ঠিক আছে,চার্জিং বেকাফ ভালো না । কিন্তু এই দামের মধ্যে ঠিক আছে,price_neutral#product_quality_neutral,Neutral,"Price, Product Quality","{""Price"": ""neutral"", ""Product Quality"": ""neutral""}"
54297049438794,আলহামদুলিল্লাহ যেমনটা অর্ডার করেছিলাম তেমনটি পেয়েছি।,আলহামদুলিল্লাহ যেমন টা অর্ডার করেছিলাম তেমন টি পেয়েছি ।,product_quality_positive,Positive,Product Quality,"{""Product Quality"": ""positive""}"
53433529738794,ধন্যবাদ সেলার কে যেমনটা চাইছিলাম ঠিক তেমনটাই পাইছি।,ধন্যবাদ সেলার কে যেমন টা চাইছিলাম ঠিক তেমনটাই পাইছি ।,product_quality_positive,Positive,Product Quality,"{""Product Quality"": ""positive""}"
53903046338794,"আমার কাছে খুব  ভালো লেগেছে,  কেউ চাইলে নিতে  পারেন!","আমার কাছে খুব ভালো লেগেছে , কেউ চাইলে নিতে পারেন !",product_quality_positive,Positive,Product Quality,"{""Product Quality"": ""positive""}"
54974247538794,অনেক অনেক ভালো হয়েছে হেডফোনটি থ্যাঙ্ক ইউ দারাজ টিম,অনেক অনেক ভালো হয়েছে হেডফোন টি থ্যাঙ্ক ইউ দারাজ টিম,product_quality_positive,Positive,Product Quality,"{""Product Quality"": ""positive""}"
52465936038794,"একদম বাজে প্রোডাক্ট 
মানুষ ঠকানো ছাড়া অন্য কিছু না",একদম বাজে প্রোডাক্ট মানুষ ঠকানো ছাড়া অন্য কিছু না,product_quality_negative,Negative,Product Quality,"{""Product Quality"": ""negative""}"
52145111338794,আলহামদুলিল্লাহ যেমনটা চেয়েছি ঠিক তেমনটাই পাইলাম,আলহামদুলিল্লাহ যেমন টা চেয়েছি ঠিক তেমনটাই পাইলাম,product_quality_positive,Positive,Product Quality,"{""Product Quality"": ""positive""}"
53989422838794,এটা হচ্ছে কম দামে খুবই হাইফাই জিনিস আর কিছু বলবেন,এটা হচ্ছে কম দামে খুবই হাইফাই জিনিস আর কিছু বলবেন,price_positive#product_quality_positive,Positive,"Price, Product Quality","{""Price"": ""positive"", ""Product Quality"": ""positive""}"
51453114738794,"দাম অনুযায়ী ঠিক আছে, 
তবে প্যাকিংটা সুন্দর ছিল","দাম অনুযায়ী ঠিক আছে , তবে প্যাকিং টা সুন্দর ছিল",packaging_positive#price_neutral#product_quality_neutral,Positive,"Packaging, Price, Product Quality","{""Packaging"": ""positive"", ""Price"": ""neutral"", ""Product Quality"": ""neutral""}"
54476213838794,মোটামুটি ভালো আছে। চার্জ থাকে ও সবকিছু কাজ করে,মোটামুটি ভালো আছে । চার্জ থাকে ও সবকিছু কাজ করে,product_quality_neutral,Neutral,Product Quality,"{""Product Quality"": ""neutral""}"
54512004738794,দাম অনুযায়ী প্রোডাক্টের সাউন্ড কোয়ালিটি  ভালো।,দাম অনুযায়ী প্রোডাক্টের সাউন্ড কোয়ালি টি ভালো ।,price_positive#product_quality_positive,Positive,"Price, Product Quality","{""Price"": ""positive"", ""Product Quality"": ""positive""}"
52338879638794,কেও এটা নিবেন্না এক বারও চাজ করা জাই না.. 😭😭,কে ও এটা নিবেন্না এক বার ও চাজ করা জাই না..,product_quality_negative,Negative,Product Quality,"{""Product Quality"": ""negative""}"
54763557338794,এখান থেকে কেউ এয়ারবাড নিবেন না আমাকে নষ্ট দিছে,এখান থেকে কেউ এয়ারবাড নিবেন না আমাকে নষ্ট দিছে,product_quality_negative,Negative,Product Quality,"{""Product Quality"": ""negative""}"
54025914838794,"দেখে ভালোই মনে হচ্ছে, এখন দেখা যাক কতদিন চলে।","দেখে ভালোই মনে হচ্ছে , এখন দেখা যাক কতদিন চলে ।",product_quality_positive,Positive,Product Quality,"{""Product Quality"": ""positive""}"
54143547838794,মোটামুটি ভালো কিন্তু সাউন্ড কোয়ালিটি একটু কম,মোটামুটি ভালো কিন্তু সাউন্ড কোয়ালি টি একটু কম,product_quality_neutral,Neutral,Product Quality,"{""Product Quality"": ""neutral""}"
54815251538794,এটি একটা ফেইক প্রাদাক্ট আর মধ্যে একটি নষ্ট।,এটি একটা ফেইক প্রাদাক্ট আর মধ্যে একটি নষ্ট ।,product_quality_negative,Negative,Product Quality,"{""Product Quality"": ""negative""}"
53714215238794,অনেক ভালো লেগেছে আমি ব্যবহার করে দেখলাম,অনেক ভালো লেগেছে আমি ব্যবহার করে দেখলাম,product_quality_positive,Positive,Product Quality,"{""Product Quality"": ""positive""}"
52612996838794,প্রোডাক্টটা ভালো লাগছে না চার্জ কম থাকে,প্রোডাক্ট টা ভালো লাগছে না চার্জ কম থাকে,product_quality_negative,Negative,Product Quality,"{""Product Quality"": ""negative""}"
52396836738794,"মুটামুটি ভালো আছে 

কম দামের মধ্যে ভালো",মুটামু টি ভালো আছে কম দামের মধ্যে ভালো,price_positive#product_quality_neutral,Positive,"Price, Product Quality","{""Price"": ""positive"", ""Product Quality"": ""neutral""}"
52456540438794,"ভালোই,দাম অনুযায়ী ভালোই ধন্যবাদ দারাজ ❤️","ভালোই , দাম অনুযায়ী ভালোই ধন্যবাদ দারাজ",price_positive#product_quality_positive,Positive,"Price, Product Quality","{""Price"": ""positive"", ""Product Quality"": ""positive""}"
53515790738794,দাম অনুযায়ী প্রোডাক্ট ঠিক আছে খুব ভালো,দাম অনুযায়ী প্রোডাক্ট ঠিক আছে খুব ভালো,price_positive#product_quality_positive,Positive,"Price, Product Quality","{""Price"": ""positive"", ""Product Quality"": ""positive""}"
52348848238794,মাশাল্লাহ অত্যন্ত সুন্দর অত্যন্ত সুন্দর,মাশাল্লাহ অত্যন্ত সুন্দর অত্যন্ত সুন্দর,product_quality_positive,Positive,Product Quality,"{""Product Quality"": ""positive""}"
52153305838794,ফালতু জিনিস একদমই চলে না কেউ কিনবেন না,ফালতু জিনিস একদমই চলে না কেউ কিনবেন না,product_quality_negative,Negative,Product Quality,"{""Product Quality"": ""negative""}"
54511517838794,ভালো  দামে বেস্ট একটি প্রোড নিতে পারেন,ভালো দামে বেস্ট একটি প্রোড নিতে পারেন,price_positive#product_quality_positive,Positive,"Price, Product Quality","{""Price"": ""positive"", ""Product Quality"": ""positive""}"
54546933638794,"অনেক ভালো জিনিস, খুব কম দামে পেয়েছি।","অনেক ভালো জিনিস , খুব কম দামে পেয়েছি ।",price_positive#product_quality_positive,Positive,"Price, Product Quality","{""Price"": ""positive"", ""Product Quality"": ""positive""}"
53245603438794,দাম অনুযায়ী মোটামুটি ঠিকই আছে ভালো,দাম অনুযায়ী মোটামুটি ঠিকই আছে ভালো,price_neutral#product_quality_neutral,Neutral,"Price, Product Quality","{""Price"": ""neutral"", ""Product Quality"": ""neutral""}"
53310139238794,আলহামদুলিল্লাহ দাম অনুযায়েন ঠিক আছে,আলহামদুলিল্লাহ দাম অনুযায়েন ঠিক আছে,price_positive#product_quality_positive,Positive,"Price, Product Quality","{""Price"": ""positive"", ""Product Quality"": ""positive""}"
51955067038794,"ভালো প্রোডাক্ট, ২ ঘন্টা চার্জ থাকে।","ভালো প্রোডাক্ট , ২ ঘন্টা চার্জ থাকে ।",product_quality_positive,Positive,Product Quality,"{""Product Quality"": ""positive""}"
53337747638794,"আলহামদুলিল্লাহ এখন অব্দি ঠিক আছে,,,","আলহামদুলিল্লাহ এখন অব্দি ঠিক আছে ,",product_quality_positive,Positive,Product Quality,"{""Product Quality"": ""positive""}"
52129234138794,"ভালো ছিলো।
কোন ধরনের সমস্যা পাই নি।",ভালো ছিলো । কোন ধরনের সমস্যা পাই নি ।,product_quality_positive,Positive,Product Quality,"{""Product Quality"": ""positive""}"
52095269538794,এটার সাউন্ড কোয়ালিটি বেষ্ট ছিল😍😍,এটার সাউন্ড কোয়ালি টি বেষ্ট ছিল,product_quality_positive,Positive,Product Quality,"{""Product Quality"": ""positive""}"
52578504938794,অনেক সুন্দর হয়েছে ধন্যবাদ দারাজকে,অনেক সুন্দর হয়েছে ধন্যবাদ দারাজকে,product_quality_positive,Positive,Product Quality,"{""Product Quality"": ""positive""}"
53737530338794,এতো কম টাকায় খুব সুন্দর জিনিস,এতো কম টাকায় খুব সুন্দর জিনিস,price_positive#product_quality_positive,Positive,"Price, Product Quality","{""Price"": ""positive"", ""Product Quality"": ""positive""}"
54406914438794,পপ্রোডাকটা অনেক ভালো চাজ থাকে,পপ্রোডাক টা অনেক ভালো চাজ থাকে,product_quality_positive,Positive,Product Quality,"{""Product Quality"": ""positive""}"
51965788238794,দাম হিসাবে খুব খুব খুবই ভালো,দাম হিসাবে খুব খুব খুবই ভালো,price_positive#product_quality_positive,Positive,"Price, Product Quality","{""Price"": ""positive"", ""Product Quality"": ""positive""}"
53612116238794,"এক কান নস্ট
ভালো না",এক কান নস্ট ভালো না,product_quality_negative,Negative,Product Quality,"{""Product Quality"": ""negative""}"
51756608838794,ভালো না এক কান চলে আরেক কান চলে না,ভালো না এক কান চলে আরেক কান চলে না,product_quality_negative,Negative,Product Quality,"{""Product Quality"": ""negative""}"
53737202838794,ভালো কিন্তু চাজ একটু কম থাকে,ভালো কিন্তু চাজ একটু কম থাকে,product_quality_positive,Positive,Product Quality,"{""Product Quality"": ""positive""}"
53739963338794,"আগে ব্যবহার করে ভালো সার্ভিস পেয়েছি কিন্তু এইবার এর টা মোটেও ভালো নাহ, বাম কানের টা চার্জ থাকে না,,খুবই হতাশ জনক, ডান কানের টা আছে মোটামুটি
হতাশ হয়ে গেলাম","আগে ব্যবহার করে ভালো সার্ভিস পেয়েছি কিন্তু এইবার এর টা মোটে ও ভালো নাহ , বাম কানের টা চার্জ থাকে না , , খুবই হতাশ জনক , ডান কানের টা আছে মোটামুটি হতাশ হয়ে গেলাম",product_quality_negative,Negative,Product Quality,"{""Product Quality"": ""negative""}"
52436649438794,"দয়া করে কেও ওডার দিবেন না
এক কান নস্ট চালু হয় না,
টাকাই নস্ট","দয়া করে কে ও ওডার দিবেন না এক কান নস্ট চালু হয় না , টাকাই নস্ট",product_quality_negative,Negative,Product Quality,"{""Product Quality"": ""negative""}"
54922119738794,"একদম বাজে 
কাজই করে না 
পু*ক মারা খাইলে নিতে পারেন",একদম বাজে কাজই করে না পু ক মারা খাইলে নিতে পারেন,product_quality_negative,Negative,Product Quality,"{""Product Quality"": ""negative""}"
54565129438794,"ভাঙ্গা প্রোডাক্ট দিছে, একেবার বাজে, কেউ কিনবেন না","ভাঙ্গা প্রোডাক্ট দিছে , একেবার বাজে , কেউ কিনবেন না",product_quality_negative,Negative,Product Quality,"{""Product Quality"": ""negative""}"
52621777038794,"জঘন্য!
নকল প্রোডাক্ট।
কেউ ঠকতে চাইলে নিতে পারেন।",জঘন্য ! নকল প্রোডাক্ট । কেউ ঠকতে চাইলে নিতে পারেন ।,product_quality_negative,Negative,Product Quality,"{""Product Quality"": ""negative""}"
53196236338794,"মোটামুটি ভালো,  কিন্তু চার্জ বেশি সময় থাকে না","মোটামুটি ভালো , কিন্তু চার্জ বেশি সময় থাকে না",product_quality_neutral,Neutral,Product Quality,"{""Product Quality"": ""neutral""}"
53381720738794,কেউ চাইলে নিতে পারেন ভালোই চলে,কেউ চাইলে নিতে পারেন ভালোই চলে,product_quality_positive,Positive,Product Quality,"{""Product Quality"": ""positive""}"
51932182038794,খুব বাজে হেড ফোন! অন ই হয় না।,খুব বাজে হেড ফোন ! অন ই হয় না ।,product_quality_negative,Negative,Product Quality,"{""Product Quality"": ""negative""}"
54119072338794,সবথেকে বাজে কাজ করে না,সবথেকে বাজে কাজ করে না,product_quality_negative,Negative,Product Quality,"{""Product Quality"": ""negative""}"
51953334849121,"ব্যাটারিতে ১০০% চার্জ তাও বাডস্ গুলাতে চার্জ নেয় না, টানা ৩ ঘন্টা চার্যে বসিয়েও এক ফোটাও চার্জ হয়নি

জানিনা বেছে বেছে খারাপটাই আমার ভাগ্যে পড়ছে কি না, বাট আমি এই সার্ভিসে মোটেও সন্তুষ্ট নই","ব্যাটারিতে ১০০ চার্জ তাও বাডস্ গুলাতে চার্জ নেয় না , টানা ৩ ঘন্টা চার্যে বসিয়ে ও এক ফোটা ও চার্জ হয়নি জানিনা বেছে বেছে খারাপটাই আমার ভাগ্যে পড়ছে কি না , বাট আমি এই সার্ভিসে মোটে ও সন্তুষ্ট নই",product_quality_negative,Negative,Product Quality,"{""Product Quality"": ""negative""}"
54897385549121,দেখে মনে করেছিলাম ভালো। কিন্তু খারাপ। বাম পাশের ইয়ারবাড চলে না৷ কালকে পেয়েছি হাতে৷  কালকে থেকেই এমন।,দেখে মনে করেছিলাম ভালো । কিন্তু খারাপ । বাম পাশের ইয়ারবাড চলে না৷ কালকে পেয়েছি হাতে৷ কালকে থেকেই এমন ।,product_quality_negative,Negative,Product Quality,"{""Product Quality"": ""negative""}"
54439505549121,"আলহামদুলিল্লাহ ছবিতে যা দেখা যাচ্ছে  তাই পেয়েছি
আজ দুই দিন হল ব্যবহার করতেছি একটা ব্লুটুথ ২ ঘন্টা চলে",আলহামদুলিল্লাহ ছবিতে যা দেখা যাচ্ছে তাই পেয়েছি আজ দুই দিন হল ব্যবহার করতেছি একটা ব্লুটুথ ২ ঘন্টা চলে,product_quality_positive,Positive,Product Quality,"{""Product Quality"": ""positive""}"
53846858949121,"খুবই সুন্দর একটি প্রডাক্ট 
দাম অনুযায়ী অসাধারণ ব্লুটুথ ফাই  হেঁট ফোন 
ডেলিভারিতে মইন ভাই খুবই ভালো মা,,,,,,,,,,,,,❤️❤️❤️❤️❤️❤️আপনারা চাইলে নিতে পারেন","খুবই সুন্দর একটি প্রডাক্ট দাম অনুযায়ী অসাধারণ ব্লুটুথ ফাই হেঁট ফোন ডেলিভারিতে মইন ভাই খুবই ভালো মা , আপনারা চাইলে নিতে পারেন",product_quality_positive,Positive,Product Quality,"{""Product Quality"": ""positive""}"
53077243449121,"এটা কি দিলেন,একটা চলে আর একটা চলে না,চার্জ ও হয়না,আপনারদের উচিৎ ছিলো চেক করে দেওয়া,এভাবে জিনিস পাঠালে তো আপনার ব্যাবসার রেপুটেশন নষ্ট হবে,ভাবলাম যে দেখি ঠিক করা যায় কিনা, দোকানে নিয়ে গেলাম বললো যে ব্যটারি নষ্ট একটা ব্যটারি ৮০ টাকা চায় এটা কে দিবে এখন,,জিনিস দেওয়ার আগে পরিক্ষা করে পাঠানো উচিৎ ছিলো আপনাদের,,,ধিক্কার জানায় আপনাদের","এটা কি দিলেন , একটা চলে আর একটা চলে না , চার্জ ও হয়না , আপনারদের উচিৎ ছিলো চেক করে দেওয়া , এভাবে জিনিস পাঠালে তো আপনার ব্যাবসার রেপুটেশন নষ্ট হবে , ভাবলাম যে দেখি ঠিক করা যায় কিনা , দোকানে নিয়ে গেলাম বললো যে ব্যটারি নষ্ট একটা ব্যটারি ৮০ টাকা চায় এটা কে দিবে এখন , , জিনিস দেওয়ার আগে পরিক্ষা করে পাঠানো উচিৎ ছিলো আপনাদের , ধিক্কার জানায় আপনাদের",product_quality_negative,Negative,Product Quality,"{""Product Quality"": ""negative""}"
52768278149121,সবগুলো জিনিসই খুব সুন্দর হয়েছে আমার খুব পছন্দ হয়েছে ধন্যবাদ সেলার কে সুন্দরভাবে প্যাকিং করে দেওয়ার জন্য নিখুঁতভাবে সবগুলো প্রোডাক্ট আমার হাতে পৌঁছে দেয়ার জন্য ধন্যবাদ,সব গুলো জিনিসই খুব সুন্দর হয়েছে আমার খুব পছন্দ হয়েছে ধন্যবাদ সেলার কে সুন্দরভাবে প্যাকিং করে দেওয়ার জন্য নিখুঁতভাবে সব গুলো প্রোডাক্ট আমার হাতে পৌঁছে দেয়ার জন্য ধন্যবাদ,packaging_positive#product_quality_positive,Positive,"Packaging, Product Quality","{""Packaging"": ""positive"", ""Product Quality"": ""positive""}"
54123170349121,তাদের প্যাকেটিং কোয়ালিটি খুব খারাপ হয়ে গেছে। বক্স ব্যবহার করলে অনেক ভালো হতো। অনেক জায়গায় চাপ পড়ে কুচকে গেছে। সাউন্ড কোয়ালিটি মোটামুটি ভালই এই দামে। একবার চার্জ দিয়ে ২ ঘন্টা মতো ব্যাকাপ পাওয়া যাবে মনে হচ্ছে। সব মিলিয়ে ১০/৯ দেওয়া যাবে।,তাদের প্যাকেটিং কোয়ালি টি খুব খারাপ হয়ে গেছে । বক্স ব্যবহার করলে অনেক ভালো হতো । অনেক জায়গায় চাপ পড়ে কুচকে গেছে । সাউন্ড কোয়ালি টি মোটামুটি ভালই এই দামে । একবার চার্জ দিয়ে ২ ঘন্টা মতো ব্যাকাপ পাওয়া যাবে মনে হচ্ছে । সব মিলিয়ে ১০ ৯ দেওয়া যাবে ।,packaging_negative#price_positive#product_quality_positive,Positive,"Packaging, Price, Product Quality","{""Packaging"": ""negative"", ""Price"": ""positive"", ""Product Quality"": ""positive""}"
52667125049121,"মাশাআল্লাহ, তিন পিস নিয়েছি। সাউন্ড কোয়ালিটি অসাধারণ। বেজ অনেক সুন্দর। চার্জ থাকে সন্তোষজনক। 
অল্প দামে বেস্ট প্রোডাক্ট। জাযাকাল্লাহু খাইরান।","মাশাআল্লাহ , তিন পিস নিয়েছি । সাউন্ড কোয়ালি টি অসাধারণ । বেজ অনেক সুন্দর । চার্জ থাকে সন্তোষজনক । অল্প দামে বেস্ট প্রোডাক্ট । জাযাকাল্লাহু খাইরান ।",price_positive#product_quality_positive,Positive,"Price, Product Quality","{""Price"": ""positive"", ""Product Quality"": ""positive""}"
54049746449121,"খুব বাজে একটা প্রডাক্ট। চার্জ খুবই অল্প থাকে। সুতরাং যারা নিবেন দেখে শুনে বুঝে নিবেন। আমার সাথে এমন ঘটনা ঘটছে এজন্য আমি এইভাবে রিভিউ দিতেছি। ডান পাশের এয়ার বাটে চার্জ থাকে না বললেই চলে।,,,","খুব বাজে একটা প্রডাক্ট । চার্জ খুবই অল্প থাকে । সুতরাং যারা নিবেন দেখে শুনে বুঝে নিবেন । আমার সাথে এমন ঘটনা ঘটছে এজন্য আমি এইভাবে রিভিউ দিতেছি । ডান পাশের এয়ার বাটে চার্জ থাকে না বললেই চলে । ,",product_quality_negative,Negative,Product Quality,"{""Product Quality"": ""negative""}"
53872528249121,"পন্যটা যেমন চলছে তেমন পেয়েছি আপনারা চাইনে নিতে পারেন শাওনট  
এটা রিভিউ অনেক ভালো দাঁড়াজ কে
 অনেক ধন্যবাদ এরকম পণ্য দেওয়ার জন্য",পন্য টা যেমন চলছে তেমন পেয়েছি আপনারা চাইনে নিতে পারেন শাওনট এটা রিভিউ অনেক ভালো দাঁড়াজ কে অনেক ধন্যবাদ এরকম পণ্য দেওয়ার জন্য,product_quality_positive,Positive,Product Quality,"{""Product Quality"": ""positive""}"
54414633949121,টি ডব্লিউ এস টি আমি প্রায় এক সপ্তাহের মতন ব্যবহার করে যেটি দেখলাম দাম অনুযায়ী এর চেয়ে বেশি আশা করা যায় না মোটামুটি ভালো,টি ডব্লিউ এস টি আমি প্রায় এক সপ্তাহের মতন ব্যবহার করে যে টি দেখলাম দাম অনুযায়ী এর চেয়ে বেশি আশা করা যায় না মোটামুটি ভালো,price_neutral#product_quality_neutral,Neutral,"Price, Product Quality","{""Price"": ""neutral"", ""Product Quality"": ""neutral""}"
53065584349121,আলহামদুলিল্লাহ আমার প্রোডাক্টা অনেক ভালো পেয়েছি। আপনারা চাইলে কিনতে পারেন কিন্তু আমার সেলার বেশি ভালো ছিলো না,আলহামদুলিল্লাহ আমার প্রোডাক্ টা অনেক ভালো পেয়েছি । আপনারা চাইলে কিনতে পারেন কিন্তু আমার সেলার বেশি ভালো ছিলো না,seller_service_negative#product_quality_positive,Neutral,"Product Quality, Seller Service","{""Seller Service"": ""negative"", ""Product Quality"": ""positive""}"
53600932849121,এখন চার্জের ব্যাকআপ টা কেমন হয় এটা হচ্ছে দেখার বিষয়।।। আলহামদুলিল্লাহ প্রোডাক্ট যেমন দেখেছিলাম তেমনি হয়েছে,এখন চার্জের ব্যাকআপ টা কেমন হয় এটা হচ্ছে দেখার বিষয় । আলহামদুলিল্লাহ প্রোডাক্ট যেমন দেখেছিলাম তেমনি হয়েছে,product_quality_positive,Positive,Product Quality,"{""Product Quality"": ""positive""}"
52998092849121,"প্রায় এক মাস ব্যাবহার করার পর রিভিউ দিচ্ছি , ব্যাবহার করে ভালই মনে হচ্ছে । আপনারা চাইলে কিনতে পারেন । দাম হিসাবে ভালো।","প্রায় এক মাস ব্যাবহার করার পর রিভিউ দিচ্ছি , ব্যাবহার করে ভালই মনে হচ্ছে । আপনারা চাইলে কিনতে পারেন । দাম হিসাবে ভালো ।",price_positive#product_quality_positive,Positive,"Price, Product Quality","{""Price"": ""positive"", ""Product Quality"": ""positive""}"
54440919249121,"কম দাম হিসেবে মোটামুটি ঠিক আছে,,,,আমার ২৮১ টাকা পড়েছে,,,,৩০০ এর মাঝে হলে নিতে পারেন খারাপ না,,,","কম দাম হিসেবে মোটামুটি ঠিক আছে , আমার ২৮১ টাকা পড়েছে , ৩০০ এর মাঝে হলে নিতে পারেন খারাপ না ,",price_neutral#product_quality_neutral,Neutral,"Price, Product Quality","{""Price"": ""neutral"", ""Product Quality"": ""neutral""}"
51938681249121,অনেক সুন্দর হয়েছে যেমন চেয়েছি তেমন পেয়েছি খুব ভালো আপনারা সবাই নিতে পারেন নিঃসন্দেহ,অনেক সুন্দর হয়েছে যেমন চেয়েছি তেমন পেয়েছি খুব ভালো আপনারা সবাই নিতে পারেন নিঃসন্দেহ,product_quality_positive,Positive,Product Quality,"{""Product Quality"": ""positive""}"
54871857749121,কোয়ালেটি একদম বাজে জাতা দিয়ে ধরলে চার্জ হয় ছেরে দিলে বন্ধ হয়ে জায় আমি রিবিউ ১০ এ ১ দিব,কোয়ালে টি একদম বাজে জাতা দিয়ে ধরলে চার্জ হয় ছেরে দিলে বন্ধ হয়ে জায় আমি রিবিউ ১০ এ ১ দিব,product_quality_negative,Negative,Product Quality,"{""Product Quality"": ""negative""}"
53360378749121,"ভুল প্রোডাক্ট দেওয়া হয়েছে, অডার দিলাম কি আর পাঠাইলো কি।🙄🙄🙄
খুবিই হতাশ😮‍💨😮‍💨😮‍💨","ভুল প্রোডাক্ট দেওয়া হয়েছে , অডার দিলাম কি আর পাঠাইলো কি । খুবিই হতাশ",product_quality_negative,Negative,Product Quality,"{""Product Quality"": ""negative""}"
52507127549121,"আলহামদুলিল্লাহ, যেমনটি চেয়ে ছিলাম তেমনি পেয়েছি,
দাম অনুযায়ী জিনিস ঠিক আছে......…...","আলহামদুলিল্লাহ , যেমন টি চেয়ে ছিলাম তেমনি পেয়েছি , দাম অনুযায়ী জিনিস ঠিক আছে. .",price_positive#product_quality_positive,Positive,"Price, Product Quality","{""Price"": ""positive"", ""Product Quality"": ""positive""}"
54134722049121,সবকিছু ঠিকঠাক। এককথায় সেরা! কিন্তু ছবিতে দেওয়া বর্ণনা ঠিক থাকলেও ডিজাইন একটু আলাদা।,সবকিছু ঠিকঠাক । এককথায় সেরা ! কিন্তু ছবিতে দেওয়া বর্ণনা ঠিক থাকলে ও ডিজাইন একটু আলাদা ।,product_quality_positive,Positive,Product Quality,"{""Product Quality"": ""positive""}"
53407399149121,অনেক ভালো। এই দামে সত্যি খুব ভালো একটা প্রডাক্ট। চার্জও অনেক সময় থাকে,অনেক ভালো । এই দামে সত্যি খুব ভালো একটা প্রডাক্ট । চার্জ ও অনেক সময় থাকে,price_positive#product_quality_positive,Positive,"Price, Product Quality","{""Price"": ""positive"", ""Product Quality"": ""positive""}"
52766856149121,দাম অনুযায়ী ভালো মানের প্রোডাক্ট । আমার ভালো লাগছে প্রচুর ভালো লাগছে,দাম অনুযায়ী ভালো মানের প্রোডাক্ট । আমার ভালো লাগছে প্রচুর ভালো লাগছে,price_positive#product_quality_positive,Positive,"Price, Product Quality","{""Price"": ""positive"", ""Product Quality"": ""positive""}"
54428214949121,আলহামদুলিল্লাহ অনেক ভালো একটি হেটফোন। আপনার চাইলে অবর্শ্য নিতে পারেন।,আলহামদুলিল্লাহ অনেক ভালো একটি হেটফোন । আপনার চাইলে অবর্শ্য নিতে পারেন ।,product_quality_positive,Positive,Product Quality,"{""Product Quality"": ""positive""}"
52008681949121,আলহামদুলিল্লাহ সবকিছুই ঠিক আছে ডেলিভারি ম্যানের ব্যবহার খুব ভালো,আলহামদুলিল্লাহ সবকিছুই ঠিক আছে ডেলিভারি ম্যানের ব্যবহার খুব ভালো,delivery_positive#product_quality_positive,Positive,"Delivery, Product Quality","{""Delivery"": ""positive"", ""Product Quality"": ""positive""}"
54163444249121,অনেক সুন্দর ভালো প্রোডাক্ট পোডাক যেইটা ওয়াটার দিছি সেটাই পাইছি,অনেক সুন্দর ভালো প্রোডাক্ট পোডাক যেই টা ওয়াটার দিছি সেটাই পাইছি,product_quality_positive,Positive,Product Quality,"{""Product Quality"": ""positive""}"
53328988449121,পন্যটি অনেক ভাল তবে চার্জারের কেবল এর মান আরও ভাল  দরকার ছিল ।,পন্য টি অনেক ভাল তবে চার্জারের কেবল এর মান আরও ভাল দরকার ছিল ।,product_quality_positive,Positive,Product Quality,"{""Product Quality"": ""positive""}"
54484530249121,যা ভেবেছিলাম তার থেকে অনেক ভালো পেয়েছি চাইলে আপনি নিতে পারেন,যা ভেবেছিলাম তার থেকে অনেক ভালো পেয়েছি চাইলে আপনি নিতে পারেন,product_quality_positive,Positive,Product Quality,"{""Product Quality"": ""positive""}"
54134671349121,"জোচ হইছে,,,কালকে অডার দিছি আজকেই পেয়ে গেছি,,,জিনিস ১০০/১০০","জোচ হইছে , কালকে অডার দিছি আজকেই পেয়ে গেছি , জিনিস ১০০ ১০০",delivery_positive#product_quality_positive,Positive,"Delivery, Product Quality","{""Delivery"": ""positive"", ""Product Quality"": ""positive""}"
53924785049121,খুব একটা ভালো না কিন্তু বাজেট অনুযায়ী মোটামুটি ঠিকই আছে।,খুব একটা ভালো না কিন্তু বাজেট অনুযায়ী মোটামুটি ঠিকই আছে ।,price_neutral#product_quality_negative,Negative,"Price, Product Quality","{""Price"": ""neutral"", ""Product Quality"": ""negative""}"
52746121249121,একদম ঠিকঠাক কোন সমস্যাই পাইনি অসংখ্য ধন্যবাদ  দারাজকে❤️❤️,একদম ঠিকঠাক কোন সমস্যাই পাইনি অসংখ্য ধন্যবাদ দারাজকে,product_quality_positive,Positive,Product Quality,"{""Product Quality"": ""positive""}"
54868911549121,মাশাল্লাহ খুব ভালো প্রোডাক্ট নিয়ে জিতেছি আলহামদুলিল্লাহ।,মাশাল্লাহ খুব ভালো প্রোডাক্ট নিয়ে জিতেছি আলহামদুলিল্লাহ ।,product_quality_positive,Positive,Product Quality,"{""Product Quality"": ""positive""}"
51762989249121,"সাউন্ড কোয়ালিটি টা ভালো আছে, ইনশাল্লাহ আশা করি ভালো হবে,","সাউন্ড কোয়ালি টি টা ভালো আছে , ইনশাল্লাহ আশা করি ভালো হবে ,",product_quality_positive,Positive,Product Quality,"{""Product Quality"": ""positive""}"
54853318449121,অনেক ধন্যবাদ আপনাদেরকে সুন্দর একটা প্রোডাক্ট দেওয়ার জন্য,অনেক ধন্যবাদ আপনাদেরকে সুন্দর একটা প্রোডাক্ট দেওয়ার জন্য,product_quality_positive,Positive,Product Quality,"{""Product Quality"": ""positive""}"
53904890949121,কম বাজেটের ভিতরে ভালো একটি গেজেট চাইলে সবাই নিতে পারেন,কম বাজেটের ভিতরে ভালো একটি গেজেট চাইলে সবাই নিতে পারেন,price_positive#product_quality_positive,Positive,"Price, Product Quality","{""Price"": ""positive"", ""Product Quality"": ""positive""}"
53315667749121,এটি একটি অসাধারণ প্রডাক্ট সাউন্ড সিন্টেম ও অসাধারণ 🥰,এটি একটি অসাধারণ প্রডাক্ট সাউন্ড সিন্টেম ও অসাধারণ,product_quality_positive,Positive,Product Quality,"{""Product Quality"": ""positive""}"
53142908749121,ভালো আপনারা চাইলে নিতে পারেন।।। চার্জ ও ভালই থাকে।।।।,ভালো আপনারা চাইলে নিতে পারেন । চার্জ ও ভালই থাকে ।,product_quality_positive,Positive,Product Quality,"{""Product Quality"": ""positive""}"
53889291849121,"আলহামদুলিল্লাহ..!
 ভালোই নিতে পারেন।
প্রাইজ ২৭৫ টাকা",আলহামদুলিল্লাহ.. ! ভালোই নিতে পারেন । প্রাইজ ২৭৫ টাকা,product_quality_positive,Positive,Product Quality,"{""Product Quality"": ""positive""}"
53191600949121,"দাম হিসেবে মোটামুটি ভালো, সাউন্ড কোয়ালিটি অ্যাভারেজ","দাম হিসেবে মোটামুটি ভালো , সাউন্ড কোয়ালি টি অ্যাভারেজ",product_quality_neutral,Neutral,Product Quality,"{""Product Quality"": ""neutral""}"
54055730049121,"২৫০ টাকায় আনলাম
ভালোই টাকা হিসেবে চার্জ ও ভাল থাকে।",২৫০ টাকায় আনলাম ভালোই টাকা হিসেবে চার্জ ও ভাল থাকে ।,price_positive#product_quality_positive,Positive,"Price, Product Quality","{""Price"": ""positive"", ""Product Quality"": ""positive""}"
53183015149121,আলহামদুলিল্লাহ ভালো হয়েছে এটার কোয়ালিটি খুব ভালো,আলহামদুলিল্লাহ ভালো হয়েছে এটার কোয়ালি টি খুব ভালো,product_quality_positive,Positive,Product Quality,"{""Product Quality"": ""positive""}"
53256229149121,এতো কম টাকায় এতো সুন্দর প্রডাক্ট পাবো ভাবতে পারিনি,এতো কম টাকায় এতো সুন্দর প্রডাক্ট পাবো ভাবতে পারিনি,price_positive#product_quality_positive,Positive,"Price, Product Quality","{""Price"": ""positive"", ""Product Quality"": ""positive""}"
53694260449121,খুব ভালো হয়েছে অসংখ্য ধন্যবাদ আপনারা নিতে পারেন,খুব ভালো হয়েছে অসংখ্য ধন্যবাদ আপনারা নিতে পারেন,product_quality_positive,Positive,Product Quality,"{""Product Quality"": ""positive""}"
52227395749121,মোটামুটি কিন্তু ব্লুটুথ রেঞ্জ ভালো না 🙍😮‍💨😤,মোটামুটি কিন্তু ব্লুটুথ রেঞ্জ ভালো না,product_quality_neutral,Neutral,Product Quality,"{""Product Quality"": ""neutral""}"
51838661149121,মোটামুটি ভালো এক কানেরটা বারবার অট চার্জ নেয়,মোটামুটি ভালো এক কানের টা বারবার অট চার্জ নেয়,product_quality_neutral,Neutral,Product Quality,"{""Product Quality"": ""neutral""}"
53238164149121,"প্রোডাক্ট ভালো,চলছে ভালো,সাউন্ড কোয়ালিটি হাই","প্রোডাক্ট ভালো , চলছে ভালো , সাউন্ড কোয়ালি টি হাই",product_quality_positive,Positive,Product Quality,"{""Product Quality"": ""positive""}"
54914317949121,দাম অনুযায়ী খারাপ না।সাউন্ড ১০/৭।নিতে পারেন,দাম অনুযায়ী খারাপ না । সাউন্ড ১০ ৭ । নিতে পারেন,price_neutral#product_quality_neutral,Neutral,"Price, Product Quality","{""Price"": ""neutral"", ""Product Quality"": ""neutral""}"
52598838749121,আলহামদুলিল্লাহ অনেক ভালো আপনারা নিতে পারেন,আলহামদুলিল্লাহ অনেক ভালো আপনারা নিতে পারেন,product_quality_positive,Positive,Product Quality,"{""Product Quality"": ""positive""}"
52813524349121,"একেবারে ফালতু 
এক কান চলে 
আরেক কান চলেনা।",একেবারে ফালতু এক কান চলে আরেক কান চলেনা ।,product_quality_negative,Negative,Product Quality,"{""Product Quality"": ""negative""}"
53241468849121,এটা মোটা মোটি ভালো কিন্তু চার্য থাকে না,এটা মো টা মো টি ভালো কিন্তু চার্য থাকে না,product_quality_neutral,Neutral,Product Quality,"{""Product Quality"": ""neutral""}"
52825342649121,"দাম হিসেবে অনেক ভালই 
আপনারা নিতে পারেন",দাম হিসেবে অনেক ভালই আপনারা নিতে পারেন,price_positive#product_quality_positive,Positive,"Price, Product Quality","{""Price"": ""positive"", ""Product Quality"": ""positive""}"
54292955349121,"দামের তুলনায় বেশ ভালো, চারজও ভালোই থাকে","দামের তুলনায় বেশ ভালো , চারজ ও ভালোই থাকে",price_positive#product_quality_positive,Positive,"Price, Product Quality","{""Price"": ""positive"", ""Product Quality"": ""positive""}"
54294665749121,একে একে ৪ টা অর্ডার করলাম অনেক ভালো এটা,একে একে ৪ টা অর্ডার করলাম অনেক ভালো এটা,product_quality_positive,Positive,Product Quality,"{""Product Quality"": ""positive""}"
53865983449121,ভালো আছে এই দামে চাইলে সবাই নিতে পারেন,ভালো আছে এই দামে চাইলে সবাই নিতে পারেন,price_positive#product_quality_positive,Positive,"Price, Product Quality","{""Price"": ""positive"", ""Product Quality"": ""positive""}"
54174615549121,ভালো চলছে চাইলে নিতে পারেন ভালো পডাক,ভালো চলছে চাইলে নিতে পারেন ভালো পডাক,product_quality_positive,Positive,Product Quality,"{""Product Quality"": ""positive""}"
51633420049121,"সুন্দর💖💖
৩:৩০ ঘন্টার মত চার্জ যাই",সুন্দর ৩ ৩০ ঘন্টার মত চার্জ যাই,product_quality_positive,Positive,Product Quality,"{""Product Quality"": ""positive""}"
53563183649121,ভালো না ডান পাশের টা চার্জ হয় না।,ভালো না ডান পাশের টা চার্জ হয় না ।,product_quality_negative,Negative,Product Quality,"{""Product Quality"": ""negative""}"
53441530149121,নাইস প্রোডাক্ট নিতে পারেন সবাই,নাইস প্রোডাক্ট নিতে পারেন সবাই,product_quality_positive,Positive,Product Quality,"{""Product Quality"": ""positive""}"
52796247449121,ভালো হয়েছে অনেক ভালো হয়েছে,ভালো হয়েছে অনেক ভালো হয়েছে,product_quality_positive,Positive,Product Quality,"{""Product Quality"": ""positive""}"
54133298949121,সব কিছু ঠিক আছে। অসাধারণ,সব কিছু ঠিক আছে । অসাধারণ,product_quality_positive,Positive,Product Quality,"{""Product Quality"": ""positive""}"
53341783349121,"আলহামদুলিল্লাহ ঠিকঠাক ভাবেই হাতে পেয়েছি। তবে এই হলো সস্তার অবস্থা, এমনিতে সাউন্ড কোয়ালিটি মোটামুটি ভালো তবে বক্স এর ব্যাটারিটা খুবই দূর্বল চার্জ তাড়াতাড়ি শেষ হয়ে যায়। কত দিন যাবে আল্লাহ ভালো জানে 😂","আলহামদুলিল্লাহ ঠিকঠাক ভাবেই হাতে পেয়েছি । তবে এই হলো সস্তার অবস্থা , এমনিতে সাউন্ড কোয়ালি টি মোটামুটি ভালো তবে বক্স এর ব্যাটারি টা খুবই দূর্বল চার্জ তাড়াতাড়ি শেষ হয়ে যায় । কত দিন যাবে আল্লাহ ভালো জানে",product_quality_neutral,Neutral,Product Quality,"{""Product Quality"": ""neutral""}"
53850829949121,খুবই ভালো বলবো না কারণ বেশিক্ষণ চার্জ থাকে না তবে এই দামে ভালই।।।,খুবই ভালো বলবো না কারণ বেশিক্ষণ চার্জ থাকে না তবে এই দামে ভালই ।,price_positive,Positive,Price,"{""Price"": ""positive""}"
52023669049121,"এই জিনিসটা কেউ নেবেন না, অনেক খারাপ রেঞ্জ খুব খারাপ আর ব্যাটারি ব্যাকআপ এত ভালো না।। ডেলিভারি ম্যান টা ভালো ছিল","এই জিনিস টা কেউ নেবেন না , অনেক খারাপ রেঞ্জ খুব খারাপ আর ব্যাটারি ব্যাকআপ এত ভালো না । । ডেলিভারি ম্যান টা ভালো ছিল",delivery_positive#product_quality_negative,Neutral,"Delivery, Product Quality","{""Delivery"": ""positive"", ""Product Quality"": ""negative""}"
53304649749121,সাউন্ড কোয়ালিটি একদম বাজে চার্জ ব্যাকআপ ১ ঘন্টার মত কানে দেওয়ার পরে ৫ মিনিট ঘার ঘার করে তারপর ঠিক হয়ে যায় টাকা দিয়ে সব জিনিস না কেনাই ভালো  নাই ভালো,সাউন্ড কোয়ালি টি একদম বাজে চার্জ ব্যাকআপ ১ ঘন্টার মত কানে দেওয়ার পরে ৫ মিনিট ঘার ঘার করে তারপর ঠিক হয়ে যায় টাকা দিয়ে সব জিনিস না কেনাই ভালো নাই ভালো,product_quality_negative,Negative,Product Quality,"{""Product Quality"": ""negative""}"
51558947549121,"প্রোডাক্ট টা দাম অনুসারে যথেষ্ট ভালো,,
চার্জ টা ও মুটামুটি ঠিকাছে দাম হিসেবে 
আমার কাছে অনেক ভালো লেগেছে 
চাইলে আপনারা ও নিতে পারেন","প্রোডাক্ট টা দাম অনুসারে যথেষ্ট ভালো , , চার্জ টা ও মুটামু টি ঠিকাছে দাম হিসেবে আমার কাছে অনেক ভালো লেগেছে চাইলে আপনারা ও নিতে পারেন",price_positive#product_quality_positive,Positive,"Price, Product Quality","{""Price"": ""positive"", ""Product Quality"": ""positive""}"
54554607449121,"খুবই ভালো। আজ ১০ দিন পর রিভিউ দিলাম।দাম অনুযায়ী সাউন্ড কোয়ালিটি ভালো। চার্জ ব্যাকাপ ও ভালো। বাড্স থেকে ২ঘন্টা পাওয়া যায়।বক্স থেকে বেশ কয়েকবার চার্জ দেওয়া যায়।
তাছাড়াও ২৪ঘন্টার ভিতর ডেলিভারি পাওয়াটা ভালো লাগছে। 
ধন্যবাদ সেলার ও দারাজ।",খুবই ভালো । আজ ১০ দিন পর রিভিউ দিলাম । দাম অনুযায়ী সাউন্ড কোয়ালি টি ভালো । চার্জ ব্যাকাপ ও ভালো । বাড্স থেকে ২ঘন্ টা পাওয়া যায় । বক্স থেকে বেশ কয়েকবার চার্জ দেওয়া যায় । তাছাড়া ও ২৪ঘন্টার ভিতর ডেলিভারি পাওয়া টা ভালো লাগছে । ধন্যবাদ সেলার ও দারাজ ।,delivery_positive#price_positive#product_quality_positive,Positive,"Delivery, Price, Product Quality","{""Delivery"": ""positive"", ""Price"": ""positive"", ""Product Quality"": ""positive""}"
53196273049121,প্রোডাক্টটা হাতে পায়ে খুব ভালো লাগলো সবকিছু ঠিকঠাক ছিল কোন রকমের কোন সমস্যা ছিল না আশা করি আপনারা চাইলে নিতে পারেন তারপর আপনারা দেখে নিবেন ঠিক আছে আর রাইটারকে অসংখ্য ধন্যবাদ প্রোডাক্টটি পৌঁছে দেওয়ার জন্য ঠিকমত,প্রোডাক্ট টা হাতে পায়ে খুব ভালো লাগলো সবকিছু ঠিকঠাক ছিল কোন রকমের কোন সমস্যা ছিল না আশা করি আপনারা চাইলে নিতে পারেন তারপর আপনারা দেখে নিবেন ঠিক আছে আর রাইটারকে অসংখ্য ধন্যবাদ প্রোডাক্ট টি পৌঁছে দেওয়ার জন্য ঠিকমত,product_quality_positive,Positive,Product Quality,"{""Product Quality"": ""positive""}"
54592499149121,এটা দিয়ে আমি তিনটা নিয়েছি আমার একটা আমার দুই বন্ধুর জন্য দুইটা খুব ভালো চার্জ ভালোই বেকাপ দেয় চাইলে আপনারা নিতে পারেন,এটা দিয়ে আমি তিন টা নিয়েছি আমার একটা আমার দুই বন্ধুর জন্য দুই টা খুব ভালো চার্জ ভালোই বেকাপ দেয় চাইলে আপনারা নিতে পারেন,product_quality_positive,Positive,Product Quality,"{""Product Quality"": ""positive""}"
53442758549121,প্রোডাক্টিটি ভালো গত ৬ তারিখে প্যাকেজ অর্ডার করেছিলাম 9 তারিখ হাতে পেয়েছি আজকে আবার অর্ডার করেছি বাট  মূল্য ৫০ টাকা বেশি!,প্রোডাক্টি টি ভালো গত ৬ তারিখে প্যাকেজ অর্ডার করেছিলাম 9 তারিখ হাতে পেয়েছি আজকে আবার অর্ডার করেছি বাট মূল্য ৫০ টাকা বেশি !,delivery_positive#product_quality_positive,Positive,"Delivery, Product Quality","{""Delivery"": ""positive"", ""Product Quality"": ""positive""}"
52976876949121,"এই দামে ভালোই মনে হচ্ছে হাতে পাবার পর, এখন চার্জে কত সময় টিকে বা কেমন সার্ভিস দিবে সেটা ইউজ করলে বুঝা যাবে।
ডেলিভারি বয়ের ব্যবহার খুব ভালো ছিলো।","এই দামে ভালোই মনে হচ্ছে হাতে পাবার পর , এখন চার্জে কত সময় টিকে বা কেমন সার্ভিস দিবে সে টা ইউজ করলে বুঝা যাবে । ডেলিভারি বয়ের ব্যবহার খুব ভালো ছিলো ।",delivery_positive#price_positive#product_quality_positive,Positive,"Delivery, Price, Product Quality","{""Delivery"": ""positive"", ""Price"": ""positive"", ""Product Quality"": ""positive""}"
53906419849121,"আজকে প্রোডাকৃট টি হাতে পাইছি,  খুব সুন্দর সাউন্ড নেক্সট লেভেলের ব্যাজ দেয়,  সাউন্ড ফাটে না,  অনেক ধন্যবাদ দারাজ কে আমাকে এতো সুন্দর প্রোডাক্ট দেওয়ার জন্য","আজকে প্রোডাকৃট টি হাতে পাইছি , খুব সুন্দর সাউন্ড নেক্সট লেভেলের ব্যাজ দেয় , সাউন্ড ফাটে না , অনেক ধন্যবাদ দারাজ কে আমাকে এতো সুন্দর প্রোডাক্ট দেওয়ার জন্য",product_quality_positive,Positive,Product Quality,"{""Product Quality"": ""positive""}"
54604409149121,খুবই ভালো একটি প্রোডাক্ট খুব ভালো সাউন্ড কিন্তু চার্জ খুব দ্রুত চলে যায় তবে এই দামে সেরা চাইলে নিতে পারেন ধন্যবাদ,খুবই ভালো একটি প্রোডাক্ট খুব ভালো সাউন্ড কিন্তু চার্জ খুব দ্রুত চলে যায় তবে এই দামে সেরা চাইলে নিতে পারেন ধন্যবাদ,price_positive#product_quality_positive,Positive,"Price, Product Quality","{""Price"": ""positive"", ""Product Quality"": ""positive""}"
54446598949121,"খুবই জঘন্য। এক পাশে সাউন্ড ভলিউম ভালো। আরেক টায় সাউন্ড নাই, আটকে আটকে আসে মনে হয় যেন রেডিও ঝিরঝির করতেছে। সাউন্ড কুয়ালিটি, কল কুয়ালিটি সবই ইন্না-লিল্লাহ। এগুলা না কিনাই ভালো। ভালো দাম দিয়ে ভালো কুয়ালিটির জিনিস কিনেন, আরামে ব্যবহার করেন।","খুবই জঘন্য । এক পাশে সাউন্ড ভলিউম ভালো । আরেক টায় সাউন্ড নাই , আটকে আটকে আসে মনে হয় যেন রেডিও ঝিরঝির করতেছে । সাউন্ড কুয়ালি টি , কল কুয়ালি টি সবই ইন্না-লিল্লাহ । এগুলা না কিনাই ভালো । ভালো দাম দিয়ে ভালো কুয়ালিটির জিনিস কিনেন , আরামে ব্যবহার করেন ।",product_quality_negative,Negative,Product Quality,"{""Product Quality"": ""negative""}"
53453982149121,"আলহামদুলিল্লাহ, প্রোডাক্ট খুব সুন্দর এবং ভালো মানের। অনেক দিন ব্যাবহার করে রিভিউ দিলাম। চার্জ ব্যাকাপ ও ভালো ৩ঘন্টা+ এক কথায় অসাধারণ প্রোডাক্ট 😊😊","আলহামদুলিল্লাহ , প্রোডাক্ট খুব সুন্দর এবং ভালো মানের । অনেক দিন ব্যাবহার করে রিভিউ দিলাম । চার্জ ব্যাকাপ ও ভালো ৩ঘন্টা এক কথায় অসাধারণ প্রোডাক্ট",product_quality_positive,Positive,Product Quality,"{""Product Quality"": ""positive""}"
53569499449121,"এটা ভালো ছিলো।ইউজ করছি। মোটামুটি ভালো একটা এয়ারবার্ড।তবে বাইক চালালে কথা শুনতে পায় না অন্য পার্শে।

ভালোই সার্ভিস দিচ্ছে, বেশ ভালো চার্জ থাকে।।","এটা ভালো ছিলো । ইউজ করছি । মোটামুটি ভালো একটা এয়ারবার্ড । তবে বাইক চালালে কথা শুনতে পায় না অন্য পার্শে । ভালোই সার্ভিস দিচ্ছে , বেশ ভালো চার্জ থাকে । ।",product_quality_positive,Positive,Product Quality,"{""Product Quality"": ""positive""}"
54076826949121,"দাম অনুযায়ী অনেক ভালো প্রোডাক্ট পেয়েছি আলহামদুলিল্লাহ।  নিতে পারেন সবাই, কোয়ালিটি ভালো আছে।","দাম অনুযায়ী অনেক ভালো প্রোডাক্ট পেয়েছি আলহামদুলিল্লাহ । নিতে পারেন সবাই , কোয়ালি টি ভালো আছে ।",price_positive#product_quality_positive,Positive,"Price, Product Quality","{""Price"": ""positive"", ""Product Quality"": ""positive""}"
51839583449121,"ধন্যবাদ অল্প টাকার মধ্যে, ভালো একটি প্রোডাক্ট পেলাম ।আপনারা যদি নিতে চান তাহলে নিতে পারেন ।","ধন্যবাদ অল্প টাকার মধ্যে , ভালো একটি প্রোডাক্ট পেলাম । আপনারা যদি নিতে চান তাহলে নিতে পারেন ।",price_positive#product_quality_positive,Positive,"Price, Product Quality","{""Price"": ""positive"", ""Product Quality"": ""positive""}"
53454301349121,অনেক ভালো ছিল এটা এটার সাহায্যে গান শোনো যায় আবার ফোন চার্জও দেওয়া যায়। চাইলে নিতে পারেন,অনেক ভালো ছিল এটা এটার সাহায্যে গান শোনো যায় আবার ফোন চার্জ ও দেওয়া যায় । চাইলে নিতে পারেন,product_quality_positive,Positive,Product Quality,"{""Product Quality"": ""positive""}"
53642271949121,আমি অনেক দিন থেকে ব্যবহার করার পর রিভিও দিচ্ছি সত্য আমার এই দামের ভিতরে ভালো পণ্য দিয়েছে,আমি অনেক দিন থেকে ব্যবহার করার পর রিভি ও দিচ্ছি সত্য আমার এই দামের ভিতরে ভালো পণ্য দিয়েছে,price_positive#product_quality_positive,Positive,"Price, Product Quality","{""Price"": ""positive"", ""Product Quality"": ""positive""}"
52459718049121,আলহামদুলিল্লাহ প্রোডাক্ট ভালো আপনারা চাইলে নিতে পারেন ধন্যবাদ সেলার কে ধন্যবাদ দারাজ কে,আলহামদুলিল্লাহ প্রোডাক্ট ভালো আপনারা চাইলে নিতে পারেন ধন্যবাদ সেলার কে ধন্যবাদ দারাজ কে,product_quality_positive,Positive,Product Quality,"{""Product Quality"": ""positive""}"
54238475249121,"এত কম দামে এত অসাধারণ চিন্তা করেনি 
 বাজারে এটা কিনতে গেলে সাড়ে তিন চার পড়বে",এত কম দামে এত অসাধারণ চিন্তা করেনি বাজারে এটা কিনতে গেলে সাড়ে তিন চার পড়বে,price_positive#product_quality_positive,Positive,"Price, Product Quality","{""Price"": ""positive"", ""Product Quality"": ""positive""}"
54448168949121,"পাঁচ দিন পর রিভিউ দিচ্ছি, সব কিছু ভালোই বাট ১ ঘণ্টার বেশি চার্জ থাকে না।","পাঁচ দিন পর রিভিউ দিচ্ছি , সব কিছু ভালোই বাট ১ ঘণ্টার বেশি চার্জ থাকে না ।",product_quality_positive,Positive,Product Quality,"{""Product Quality"": ""positive""}"
52307227849121,একবারে ফাল্তু চার্জ তো টিকে না আর চার্জে দিলে এই রকম লাইট চালু হয়ে থাকে,একবারে ফাল্তু চার্জ তো টিকে না আর চার্জে দিলে এই রকম লাইট চালু হয়ে থাকে,product_quality_negative,Negative,Product Quality,"{""Product Quality"": ""negative""}"
52937044049121,"জিনিসটা অনেক সুন্দর সাউন্ড কোয়ালিটি অনেক ভালো,,,, আপনার নিতে পারেন ❤️","জিনিস টা অনেক সুন্দর সাউন্ড কোয়ালি টি অনেক ভালো , আপনার নিতে পারেন",product_quality_positive,Positive,Product Quality,"{""Product Quality"": ""positive""}"
51125808849121,"আলহামদুলিল্লাহ অনেক ভালো প্রোডাক্ট, সবাই এই সপ থেকে নিতে পারেন","আলহামদুলিল্লাহ অনেক ভালো প্রোডাক্ট , সবাই এই সপ থেকে নিতে পারেন",product_quality_positive,Positive,Product Quality,"{""Product Quality"": ""positive""}"
54797363549121,আলহামদুলিল্লাহ অনেক ভালো চাইলে নিতে পারেন 3 দিন পর রিভিউ দিলাম,আলহামদুলিল্লাহ অনেক ভালো চাইলে নিতে পারেন 3 দিন পর রিভিউ দিলাম,product_quality_positive,Positive,Product Quality,"{""Product Quality"": ""positive""}"
53927338349121,অনেক ভালো কিন্তু চাজ একটু কম থাকে ডেলিভারি ম্যান ও অনেক ভালো,অনেক ভালো কিন্তু চাজ একটু কম থাকে ডেলিভারি ম্যান ও অনেক ভালো,delivery_positive#product_quality_positive,Positive,"Delivery, Product Quality","{""Delivery"": ""positive"", ""Product Quality"": ""positive""}"
52817409549121,সব কিছু ঠিকঠাক বাট চার্জিং সার্ভিস টা খারাপ আর সব কিছু ভালো,সব কিছু ঠিকঠাক বাট চার্জিং সার্ভিস টা খারাপ আর সব কিছু ভালো,product_quality_positive,Positive,Product Quality,"{""Product Quality"": ""positive""}"
54673362849121,প্রোডাক্টটা খুবই ভালো হয়েছে চার্জিং পারফরমেন্স টা ভালো আছে,প্রোডাক্ট টা খুবই ভালো হয়েছে চার্জিং পারফরমেন্স টা ভালো আছে,product_quality_positive,Positive,Product Quality,"{""Product Quality"": ""positive""}"
52723793249121,আলহামদুলিল্লাহ ভালো সাউন্ড কোয়ালিটি ভালো চাইলে নিতে পারেন,আলহামদুলিল্লাহ ভালো সাউন্ড কোয়ালি টি ভালো চাইলে নিতে পারেন,product_quality_positive,Positive,Product Quality,"{""Product Quality"": ""positive""}"
54163695949121,টাকার অনুযায়ী জিনিসটা ভালো কিন্তু চার্জার খারাপ ছিল।,টাকার অনুযায়ী জিনিস টা ভালো কিন্তু চার্জার খারাপ ছিল ।,price_positive#product_quality_positive,Positive,"Price, Product Quality","{""Price"": ""positive"", ""Product Quality"": ""positive""}"
54240219649121,সাউন্ড কোয়ালিটি মোটামুটি ভালো একটাতে কম একটাতে বেশি,সাউন্ড কোয়ালি টি মোটামুটি ভালো একটাতে কম একটাতে বেশি,product_quality_neutral,Neutral,Product Quality,"{""Product Quality"": ""neutral""}"
53159474949121,যেমন দেখেছি তেমনি পেয়েছে খুব ভালো সবাই নিতে পারেন...,যেমন দেখেছি তেমনি পেয়েছে খুব ভালো সবাই নিতে পারেন.,product_quality_positive,Positive,Product Quality,"{""Product Quality"": ""positive""}"
53322822249121,মোটামুটি আনন্দময় ও ভালো কিন্তু সাউন্ড টা একটু কম,মোটামুটি আনন্দময় ও ভালো কিন্তু সাউন্ড টা একটু কম,product_quality_neutral,Neutral,Product Quality,"{""Product Quality"": ""neutral""}"
51981313249121,"দাম অনুযায়ী ঠিক আছে। 
সাউন্ড কোয়ালিটি মোটামুটি",দাম অনুযায়ী ঠিক আছে । সাউন্ড কোয়ালি টি মোটামুটি,price_neutral#product_quality_neutral,Neutral,"Price, Product Quality","{""Price"": ""neutral"", ""Product Quality"": ""neutral""}"
54530019249121,অনেক সময় চার্জ থাকে।খুবই ভালো সাউন্ড কোয়ালিটি,অনেক সময় চার্জ থাকে । খুবই ভালো সাউন্ড কোয়ালি টি,product_quality_positive,Positive,Product Quality,"{""Product Quality"": ""positive""}"
44350793677231,ভাই বাটপার ওরা।।।আমি রিটান করসি আমাকে অন্য খারাপ প্রদাক দিসে,ভাই বাটপার ওরা । আমি রিটান করসি আমাকে অন্য খারাপ প্রদাক দিসে,product_quality_negative,Negative,Product Quality,"{""Product Quality"": ""negative""}"
54666240290425,পাওয়ার ব্যাংক তো চার্জ একদিন চলে না,পাওয়ার ব্যাংক তো চার্জ একদিন চলে না,product_quality_negative,Negative,Product Quality,"{""Product Quality"": ""negative""}"
52421094290425,ভালোই মনে হচ্ছে বাজেট অনুযায়ী।,ভালোই মনে হচ্ছে বাজেট অনুযায়ী ।,price_positive#product_quality_positive,Positive,"Price, Product Quality","{""Price"": ""positive"", ""Product Quality"": ""positive""}"
51666701490425,এই পণ্যটা ঝামেলা আছে ভাই,এই পণ্য টা ঝামেলা আছে ভাই,product_quality_negative,Negative,Product Quality,"{""Product Quality"": ""negative""}"
52059128690425,একেবারে খারাপ বলবো না। আবার ভালো সেটাও না। দামটা একটু বেশি সাড়ে ৪০০ থেকে ৫৫০ ভিতরে হলে ভালো হতো। প্রিমিয়াম একটা ভাব থাকলেও সাউন্ড কোয়ালিটি অতটাও ভালো না । বাট ওপেন করলে পপ আপ উইন্ডো কাজ করে না শুধুমাত্র ব্লুটুথ কানেক্টর পর কানেকশনের ওইখানে কতটুকু চার্জ আছে সেটা দেখায়। তাছাড়া কপি প্রোডাক্ট হলেও আরো যেসব এডভান্স ফিচার থাকার কথা সেগুলো নাই । যারা আরেকটু বাজেট এরেঞ্জ করতে পারবেন তারা দুবাই কপির অন্য ভার্সন টা নিতে পারেন। একটু খোঁজাখুঁজি করলে পেয়ে যাবেন । তবে সেলার অনেক আন্তরিক🥰,একেবারে খারাপ বলবো না । আবার ভালো সেটা ও না । দাম টা একটু বেশি সাড়ে ৪০০ থেকে ৫৫০ ভিতরে হলে ভালো হতো । প্রিমিয়াম একটা ভাব থাকলে ও সাউন্ড কোয়ালি টি অতটা ও ভালো না । বাট ওপেন করলে পপ আপ উইন্ডো কাজ করে না শুধুমাত্র ব্লুটুথ কানেক্টর পর কানেকশনের ওইখানে কতটুকু চার্জ আছে সে টা দেখায় । তাছাড়া কপি প্রোডাক্ট হলে ও আরো যেসব এডভান্স ফিচার থাকার কথা সে গুলো নাই । যারা আরেকটু বাজেট এরেঞ্জ করতে পারবেন তারা দুবাই কপির অন্য ভার্সন টা নিতে পারেন । একটু খোঁজাখুঁজি করলে পেয়ে যাবেন । তবে সেলার অনেক আন্তরিক,price_negative#product_quality_negative#product_quality_neutral,Negative,"Price, Product Quality","{""Price"": ""negative"", ""Product Quality"": ""neutral""}"
54696777490425,ভালো তবে বাম কানের টায় ডান কানের টার তুলনায় একটু কম শব্দ হয় 😭,ভালো তবে বাম কানের টায় ডান কানের টার তুলনায় একটু কম শব্দ হয়,product_quality_neutral,Neutral,Product Quality,"{""Product Quality"": ""neutral""}"
51931529990425,"প্রোডাক্ট টা সময় মতো পাটানোর জন্য ধন্যবাদ।
কোয়ালিটি টা আলহামদুলিল্লাহ ভালো আছে।
আর ডেলিভারি ম্যান টা যথেষ্ট ভালো ছিলো।সব মিলিয়ে আমি রেটিং দিবো ১০/১০",প্রোডাক্ট টা সময় মতো পাটানোর জন্য ধন্যবাদ । কোয়ালি টি টা আলহামদুলিল্লাহ ভালো আছে । আর ডেলিভারি ম্যান টা যথেষ্ট ভালো ছিলো । সব মিলিয়ে আমি রেটিং দিবো ১০ ১০,delivery_positive#product_quality_negative#product_quality_positive,Positive,"Delivery, Product Quality","{""Delivery"": ""positive"", ""Product Quality"": ""positive""}"
52592548590425,পণ্য টি অনেক ভালো কথায় কাজে ১০০% মিল আছে আপনারা চাইলে নিতে পারেন কোন সমস্যা নায়। চার্জের ব্যাকআপ দারুণ।,পণ্য টি অনেক ভালো কথায় কাজে ১০০ মিল আছে আপনারা চাইলে নিতে পারেন কোন সমস্যা নায় । চার্জের ব্যাকআপ দারুণ ।,product_quality_positive,Positive,Product Quality,"{""Product Quality"": ""positive""}"
52376614190425,"আলহামদুলিল্লাহ  অনেক ভালোমানের  প্রোডাক্ট পাইছি আপনারা  নিতে পারেন, 🥰 ডেলিভারি ম্যান এর ব্যবহার অনেক ভালো ছিলো","আলহামদুলিল্লাহ অনেক ভালোমানের প্রোডাক্ট পাইছি আপনারা নিতে পারেন , ডেলিভারি ম্যান এর ব্যবহার অনেক ভালো ছিলো",seller_service_positive#delivery_positive#product_quality_positive,Positive,"Delivery, Product Quality, Seller Service","{""Seller Service"": ""positive"", ""Delivery"": ""positive"", ""Product Quality"": ""positive""}"
52405304590425,"প্রোডাক্টটি অনেক ভালো ছিল, ঠিক যেমনটি চেয়েছিলাম তেমনটাই পেয়েছি, সাউন্ড কোয়ালিটি সুপার,আমি আরেকটা অর্ডার দিব, ধন্যবাদ সেলার ভাইকে।","প্রোডাক্ট টি অনেক ভালো ছিল , ঠিক যেমন টি চেয়েছিলাম তেমনটাই পেয়েছি , সাউন্ড কোয়ালি টি সুপার , আমি আরেক টা অর্ডার দিব , ধন্যবাদ সেলার ভাইকে ।",product_quality_positive,Positive,Product Quality,"{""Product Quality"": ""positive""}"
52347486290425,"এই বাজেটে মোটামুটি অনেক ভালো চাইলে নিতে পারেন সাউন্ড কোয়ালিটি ঠিকঠাক আছে,,চার্জ ব্যাকআপ অনেক ভালো পাইছি।","এই বাজেটে মোটামুটি অনেক ভালো চাইলে নিতে পারেন সাউন্ড কোয়ালি টি ঠিকঠাক আছে , , চার্জ ব্যাকআপ অনেক ভালো পাইছি ।",product_quality_positive,Positive,Product Quality,"{""Product Quality"": ""positive""}"
54535631790425,"একটা আজাইরা অনলাইন শপ।না আছে প্রফেশনালিজম,না আছে পলিসি, না আছে রেসপন্সিবিলিটি। এয়ারবাডস অর্ডার করার পর কাজ করছিলোনা বলে রিফান্ড করেছিলাম।শুধুমাত্রএকটা কল আসে।ক্লাসে থাকার কারণে পিক করতে পারিনি এরপর ৭ দিন পার হয়ে যায় না সেলার ইনফরমেশন ঠিক করে দেয়,না কোনো কল আসে প্রোডাক্ট রিটার্নের জন্য। এরপর ভোক্তা অধিকারে মামলা করার পর এসে রিটার্ন নিয়ে যায়।এখন আবার নাকি রিফান্ড ক্যানসেল হইছে।এত্তো আজাইরা হয়রানি কোথাও হইনাই।ভালো মানুষের মতো মামলা উইথড্র করছিলাম।এবার আর করবোনা সিওর।নট রেকমেন্ডেড এ্যাট অল।","একটা আজাইরা অনলাইন শপ । না আছে প্রফেশনালিজম , না আছে পলিসি , না আছে রেসপন্সিবিলি টি । এয়ারবাডস অর্ডার করার পর কাজ করছিলোনা বলে রিফান্ড করেছিলাম । শুধুমাত্রএক টা কল আসে । ক্লাসে থাকার কারণে পিক করতে পারিনি এরপর ৭ দিন পার হয়ে যায় না সেলার ইনফরমেশন ঠিক করে দেয় , না কোনো কল আসে প্রোডাক্ট রিটার্নের জন্য । এরপর ভোক্তা অধিকারে মামলা করার পর এসে রিটার্ন নিয়ে যায় । এখন আবার নাকি রিফান্ড ক্যানসেল হইছে । এত্তো আজাইরা হয়রানি কোথা ও হইনাই । ভালো মানুষের মতো মামলা উইথড্র করছিলাম । এবার আর করবোনা সিওর । নট রেকমেন্ডেড এ্যাট অল ।",seller_service_negative#product_quality_negative,Negative,"Product Quality, Seller Service","{""Seller Service"": ""negative"", ""Product Quality"": ""negative""}"
54049792390425,"মোটামুটি।গ্রেটার ছিল 2500/টাকার, সেটা ছিল অনন্য।এটা কিছুটা দুর্বল। যারা প্রথম নিবেন এবং হাই সাউন্ড পছন্দ করে তাদের জন্য ভাল।","মোটামুটি । গ্রেটার ছিল 2500 টাকার , সে টা ছিল অনন্য । এটা কিছুটা দুর্বল । যারা প্রথম নিবেন এবং হাই সাউন্ড পছন্দ করে তাদের জন্য ভাল ।",product_quality_neutral,Neutral,Product Quality,"{""Product Quality"": ""neutral""}"
52404647390425,"প্রোডাক্টটা খুবই ভালো, ঠিক যেমনটা চেয়েছি তেমনটাই পেয়েছি,সাউন্ড কোয়ালিটি সুপার, গান শুনলে মনে হয় হোম থিয়েটারে শুনছি,  ধন্যবাদ সেলার ভাইকে।","প্রোডাক্ট টা খুবই ভালো , ঠিক যেমন টা চেয়েছি তেমনটাই পেয়েছি , সাউন্ড কোয়ালি টি সুপার , গান শুনলে মনে হয় হোম থিয়েটারে শুনছি , ধন্যবাদ সেলার ভাইকে ।",product_quality_positive,Positive,Product Quality,"{""Product Quality"": ""positive""}"
51761739690425,"অসাধারণ প্রোডাক্ট, নেওয়ার চার ঘন্টা পরে রিভিউ দিচ্ছি এটার কোয়ালিটি অনেক ভালো সাউন্ড কোয়ালিটি অনেক ভালো এবং মোটামুটি কথা বলা যায়। চাইলে নিতে পারেন। ধন্যবাদ সেলার কে।","অসাধারণ প্রোডাক্ট , নেওয়ার চার ঘন্টা পরে রিভিউ দিচ্ছি এটার কোয়ালি টি অনেক ভালো সাউন্ড কোয়ালি টি অনেক ভালো এবং মোটামুটি কথা বলা যায় । চাইলে নিতে পারেন । ধন্যবাদ সেলার কে ।",product_quality_positive,Positive,Product Quality,"{""Product Quality"": ""positive""}"
54975502290425,সবাই ভাল বলছে তা টিক আছে সায়েন্ট বেশি দিলে একটা সমস্যা না হলে আমি ১০০ তে ১০০ দিতাম   ডেলিভারি ম্যান ব্যবহার ভাল ছিল,সবাই ভাল বলছে তা টিক আছে সায়েন্ট বেশি দিলে একটা সমস্যা না হলে আমি ১০০ তে ১০০ দিতাম ডেলিভারি ম্যান ব্যবহার ভাল ছিল,delivery_positive,Positive,Delivery,"{""Delivery"": ""positive""}"
55024088190425,"এয়ারপড্স টা দেখতে ভালোই এবং সাউন্ড কোয়ালিটি ও এই প্রাইজে ঠিকঠাক মেনে নেয়ার মতো, সব মিলিয়ে আমার ভালো লাগছে।
সেলার টা অনেক ভালো, এয়ারপড্স টা প্রথমে একটু সমস্যা ছিলো, সেলার কে জানানোর পরে উনি অনেক তারাতাড়ি এক্সচেঞ্জ করে দিছে।
সেলারের ব্যবহারে আমি সন্তুষ্ট। 
ধন্যবাদ ভাই।","এয়ারপড্স টা দেখতে ভালোই এবং সাউন্ড কোয়ালি টি ও এই প্রাইজে ঠিকঠাক মেনে নেয়ার মতো , সব মিলিয়ে আমার ভালো লাগছে । সেলার টা অনেক ভালো , এয়ারপড্স টা প্রথমে একটু সমস্যা ছিলো , সেলার কে জানানোর পরে উনি অনেক তারাতাড়ি এক্সচেঞ্জ করে দিছে । সেলারের ব্যবহারে আমি সন্তুষ্ট । ধন্যবাদ ভাই ।",seller_service_positive#product_quality_positive,Positive,"Product Quality, Seller Service","{""Seller Service"": ""positive"", ""Product Quality"": ""positive""}"
52532976890425,হ্যাঁ মোটামুটি ঠিক আছে আজকে হাতে পেলাম ব্যবহার করে দেখিয়ে। তারপরে বুঝতে পারব। সাউন্ড কোয়ালিটি এটা ভালো ছিল,হ্যাঁ মোটামুটি ঠিক আছে আজকে হাতে পেলাম ব্যবহার করে দেখিয়ে । তারপরে বুঝতে পারব । সাউন্ড কোয়ালি টি এটা ভালো ছিল,product_quality_positive,Positive,Product Quality,"{""Product Quality"": ""positive""}"
52248061690425,দারাজ এ অর্ডার দিতে ভয় পাচ্ছিলাম পরে ভয় ভেংগে সবার রিভিউ দেখে অর্ডার দিয়েছি।প্রোডাক্টি আজকে হাতে পেলাম খুব ভালো সাউন্ড কোয়ালিটি ও চার্জের ব্যাকআপও খুব ভালো পাচ্ছি।।সবাই নির্ভয়ে অর্ডার দিতে পারেন।।সেলারের ব্যাবহার ও খুব ভাল❤️‍🔥,দারাজ এ অর্ডার দিতে ভয় পাচ্ছিলাম পরে ভয় ভেংগে সবার রিভিউ দেখে অর্ডার দিয়েছি । প্রোডাক্ টি আজকে হাতে পেলাম খুব ভালো সাউন্ড কোয়ালি টি ও চার্জের ব্যাকআপ ও খুব ভালো পাচ্ছি । । সবাই নির্ভয়ে অর্ডার দিতে পারেন । । সেলারের ব্যাবহার ও খুব ভাল,seller_service_positive#product_quality_positive,Positive,"Product Quality, Seller Service","{""Seller Service"": ""positive"", ""Product Quality"": ""positive""}"
54987107490425,আলহামদুলিল্লাহ আমি যেটা মনে করছি তার চেয়েও বেশি ভালো একদিন সার্চ দিয়ে সাত দিন চলা যায় যারা এয়ারপোর্ট নিতে চান এই এয়ারপোর্ট  নিতে পারেন আলহামদুলিল্লাহ এয়ারপোর্ট টা  সেই,আলহামদুলিল্লাহ আমি যে টা মনে করছি তার চেয়ে ও বেশি ভালো একদিন সার্চ দিয়ে সাত দিন চলা যায় যারা এয়ারপোর্ট নিতে চান এই এয়ারপোর্ট নিতে পারেন আলহামদুলিল্লাহ এয়ারপোর্ট টা সেই,product_quality_positive,Positive,Product Quality,"{""Product Quality"": ""positive""}"
52368545190425,"প্রোডাক্ট কোয়ালিটি১০/১০
চার্জিং ব্যাকআপ ১০/৮
সেলার এর ব্যবহার ১০/১০
ডেলিভারি ম্যানের ব্যবহার ১০/১০
নির্দ্বিধায় প্রোডাক্টটি আপনারা কিনতে পারেন",প্রোডাক্ট কোয়ালিটি১০ ১০ চার্জিং ব্যাকআপ ১০ ৮ সেলার এর ব্যবহার ১০ ১০ ডেলিভারি ম্যানের ব্যবহার ১০ ১০ নির্দ্বিধায় প্রোডাক্ট টি আপনারা কিনতে পারেন,seller_service_positive#delivery_positive#product_quality_positive,Positive,"Delivery, Product Quality, Seller Service","{""Seller Service"": ""positive"", ""Delivery"": ""positive"", ""Product Quality"": ""positive""}"
50946019090425,২ দিন ব্যবহার করে তারপর রিভিউ দিলাম। খুব ভালো পন্যটি। ৭-৮ ঘন্টা চার্জ থাকে। সাউন্ড কোয়ালিটি খুব ভালো।,২ দিন ব্যবহার করে তারপর রিভিউ দিলাম । খুব ভালো পন্য টি । ৭-৮ ঘন্টা চার্জ থাকে । সাউন্ড কোয়ালি টি খুব ভালো ।,product_quality_positive,Positive,Product Quality,"{""Product Quality"": ""positive""}"
51953721290425,"আলহামদুলিল্লাহ  সেলার ভাই অরিজিনাল পোডাক্ট দেবার জন্য। 
অনেক সুন্দর একটা পোডাক্ট। আপনারা সবাই নিতে পারেন।আশা করি কেও হতাশ হবেন না। সাউন্ড  ১০০ তে ১০০।",আলহামদুলিল্লাহ সেলার ভাই অরিজিনাল পোডাক্ট দেবার জন্য । অনেক সুন্দর একটা পোডাক্ট । আপনারা সবাই নিতে পারেন । আশা করি কে ও হতাশ হবেন না । সাউন্ড ১০০ তে ১০০ ।,seller_service_positive#product_quality_positive,Positive,"Product Quality, Seller Service","{""Seller Service"": ""positive"", ""Product Quality"": ""positive""}"
54772794990425,"আলহামদুলিল্লাহ বিল কোয়ালিটি অনেক ভালো, তবে আমার কাছে মনে হয় বেইজ এবং সাউন্ড কম।স্পিকার ফেটে গেলে যেমন সাউন্ড শুনা যায় তেমন শুনতে লাগে","আলহামদুলিল্লাহ বিল কোয়ালি টি অনেক ভালো , তবে আমার কাছে মনে হয় বেইজ এবং সাউন্ড কম । স্পিকার ফেটে গেলে যেমন সাউন্ড শুনা যায় তেমন শুনতে লাগে",product_quality_neutral#product_quality_positive,Positive,Product Quality,"{""Product Quality"": ""positive""}"
52463559890425,খুবই স্টান্ডার্ড একটা প্রোডাক্ট।প্যাকেট খুলে মনেই হচ্ছিলো না যে এই দাম এ নিয়েছি এটা।বেজ খুবই ভালো দিচ্ছে।২ দিকের সাউন্ড কম্বিনেশন ও ঠিক আছে একদম।অল অভার সব দিক দিয়ে এই দামের মধ্যে উন্নত মানের প্রোডাক্টই বলা চলে।নিতে পারেন সবাই।,খুবই স্টান্ডার্ড একটা প্রোডাক্ট । প্যাকেট খুলে মনেই হচ্ছিলো না যে এই দাম এ নিয়েছি এটা । বেজ খুবই ভালো দিচ্ছে । ২ দিকের সাউন্ড কম্বিনেশন ও ঠিক আছে একদম । অল অভার সব দিক দিয়ে এই দামের মধ্যে উন্নত মানের প্রোডাক্টই বলা চলে । নিতে পারেন সবাই ।,price_positive#product_quality_positive,Positive,"Price, Product Quality","{""Price"": ""positive"", ""Product Quality"": ""positive""}"
52438223590425,দাম হিসাবে সাউন্ড কুয়ালিটি ভালোই।কিন্তু ডান কানের টায় একটু কম শোনা যাচ্ছে। চার্জের ব্যাকাপ কেমন দিবে এটায় দেখার বিষয়,দাম হিসাবে সাউন্ড কুয়ালি টি ভালোই । কিন্তু ডান কানের টায় একটু কম শোনা যাচ্ছে । চার্জের ব্যাকাপ কেমন দিবে এটায় দেখার বিষয়,price_positive#product_quality_neutral,Positive,"Price, Product Quality","{""Price"": ""positive"", ""Product Quality"": ""neutral""}"
53524559390425,"স্টেরিও সাউন্ড কাজ করে না ঠিক মতো, ডান পাশের সাউন্ড বাম পাশে, আর বাম পাশের সাউন্ড ডান পাশ দিয়ে আসে 😑","স্টেরি ও সাউন্ড কাজ করে না ঠিক মতো , ডান পাশের সাউন্ড বাম পাশে , আর বাম পাশের সাউন্ড ডান পাশ দিয়ে আসে",product_quality_negative,Negative,Product Quality,"{""Product Quality"": ""negative""}"
53072190190425,দুইদিন পর রিভিউ দিচ্ছি শেলার অসাধারণ ভালো এবং তার প্রোডাক্টটা অনেক ভালো অনলাইনে এমন ছেলার পাওয়া আসলেই মুশকিল আমি প্রোডাক্টটি পেয়ে অনেক সন্তুষ্ট।,দুইদিন পর রিভিউ দিচ্ছি শেলার অসাধারণ ভালো এবং তার প্রোডাক্ট টা অনেক ভালো অনলাইনে এমন ছেলার পাওয়া আসলেই মুশকিল আমি প্রোডাক্ট টি পেয়ে অনেক সন্তুষ্ট ।,seller_service_positive#product_quality_positive,Positive,"Product Quality, Seller Service","{""Seller Service"": ""positive"", ""Product Quality"": ""positive""}"
52430748990425,"সত্যি বলতে ইয়ার বাট টা অসাধারন, চার্জ ফুল সাউন্ডে 6ঘন্টা ,ও মিডিয়াম সাউন্ডে চালালে 8/9 চলে ,সেলার কে ধন্যবাদ এই প্রাইজে এই পন্য টি দেওয়ার জন্য","সত্যি বলতে ইয়ার বাট টা অসাধারন , চার্জ ফুল সাউন্ডে 6ঘন্ টা , ও মিডিয়াম সাউন্ডে চালালে 8 9 চলে , সেলার কে ধন্যবাদ এই প্রাইজে এই পন্য টি দেওয়ার জন্য",price_positive#product_quality_positive,Positive,"Price, Product Quality","{""Price"": ""positive"", ""Product Quality"": ""positive""}"
51875792490425,"আমি ২ দিন ব্যবহার করার পর রিভিউ দিচ্ছি।সাউন্ড কোয়ালিটি দারুণ। চার্জিং ব্যাকআপটা ও ভালো। এক কথায়,  প্রডাক্টটা অসাধারণ। সেলার ভাই এর ব্যবহারটা খুব ভালো লেগেছে। অসংখ্য ধন্যবাদ এত সুন্দর প্রোডাক্ট ডেলিভারি দেয়ার  জন্য।","আমি ২ দিন ব্যবহার করার পর রিভিউ দিচ্ছি । সাউন্ড কোয়ালি টি দারুণ । চার্জিং ব্যাকআপ টা ও ভালো । এক কথায় , প্রডাক্ট টা অসাধারণ । সেলার ভাই এর ব্যবহার টা খুব ভালো লেগেছে । অসংখ্য ধন্যবাদ এত সুন্দর প্রোডাক্ট ডেলিভারি দেয়ার জন্য ।",product_quality_positive,Positive,Product Quality,"{""Product Quality"": ""positive""}"
53467541090425,একদম বাজে সাউন্ড।দারাজ থেকে এটা কখনো আশা করি নাই এমন প্রোডাক্ট দিবে । প্রথমে রিটার্ন করছিলাম পরে আবার অর্ডার করছিলাম দুই দিনেই এক ই প্রোডাক্ট দিয়েছে 😅🥺,একদম বাজে সাউন্ড । দারাজ থেকে এটা কখনো আশা করি নাই এমন প্রোডাক্ট দিবে । প্রথমে রিটার্ন করছিলাম পরে আবার অর্ডার করছিলাম দুই দিনেই এক ই প্রোডাক্ট দিয়েছে,product_quality_negative,Negative,Product Quality,"{""Product Quality"": ""negative""}"
54403199990425,"মাঝে মাঝে ছেড়ে দেয়। ব্যাটারী ব্যাকাপ ভালো।তবে সাউন্ড অনেক কম।কেস ফুল চার্জ হলেও শো করেনা মাঝে মাঝে। কেসের চার্জার পিনটার বিল্ড কোয়ালিটি ভালো না। 
রেটিং -৫/১০.",মাঝে মাঝে ছেড়ে দেয় । ব্যাটারী ব্যাকাপ ভালো । তবে সাউন্ড অনেক কম । কেস ফুল চার্জ হলে ও শো করেনা মাঝে মাঝে । কেসের চার্জার পিনটার বিল্ড কোয়ালি টি ভালো না । রেটিং -৫ ১০.,product_quality_negative,Negative,Product Quality,"{""Product Quality"": ""negative""}"
53732595390425,"♥️♥️।   সাউন্ড খুব কম,🤐 ধামের তুলনায় প্রোডাক্ট ভালো হয়নি  যারা কিনবেন দয়া করে জেনে বুঝে কিনবেন অযথা টাকা নষ্ট করবেন না","। সাউন্ড খুব কম , ধামের তুলনায় প্রোডাক্ট ভালো হয়নি যারা কিনবেন দয়া করে জেনে বুঝে কিনবেন অযথা টাকা নষ্ট করবেন না",price_neutral#product_quality_negative,Negative,"Price, Product Quality","{""Price"": ""neutral"", ""Product Quality"": ""negative""}"
54740400990425,"৩ দিন ব্যবহার করার পর বলতেছি আমার কাছে সব দিক দিয়েই ভালো লাগছে এই দামে এর থেকে বেশী আশা করা যায় না,চার্জ দিক থেকে যথেষ্ট ভালো,দেখতে ও অনেক সুন্দর","৩ দিন ব্যবহার করার পর বলতেছি আমার কাছে সব দিক দিয়েই ভালো লাগছে এই দামে এর থেকে বেশী আশা করা যায় না , চার্জ দিক থেকে যথেষ্ট ভালো , দেখতে ও অনেক সুন্দর",price_positive#product_quality_positive,Positive,"Price, Product Quality","{""Price"": ""positive"", ""Product Quality"": ""positive""}"
54587426490425,অনেক ভালো প্রডাক্ট আপনারা চাইলে নিতে পারেন সাউন্ড কোয়ালিটি অনেক ভালো। চার্জ অনেক বেশি সময় থাকে। এক কথা অসাধারণ একটি প্রডাক্ট।,অনেক ভালো প্রডাক্ট আপনারা চাইলে নিতে পারেন সাউন্ড কোয়ালি টি অনেক ভালো । চার্জ অনেক বেশি সময় থাকে । এক কথা অসাধারণ একটি প্রডাক্ট ।,product_quality_positive,Positive,Product Quality,"{""Product Quality"": ""positive""}"
54698020690425,"দাম অনুযায়ী মোটামুটি ভাল আছে সবাই নিতে পারেন। 
এই দামে এর বেশি আশা করা যায় না। 
আর হ্যা এটা অর্জিনাল ভেবে কেউ নিবেন না এটা মাস্টার কপি।
এই পণ্যাটির অর্জিনাল দাম ৩০,০০০+(-)।","দাম অনুযায়ী মোটামুটি ভাল আছে সবাই নিতে পারেন । এই দামে এর বেশি আশা করা যায় না । আর হ্যা এটা অর্জিনাল ভেবে কেউ নিবেন না এটা মাস্টার কপি । এই পণ্যাটির অর্জিনাল দাম ৩০ , ০ - ।",price_positive,Positive,Price,"{""Price"": ""positive""}"
50770477190425,"প্রোডাক্টটা যেমন চাইছিস সেরকম পাইছি। সাউন্ড কোয়ালিটি ভালো, এই দামে জিনিসটা  অসাধারণ বলা যায়।","প্রোডাক্ট টা যেমন চাইছিস সেরকম পাইছি । সাউন্ড কোয়ালি টি ভালো , এই দামে জিনিস টা অসাধারণ বলা যায় ।",price_positive#product_quality_positive,Positive,"Price, Product Quality","{""Price"": ""positive"", ""Product Quality"": ""positive""}"
53979812890425,"আমি একটা কিনছি আজকেই, আমারটা দেখে আর এক বন্ধু তার জন্য একটা অর্ডার দিতে বলছে! 
ভালো প্রডাক্ট","আমি একটা কিনছি আজকেই , আমার টা দেখে আর এক বন্ধু তার জন্য একটা অর্ডার দিতে বলছে ! ভালো প্রডাক্ট",product_quality_positive,Positive,Product Quality,"{""Product Quality"": ""positive""}"
54700170090425,ফালতু একটা জিনিস সাউন্ড সিস্টেম ভালো না। সবাইকে না নেওয়ার পরামর্শ দিচ্ছি। টাকা জলে দিচ্ছি।,ফালতু একটা জিনিস সাউন্ড সিস্টেম ভালো না । সবাইকে না নেওয়ার পরামর্শ দিচ্ছি । টাকা জলে দিচ্ছি ।,product_quality_negative,Negative,Product Quality,"{""Product Quality"": ""negative""}"
54090095290425,দুই দিন ব্যবহার করে খুব ভাল মনে হয়েছে।ডেলিভারি ম্যান ও ভাল ছিল।টাকার হিসেবে খুব ভালই বলবো।,দুই দিন ব্যবহার করে খুব ভাল মনে হয়েছে । ডেলিভারি ম্যান ও ভাল ছিল । টাকার হিসেবে খুব ভালই বলবো ।,delivery_positive#product_quality_positive,Positive,"Delivery, Product Quality","{""Delivery"": ""positive"", ""Product Quality"": ""positive""}"
54647079790425,প্রোডাক্ট কোয়ালিটি ভালো। কিন্তু এক্টিভ নোয়েস ক্যান্সিলেশন থাকলে আরো ভালো হত,প্রোডাক্ট কোয়ালি টি ভালো । কিন্তু এক্টিভ নোয়েস ক্যান্সিলেশন থাকলে আরো ভালো হত,product_quality_positive,Positive,Product Quality,"{""Product Quality"": ""positive""}"
54952552690425,এই এয়ারপডস ভালো কিন্তু আইফোন এ এয়ারপোড আর ব্যাটারী বার বার আলাদা দেখাই,এই এয়ারপডস ভালো কিন্তু আইফোন এ এয়ারপোড আর ব্যাটারী বার বার আলাদা দেখাই,product_quality_positive,Positive,Product Quality,"{""Product Quality"": ""positive""}"
52297810490425,"ডেলিভারি ম্যান খুবই বাজে ছিল 

অনেক কাহিনি করে প্রডাক্ট ডেলিভারি করেছে",ডেলিভারি ম্যান খুবই বাজে ছিল অনেক কাহিনি করে প্রডাক্ট ডেলিভারি করেছে,delivery_negative,Negative,Delivery,"{""Delivery"": ""negative""}"
52885774590425,১০০/১০০ পাওয়ার যোগ্য এয়ারপডটু এই মূল্যে চোখ বন্ধ৷ করে নিতে পারেন সবাই,১০০ ১০০ পাওয়ার যোগ্য এয়ারপডটু এই মূল্যে চোখ বন্ধ৷ করে নিতে পারেন সবাই,price_positive#product_quality_positive,Positive,"Price, Product Quality","{""Price"": ""positive"", ""Product Quality"": ""positive""}"
54947075190425,প্রোডাক্ট ভালো ছিলো আমি ইউজ করছি খুবই ভালো সাউন্ড কোয়ালিটি ভালো ছিলো,প্রোডাক্ট ভালো ছিলো আমি ইউজ করছি খুবই ভালো সাউন্ড কোয়ালি টি ভালো ছিলো,product_quality_positive,Positive,Product Quality,"{""Product Quality"": ""positive""}"
52442695690425,দারাজে যত অর্ডার করছি জীবনে এটা সর্বোচ্চ অনেক সুন্দর একটা প্রোডাক্ট,দারাজে যত অর্ডার করছি জীবনে এটা সর্বোচ্চ অনেক সুন্দর একটা প্রোডাক্ট,product_quality_positive,Positive,Product Quality,"{""Product Quality"": ""positive""}"
54667604590425,আমাকে খুবি বাজে জিনিস দিয়েছে একটাত চাওন কম আরেকটাতঠিক আছে  😫😫😫,আমাকে খুবি বাজে জিনিস দিয়েছে একটাত চাওন কম আরেকটাতঠিক আছে,product_quality_negative,Negative,Product Quality,"{""Product Quality"": ""negative""}"
53375928890425,দাম হিসেবে ভালোই আছে। কোয়ালিটিসম্পন প্রোডাক্ট। টাকা বৃথা যায় নি।,দাম হিসেবে ভালোই আছে । কোয়ালিটিসম্পন প্রোডাক্ট । টাকা বৃথা যায় নি ।,price_positive#product_quality_positive,Positive,"Price, Product Quality","{""Price"": ""positive"", ""Product Quality"": ""positive""}"
52347272290425,এটাও ভালই দেখে বোঝা যাচ্ছে পারফেক্ট আছে কিন্তু এখনো ব্যবহার করিনি,এটা ও ভালই দেখে বোঝা যাচ্ছে পারফেক্ট আছে কিন্তু এখনো ব্যবহার করিনি,product_quality_positive,Positive,Product Quality,"{""Product Quality"": ""positive""}"
52293600390425,যত ভালো মনে করেছিলাম ততটা ভালো না...৩৫০ থেকে ৪০০ টাকা ঠিক আছে...,যত ভালো মনে করেছিলাম তত টা ভালো না.৩৫০ থেকে ৪০০ টাকা ঠিক আছে.,price_negative#product_quality_negative,Negative,"Price, Product Quality","{""Price"": ""negative"", ""Product Quality"": ""negative""}"
52021139790425,"থ্যাংক ইউ দারাজ কে একটা ভালো মানের প্রোডাক্ট দেওয়ার জন্য,,,","থ্যাংক ইউ দারাজ কে একটা ভালো মানের প্রোডাক্ট দেওয়ার জন্য ,",product_quality_positive,Positive,Product Quality,"{""Product Quality"": ""positive""}"
53302480090425,"রিটার্ন দেওয়ার সুযোগ আছে? 
এটা খুবই বাজে একটা প্রোডাক্ট।",রিটার্ন দেওয়ার সুযোগ আছে ? এটা খুবই বাজে একটা প্রোডাক্ট ।,product_quality_negative,Negative,Product Quality,"{""Product Quality"": ""negative""}"
51884091290425,খুবই ভালো প্রোডাক্ট। সেলারের ব্যবহার অসাধারণ। রেকমেন্ডেড।,খুবই ভালো প্রোডাক্ট । সেলারের ব্যবহার অসাধারণ । রেকমেন্ডেড ।,product_quality_positive,Positive,Product Quality,"{""Product Quality"": ""positive""}"
52804398190425,এমনেতে সব কিছু ঠিক আছে কিন্তো কথা একটু জুরে বলা লাগে,এমনেতে সব কিছু ঠিক আছে কিন্তো কথা একটু জুরে বলা লাগে,product_quality_positive,Positive,Product Quality,"{""Product Quality"": ""positive""}"
52671140890425,চার্জ বেকাপ হাই কোয়ালিটি সাওন্ড ও চাহিদা অনুযায়ী,চার্জ বেকাপ হাই কোয়ালি টি সাওন্ড ও চাহিদা অনুযায়ী,product_quality_positive,Positive,Product Quality,"{""Product Quality"": ""positive""}"
52336399590425,চাইলে নিতে পারেন! দাম হিসেবে প্রোডাক্ট ভালোই। 🖤,চাইলে নিতে পারেন ! দাম হিসেবে প্রোডাক্ট ভালোই ।,price_positive#product_quality_positive,Positive,"Price, Product Quality","{""Price"": ""positive"", ""Product Quality"": ""positive""}"
54742821690425,"একদম বাজে। 🤮
৭ দিন চালাইতে পারিনি 😤😤😤😤😤😤",একদম বাজে । ৭ দিন চালাইতে পারিনি,product_quality_negative,Negative,Product Quality,"{""Product Quality"": ""negative""}"
52482702290425,আলহামদুলিল্লাহ প্রোডাক্ট টি খুব ভাল পেয়েছি,আলহামদুলিল্লাহ প্রোডাক্ট টি খুব ভাল পেয়েছি,product_quality_positive,Positive,Product Quality,"{""Product Quality"": ""positive""}"
51887168790425,অনেক সুন্দর প্রোডাক্ট টা সবাই নিতে পারেন,অনেক সুন্দর প্রোডাক্ট টা সবাই নিতে পারেন,product_quality_positive,Positive,Product Quality,"{""Product Quality"": ""positive""}"
51936921790425,"বেস্ট প্রোডাক্ট, আমার কেনা বেস্ট টিডি এস।","বেস্ট প্রোডাক্ট , আমার কেনা বেস্ট টিডি এস ।",product_quality_positive,Positive,Product Quality,"{""Product Quality"": ""positive""}"
53179166590425,অনেক ভালো সবাই নিতে পারেন কথায় অসাধারণ,অনেক ভালো সবাই নিতে পারেন কথায় অসাধারণ,product_quality_positive,Positive,Product Quality,"{""Product Quality"": ""positive""}"
54872161290425,১ মিনিট ও চলে না অটো ডিস কানেক্ট হয়ে যায়,১ মিনিট ও চলে না অটো ডিস কানেক্ট হয়ে যায়,product_quality_negative,Negative,Product Quality,"{""Product Quality"": ""negative""}"
54535403290425,"টিক টাক আছে..  মোটামুটি
বাজেট মত টিক আছে",টিক টাক আছে.. মোটামুটি বাজেট মত টিক আছে,price_neutral#product_quality_positive,Positive,"Price, Product Quality","{""Price"": ""neutral"", ""Product Quality"": ""positive""}"
54537002490425,চার্জ ভালই থাকে। সাউন্ড কোয়ালিটিও ভালো।,চার্জ ভালই থাকে । সাউন্ড কোয়ালিটি ও ভালো ।,product_quality_positive,Positive,Product Quality,"{""Product Quality"": ""positive""}"
53127454390425,এটা খুব সুন্দর আপনারা এটা নিতে পারেন।,এটা খুব সুন্দর আপনারা এটা নিতে পারেন ।,product_quality_positive,Positive,Product Quality,"{""Product Quality"": ""positive""}"
53602730790425,যেমনটা আশা করছিলাম তেমনি পেয়েছি,যেমন টা আশা করছিলাম তেমনি পেয়েছি,product_quality_positive,Positive,Product Quality,"{""Product Quality"": ""positive""}"
52404328890425,এক কথায় অসাধারন একটা প্রোডাক্ট,এক কথায় অসাধারন একটা প্রোডাক্ট,product_quality_positive,Positive,Product Quality,"{""Product Quality"": ""positive""}"
53785160390425,ভালো হয়েছে অনেক অনেক সুন্দর,ভালো হয়েছে অনেক অনেক সুন্দর,product_quality_positive,Positive,Product Quality,"{""Product Quality"": ""positive""}"
52480880790425,ভালোই সব কিছু নিতে পারেন,ভালোই সব কিছু নিতে পারেন,product_quality_positive,Positive,Product Quality,"{""Product Quality"": ""positive""}"
54899869390425,মোটামুটি। তবে হাই বেস এর গান ফেটে ফেটে যায়,মোটামুটি । তবে হাই বেস এর গান ফেটে ফেটে যায়,product_quality_neutral,Neutral,Product Quality,"{""Product Quality"": ""neutral""}"
52433065490425,একদম ফালতু একটা এয়ারপড এই টাকা দিয়ে আরো অনেক ভালো এয়ারপড পাওয়া যাবে কেউ নিয়ে না ভাই নিলে একদম মারা টা খাবেন,একদম ফালতু একটা এয়ারপড এই টাকা দিয়ে আরো অনেক ভালো এয়ারপড পাওয়া যাবে কেউ নিয়ে না ভাই নিলে একদম মারা টা খাবেন,product_quality_negative,Negative,Product Quality,"{""Product Quality"": ""negative""}"
54149701314268,"একেবারেই বাজে যেমনটা দেখেছিলাম ছবির সাথে কোন মিল নাই আর বড় কেবল দেওয়ার কথা ছিল আমাকে দিয়েছে ছোট্ট ক্যাবল ডেলিভারি চার্জসহ ৪০০ টাকা পড়েছে এগুলা মার্কেটে ১৫০ থেকে ২০০ টাকাতে এভেলেবেল পাওয়া যায়,,","একেবারেই বাজে যেমন টা দেখেছিলাম ছবির সাথে কোন মিল নাই আর বড় কেবল দেওয়ার কথা ছিল আমাকে দিয়েছে ছোট্ট ক্যাবল ডেলিভারি চার্জসহ ৪০০ টাকা পড়েছে এগুলা মার্কেটে ১৫০ থেকে ২০০ টাকাতে এভেলেবেল পাওয়া যায় , ,",price_negative#product_quality_negative,Negative,"Price, Product Quality","{""Price"": ""negative"", ""Product Quality"": ""negative""}"
54433822914268,"হাতে পাওয়ার একসপ্তাহ পর রিভিউ দিলাম 
এটা মুটামুটি গানের অডিও ঠিক আছে, কিন্তু পোনে কারো সঙ্গে  কলে কথা বলা যায় না। তিনি কথা শুনেন স্পষ্ট।","হাতে পাওয়ার একসপ্তাহ পর রিভিউ দিলাম এটা মুটামু টি গানের অডিও ঠিক আছে , কিন্তু পোনে কারো সঙ্গে কলে কথা বলা যায় না । তিনি কথা শুনেন স্পষ্ট ।",product_quality_positive,Positive,Product Quality,"{""Product Quality"": ""positive""}"
54188691914268,"2 মাস ব্যবহার করার পর রিভিউ দিলাম ,, প্রোডাক্ট টা আমি যা আসা করছিলাম তার থেকে অনেক ভালো,, সাউন্ড কোয়ালিটি জোস চার্জ ব্যাকআপ অনেক ক্ষণ দেই অল্প টাকা বাজেট হলে এটা নিতে পারেন ,, ডেলিভারি ম্যান এর ব্যবহারটা অনেক ভালো ছিল✅","2 মাস ব্যবহার করার পর রিভিউ দিলাম , , প্রোডাক্ট টা আমি যা আসা করছিলাম তার থেকে অনেক ভালো , , সাউন্ড কোয়ালি টি জোস চার্জ ব্যাকআপ অনেক ক্ষণ দেই অল্প টাকা বাজেট হলে এটা নিতে পারেন , , ডেলিভারি ম্যান এর ব্যবহার টা অনেক ভালো ছিল",delivery_positive#price_positive#product_quality_positive,Positive,"Delivery, Price, Product Quality","{""Delivery"": ""positive"", ""Price"": ""positive"", ""Product Quality"": ""positive""}"
54410818514268,অসাধারণ কারন আমি অনলাইন থেকে নিতে ভয় পেয়েচ্ছিলাম পরে দেখি অসাধারণ সত্যি খুব সুন্দর খুব ভালো আপনারা চাইলে কিনতে পারেন,অসাধারণ কারন আমি অনলাইন থেকে নিতে ভয় পেয়েচ্ছিলাম পরে দেখি অসাধারণ সত্যি খুব সুন্দর খুব ভালো আপনারা চাইলে কিনতে পারেন,product_quality_positive,Positive,Product Quality,"{""Product Quality"": ""positive""}"
52763909714268,আমাকে যে হেডফোনটা দেওয়া আছে ব্লুটুথ একটা ইয়ারফোন নষ্ট হইছে এটা দয়া করে ঠিক কর নাই আপনারা আন্ত আমি ভালো পাই নাই আমি  দারাজ  অ্যাপস  প্রোডাক্টটা  ভালো দেয়নি,আমাকে যে হেডফোন টা দেওয়া আছে ব্লুটুথ একটা ইয়ারফোন নষ্ট হইছে এটা দয়া করে ঠিক কর নাই আপনারা আন্ত আমি ভালো পাই নাই আমি দারাজ অ্যাপস প্রোডাক্ট টা ভালো দেয়নি,product_quality_negative,Negative,Product Quality,"{""Product Quality"": ""negative""}"
52658638814268,"এয়ারপডস উচ্চ মানের অডিও প্রদান করে, যা সঙ্গীত, পডকাস্ট এবং ফোন কলের জন্য উপযুক্ত। এয়ারপডস প্রো মডেলগুলি অ্যাক্টিভ নয়েজ ক্যানসেলেশন (এএনসি) এবং ট্রান্সপারেন্সি মোডের সাথে আরও উন্নত অডিও
এয়ারপডস দীর্ঘস্থায়ী ব্যাটারি লাইফ প্রদান করে, যা ব্যবহারকারীদের দিনব্যাপী সঙ্গীত শোনা এবং কল করার সুবিধা দেয়","এয়ারপডস উচ্চ মানের অডিও প্রদান করে , যা সঙ্গীত , পডকাস্ট এবং ফোন কলের জন্য উপযুক্ত । এয়ারপডস প্রো মডেল গুলি অ্যাক্টিভ নয়েজ ক্যানসেলেশন এএনসি এবং ট্রান্সপারেন্সি মোডের সাথে আরও উন্নত অডিও এয়ারপডস দীর্ঘস্থায়ী ব্যাটারি লাইফ প্রদান করে , যা ব্যবহারকারীদের দিনব্যাপী সঙ্গীত শোনা এবং কল করার সুবিধা দেয়",product_quality_positive,Positive,Product Quality,"{""Product Quality"": ""positive""}"
52893637314268,আলহামদুলিল্লাহ হাতে পেয়ে অনেক খুশি হলাম ব্লুটুথ অনেক ভালো আছে আপনারা চাইলে নিতে পারেন দামের দিকে ঠিক আছে আর ডেলিভারিও বেশি দিন লাগবে না থ্যাঙ্ক ইউ দারাজ,আলহামদুলিল্লাহ হাতে পেয়ে অনেক খুশি হলাম ব্লুটুথ অনেক ভালো আছে আপনারা চাইলে নিতে পারেন দামের দিকে ঠিক আছে আর ডেলিভারি ও বেশি দিন লাগবে না থ্যাঙ্ক ইউ দারাজ,product_quality_positive,Positive,Product Quality,"{""Product Quality"": ""positive""}"
54261225614268,অর্ডার দিয়েছে একটা আর পর্ন পেয়েছি আর একটা আসলে দারাজ কখনো ভালো হবে না আমার টাকা দিয়ে যা **********। গালি দিলাম না যা,অর্ডার দিয়েছে একটা আর পর্ন পেয়েছি আর একটা আসলে দারাজ কখনো ভালো হবে না আমার টাকা দিয়ে যা । গালি দিলাম না যা,product_quality_negative,Negative,Product Quality,"{""Product Quality"": ""negative""}"
54183662014268,এখান থেকে প্রোডাক্টটা কেউ কিনবেন না আমি অর্ডার দিয়েছি একটা আমারে দিছে আরেকটা আমি যেটা অর্ডার দিয়েছিলাম দেখেন সেটার পিক লাস্টে দেওয়া আছে স্ক্রিনশট আর আমারে যেটা দিছে সেটার দেখেন ভিডিও এবং ছবি দেয়া আছে কিন্তু এটা একদম বলল ভুল চাইছে একটা দিছে আরেকটা কিন্তু সাউন্ডটা যায় মোটামুটি চলার মতো আমি আপনাদেরকে সাবধান করে দিলাম এইবার আপনার ইচ্ছা  যদি কেউ কিনেন তাহলে ভেবেচিন্তে কিনবেন,এখান থেকে প্রোডাক্ট টা কেউ কিনবেন না আমি অর্ডার দিয়েছি একটা আমারে দিছে আরেক টা আমি যে টা অর্ডার দিয়েছিলাম দেখেন সেটার পিক লাস্টে দেওয়া আছে স্ক্রিনশট আর আমারে যে টা দিছে সেটার দেখেন ভিডিও এবং ছবি দেয়া আছে কিন্তু এটা একদম বলল ভুল চাইছে একটা দিছে আরেক টা কিন্তু সাউন্ড টা যায় মোটামুটি চলার মতো আমি আপনাদেরকে সাবধান করে দিলাম এইবার আপনার ইচ্ছা যদি কেউ কিনেন তাহলে ভেবেচিন্তে কিনবেন,seller_service_negative#product_quality_negative,Negative,"Product Quality, Seller Service","{""Seller Service"": ""negative"", ""Product Quality"": ""negative""}"
54223520114268,আলহামদুলিল্লাহ যেমনটা ভাবছিলাম তার থেকে অনেক অনেক গুণ বেশি ভালো জিনিসটা পেয়েছি আপনারা চাইলে নিতে পারেন খুবই ভালো খুবই ভালো সার্ভিস দেয় করে কিন্তু একদম দারুন,আলহামদুলিল্লাহ যেমন টা ভাবছিলাম তার থেকে অনেক অনেক গুণ বেশি ভালো জিনিস টা পেয়েছি আপনারা চাইলে নিতে পারেন খুবই ভালো খুবই ভালো সার্ভিস দেয় করে কিন্তু একদম দারুন,product_quality_positive,Positive,Product Quality,"{""Product Quality"": ""positive""}"
52832952914268,"আলহামদুলিল্লাহ খুব দ্রুত প্রোডাক্ট হাতে পেয়েছি,
ফোনের সাথে খুব দ্রুত কানেক্ট হয়েছে মনে হচ্ছে ভালো হবে চালিয়ে দেখি আগে আবার রিভিউ দিব","আলহামদুলিল্লাহ খুব দ্রুত প্রোডাক্ট হাতে পেয়েছি , ফোনের সাথে খুব দ্রুত কানেক্ট হয়েছে মনে হচ্ছে ভালো হবে চালিয়ে দেখি আগে আবার রিভিউ দিব",product_quality_positive,Positive,Product Quality,"{""Product Quality"": ""positive""}"
54748737614268,সো এয়ারপোর্টটা খুবই ভালো সাউন্ড কোয়ালিটি বেস্ট চাইলে আপনিও নিতে পারেন অ্যান্ড ধন্যবাদ জানাই ধার আজকে এন্ড ডেলিভারি ম্যানকে,সো এয়ারপোর্ট টা খুবই ভালো সাউন্ড কোয়ালি টি বেস্ট চাইলে আপনি ও নিতে পারেন অ্যান্ড ধন্যবাদ জানাই ধার আজকে এন্ড ডেলিভারি ম্যানকে,delivery_positive#product_quality_positive,Positive,"Delivery, Product Quality","{""Delivery"": ""positive"", ""Product Quality"": ""positive""}"
50159808814268,মোটামুটি দামের জন্য ঠিক আছে কিন্তু সাউন্ড লেটে আছে শাওন মোটামুটি ভালো গেমিং করতে গেলে সাউন্ডটা পরে আছে |ভিডিওতে সাউন্ড পড়ে আছে প্রায় হাফ সেকেন্ড ধন্যবাদ দারাজ কে,মোটামুটি দামের জন্য ঠিক আছে কিন্তু সাউন্ড লেটে আছে শাওন মোটামুটি ভালো গেমিং করতে গেলে সাউন্ড টা পরে আছে | ভিডিওতে সাউন্ড পড়ে আছে প্রায় হাফ সেকেন্ড ধন্যবাদ দারাজ কে,price_positive#product_quality_positive,Positive,"Price, Product Quality","{""Price"": ""positive"", ""Product Quality"": ""positive""}"
50010026114268,আলহামদুলিল্লাহ খুবই ভালো ধন্যবাদ দারাজ খুবই ভালো প্রোডাক্ট না নিতে পারেন আরজে মোটামুটি ভালোই যায় অনুযায়ী ভালো,আলহামদুলিল্লাহ খুবই ভালো ধন্যবাদ দারাজ খুবই ভালো প্রোডাক্ট না নিতে পারেন আরজে মোটামুটি ভালোই যায় অনুযায়ী ভালো,product_quality_positive,Positive,Product Quality,"{""Product Quality"": ""positive""}"
54175164214268,"অণেক ভালো জিনিস চাইলে নিতে পারেন। কিন্ত  কথা ছিলো ওয়ারলেস হবে,ফিতা দেওয়ার কথা ছিলো কিছুই দেই নি। কম বাজেটে ভালো একটি পণ্য।","অণেক ভালো জিনিস চাইলে নিতে পারেন । কিন্ত কথা ছিলো ওয়ারলেস হবে , ফিতা দেওয়ার কথা ছিলো কিছুই দেই নি । কম বাজেটে ভালো একটি পণ্য ।",price_positive,Positive,Price,"{""Price"": ""positive""}"
54198336714268,"আলহামদুলিল্লাহ্, অনেক ভালো প্রোডাক্ট, সেলার অনেক তাড়াতাড়ি ডেলিভারি দিয়েছে, সাউন্ড কোয়ালিটিও অনেক ভালো, চার্জ ব্যাকাআপও ভালো, ওভারঅল সুন্দর একটা প্রোডাক্ট","আলহামদুলিল্লাহ্ , অনেক ভালো প্রোডাক্ট , সেলার অনেক তাড়াতাড়ি ডেলিভারি দিয়েছে , সাউন্ড কোয়ালিটি ও অনেক ভালো , চার্জ ব্যাকাআপ ও ভালো , ওভারঅল সুন্দর একটা প্রোডাক্ট",seller_service_positive#product_quality_positive,Positive,"Product Quality, Seller Service","{""Seller Service"": ""positive"", ""Product Quality"": ""positive""}"
54628670214268,"যেমন টা দেখাইছে মোটেও ঐ রকম না সাথে নেই বেল্ড চারজিং পয়েন্টার টাইপ সি, ডেলিভারি করা পন্যের সাথে ছবিতে দেখানো পণ্যের কোনো মিল নেই তাও আবার পণ্যটি ডাকনা স্পিং  ভাঙ্গা 
চারজার কেবল দিয়ে চার্জ ও হয়,না","যেমন টা দেখাইছে মোটে ও ঐ রকম না সাথে নেই বেল্ড চারজিং পয়েন্টার টাইপ সি , ডেলিভারি করা পন্যের সাথে ছবিতে দেখানো পণ্যের কোনো মিল নেই তাও আবার পণ্য টি ডাকনা স্পিং ভাঙ্গা চারজার কেবল দিয়ে চার্জ ও হয় , না",product_quality_negative,Negative,Product Quality,"{""Product Quality"": ""negative""}"
54238261914268,প্রোডাক্টের সাউন্ড কোয়ালিটি ভালো ছিল ।কিন্তু সেলার প্যাকেটিং টা আরেকটু উন্নত করা উচিত ছিল অন্ততপক্ষে একটা ছোট কাটনে দেওয়া উচিত ছিল ছয় পিস মাল যেহেতু ।পেকেট গুলো একবারে চুপসে গেছে।আর ভিতরে চার্জিং কট নাই কিন্তু ঝোলানোর জন্য ফিতা দেওয়া আছে এটা কোথায় লাগাবে,প্রোডাক্টের সাউন্ড কোয়ালি টি ভালো ছিল । কিন্তু সেলার প্যাকেটিং টা আরেকটু উন্নত করা উচিত ছিল অন্ততপক্ষে একটা ছোট কাটনে দেওয়া উচিত ছিল ছয় পিস মাল যেহেতু । পেকেট গুলো একবারে চুপসে গেছে । আর ভিতরে চার্জিং কট নাই কিন্তু ঝোলানোর জন্য ফিতা দেওয়া আছে এটা কোথায় লাগাবে,packaging_negative#product_quality_positive,Neutral,"Packaging, Product Quality","{""Packaging"": ""negative"", ""Product Quality"": ""positive""}"
54159587514268,আলহামদুলিল্লাহ প্রোডাক্টটা হাতে পাইছি একদিন ব্যবহার করা বার বুঝতে পারব কেমন সার্ভিস দিচ্ছেএকটা ফিতা ফ্রি ছিল ওইটা দেয় নাই,আলহামদুলিল্লাহ প্রোডাক্ট টা হাতে পাইছি একদিন ব্যবহার করা বার বুঝতে পারব কেমন সার্ভিস দিচ্ছেএক টা ফিতা ফ্রি ছিল ওই টা দেয় নাই,product_quality_positive,Positive,Product Quality,"{""Product Quality"": ""positive""}"
52723156714268,সাউন্ড কোয়ালিটি অনেক ভালো আনেক তারাতারি ডেলিভারি পাইছি এক কথায় বেস্ট আপনারাও চাইলে নিতে পারেন,সাউন্ড কোয়ালি টি অনেক ভালো আনেক তারাতারি ডেলিভারি পাইছি এক কথায় বেস্ট আপনারা ও চাইলে নিতে পারেন,product_quality_positive,Positive,Product Quality,"{""Product Quality"": ""positive""}"
