review_id,original_text,cleaned_text,sentiment,aspects_str,issue_aspects_str,aspect_polarities_str,label
53576661316421,"খুব ভালো একটি প্রোডাক্ট । ভালো সাউন্ড কোয়ালিটি। চার্জ ও ভালো টিকে, লুক ও ভালো। কিন্তু অল্প সময়ে কানে ব্যাথা ধরে যায়।",খুব ভালো প্রোডাক্ট ভালো সাউন্ড কোয়ালিটি চার্জ ও ভালো টিকে লুক ও ভালো অল্প সময়ে কানে ব্যাথা ধরে যায়,Positive,Product Quality,,product_quality_positive,product_quality_positive
52724795316421,নষ্ট প্রোডাক্ট দিছে। বক্সে চার্জ হয় কিন্তু বার্ডে চার্জ ও হয় না ওন ও হয়না। প্যাকেজিং ও বাজে ছিলো। প্রোডাক্ট দেখেই মনে হচ্ছিল ইউজড। এখন রিটার্ন করা ছাড়া উপাই নাই।,নষ্ট প্রোডাক্ট দিছে বক্সে চার্জ হয় বার্ডে চার্জ ও হয় ওন ও হয়না প্যাকেজিং ও বাজে ছিলো প্রোডাক্ট দেখেই মনে হচ্ছিল ইউজড রিটার্ন ছাড়া উপাই নাই,Negative,Packaging;Product Quality,Packaging;Product Quality,packaging_negative;product_quality_negative,packaging_negative#product_quality_negative
52702994116421,"আলহামদুলিল্লাহ্। যেমন চেয়েছি তেমনই পেয়েছি 
এবং ডেলিভারি ম্যান ভাইটি অনেক ভালো ছিলো
সবাই নিতে পারেন",আলহামদুলিল্লাহ্ চেয়েছি তেমনই পেয়েছি ডেলিভারি ম্যান ভাইটি ভালো ছিলো সবাই নিতে পারেন,Positive,Delivery;Product Quality,,delivery_positive;product_quality_positive,delivery_positive#product_quality_positive
53392045716421,"খুবই ভালো এ দামের ভিতরে এর চেয়ে বেশি আশা করা যায় না সাউন কোয়ালিটি ভালোই ছিল, এখন চার্জ কিরকম থাকে এটা ইউজ করার পরে বুঝতে পারব তবে মোটামুটি অনেক ভালোই ছিল ধন্যবাদ সেলারকে।",খুবই ভালো এ দামের ভিতরে এর চেয়ে আশা যায় সাউন কোয়ালিটি ভালোই চার্জ কিরকম এটা ইউজ করার বুঝতে পারব মোটামুটি ভালোই ধন্যবাদ সেলারকে,Positive,Price;Product Quality,,price_positive;product_quality_positive,price_positive#product_quality_positive
54826942616421,এই পন্য টা মোটামুটি ভালো কিন্তু ব্যটারি বেকাপ ভালো না সাউন্ড কোয়ালিটি ও কম। অনেক খন ব্যবহার করলে কান ব্যাথা করে তাই সবাই কে বলবো একটু বুঝে শুনে কিনুন ✅,পন্য টা মোটামুটি ভালো ব্যটারি বেকাপ ভালো সাউন্ড কোয়ালিটি ও খন ব্যবহার করলে কান ব্যাথা তাই সবাই বলবো বুঝে শুনে কিনুন,Neutral,Product Quality,,product_quality_neutral,product_quality_neutral
53860378216421,"ভাই এটা অনেক ভালো ছিল,কিন্তু আমি এটা প্রথমে আন করতে পারিনি এরপর আমি সব পলিথিন সরানোর পরে অন হয়েছে। আমি এটা পছন্দ করেছি কিন্তু আমার থেকে ডেলিভারিটা অনেক লেট হয়েছে। তাই রেটিং কম দিলাম 😅।",ভাই এটা ভালো আমি এটা প্রথমে আন করতে পারিনি এরপর আমি পলিথিন সরানোর অন হয়েছে আমি এটা পছন্দ করেছি ডেলিভারিটা লেট হয়েছে তাই রেটিং দিলাম,Neutral,Delivery;Product Quality,Delivery,delivery_negative;product_quality_positive,delivery_negative#product_quality_positive
52751081516421,"যথেষ্ট ভালো প্রডাক্ট,,,  সাউন কয়ালিটি ও ডারুন,, কিন্তু চার্জ  কম থাকে😴।   টেনে টুনে সাড়ে তিন ঘন্টাই ব্যাকাপ পাওয়া যায় ,, এর ছাড়াও প্রড্যক্ট ভালো।  

চাইলে নিতে পারেন,,😘",যথেষ্ট ভালো প্রডাক্ট সাউন কয়ালিটি ও ডারুন চার্জ টেনে টুনে সাড়ে তিন ঘন্টাই ব্যাকাপ পাওয়া যায় এর ছাড়াও প্রড্যক্ট ভালো চাইলে নিতে পারেন,Positive,Product Quality,,product_quality_positive,product_quality_positive
52125341416421,আলহামদুলিল্লাহ অনেক ভালো চাইলে নিতে পারেন কোন সমস্যা নাই এই প্রোডাক্টটি পাঁচ দিনের মাথায় আমি আমার হাতে পেয়েছি হাতে পেয়ে দেখলাম অনেক ভালো,আলহামদুলিল্লাহ ভালো চাইলে নিতে পারেন সমস্যা নাই প্রোডাক্টটি পাঁচ দিনের মাথায় আমি হাতে পেয়েছি হাতে পেয়ে দেখলাম ভালো,Neutral,Delivery;Product Quality,Delivery,delivery_negative;product_quality_positive,delivery_negative#product_quality_positive
52834515016421,"এর মতোন বাজ পোডাক্ট এর আগে কখনও দেখিনি 
১৫০ টাকার হেডফোন ৩-৪ ঘণ্টা চার্জ থাকে এটা ৩ মিনিট ও থকে না
৫ ষ্টার দিলাম জাতে সবাই দেখে",এর মতোন বাজ পোডাক্ট এর আগে দেখিনি ১৫০ টাকার হেডফোন ৩ ৪ ঘণ্টা চার্জ এটা ৩ মিনিট ও থকে ৫ ষ্টার দিলাম জাতে সবাই দেখে,Negative,Product Quality,Product Quality,product_quality_negative,product_quality_negative
53821031516421,"জিনিস ভালই সুন্দর আছে জেহুতু গেমিং এর জন্য চাইলে নিতে পারেন।  আর এটা সুধু নামেই গেমিং কিন্তু  কাজে না এটা সাধরন এয়ারবাসের মতই এতে আলাদা কুনো গেমিং মড নাই।  ৩৪৫টাকায় ভালই। আর একটা কথা ১০০টা মাল কিনলে ৮০টাতেই পবলেম থাকে। যেমন আমারটা ডান কানের টার ২০-৩০ ছেগেনটের বেসি চলত না। তাই আমার আগের এয়ারবাসের বেটরি এড করেছি এরপর ভালই ব্যকাব দিচ্ছে ।  ৭দিন ইওজ কারার পর রিভিও দিলাম।   
    আল্লাহাফেজ ❤️‍🩹",জিনিস ভালই সুন্দর জেহুতু গেমিং এর চাইলে নিতে পারেন এটা সুধু নামেই গেমিং কাজে এটা সাধরন এয়ারবাসের মতই এতে আলাদা কুনো গেমিং মড নাই ৩৪৫টাকায় ভালই একটা কথা ১০০টা মাল কিনলে ৮০টাতেই পবলেম আমারটা ডান কানের টার ২০ ৩০ ছেগেনটের বেসি চলত তাই আগের এয়ারবাসের বেটরি এড করেছি এরপর ভালই ব্যকাব দিচ্ছে ৭দিন ইওজ কারার রিভিও দিলাম আল্লাহাফেজ,Positive,Product Quality,,product_quality_positive,product_quality_positive
53547043316421,আলহামদুলিল্লাহ যেমনটা চেয়েছি তেমনটাই পেয়েছি প্রোডাক্টটি অনেক ভালো আপনারা চাইলে নিতে পারেন।আর ডেলিভারি ম্যান ভাইয়ের ব্যবহার ও আচরণ অনেক ভালো,আলহামদুলিল্লাহ যেমনটা চেয়েছি তেমনটাই পেয়েছি প্রোডাক্টটি ভালো আপনারা চাইলে নিতে পারেন ডেলিভারি ম্যান ভাইয়ের ব্যবহার ও আচরণ ভালো,Positive,Product Quality,,product_quality_positive,product_quality_positive
52778760616421,ভালো চাইলে নিতে পারেন। কিন্তু একমাস গেলে কেসের ভিতরে থাকা ব্যাটারিতে চার্জ থাকে না একবারে ডেম হয়ে যায়।।।,ভালো চাইলে নিতে পারেন একমাস কেসের ভিতরে থাকা ব্যাটারিতে চার্জ একবারে ডেম হয়ে যায়,Positive,Product Quality,,product_quality_positive,product_quality_positive
52265766516421,"গুড লুকিং 😍 সাউন্ড কোয়ালিটিও ভালোই, প্যাকেজিংও খুব ভালো ছিলো। তবে চার্জিং ব্যাকাপ আরও বেশি থাকলে ভালো হতো ওভারাল আর সব ঠিক আছে তবে চার্জিং কেবলের তারটা অনেক ছোট তাও আবার খারাপ। আমার ক্যাবল একটা আলাদা কেনা লাগছে।",গুড লুকিং সাউন্ড কোয়ালিটিও ভালোই প্যাকেজিংও খুব ভালো ছিলো চার্জিং ব্যাকাপ থাকলে ভালো হতো ওভারাল ঠিক চার্জিং কেবলের তারটা ছোট তাও খারাপ ক্যাবল একটা আলাদা কেনা লাগছে,Positive,Packaging;Product Quality,,packaging_positive;product_quality_positive,packaging_positive#product_quality_positive
53150743216421,বিল্ড কোয়ালিটি বেশি ভারো না এমনে জিনিস টা ভালো ব্যাটারি টাও বেশি ভালো না এরোকম দামে ঠিক আছে আর বেশে আশা করা যায় না😔,বিল্ড কোয়ালিটি ভারো এমনে জিনিস টা ভালো ব্যাটারি টাও ভালো এরোকম দামে ঠিক বেশে আশা যায়,Neutral,Price;Product Quality,Price,price_negative;product_quality_positive,price_negative#product_quality_positive
53122468816421,"আলহামদুলিল্লাহ ভালো একটা জিনিস পেলেম 
আজকেই পার্সেল টা হাতে পেলাম আর ডেলিভারি মেন টাও অনেক ভালো আপনারা চাইলে নিতে পারেন। সাউন্ড কোয়ালিটি ও অনেক ভালো।",আলহামদুলিল্লাহ ভালো একটা জিনিস পেলেম আজকেই পার্সেল টা হাতে পেলাম ডেলিভারি মেন টাও ভালো আপনারা চাইলে নিতে পারেন সাউন্ড কোয়ালিটি ও ভালো,Positive,Delivery;Product Quality,,delivery_positive;product_quality_positive,delivery_positive#product_quality_positive
53487023316421,"খুব খারাপ লাগলো যে বিশ্বাস করে একটা ব্লুটুথ অর্ডার করেছিলাম কিন্তু তারা নষ্ট একটা ব্লুটুথ দিয়েছে 😢 খুব ফালতু লোক দারাজ এর লোক গুলো, মানুষের হক এর টাকা ঠকিয়ে খাচ্ছে!😢 আল্লাহ কি বান্দার হক মাফ করবেন ? আহ্ মানুষ কেন যে বুঝে না?
টাকার পরিমাণ বেশি না তবে যথাযথ টাকা নিবে কিন্তু মাল ভালো দিবে না এটা তো ঠিক না ! আল্লাহ সবাইকে বুঝার তৌফিক দান করুক।
দয়া করে আপনারা কেউ নিবেন না না হয় আমার মতো ঠকবেন।
ধন্যবাদ",খুব খারাপ লাগলো যে বিশ্বাস একটা ব্লুটুথ অর্ডার করেছিলাম নষ্ট একটা ব্লুটুথ দিয়েছে খুব ফালতু লোক দারাজ এর লোক গুলো মানুষের হক এর টাকা ঠকিয়ে খাচ্ছে আল্লাহ বান্দার হক মাফ করবেন আহ্ মানুষ যে বুঝে টাকার পরিমাণ যথাযথ টাকা নিবে মাল ভালো দিবে এটা তো ঠিক আল্লাহ সবাইকে বুঝার তৌফিক দান করুক দয়া আপনারা কেউ নিবেন হয় ঠকবেন ধন্যবাদ,Negative,Product Quality,Product Quality,product_quality_negative,product_quality_negative
53541410016421,সবচেয়ে বাজে প্রোডাক্ট চার্জে দিলে চার্জে ওঠেনা হেডফোনে ভালো মতো সাউন্ড হয় না যার যে দুইদিন নিছি চার্জ হয় না এত ফালত পর একটা জীবনে দেখি নাই,সবচেয়ে বাজে প্রোডাক্ট চার্জে দিলে চার্জে ওঠেনা হেডফোনে ভালো সাউন্ড হয় যার যে দুইদিন নিছি চার্জ হয় এত ফালত একটা জীবনে দেখি নাই,Negative,Product Quality,Product Quality,product_quality_negative,product_quality_negative
52730567816421,"ভাই এইটা নষ্ট কেন দিলেন টাকা তো নিয়ে নিলেন কিন্তু জিনিস তো টিক দিলেন না।চাজে দিলে লাইট জলে এমনে তে  কোন কিছু আসে না, এই টা কোন কথা ভাই",ভাই এইটা নষ্ট টাকা তো নিয়ে জিনিস তো টিক চাজে দিলে লাইট জলে এমনে তে আসে টা কথা ভাই,Negative,Product Quality,Product Quality,product_quality_negative,product_quality_negative
53386066116421,প্রোডাক্টটা ভালো ।কিন্তু আসার সময় প্যাকেটের অবস্থা খারাপ ছিল ।এবং সাউন্ড কোয়ালিটি টা একটু খারাপ।,প্রোডাক্টটা ভালো আসার সময় প্যাকেটের অবস্থা খারাপ সাউন্ড কোয়ালিটি টা খারাপ,Neutral,Packaging;Product Quality,Packaging,packaging_negative;product_quality_positive,packaging_negative#product_quality_positive
53067719716421,অনেক বাজে কোয়ালিটি কেউ নিবেন না 😡 একটা চলে আরেকটা চলে না । তার পরে সাউড কোয়ালিটি অনেক বাজে 😡😡,বাজে কোয়ালিটি কেউ নিবেন একটা চলে আরেকটা চলে সাউড কোয়ালিটি বাজে,Negative,Product Quality,Product Quality,product_quality_negative,product_quality_negative
53164143316421,"প্রথমে ভেবেছিলাম নষ্ট প্রোডাক্ট, কিন্তু পরে চেক করে দেখলাম ঠিক আছে। দাম হিসাবে ভালোই বলা চলে।",প্রথমে ভেবেছিলাম নষ্ট প্রোডাক্ট চেক দেখলাম ঠিক দাম হিসাবে ভালোই বলা চলে,Positive,Price;Product Quality,,price_positive;product_quality_positive,price_positive#product_quality_positive
53814278016421,ওটা একটা একদমই ভালো না মাত্র এক ঘণ্টার মধ্যে চার্জ থাকে দয়া করে এটি কেউ কিনবেন আপনার ক্ষতি,ওটা একটা একদমই ভালো এক ঘণ্টার মধ্যে চার্জ দয়া এটি কেউ কিনবেন আপনার ক্ষতি,Negative,Product Quality,Product Quality,product_quality_negative,product_quality_negative
52144928816421,এক কথায় অসাধারণ একটি পোডাক্ট ধন্যবাদ এতো সুন্দর পোডাক্ট দেওয়ার জন্য🥰সব মিলাই ২৯০৳ পরছে,এক কথায় অসাধারণ পোডাক্ট ধন্যবাদ এতো সুন্দর পোডাক্ট দেওয়ার মিলাই ২৯০৳ পরছে,Positive,Product Quality,,product_quality_positive,product_quality_positive
52929763816421,প্রথমে রিভিউ দেখে ভয় ছিলাম মনে করেছিলাম খারাপ পরবে আমারও আলহামদুলিল্লাহ কোন সমস্যা নাই,প্রথমে রিভিউ দেখে ভয় ছিলাম মনে করেছিলাম খারাপ পরবে আমারও আলহামদুলিল্লাহ সমস্যা নাই,Positive,Product Quality,,product_quality_positive,product_quality_positive
52596234116421,অনেক ভালো প্রোডাক্ট। আপনারা নিতে পারেন  ভাইয়া অনেক ভালো অনেক ভালো ব্যবহার করেছে।,ভালো প্রোডাক্ট আপনারা নিতে পারেন ভাইয়া ভালো ভালো ব্যবহার করেছে,Positive,Product Quality,,product_quality_positive,product_quality_positive
54054472516421,"আমি ১ মাস যাবত এটা ব্যাবহার করতেছি খুবই ভালো প্রোডাক্ট, আপনারা নিতে পারেন",আমি ১ মাস যাবত এটা ব্যাবহার করতেছি খুবই ভালো প্রোডাক্ট আপনারা নিতে পারেন,Positive,Product Quality,,product_quality_positive,product_quality_positive
52431964316421,"মুটামুটি চলে,, কিছু টাকা বেশি নিয়ে এর থেকে ভালো টাই কিনা ভালো হবে",মুটামুটি চলে টাকা নিয়ে এর ভালো টাই কিনা ভালো,Neutral,Product Quality,,product_quality_neutral,product_quality_neutral
53064837816421,"অনেক সুন্দর একটা এয়ারপোর্টে আমার খুব পছন্দ হয়েছে 
অনেক ভালো",সুন্দর একটা এয়ারপোর্টে খুব পছন্দ হয়েছে ভালো,Positive,Product Quality,,product_quality_positive,product_quality_positive
53997373716421,মোটামুটি ভালো আপনারা চাইলে নিতে পারেন দাম উনজাই ভালো,মোটামুটি ভালো আপনারা চাইলে নিতে পারেন দাম উনজাই ভালো,Positive,Price;Product Quality,,price_positive;product_quality_neutral,price_positive#product_quality_neutral
54514502216421,আলহামদুলিল্লাহ এটা  অত্যন্ত ভালো ছিল আওজ অনেক সুন্দর,আলহামদুলিল্লাহ এটা অত্যন্ত ভালো আওজ সুন্দর,Positive,Product Quality,,product_quality_positive,product_quality_positive
53612500116421,এই দামা অনেক ভালো এয়ার পট সাওন কয়ালটিনঅনেক ভালো,দামা ভালো এয়ার পট সাওন কয়ালটিনঅনেক ভালো,Positive,Price;Product Quality,,price_positive;product_quality_positive,price_positive#product_quality_positive
53971921416421,একদম নষ্ট কাজ করে না। আমি কেমন করে রিফান্ড করবো,একদম নষ্ট কাজ আমি কেমন রিফান্ড করবো,Positive,Price;Product Quality,,price_positive;product_quality_positive,price_positive#product_quality_positive
54439120316421,মোটামুটি ভালো। রিসিভ বাটন নেই।থাকলে ভাল হতো।,মোটামুটি ভালো রিসিভ বাটন নেই থাকলে ভাল হতো,Positive,Product Quality,,product_quality_positive,product_quality_positive
53312948116421,দাম হিসাবে খুব খারাপ না ভালই সবাই নিতে পারেন,দাম হিসাবে খুব খারাপ ভালই সবাই নিতে পারেন,Positive,Price;Product Quality,,price_positive;product_quality_positive,price_positive#product_quality_positive
52741360716421,মতি ভালো বেশি একটা ভালো না সাজ টিকে কম,মতি ভালো একটা ভালো সাজ টিকে,Negative,Product Quality,Product Quality,product_quality_negative,product_quality_negative
54002247316421,একটা ভালো একটা নষ্ট একদম ভালো না ফালতু,একটা ভালো একটা নষ্ট একদম ভালো ফালতু,Negative,Product Quality,Product Quality,product_quality_negative,product_quality_negative
53325166216421,"অনেক ভালো ও,, আপনার ও চাইলে নিতে পারেন",ভালো ও আপনার ও চাইলে নিতে পারেন,Positive,Product Quality,,product_quality_positive,product_quality_positive
53086010816421,দাম অনুযায়ী ভালো আসে নিতে পারেন 😊😊,দাম অনুযায়ী ভালো আসে নিতে পারেন,Positive,Price;Product Quality,,price_positive;product_quality_positive,price_positive#product_quality_positive
53752605516421,"আল হামদুলিল্লাহ্, লাইটা অনেক ভালো",আল হামদুলিল্লাহ্ লাইটা ভালো,Positive,Product Quality,,product_quality_positive,product_quality_positive
52817801116421,ওনেক সুন্দর  ওনেক ভালো পোডাক,ওনেক সুন্দর ওনেক ভালো পোডাক,Positive,Product Quality,,product_quality_positive,product_quality_positive
54113999616421,খুবই রাগ হচ্ছে আর খুবই রাগান্বিত হই বলতে হচ্ছে প্রোডাক্টটা অত্যন্ত বাজে চাস তো থাকেই না এবং দুইটা কানেক্ট করলে একসঙ্গে বন্ধ হয়ে যায়,খুবই রাগ খুবই রাগান্বিত হই বলতে প্রোডাক্টটা অত্যন্ত বাজে চাস তো থাকেই দুইটা কানেক্ট করলে একসঙ্গে বন্ধ হয়ে যায়,Negative,Product Quality,Product Quality,product_quality_negative,product_quality_negative
53450519016421,হেডফোনটা খুব সুন্দর ডেলিভারি ম্যান ভাইয়ের ব্যবহার খুব সুন্দর আমাকে ভালো লাগছে ধন্যবাদ ডেলিভারি ভাইকে,হেডফোনটা খুব সুন্দর ডেলিভারি ম্যান ভাইয়ের ব্যবহার খুব সুন্দর ভালো লাগছে ধন্যবাদ ডেলিভারি ভাইকে,Positive,Delivery;Product Quality,,delivery_positive;product_quality_positive,delivery_positive#product_quality_positive
53842292716421,ভাই মোটা মোটি ভালো ৩৫০ টাকার মধ্যে  একদিন হইসে নিসি মোটা মোটি ভালোই লাগলো দেখি কয়দিন পরে কি হয় একটা সমস্যা আসে তা হোলো কান বেথা করে সারবিস খারাপ দিলে চেন্জ কইরা নিবো,ভাই মোটা মোটি ভালো ৩৫০ টাকার মধ্যে একদিন হইসে নিসি মোটা মোটি ভালোই লাগলো দেখি কয়দিন হয় একটা সমস্যা আসে হোলো কান বেথা সারবিস খারাপ দিলে চেন্জ কইরা নিবো,Positive,Product Quality,,product_quality_positive,product_quality_positive
52803539316421,"জঘন্য। আজকে হাতে পেলাম, আমি চেক না করে ডেলিভারি ম্যান থেকে নিয়ে যাই, পরে চেক করে দেখি একদম ই চার্জ থাকে না। এক কানেরটা চলে, আরেকটা নষ্ট। আমি খুবই হতাশ। আর কখনো অনলাইনে অর্ডার করব না।",জঘন্য আজকে হাতে পেলাম আমি চেক ডেলিভারি ম্যান নিয়ে যাই চেক দেখি একদম ই চার্জ এক কানেরটা চলে আরেকটা নষ্ট আমি খুবই হতাশ অনলাইনে অর্ডার করব,Negative,Product Quality,Product Quality,product_quality_negative,product_quality_negative
52989523216421,দয়া করে কেউ কিনবেন না। একদম বাজে প্রোডাক্ট। প্রোডাক্ট টির এয়ার বার্ডস গুলো অচল ও কাজ করে না।। মনে হয় নষ্ট মাল দিয়ে দিসে।। হেয়ার বাডস গুলো বাতি জ্বলে না কানেক্টেড ও হয় না। নষ্ট বাজে। আসলেই দারাজ থেকে কেউ কিছু কিনবেন না৷।।,দয়া কেউ কিনবেন একদম বাজে প্রোডাক্ট প্রোডাক্ট টির এয়ার বার্ডস গুলো অচল ও কাজ মনে হয় নষ্ট মাল দিয়ে দিসে হেয়ার বাডস গুলো বাতি জ্বলে কানেক্টেড ও হয় নষ্ট বাজে আসলেই দারাজ কেউ কিনবেন না৷,Negative,Product Quality,Product Quality,product_quality_negative,product_quality_negative
53080212816421,জিনিসটি খুবই ভালো লেগেছে যেমন দেখেছি তেমনি পেয়েছি এবার দেখা যাক কেমন ঠিক সই করে সমস্যা হলে রিটার্ন করে দিব সাত দিনের মধ্যে,জিনিসটি খুবই ভালো লেগেছে দেখেছি তেমনি পেয়েছি এবার দেখা যাক কেমন ঠিক সই সমস্যা রিটার্ন দিব সাত দিনের মধ্যে,Positive,Product Quality,,product_quality_positive,product_quality_positive
52875874916421,হ্যাঁ প্রোডাক্টটির যেরকম দেখেছি অনলাইনে সেরকমই পেয়েছি প্রোডাক্টটি অনেক ভালো সাউন্ড কোয়ালিটি ভালো,হ্যাঁ প্রোডাক্টটির যেরকম দেখেছি অনলাইনে সেরকমই পেয়েছি প্রোডাক্টটি ভালো সাউন্ড কোয়ালিটি ভালো,Positive,Product Quality,,product_quality_positive,product_quality_positive
53142524516421,একদম বাজে জিনিস।নষ্ট একটা প্রোডাক্ট দিয়েছে।আশা করছি কেউ কিনবেন না।তারা যেনে সুনে নষ্ট টা দিয়েছে,একদম বাজে জিনিস নষ্ট একটা প্রোডাক্ট দিয়েছে আশা করছি কেউ কিনবেন যেনে সুনে নষ্ট টা দিয়েছে,Negative,Product Quality,Product Quality,product_quality_negative,product_quality_negative
52779930416421,এতোটাও ভালো না সামনে দুইটা লাইটের জন্য চার্জ থাকে না বেশিক্ষণ আর চার্জ হইতে অনেক বেশি দেরি লাগে,এতোটাও ভালো সামনে দুইটা লাইটের চার্জ বেশিক্ষণ চার্জ হইতে দেরি লাগে,Neutral,Product Quality,,product_quality_neutral,product_quality_neutral
52901362416421,অনেক সুন্দর একটা ব্লুটুথ ধন্যবাদ ভাইদের কে অনেক তাড়াতাড়ি প্রোডাক্টটা দেওয়ার জন্য,সুন্দর একটা ব্লুটুথ ধন্যবাদ ভাইদের তাড়াতাড়ি প্রোডাক্টটা দেওয়ার,Positive,Delivery;Product Quality,,delivery_positive;product_quality_positive,delivery_positive#product_quality_positive
52829813116421,অনেক সুন্দর একটা ব্লুটু থ সাউন্ড আমি একটু নিয়েছি আপনারাও মিলে নিতে পারেন ধন্যবাদ,সুন্দর একটা ব্লুটু থ সাউন্ড আমি নিয়েছি আপনারাও মিলে নিতে পারেন ধন্যবাদ,Positive,Product Quality,,product_quality_positive,product_quality_positive
52872625616421,খুবই বাজে। জাস্ট চার্জিং টাইমে লাইট জ্বলে। এবং একেবারে নন-ওয়ার্কিং। ডিজগাস্টিং।,খুবই বাজে জাস্ট চার্জিং টাইমে লাইট জ্বলে একেবারে নন ওয়ার্কিং ডিজগাস্টিং,Negative,Product Quality,Product Quality,product_quality_negative,product_quality_negative
52672649716421,একদম ফালতু একটা জিনিস নষ্ট জিনিস দিসে  একদম  ভালো  না  কেও নিয়েন  না  ফালতু,একদম ফালতু একটা জিনিস নষ্ট জিনিস দিসে একদম ভালো কেও নিয়েন ফালতু,Negative,Product Quality,Product Quality,product_quality_negative,product_quality_negative
54747373116421,একদম বাজে আপনার প্রতি অনুরোধ থাকবে এদের কাছ থেকে কেউ কোন পুণ্য নিবেন নাহ.,একদম বাজে আপনার অনুরোধ এদের কাছ কেউ পুণ্য নিবেন নাহ,Negative,Product Quality,Product Quality,product_quality_negative,product_quality_negative
52534215216421,প্রোডাক্ট ভালো না চার্জিং ব্যাকআপ খুব কম। চার্জ বেশিক্ষণ থাকে না।,প্রোডাক্ট ভালো চার্জিং ব্যাকআপ খুব চার্জ বেশিক্ষণ,Negative,Product Quality,Product Quality,product_quality_negative,product_quality_negative
53413978916421,আলহামদুলিল্লাহ খুব ভালো কিন্তু ফাইভ ডি লাইটের কারণে চার্জ কম থাকে,আলহামদুলিল্লাহ খুব ভালো ফাইভ ডি লাইটের কারণে চার্জ,Positive,Product Quality,,product_quality_positive,product_quality_positive
53558065416421,অনেক ভালো ডিজাইন সুন্দর হয়েছে আলহামদুলিল্লাহ,ভালো ডিজাইন সুন্দর হয়েছে আলহামদুলিল্লাহ,Positive,Product Quality,,product_quality_positive,product_quality_positive
54334074016421,দুনিয়ার সবচেয়ে বাজে হেডফোন কেউ এটা কিনবেন না,দুনিয়ার সবচেয়ে বাজে হেডফোন কেউ এটা কিনবেন,Negative,Product Quality,Product Quality,product_quality_negative,product_quality_negative
54420817616421,আপনারা চাইলে প্রোডাক্টটা নিতে পারেন অনেক ভালো,আপনারা চাইলে প্রোডাক্টটা নিতে পারেন ভালো,Positive,Product Quality,,product_quality_positive,product_quality_positive
53021282716421,প্রোডাক্ট অনেক ভালো সাউন্ড কোয়ালিটি ভালো অনেক,প্রোডাক্ট ভালো সাউন্ড কোয়ালিটি ভালো,Positive,Product Quality,,product_quality_positive,product_quality_positive
52876234116421,সাউন্ড কোয়ালিটি ভালো আছে দেখতেও সুন্দর 👌,সাউন্ড কোয়ালিটি ভালো দেখতেও সুন্দর,Positive,Product Quality,,product_quality_positive,product_quality_positive
52619683416421,"মোটা মুটি ভালো আছে এই দামে, বাট একদম হালকা!",মোটা মুটি ভালো দামে বাট একদম হালকা,Positive,Price;Product Quality,,price_positive;product_quality_positive,price_positive#product_quality_positive
53874993816421,"একদম বাজে প্রডাক্ট একদম ফালতু
কানেক্ট হয়না",একদম বাজে প্রডাক্ট একদম ফালতু কানেক্ট হয়না,Negative,Product Quality,Product Quality,product_quality_negative,product_quality_negative
54370095116421,ভালো না।। নষ্ট ইয়ারপড দিছে।।।।😡😡😡😡,ভালো নষ্ট ইয়ারপড দিছে,Negative,Product Quality,Product Quality,product_quality_negative,product_quality_negative
52553586016421,এভারেজ। বাট বেশি হালকা। সাউন্ড ভালই,এভারেজ বাট হালকা সাউন্ড ভালই,Neutral,Product Quality,,product_quality_neutral,product_quality_neutral
52537208616421,ফালতু একটা বন্য ভাই এটা চলে না%,ফালতু একটা বন্য ভাই এটা চলে,Negative,Product Quality,Product Quality,product_quality_negative,product_quality_negative
53114382116421,নষ্ট জিনিস দিসে কানেক্টই হয় না,নষ্ট জিনিস দিসে কানেক্টই হয়,Negative,Product Quality,Product Quality,product_quality_negative,product_quality_negative
53100162116421,"আনার পরে দেখি চলেনা, অনেই হয়না",আনার দেখি চলেনা অনেই হয়না,Negative,Product Quality,Product Quality,product_quality_negative,product_quality_negative
53428440316421,ফালতু একটা জিনিস পুরাই নষ্ট।😡,ফালতু একটা জিনিস পুরাই নষ্ট,Negative,Product Quality,Product Quality,product_quality_negative,product_quality_negative
52341976016421,অনেক ভালো। সবাই নিতে পারেন🥰,ভালো সবাই নিতে পারেন,Positive,Product Quality,,product_quality_positive,product_quality_positive
53189440216421,একেবারে ফালতু কেউ নিয়েন না,একেবারে ফালতু কেউ নিয়েন,Negative,Product Quality,Product Quality,product_quality_negative,product_quality_negative
52356364716421,খুভই বাজে কেউ নিয়ন না ভাি,খুভই বাজে কেউ নিয়ন ভাি,Negative,Product Quality,Product Quality,product_quality_negative,product_quality_negative
52823831216421,দাম হিসাবে ওতোটা ভালো না,দাম হিসাবে ওতোটা ভালো,Negative,Price;Product Quality,Product Quality,price_neutral;product_quality_negative,price_neutral#product_quality_negative
54346942316421,হ্যাঁ সবকিছু ঠিক আছে দাম হিসেবে তেমন একটা খারাপ না কিন্তু কোয়ালিটি তার তেমন একটা ভালো লাগে নাই এই দাম হিসেবে ঠিক আছে এটা পাইনি,হ্যাঁ সবকিছু ঠিক দাম হিসেবে একটা খারাপ কোয়ালিটি একটা ভালো লাগে নাই দাম হিসেবে ঠিক এটা পাইনি,Neutral,Price;Product Quality,,price_neutral;product_quality_neutral,price_neutral#product_quality_neutral
52741147716421,"কোয়ালেটি খুবই খারাপ এই দামে আরো ভাল এয়ারবার্ডস পাওয়া যাবে 

খুবই বাজে প্রডাক্ট না নিলে ভাল করবেন। 🤌",কোয়ালেটি খুবই খারাপ দামে আরো ভাল এয়ারবার্ডস পাওয়া যাবে খুবই বাজে প্রডাক্ট নিলে ভাল করবেন,Negative,Product Quality,Product Quality,product_quality_negative,product_quality_negative
49392773400629,👉প্রোডাক্ট যেটা চাইছি সেটাই পাইছি কিন্তু 😪দুঃখজনক বেপার একটা ভালো একটা খারাপ আর কোন সমস্যা নাই সাউন্ড কোয়ালিটি খুবই ভালো আপনারা চাইলেই নিতে পারেন 👈,প্রোডাক্ট যেটা চাইছি সেটাই পাইছি দুঃখজনক বেপার একটা ভালো একটা খারাপ সমস্যা নাই সাউন্ড কোয়ালিটি খুবই ভালো আপনারা চাইলেই নিতে পারেন,Positive,Product Quality,,product_quality_positive,product_quality_positive
44205419400629,প্রোডাক্ট অনেক অনেক ভালো ব্যবহার করে রিভিউ দিছি আর সেলার এর ব্যবহার অনেক ভালো ছিল চোখ বন্ধ করে নিতে পারেন এই দামে অসাধারণ,প্রোডাক্ট ভালো ব্যবহার রিভিউ দিছি সেলার এর ব্যবহার ভালো চোখ বন্ধ নিতে পারেন দামে অসাধারণ,Positive,Product Quality;Seller Service,,seller_service_positive;product_quality_positive,seller_service_positive#product_quality_positive
42975935500629,আলহামদুলিল্লাহ অর্ডার করার টাইম এই যেমন আশা করেছি সম্পূর্ণ তেমনি পেয়েছি ১০/১০ ধন্যবাদ সেলার  ভাইকে আমি ওনার সাথে মেসেজ করে অর্ডার করেছি যেমনটা উনি বলেছেন ঠিক তেমনটাই দিয়েছেন ওনার কথা উনি  রেখেছেন ধন্যবাদ ভাই,আলহামদুলিল্লাহ অর্ডার করার টাইম আশা করেছি সম্পূর্ণ তেমনি পেয়েছি ১০ ১০ ধন্যবাদ সেলার ভাইকে আমি ওনার মেসেজ অর্ডার করেছি যেমনটা উনি বলেছেন ঠিক তেমনটাই দিয়েছেন ওনার কথা উনি রেখেছেন ধন্যবাদ ভাই,Positive,Product Quality,,product_quality_positive,product_quality_positive
49883210500629,"প্রাই ২০দিনের মত ব্যবহার করেছি, 
মোটামুটি ভাল পছন্দ হলে নিতে পারেন।
হেবি ইউজে প্রায়ই দু'দিনের মত চার্জ থাকে।
মাস্টার কপি তাই সাউন্ড ভালোই।",প্রাই ২০দিনের ব্যবহার করেছি মোটামুটি ভাল পছন্দ নিতে পারেন হেবি ইউজে প্রায়ই দু দিনের চার্জ মাস্টার কপি তাই সাউন্ড ভালোই,Positive,Product Quality,,product_quality_positive,product_quality_positive
50457054200629,আমার কাছে দাম হিসেবে ওভার ওয়াল ভালো লেগেছে।আমি ৩ দিন ব্যবহার করে রিভিউ দিলাম।চার্জিং ব্যাকআপ ভালো।তবে প্যাকেজিং টা আরো  ভালো করা উচিৎ  ছিলো ।,কাছে দাম হিসেবে ওভার ওয়াল ভালো লেগেছে আমি ৩ দিন ব্যবহার রিভিউ দিলাম চার্জিং ব্যাকআপ ভালো প্যাকেজিং টা আরো ভালো উচিৎ ছিলো,Positive,Packaging;Price;Product Quality,,packaging_neutral;price_positive;product_quality_positive,packaging_neutral#price_positive#product_quality_positive
54880093900629,ভাই যদি বলেন এক কথায় বলতে তাহলে আমি ১০/১০ দিব পেকেজিং সেরা ভিতরে সব কিছু আছে আবার এটা খুল্লে টুং করে একটা আওয়াজ করে এটা আরো ভালো লাগে আপনারা চাইলে নিতে পারেন সেরা সেরা,ভাই যদি এক কথায় বলতে তাহলে আমি ১০ ১০ দিব পেকেজিং সেরা ভিতরে এটা খুল্লে টুং একটা আওয়াজ এটা আরো ভালো লাগে আপনারা চাইলে নিতে পারেন সেরা সেরা,Positive,Packaging;Product Quality,,packaging_positive;product_quality_positive,packaging_positive#product_quality_positive
52432927900629,আলহামদুলিল্লাহ প্রোডাক্ট টা অনেক ভালো। আর ডেলিভারি ম্যান এর ব্যবহার ও অনেক ভালো ছিল ।আপনারা চাইলে নিতে পারেন নিঃসন্দেহে।,আলহামদুলিল্লাহ প্রোডাক্ট টা ভালো ডেলিভারি ম্যান এর ব্যবহার ও ভালো আপনারা চাইলে নিতে পারেন নিঃসন্দেহে,Positive,Delivery;Product Quality,,delivery_positive;product_quality_positive,delivery_positive#product_quality_positive
53600319100629,"ফালতু, ৩ ঘন্টা ও চাজ যায় না একটা এয়ার বাড গুলো, কলে কথা ক্লিয়ার আসে না , বেস বেশি , মিউজিক সাউন্ড কম",ফালতু ৩ ঘন্টা ও চাজ যায় একটা এয়ার বাড গুলো কলে কথা ক্লিয়ার আসে বেস মিউজিক সাউন্ড,Negative,Product Quality,Product Quality,product_quality_negative,product_quality_negative
53436122700629,"ভাইরে ভাই, দারাজ এটা আমাকে কি দিলো। আমি জাস্ট ফুল্লি স্যাটিসফাইড, এই দামে এর থেকে ভালো এয়ারপড মনে হয় না কোথাও পাবেন জাস্ট অসাধারণ একটা প্রোডাক্ট। অনেক ধন্যবাদ দারাজ কে অসংখ্য ধন্যবাদ সেলার ভাই কে।",ভাইরে ভাই দারাজ এটা দিলো আমি জাস্ট ফুল্লি স্যাটিসফাইড দামে এর ভালো এয়ারপড মনে হয় কোথাও পাবেন জাস্ট অসাধারণ একটা প্রোডাক্ট ধন্যবাদ দারাজ অসংখ্য ধন্যবাদ সেলার ভাই,Positive,Product Quality,,product_quality_positive,product_quality_positive
50556057000629,অবিশ্বাস্য ভাই আমি ২৪ ঘন্টার আগে পেয়ে গেছি এত তাড়াতাড়ি কিভাবে তা আমি জানিনা তবে প্রোডাক্টটিও আলহামদুলিল্লাহ  ভালো,অবিশ্বাস্য ভাই আমি ২৪ ঘন্টার আগে পেয়ে গেছি এত তাড়াতাড়ি আমি জানিনা প্রোডাক্টটিও আলহামদুলিল্লাহ ভালো,Positive,Delivery;Product Quality,,delivery_positive;product_quality_positive,delivery_positive#product_quality_positive
52868968200629,"আলহামদুলিল্লাহ অনেক সুন্দর ইয়ারপোট ।
সবাই চোখ বন্ধ করে নিতে পারেন। 
ইয়ারপোট চাজ সার্ভিস অনেক ভালো।
যেটা আশা করেছিলাম তার থেকে ভালো পাইছি।
ধন্যবাদ দারাজ কে। চার্জ দিবো কি করে বুঝতে পারছিনা। কটের দুই মাথা এক রকম।",আলহামদুলিল্লাহ সুন্দর ইয়ারপোট সবাই চোখ বন্ধ নিতে পারেন ইয়ারপোট চাজ সার্ভিস ভালো যেটা আশা করেছিলাম ভালো পাইছি ধন্যবাদ দারাজ চার্জ দিবো বুঝতে পারছিনা কটের দুই মাথা এক রকম,Positive,Product Quality,,product_quality_positive,product_quality_positive
53597665900629,"এই বাজেটে এটি অনেক ভালো প্রিমিয়াম এবং ভালো কোয়ালিটিফুল। সাউন্ড কোয়ালিটিও ভালো। 
ডেলিভারি ম্যান এর ব্যবহার অনেক ভালো। ধন্যবাদ দারাজকে",বাজেটে এটি ভালো প্রিমিয়াম ভালো কোয়ালিটিফুল সাউন্ড কোয়ালিটিও ভালো ডেলিভারি ম্যান এর ব্যবহার ভালো ধন্যবাদ দারাজকে,Positive,Delivery;Product Quality,,delivery_positive;product_quality_positive,delivery_positive#product_quality_positive
52801260600629,"অনেক ভালো প্রোডাক্ট, প্রথমে ভাবছিলাম অন্যদের মতো নিম্ন মানের কিছু ধরাই দিবে,,কিন্তু হাতে পেয়ে দেখলাম অসাধারণ জিনিস, এই দামে এরকম সাউন্ড কোয়ালিটি  সত্যিই অসাধারণ 🔥🔥 চার্জিং ব্যাকআপ ও ভালোই,এখন দেখা যাক কতদিন টিকে,,চাইলে নিতে পারেন অনেক ভালো প্রোডাক্ট",ভালো প্রোডাক্ট প্রথমে ভাবছিলাম অন্যদের নিম্ন মানের ধরাই দিবে হাতে পেয়ে দেখলাম অসাধারণ জিনিস দামে এরকম সাউন্ড কোয়ালিটি সত্যিই অসাধারণ চার্জিং ব্যাকআপ ও ভালোই দেখা যাক কতদিন টিকে চাইলে নিতে পারেন ভালো প্রোডাক্ট,Positive,Product Quality,,product_quality_positive,product_quality_positive
52980028200629,"ডেলিভারি ম্যান ভাইকে অনেক অনেক ধন্যবাদ। 
দারাজ এর পক্ষ থেকে অসংখ্য ধন্যবাদ। এই  প্রোডাক্ট  অনেক অনেক ভালো। এই দামের মধ্যে বেস্ট প্রডাক্ট আপনারা চাইলে সকলেই নিতে পারেন। 
আমি অরজিনাল প্রোডাক্ট পেয়েছি ৫ দিন ব্যবহার করার পর রিভিউ দিলাম। 
সেলার ভাইকে অনেক ধন্যবাদ।",ডেলিভারি ম্যান ভাইকে ধন্যবাদ দারাজ এর পক্ষ অসংখ্য ধন্যবাদ প্রোডাক্ট ভালো দামের মধ্যে বেস্ট প্রডাক্ট আপনারা চাইলে সকলেই নিতে পারেন আমি অরজিনাল প্রোডাক্ট পেয়েছি ৫ দিন ব্যবহার করার রিভিউ দিলাম সেলার ভাইকে ধন্যবাদ,Positive,Delivery;Price;Product Quality;Seller Service,,seller_service_positive;delivery_positive;price_positive;product_quality_positive,seller_service_positive#delivery_positive#price_positive#product_quality_positive
50724039100629,আলহামদুলিল্লাহ ইয়াপোট টা অনেক ভালো এর আগে আমি ব্যাবহার করছি আপনারা চাইলে নিতে পারেন কোনো সমস্যা নাই আর ডেলিভারিটা ও অনেক তারা তারি পাইছি ডেলিভারি ম্যান ও অনেক ভালো 💞💞💞💞,আলহামদুলিল্লাহ ইয়াপোট টা ভালো এর আগে আমি ব্যাবহার করছি আপনারা চাইলে নিতে পারেন সমস্যা নাই ডেলিভারিটা ও তারি পাইছি ডেলিভারি ম্যান ও ভালো,Positive,Delivery;Product Quality,,delivery_positive;product_quality_positive,delivery_positive#product_quality_positive
55028248800629,২ দিন পরে পেয়েছি ।খুব ভালো যেমন ছিল তেমন । প্যাকেট টা খুব সুন্দর । সাউন্ড খুব ভালো। আমার অনেক ভালো লাগছে,২ দিন পেয়েছি খুব ভালো প্যাকেট টা খুব সুন্দর সাউন্ড খুব ভালো ভালো লাগছে,Positive,Delivery;Product Quality,,delivery_positive;product_quality_positive,delivery_positive#product_quality_positive
51286319900629,খুবই ভালো । টাইপ সি চার্জিং । আইফোনে পপআপ আসে । বাট এয়ারবাডের চার্জ কত সেটা দেখায় না । বাট কেইসের টা দেখায় । ওভারঅল গুড,খুবই ভালো টাইপ সি চার্জিং আইফোনে পপআপ আসে বাট এয়ারবাডের চার্জ কত সেটা দেখায় বাট কেইসের টা দেখায় ওভারঅল গুড,Positive,Product Quality,,product_quality_positive,product_quality_positive
54144520500629,কম দামে ভালোই সার্ভিস পাচ্ছি। দোকানে এর দাম ১৫০০ টাকা চায়।  দুই দিনের মধ্যে ডেলিভারি পেয়েছি।  ডারাজ ও সাপ্লায়ারকে ধন্যবাদ।,দামে ভালোই সার্ভিস পাচ্ছি দোকানে এর দাম ১৫০০ টাকা চায় দুই দিনের মধ্যে ডেলিভারি পেয়েছি ডারাজ ও সাপ্লায়ারকে ধন্যবাদ,Positive,Delivery;Price;Product Quality,,delivery_positive;price_positive;product_quality_positive,delivery_positive#price_positive#product_quality_positive
53616056500629,"দাম হিসেবে ভালোই আছে, সাউণ্ড কোয়ালিটি ৮/১০ এ এন সি সাপোর্ট করে না তবে সাউণ্ড তুলনামূলক কম বেস ভালো।
নিতে পারেন সবাই।",দাম হিসেবে ভালোই সাউণ্ড কোয়ালিটি ৮ ১০ এ এন সি সাপোর্ট সাউণ্ড তুলনামূলক বেস ভালো নিতে পারেন সবাই,Positive,Product Quality,,product_quality_positive,product_quality_positive
52725251200629,"বেস্ট প্রোডাক্ট । 
আপনাদের থেকে কম প্রাইসে এত ভালো কোয়ালিটি আমি অন্য কোথাও দেখি নাই । 
মার্কেটে যেগুলো ২০০০ টাকা সেল করে ওইগুলির কোয়ালিটি আর আপনাদের কোয়ালিটি একদম সেম । 
ধন্যবাদ আপনাদেরকে",বেস্ট প্রোডাক্ট আপনাদের প্রাইসে এত ভালো কোয়ালিটি আমি কোথাও দেখি নাই মার্কেটে যেগুলো ২০ টাকা সেল ওইগুলির কোয়ালিটি আপনাদের কোয়ালিটি একদম সেম ধন্যবাদ আপনাদেরকে,Positive,Price;Product Quality,,price_positive;product_quality_positive,price_positive#product_quality_positive
52371967700629,এ মালের রিভু আর কি দেব অসম্ভব সুন্দর এই দিয়ে দুইটা নিলাম এক সপ্তাহের মধ্যে বেশি কিছু লিখতে চাই না দারাজ এবং ডেলিভারি ম্যান সেলার সব্বার ব্যবহারটাই ছিল অসাধারণ বলার মতো না আর মালটা পাইছি একদম অরজিনাল আপনারা চাইলে নিতে পারেন নিঃসন্দেহে কোন দ্বিধাদ্বন্দের মধ্যে পড়ার দরকার নাই রিলা এক্সে নিয়ে নিন আমার প্রাইজটা একদমই অল্প পড়ছে মাত্র 649 টাকা মাত্র এত অল্প বাজেটে আর কোথাও পাবেন কিনা আমার জানা নাই যারা যারা নিতে চান এখনি অর্ডার দিয়ে দিন ডেলিভারি দু থেকে তিন দিনের মধ্যে চলে আসবে ইনশাআল্লাহ সবাই ভালো থাকবেন সুস্থ থাকবেন আমার জন্য দোয়া করবেন ।,এ মালের রিভু দেব অসম্ভব সুন্দর দিয়ে দুইটা নিলাম এক সপ্তাহের মধ্যে লিখতে চাই দারাজ ডেলিভারি ম্যান সেলার সব্বার ব্যবহারটাই অসাধারণ বলার মালটা পাইছি একদম অরজিনাল আপনারা চাইলে নিতে পারেন নিঃসন্দেহে দ্বিধাদ্বন্দের মধ্যে পড়ার দরকার নাই রিলা এক্সে নিয়ে নিন প্রাইজটা একদমই অল্প পড়ছে 649 টাকা এত অল্প বাজেটে কোথাও পাবেন কিনা জানা নাই যারা যারা নিতে চান এখনি অর্ডার দিয়ে দিন ডেলিভারি দু তিন দিনের মধ্যে চলে আসবে ইনশাআল্লাহ সবাই ভালো থাকবেন সুস্থ থাকবেন দোয়া করবেন,Positive,Product Quality;Seller Service,,seller_service_positive;product_quality_positive,seller_service_positive#product_quality_positive
51201134700629,প্রোডাক্টটি ভালো কিন্তু চার্জার কেবিলটি একটুও ভালো না। পুরাই নষ্ট। চার্জার কেবল টা নষ্ট পাইছি। দয়া করে মানুষকে এভাবে খারাপ চার্জার কেবল দিবেন না । ভালো দেখে দিয়েন।,প্রোডাক্টটি ভালো চার্জার কেবিলটি একটুও ভালো পুরাই নষ্ট চার্জার কেবল টা নষ্ট পাইছি দয়া মানুষকে এভাবে খারাপ চার্জার কেবল দিবেন ভালো দেখে দিয়েন,Positive,Product Quality,,product_quality_positive,product_quality_positive
53714126600629,"আলহামদুলিল্লাহ 
খুব ভালো একটা প্রোডাক্ট। আমি যেরকম চেয়েছি সেই রকম পেয়েছি আপনারাও নিতে পারেন।",আলহামদুলিল্লাহ খুব ভালো একটা প্রোডাক্ট আমি যেরকম চেয়েছি সেই রকম পেয়েছি আপনারাও নিতে পারেন,Positive,Product Quality,,product_quality_positive,product_quality_positive
49710012600629,আলহামদুলিল্লাহ এইটা নিয়া ২ টা কিনলাম আগেরটা ভালো ছিল তাই আমার ফ্রেন্ড এর জন্য এইটা অর্ডার করলাম বাজেট হিসাবে আমার কাছে ঠিকঠাক লাগছে এই গেজেট টা আপনারও নিতে পারেন। ধন্যবাদ দারাজ 🥰🥰🫰,আলহামদুলিল্লাহ এইটা নিয়া ২ টা কিনলাম আগেরটা ভালো তাই ফ্রেন্ড এর এইটা অর্ডার করলাম বাজেট হিসাবে কাছে ঠিকঠাক লাগছে গেজেট টা আপনারও নিতে পারেন ধন্যবাদ দারাজ,Positive,Price;Product Quality,,price_neutral;product_quality_positive,price_neutral#product_quality_positive
48878627500629,ভাই সত্যি বলতে কি এত কম বাজেটে এত ভালো হয়তোবা আর কেউ দিতে পারেনি ধন্যবাদ সেলার কে এবং ধন্যবাদ দারাজ কে এত সুন্দর আরে তো ভালো একটা প্রোডাক্ট দেওয়ার জন্য আপনি যদি প্রোডাক্টটিকে একবার চাষ দেন তাহলে অনায়েসে আপনি একদিনের থেকেও বেশি ইউজ করতে পারবে কোন ভাবনা চিন্তা না করে নিয়ে ফেলেন,ভাই সত্যি বলতে এত বাজেটে এত ভালো হয়তোবা কেউ দিতে পারেনি ধন্যবাদ সেলার ধন্যবাদ দারাজ এত সুন্দর আরে তো ভালো একটা প্রোডাক্ট দেওয়ার আপনি যদি প্রোডাক্টটিকে একবার চাষ দেন তাহলে অনায়েসে আপনি একদিনের থেকেও ইউজ করতে পারবে ভাবনা চিন্তা নিয়ে ফেলেন,Positive,Product Quality,,product_quality_positive,product_quality_positive
49529181500629,"দাম অনুযায়ী প্রোডাক্ট অনেক ভালো। ❤️
ছেলার ভাইকে অসংখ্য ধন্যবাদ এক্সট্রা একটা চার্জিং কর্ট  দেওয়ার জন্য। 
সাউন্ড কোয়ালিটি অনেক ভালো👌,, চার্জিং ব্যাকআপ চেক করা হয় নাই😞
আশা করি চার্জিং ব্যাকআপ অনেক ভালো হবে ❤️❤️❤️",দাম অনুযায়ী প্রোডাক্ট ভালো ছেলার ভাইকে অসংখ্য ধন্যবাদ এক্সট্রা একটা চার্জিং কর্ট দেওয়ার সাউন্ড কোয়ালিটি ভালো চার্জিং ব্যাকআপ চেক হয় নাই আশা করি চার্জিং ব্যাকআপ ভালো,Positive,Price;Product Quality,,price_positive;product_quality_positive,price_positive#product_quality_positive
49535161500629,"আলহামদুলিল্লাহ প্রোডাক্ট টা হাতে পেয়েছি। লএকদিন ব্যবহার করার পর রিভিউ দিচ্ছি। 
আমার কাছে তার সাউন্ড কোয়ালিটি খুবই ভালো লাগছে দাম হিসাবে একদম ঠিক ঠাকই মনে হচ্ছে। চার্জও মোটামুটি ভালোই থাকে এইদামে অন্যসব ইয়ারবাস্ট থেকে ভালোই। 
সবচেয়ে ভালো লাগার দিক হলো তার লুকটা এক কথায় অসাধারণ, অনেক টা প্রিমিয়াম টাইপের ফিল পাওয়া যায়।।। 
উল্লেখ্যঃ যারা গেমিং করেন তাদের জন্য এইটা না, গেমিং করার ক্ষেত্রে খুবই বাজে সাউন্ড দেয়।😞",আলহামদুলিল্লাহ প্রোডাক্ট টা হাতে পেয়েছি লএকদিন ব্যবহার করার রিভিউ দিচ্ছি কাছে সাউন্ড কোয়ালিটি খুবই ভালো লাগছে দাম হিসাবে একদম ঠিক ঠাকই মনে চার্জও মোটামুটি ভালোই এইদামে অন্যসব ইয়ারবাস্ট ভালোই সবচেয়ে ভালো লাগার দিক হলো লুকটা এক কথায় অসাধারণ টা প্রিমিয়াম টাইপের ফিল পাওয়া যায় উল্লেখ্যঃ যারা গেমিং করেন এইটা গেমিং করার ক্ষেত্রে খুবই বাজে সাউন্ড দেয়,Positive,Price;Product Quality,,price_positive;product_quality_positive,price_positive#product_quality_positive
49563673200629,"আলহামদুলিল্লাহ   আমি দুইটা অর্ডার করেছিলাম ১০০% অথেন্টিক প্রোডাক্ট আপনারা চাইলে চোখ বন্ধ করে নিতে পারেন .  (বিশেষভাবে ধন্যবাদ  স্টোর কে যিনি একটি কেবল ফ্রি দিয়েছেন)  
  ৬০০ টাকায় এত ভালো প্রোডাক্ট আশা করিনি.  আপনারা চাইলে নিতে পারেন.  ধন্যবাদ দারাজ কে",আলহামদুলিল্লাহ আমি দুইটা অর্ডার করেছিলাম ১০০ অথেন্টিক প্রোডাক্ট আপনারা চাইলে চোখ বন্ধ নিতে পারেন বিশেষভাবে ধন্যবাদ স্টোর কেবল ফ্রি দিয়েছেন ৬০০ টাকায় এত ভালো প্রোডাক্ট আশা করিনি আপনারা চাইলে নিতে পারেন ধন্যবাদ দারাজ,Positive,Product Quality,,product_quality_positive,product_quality_positive
54771634700629,আমার কাছে এই দামে এই প্রোডাক্টস টা খুবি ভালো লেগেছে ধন্যবাদ দারাজ কে ধন্যবাদ সেলার ভাইকে,কাছে দামে প্রোডাক্টস টা খুবি ভালো লেগেছে ধন্যবাদ দারাজ ধন্যবাদ সেলার ভাইকে,Positive,Price;Product Quality,,price_positive;product_quality_positive,price_positive#product_quality_positive
52881181700629,বলুন টা অনেক সুন্দর ওখানে অনেক সুন্দর করে সেট হয় পিকটা অনেক ভালো শাওনের গলভিটাও অসাম,বলুন টা সুন্দর ওখানে সুন্দর সেট হয় পিকটা ভালো শাওনের গলভিটাও অসাম,Positive,Product Quality,,product_quality_positive,product_quality_positive
49418988900629,"ব্যবহার করে যেটা লক্ষ্য করলাম, কথা বললে অপরজনের শুনতে সমস্যা হচ্ছে,ও ভয়েস টা অনেক মোটা শোনা যাচ্ছে, এছাড়া এ দামের মধ্যে সবকিছুই মোটামুটি ঠিক আছে।",ব্যবহার যেটা লক্ষ্য করলাম কথা বললে অপরজনের শুনতে সমস্যা ও ভয়েস টা মোটা শোনা যাচ্ছে এছাড়া এ দামের মধ্যে সবকিছুই মোটামুটি ঠিক,Neutral,Price;Product Quality,,price_neutral;product_quality_neutral,price_neutral#product_quality_neutral
43784460800629,অনেক ভালো প্রোডাক্ট  নিতে পারে। সাউন্ড কোয়ালিটি  অনেক ভালো । গুণগতমান ঠিক আছে।,ভালো প্রোডাক্ট নিতে পারে সাউন্ড কোয়ালিটি ভালো গুণগতমান ঠিক,Positive,Product Quality,,product_quality_positive,product_quality_positive
42796857600629,আলহামদুলিল্লাহ যেমন টা চেয়েছি তার চেয়ে ভালো পেয়েছি পোডাক্ট এর সাউন্ড কুয়ালিটি অনেক ভালো সবাই চাইলে নিতে পারবেন,আলহামদুলিল্লাহ টা চেয়েছি চেয়ে ভালো পেয়েছি পোডাক্ট এর সাউন্ড কুয়ালিটি ভালো সবাই চাইলে নিতে পারবেন,Positive,Product Quality,,product_quality_positive,product_quality_positive
49533086600629,অসাধারণ একটি প্রোডাক্ট যেভাবে চেয়েছিলাম সেভাবেই পাইছি সাউন্ড কোয়ালিটি খুবই সুন্দর অসাধারণ,অসাধারণ প্রোডাক্ট যেভাবে চেয়েছিলাম সেভাবেই পাইছি সাউন্ড কোয়ালিটি খুবই সুন্দর অসাধারণ,Positive,Product Quality,,product_quality_positive,product_quality_positive
52580456500629,"খুব ভালো,,পাইছ হিসেবে ঠিক আছে,,বাট একটা কানেটিব একটা হয় আরেক টা হয়ে না 💔🥺",খুব ভালো পাইছ হিসেবে ঠিক বাট একটা কানেটিব একটা হয় আরেক টা হয়ে,Positive,Price;Product Quality,,price_neutral;product_quality_positive,price_neutral#product_quality_positive
52817930000629,আলহামদুলিল্লাহ প্রডাক্ট খুব ভালো। ডেলিভারি সময়মতো পেয়েছি। ধন্যবাদ দারাজকে।,আলহামদুলিল্লাহ প্রডাক্ট খুব ভালো ডেলিভারি সময়মতো পেয়েছি ধন্যবাদ দারাজকে,Positive,Delivery;Product Quality,,delivery_positive;product_quality_positive,delivery_positive#product_quality_positive
52397114000629,এক কথায় এটা অনেক ভালো সাউন্ড কোয়ালিটি অনেক সুন্দর নিঃসন্দেহে নিতে পারেন 🖤,এক কথায় এটা ভালো সাউন্ড কোয়ালিটি সুন্দর নিঃসন্দেহে নিতে পারেন,Positive,Product Quality,,product_quality_positive,product_quality_positive
53944160200629,অনেক  ভালো  হয়ছে  আলহামদুলিল্লাহ  আপনারাও নিতে পারেন চাইলে,ভালো হয়ছে আলহামদুলিল্লাহ আপনারাও নিতে পারেন চাইলে,Positive,Product Quality,,product_quality_positive,product_quality_positive
53375456000629,পন্যটি ভালো আছে নিতে পারেন। দাম হিসেবে ভালো সাউন্ড হয়।,পন্যটি ভালো নিতে পারেন দাম হিসেবে ভালো সাউন্ড হয়,Positive,Price;Product Quality,,price_positive;product_quality_positive,price_positive#product_quality_positive
53484933100629,ভালো পণ্য । গান শুনলে সুন্দর করে শোনা যায়। সুন্দর রং।,ভালো পণ্য গান শুনলে সুন্দর শোনা যায় সুন্দর রং,Positive,Product Quality,,product_quality_positive,product_quality_positive
54755950100629,"খুবি ভালো একটা প্রোডাক্ট 
ডেলিভারি ম্যানটিও খুব ভালো",খুবি ভালো একটা প্রোডাক্ট ডেলিভারি ম্যানটিও খুব ভালো,Positive,Delivery;Product Quality,,delivery_positive;product_quality_positive,delivery_positive#product_quality_positive
52093427700629,বাজেট হিসেবে ভালো তবে মাঝে মাঝে একটু বাইধা বাইধা যায়।,বাজেট হিসেবে ভালো মাঝে মাঝে বাইধা বাইধা যায়,Positive,Product Quality,,product_quality_positive,product_quality_positive
50065427200629,"দাম হিসেবে এই পণ্যটি আমার কাছে ভালই লাগছে 
ধন্যবাদ",দাম হিসেবে পণ্যটি কাছে ভালই লাগছে ধন্যবাদ,Positive,Price;Product Quality,,price_positive;product_quality_positive,price_positive#product_quality_positive
52389831700629,"অস্থির সাউন্ড, বেস্ট কোয়ালিটি,  চার্জও ভালো টিকে",অস্থির সাউন্ড বেস্ট কোয়ালিটি চার্জও ভালো টিকে,Positive,Product Quality,,product_quality_positive,product_quality_positive
42657956400629,এতদিন পরে একটা মনের মত প্রোডাক্ট পেয়েছি ধন্যবাদ দারাজ,এতদিন একটা মনের প্রোডাক্ট পেয়েছি ধন্যবাদ দারাজ,Positive,Product Quality,,product_quality_positive,product_quality_positive
53741699000629,ভালই প্রোডাক্ট । সাউন্ড কোয়ালিটি ভালো আছে,ভালই প্রোডাক্ট সাউন্ড কোয়ালিটি ভালো,Positive,Product Quality,,product_quality_positive,product_quality_positive
49830853300629,১০০ তে ১০০!!! প্রোডাক্ট ভালো কিনে ফেলেন।।,১০০ তে ১০০ প্রোডাক্ট ভালো কিনে ফেলেন,Positive,Product Quality,,product_quality_positive,product_quality_positive
49538312100629,অসাধারণ সেরা ভাই সেরা  সাউন্ড কয়ালিটি মনোমুগ্ধকর,অসাধারণ সেরা ভাই সেরা সাউন্ড কয়ালিটি মনোমুগ্ধকর,Positive,Product Quality,,product_quality_positive,product_quality_positive
52446464300629,দাম হিসেবে ভালো প্রডাক্ট। নিতে পারেন।,দাম হিসেবে ভালো প্রডাক্ট নিতে পারেন,Positive,Price;Product Quality,,price_positive;product_quality_positive,price_positive#product_quality_positive
53424588400629,"খুবই ভালো ছিল,আপনারা চাইলে নিতে পারেন।",খুবই ভালো আপনারা চাইলে নিতে পারেন,Positive,Product Quality,,product_quality_positive,product_quality_positive
52463031100629,খুব ভালো৷৷  আপনারা সবাই নিতে পারেন,খুব ভালো৷৷ আপনারা সবাই নিতে পারেন,Positive,Product Quality,,product_quality_positive,product_quality_positive
49710556000629,আলহামদুলিল্লাহ সাউন্ড কোয়ালিটি অনেকটাই ভালো,আলহামদুলিল্লাহ সাউন্ড কোয়ালিটি অনেকটাই ভালো,Positive,Product Quality,,product_quality_positive,product_quality_positive
53487551500629,আমি ৪টা নিচি ভালোই চলে দাম হিসেবে,আমি ৪টা নিচি ভালোই চলে দাম হিসেবে,Positive,Price;Product Quality,,price_positive;product_quality_positive,price_positive#product_quality_positive
53401218700629,ভালো আছে চাইলে সবাই নিতে পারেন,ভালো চাইলে সবাই নিতে পারেন,Positive,Product Quality,,product_quality_positive,product_quality_positive
49272728000629,মোটামুটি ভালো। কোয়ালিটি ১০ এর মধ্যে ৭ দেওয়া যায়।,মোটামুটি ভালো কোয়ালিটি ১০ এর মধ্যে ৭ দেওয়া যায়,Neutral,Product Quality,,product_quality_neutral,product_quality_neutral
53337491800629,টাইপ সি ক্যাবল নষ্ট 😕এছাড়া প্রোডাক্ট টা খুবই ভালো। ভালো ওয়েট ও আছে।  এখন দেখার বিষয় কত দিন টিকে। বারকোড স্কান করলে কাজ করে না।  কপির ও কপি 😪😪😪,টাইপ সি ক্যাবল নষ্ট এছাড়া প্রোডাক্ট টা খুবই ভালো ভালো ওয়েট ও দেখার বিষয় কত দিন টিকে বারকোড স্কান করলে কাজ কপির ও কপি,Positive,Product Quality,,product_quality_positive,product_quality_positive
45974785000629,আলহামদুলিল্লাহ এয়ারপডস টা খুবই ভালো। বন্ধুর জন্য অর্ডার দিয়েছিলাম ওর খুবই পছন্দ হয়েছে। ওজনেও বেশ ভারী সাথে টাইপসি ক্যাবল ও দিয়েছে।,আলহামদুলিল্লাহ এয়ারপডস টা খুবই ভালো বন্ধুর অর্ডার দিয়েছিলাম ওর খুবই পছন্দ হয়েছে ওজনেও বেশ ভারী টাইপসি ক্যাবল ও দিয়েছে,Positive,Product Quality,,product_quality_positive,product_quality_positive
42669922700629,দেখতে যেমন সুন্দর সাউন্ড তেমন সুন্দর ধন্যবাদ,দেখতে সুন্দর সাউন্ড সুন্দর ধন্যবাদ,Positive,Product Quality,,product_quality_positive,product_quality_positive
44493385900629,"এয়ারপোর্টটা খুব ভালো ব্ল্যাক কালার টা অনেক সুন্দর 
সেলার এর ব্যবহার অনেক সুন্দর 
ডেলিভারি ম্যান সোহেল ভাই এর ব্যবহার অনেক চমৎকার 
দারাজ অ্যাপটা আসলে অনেক ভালো",এয়ারপোর্টটা খুব ভালো ব্ল্যাক কালার টা সুন্দর সেলার এর ব্যবহার সুন্দর ডেলিভারি ম্যান সোহেল ভাই এর ব্যবহার চমৎকার দারাজ অ্যাপটা আসলে ভালো,Positive,Delivery;Product Quality;Seller Service,,seller_service_positive;delivery_positive;product_quality_positive,seller_service_positive#delivery_positive#product_quality_positive
44484767200629,"যেমন চেয়েছিলাম তাঁর থেকেও অনেক বেশি ভালো 
সেলার এর ব্যবহার অনেক ভালো 
ডেলিভারি ম্যান এর ব্যবহার সেই",চেয়েছিলাম তাঁর থেকেও ভালো সেলার এর ব্যবহার ভালো ডেলিভারি ম্যান এর ব্যবহার সেই,Positive,Delivery;Product Quality;Seller Service,,seller_service_positive;delivery_positive;product_quality_positive,seller_service_positive#delivery_positive#product_quality_positive
42877861700629,অসাধারণ একটি প্রোডাক্ট সাউন্ড কোয়ালিটি অনেক ভালো ব্যাস অনেক ভালো দেয় চাইলে সবাই নিতে পারেন দাম অনুযায়ী ভালো একটি প্রোডাক্ট ধন্যবাদ দারাজ ধন্যবাদ সেলার ভাই এত সুন্দর একটি প্রোডাক্ট দেওয়ার জন্য,অসাধারণ প্রোডাক্ট সাউন্ড কোয়ালিটি ভালো ব্যাস ভালো দেয় চাইলে সবাই নিতে পারেন দাম অনুযায়ী ভালো প্রোডাক্ট ধন্যবাদ দারাজ ধন্যবাদ সেলার ভাই এত সুন্দর প্রোডাক্ট দেওয়ার,Positive,Price;Product Quality,,price_positive;product_quality_positive,price_positive#product_quality_positive
45703748000629,না নেওয়ার কোন কারণ নেই।নেওয়ার অনেক কারণ আছে।।।,নেওয়ার নেই নেওয়ার,Positive,Product Quality,,product_quality_positive,product_quality_positive
45751738600629,প্রোডাক্টটি অনেক ভালো চাইলে সবাই নিতে পারেন,প্রোডাক্টটি ভালো চাইলে সবাই নিতে পারেন,Positive,Product Quality,,product_quality_positive,product_quality_positive
50332369500629,"দাম অনুযায়ী মোটামুটি ভালো,,, কিন্তু নয়েজ ক্যালকুলেশন নাই ,, যারা চাচ্ছেন একটু কম দামের ভিতরে ব্লুটুথ আছেন ভালো ব্যাটারি ব্যাকআপ তারা শুধুমাত্র নিতে পারেন দাম অনুযায়ী ভালই আছে,,, এরকম একটি ব্লু টু মার্কেটে কিনতে গেলে ৭০০ থেকে ৭৫০ টাকা নিয়ে থাকবে,,, আমার কাছে দাম হিসেবে মোটামুটি ভালই আছে খারাপ না আপনারা নিতে পারেন।। ❤️",দাম অনুযায়ী মোটামুটি ভালো নয়েজ ক্যালকুলেশন নাই যারা চাচ্ছেন দামের ভিতরে ব্লুটুথ আছেন ভালো ব্যাটারি ব্যাকআপ শুধুমাত্র নিতে পারেন দাম অনুযায়ী ভালই এরকম ব্লু টু মার্কেটে কিনতে ৭০০ ৭৫০ টাকা নিয়ে কাছে দাম হিসেবে মোটামুটি ভালই খারাপ আপনারা নিতে পারেন,Neutral,Price;Product Quality,,price_neutral;product_quality_neutral,price_neutral#product_quality_neutral
49778170000629,"ফালতু প্রোডাক্ট,, চার্জ থাকে না,, বিক্রেতার কথার সাথে কাজের কোন মিল নাই,, কেউ নিবেন না,, রিটার্ন করে দিতে চাচ্ছি সেটাও পেন্ডিং দেখাচ্ছে,,, বলছিল ৩ থেকে ৪ ঘন্টা চার্জ থাকবে উল্টা দুই ঘন্টা চার্জ থাকে না ফালতু একটা প্রোডাক্ট,,, চার্জ ওঠার কোন মিল নাই একটা হান্ডেট পার্সেন্ট চার্জ হয় আর একটা ৮০% চার্জ হয়ে থাকে,, খুবই খারাপ এক্সপেরিয়েন্স",ফালতু প্রোডাক্ট চার্জ বিক্রেতার কথার কাজের মিল নাই কেউ নিবেন রিটার্ন দিতে চাচ্ছি সেটাও পেন্ডিং দেখাচ্ছে বলছিল ৩ ৪ ঘন্টা চার্জ উল্টা দুই ঘন্টা চার্জ ফালতু একটা প্রোডাক্ট চার্জ ওঠার মিল নাই একটা হান্ডেট পার্সেন্ট চার্জ হয় একটা ৮০ চার্জ হয়ে খুবই খারাপ এক্সপেরিয়েন্স,Negative,Product Quality,Product Quality,product_quality_negative,product_quality_negative
51398725400629,"প্রোডাক্টটি অনেক ভাল ছিল।  হাতে নেওয়ার পর খুব প্রিমিয়াম একটা ফিল পাইছি। সাউন্ড কোয়ালিটি ও অসাধারণ। আপনারা যারা নিতে চান, নির্দ্বিধায় নিতে পারেন। এছাড়াও, সেলারের ব্যবহার খুব ভালো ছিল। ডেলিভারিও ঠিকঠাক ছিল।",প্রোডাক্টটি ভাল হাতে নেওয়ার খুব প্রিমিয়াম একটা ফিল পাইছি সাউন্ড কোয়ালিটি ও অসাধারণ আপনারা যারা নিতে চান নির্দ্বিধায় নিতে পারেন এছাড়াও সেলারের ব্যবহার খুব ভালো ডেলিভারিও ঠিকঠাক,Positive,Delivery;Product Quality;Seller Service,,seller_service_positive;delivery_neutral;product_quality_positive,seller_service_positive#delivery_neutral#product_quality_positive
52413003200629,এক্কেবারে খারাপ। প্যাকেজিং এভাবে একটা জিনিস কাউকে ডেলিভারি দিতে নেই। মূল্য অনুযায়ী নরমাল প্যাকেটে করে কাস্টমারের কাছে ডেলিভারি দিয়েছে আসলে এটা আমি কখনো আশা করিনি। বক্সটা ছেরা ছিল। প্রথমে দেখে আমি খুব মর্মাহত। দাম হিসেবে চার্জ ঠিক আছে কিন্তু। তাস এডজাস্টমেন্ট খুবই খারাপ কান থেকে খুললে অটোমেটিকলি কাজ করে এটা আমার খুব একটা ভালো লাগলো।,এক্কেবারে খারাপ প্যাকেজিং এভাবে একটা জিনিস কাউকে ডেলিভারি দিতে নেই মূল্য অনুযায়ী নরমাল প্যাকেটে কাস্টমারের কাছে ডেলিভারি দিয়েছে আসলে এটা আমি আশা করিনি বক্সটা ছেরা প্রথমে দেখে আমি খুব মর্মাহত দাম হিসেবে চার্জ ঠিক তাস এডজাস্টমেন্ট খুবই খারাপ কান খুললে অটোমেটিকলি কাজ এটা খুব একটা ভালো লাগলো,Negative,Packaging,Packaging,packaging_negative,packaging_negative
49520117800629,"ভালই বাট কথা বলতে একটু প্রব্লেম হয়,,  আর গেম খেলতে অসুবিধা হয় আওয়াজ একটু পরে আসে,,,  আর অভার অল ভালই",ভালই বাট কথা বলতে প্রব্লেম হয় গেম খেলতে অসুবিধা হয় আওয়াজ আসে অভার অল ভালই,Positive,Product Quality,,product_quality_positive,product_quality_positive
52340354400629,আলহামদুলিল্লাহ ভালো ব্যাটারি ব্যাকআপ খুবই ভালো ব্যবহার করার প্রায় ১৫ দিন পর রিভিউ দিতেছি খুব ভালো নিতে পারেন,আলহামদুলিল্লাহ ভালো ব্যাটারি ব্যাকআপ খুবই ভালো ব্যবহার করার প্রায় ১৫ দিন রিভিউ দিতেছি খুব ভালো নিতে পারেন,Positive,Product Quality,,product_quality_positive,product_quality_positive
50325221900629,"প্রোডাক্ট টি খুবই ভালো।তবে ডেলিভারি ম্যান আমাকে প্রায় তিন চার দিন ঘুরিয়েছে। এদিকে নজর রাখার  জোর দাবি জানাচ্ছি, ডেলিভারি ম্যান এর হাতে কেনো প্রোডাক্ট চার থেকে পাঁচ দিন  থাকবে। তাদের ডেলিভারি ব্যবস্থা খুবই বাজে।",প্রোডাক্ট টি খুবই ভালো ডেলিভারি ম্যান প্রায় তিন চার দিন ঘুরিয়েছে এদিকে নজর রাখার জোর দাবি জানাচ্ছি ডেলিভারি ম্যান এর হাতে কেনো প্রোডাক্ট চার পাঁচ দিন ডেলিভারি ব্যবস্থা খুবই বাজে,Neutral,Delivery;Product Quality,Delivery,delivery_negative;product_quality_positive,delivery_negative#product_quality_positive
50438325400629,"প্রায় ৭ দিন ব্যাবহারের পর রিভিও দিতেছি, সেলার রসপন্স ভাল। প্যাকেজিং ও ভালই ছিল। টাইপ-সি দিতে বলছিলাম টাইপ-সি পোর্টের টাই দিয়েছে। সাউন্ড কোয়ালিটি দাম অনুযায়ী ভালই ক্লিয়ার ও লাউড। কলে কথা বলার সময় একটু প্যারা খেতে হয় মাঝেমাঝে। বাডস গুলোতে চার্জ ভালই থাকে ৭০% ভলিউম এ ৪-৪.৫ ঘন্টা চার্জ থাকে। আর বক্স থেকে ২ বার বাডসগুলো চার্জ দেওয়া যায়।",প্রায় ৭ দিন ব্যাবহারের রিভিও দিতেছি সেলার রসপন্স ভাল প্যাকেজিং ও ভালই টাইপ সি দিতে বলছিলাম টাইপ সি পোর্টের টাই দিয়েছে সাউন্ড কোয়ালিটি দাম অনুযায়ী ভালই ক্লিয়ার ও লাউড কলে কথা বলার সময় প্যারা খেতে হয় মাঝেমাঝে বাডস গুলোতে চার্জ ভালই ৭০ ভলিউম এ ৪ ৪ ৫ ঘন্টা চার্জ বক্স ২ বাডসগুলো চার্জ দেওয়া যায়,Positive,Packaging;Product Quality;Seller Service,,seller_service_positive;packaging_positive;product_quality_positive,seller_service_positive#packaging_positive#product_quality_positive
52574522500629,আজই প্রোডাক্টটি হাতে পেলাম। মাত্র ২ দিনে ডেলিভারি দিল। আলহামদুলিল্লাহ ভালো অবস্থায় পেয়েছি। সাউন্ড কোয়ালিটি দাম অনুযায়ী বেশ ভালো।,আজই প্রোডাক্টটি হাতে পেলাম ২ দিনে ডেলিভারি আলহামদুলিল্লাহ ভালো অবস্থায় পেয়েছি সাউন্ড কোয়ালিটি দাম অনুযায়ী বেশ ভালো,Positive,Delivery;Price;Product Quality,,delivery_positive;price_positive;product_quality_positive,delivery_positive#price_positive#product_quality_positive
50494039800629,"আলহামদুলিল্লাহ!! প্রোডাক্ট হাতে পাইলাম প্রোডাক্টটি মিসিং হওয়ার পর পুনরায় আবার পাইলাম।
 ধন্যবাদ দারাজ ব্যবস্থাপনাকে! ❤️💝
টাকা অনুযায়ী পণ্যটি আলহামদুলিল্লাহ অনেক ভালো🎉",আলহামদুলিল্লাহ প্রোডাক্ট হাতে পাইলাম প্রোডাক্টটি মিসিং হওয়ার পুনরায় পাইলাম ধন্যবাদ দারাজ ব্যবস্থাপনাকে টাকা অনুযায়ী পণ্যটি আলহামদুলিল্লাহ ভালো,Positive,Price;Product Quality,,price_positive;product_quality_positive,price_positive#product_quality_positive
53747506100629,"খুব সুন্দর একটা প্রোডাক্ট যেমনটা চেয়েছি তেমন টা পেয়েছি। 
কেউ নিতে চাইলে নিতে পারেন। 
ধন্যবাদ ডেলিভারি ম্যানকে।",খুব সুন্দর একটা প্রোডাক্ট যেমনটা চেয়েছি টা পেয়েছি কেউ নিতে চাইলে নিতে পারেন ধন্যবাদ ডেলিভারি ম্যানকে,Positive,Product Quality,,product_quality_positive,product_quality_positive
50530501200629,আলহামদুলিল্লাহ প্রোডাক্ট যেমন চেয়েছি ঠিক তেমনি পেয়েছি। অসংখ্য ধন্যবাদ আপনাকে। ❤️❤️,আলহামদুলিল্লাহ প্রোডাক্ট চেয়েছি ঠিক তেমনি পেয়েছি অসংখ্য ধন্যবাদ আপনাকে,Positive,Product Quality,,product_quality_positive,product_quality_positive
54052988600629,আলহামদুলিল্লাহ অনেক  ভালো মানের একটা প্রোডাক্ট সবাই নিতে পারেন,আলহামদুলিল্লাহ ভালো মানের একটা প্রোডাক্ট সবাই নিতে পারেন,Positive,Product Quality,,product_quality_positive,product_quality_positive
51206448900629,আলহামদুলিল্লাহ প্রোডাক্ট অনেক সুন্দর আপনারা চাইলে নিতে পারেন,আলহামদুলিল্লাহ প্রোডাক্ট সুন্দর আপনারা চাইলে নিতে পারেন,Positive,Product Quality,,product_quality_positive,product_quality_positive
49719119900629,নিতে পারেন এটা অনেক ভালো দাম অনুযায়ী - হাইলি রিকমেন্ডেড ❤️❤️,নিতে পারেন এটা ভালো দাম অনুযায়ী হাইলি রিকমেন্ডেড,Positive,Price;Product Quality,,price_positive;product_quality_positive,price_positive#product_quality_positive
51995106800629,আলহামদুলিল্লাহ যেটা চেয়েছি যেমনটা চেয়েছি তেমন টা  পেয়েছি,আলহামদুলিল্লাহ যেটা চেয়েছি যেমনটা চেয়েছি টা পেয়েছি,Positive,Product Quality,,product_quality_positive,product_quality_positive
49618680000629,ধন্যবাদ সেলার কে প্রোডাক্টগুলো আলহামদুলিল্লাহ ভালো  ছিল,ধন্যবাদ সেলার প্রোডাক্টগুলো আলহামদুলিল্লাহ ভালো,Positive,Price,,price_positive,price_positive
50768761900629,প্রডাক্ট কোয়ালিটি মোটামুটি দাম অনুযায়ী সন্তুষ্টজনক না।,প্রডাক্ট কোয়ালিটি মোটামুটি দাম অনুযায়ী সন্তুষ্টজনক,Negative,Price;Product Quality,Price,price_negative;product_quality_neutral,price_negative#product_quality_neutral
43945357100629,সাউন্ড ও ভালো আছে।। সেলার এর ব্যাবহার খুব ভালো ও আন্তরিক খুব তাড়াতাড়ি জিনিস টা বুঝে পাইছি।।,সাউন্ড ও ভালো সেলার এর ব্যাবহার খুব ভালো ও আন্তরিক খুব তাড়াতাড়ি জিনিস টা বুঝে পাইছি,Positive,Delivery;Product Quality;Seller Service,,seller_service_positive;delivery_positive;product_quality_positive,seller_service_positive#delivery_positive#product_quality_positive
49518305000629,"অনেক ব্যবহার করতেছি, অনেক ভালো,  কম দামে  ভালো জিনিস",ব্যবহার করতেছি ভালো দামে ভালো জিনিস,Positive,Product Quality,,product_quality_positive,product_quality_positive
49634923200629,অনেক সুন্দর হয়েছে প্যাকেজিং অনেক ভালো একটা আইপড।,সুন্দর হয়েছে প্যাকেজিং ভালো একটা আইপড,Positive,Product Quality,,product_quality_positive,product_quality_positive
50192975400629,মাশা-আল্লাহ অনেক ভালো জিনিস সবাই নিতে পারেন,মাশা আল্লাহ ভালো জিনিস সবাই নিতে পারেন,Positive,Product Quality,,product_quality_positive,product_quality_positive
49514081400629,আলহামদুলিল্লাহ মোটামুটি ভালো নিতে পারেন,আলহামদুলিল্লাহ মোটামুটি ভালো নিতে পারেন,Neutral,Product Quality,,product_quality_neutral,product_quality_neutral
54178023900629,অনেক ভালো হয়েছে আমি ৪ টা নিয়েছি 🥰🥰🥰🥰,ভালো হয়েছে আমি ৪ টা নিয়েছি,Positive,Product Quality,,product_quality_positive,product_quality_positive
49983415900629,অনেক সুন্দর সবাই নিতে পারেন,সুন্দর সবাই নিতে পারেন,Positive,Product Quality,,product_quality_positive,product_quality_positive
49706302000629,ভালো ছিলো তবে হাতে পাইছি ৫ দিন পরে,ভালো ছিলো হাতে পাইছি ৫ দিন,Neutral,Delivery;Product Quality,Delivery,delivery_negative;product_quality_positive,delivery_negative#product_quality_positive
49361157800629,ভালো না এক কানের হেডফোন ভালো না,ভালো এক কানের হেডফোন ভালো,Negative,Product Quality,Product Quality,product_quality_negative,product_quality_negative
52538221500629,প্রোডাক্টটি ভালো চাইলে নিতে পারেন,প্রোডাক্টটি ভালো চাইলে নিতে পারেন,Positive,Product Quality,,product_quality_positive,product_quality_positive
45693824100629,"ভাই এককথায় জোশ,,,সাউন্ড,বেজ ও টেকসই। হাই কোয়ালিটি জিনিস একটা 💗💗",ভাই এককথায় জোশ সাউন্ড বেজ ও টেকসই হাই কোয়ালিটি জিনিস একটা,Positive,Product Quality,,product_quality_positive,product_quality_positive
44417501500629,অনেক ভালো প্রডাক্ট দেয়ার জন্য ধন্যবাদ সেলার এবং ডেলিভারি ম্যানকে।,ভালো প্রডাক্ট দেয়ার ধন্যবাদ সেলার ডেলিভারি ম্যানকে,Positive,Product Quality,,product_quality_positive,product_quality_positive
49340721900629,এইখানে দেখাচ্ছে এক রকম আর দিচ্ছে আরেক রকম এবার প্রথম দারাজ থেকে কিছু কিনে ঠকে গেলাম। আর সেইলার উদ্দেশ্য একটি কথা যেটা দেখাবেন সেটাই দিবেন।,এইখানে দেখাচ্ছে এক রকম দিচ্ছে আরেক রকম এবার প্রথম দারাজ কিনে ঠকে গেলাম সেইলার উদ্দেশ্য কথা যেটা দেখাবেন সেটাই দিবেন,Negative,Product Quality,Product Quality,product_quality_negative,product_quality_negative
45719401600629,সব কিছু মোটামুটি!  কিন্তু চার্জিং ব্যাক আপ একটুও ভালো না,মোটামুটি চার্জিং ব্যাক আপ একটুও ভালো,Neutral,Product Quality,,product_quality_neutral,product_quality_neutral
52280773800629,গুড কোয়ালিটি সাউন্ড অত্যন্ত ভালো,গুড কোয়ালিটি সাউন্ড অত্যন্ত ভালো,Positive,Product Quality,,product_quality_positive,product_quality_positive
45823322000629,"ভালো না ১টা নসট ১টা অনেক সাওনড আরেক টা অল্প বাজে,,,বাম টা ঠিক আছে ডানটা অল্প বাজে,",ভালো ১টা নসট ১টা সাওনড আরেক টা অল্প বাজে বাম টা ঠিক ডানটা অল্প বাজে,Negative,Product Quality,Product Quality,product_quality_negative,product_quality_negative
49710155600629,ঠিক আছে কোনো সমস্যা নেই। নিতে পারেন। তবে আমি চেয়েছিলাম আইফোন চাজার মতো এয়ার বাট্ টা।,ঠিক সমস্যা নেই নিতে পারেন আমি চেয়েছিলাম আইফোন চাজার এয়ার বাট্ টা,Positive,Product Quality,,product_quality_positive,product_quality_positive
48864121886345,আলহামদুলিল্লাহ আমি প্রোডাক্ট হাতে পেলাম ৩দিনের ভিতরে এই প্রোডাক্ট টি খুব এই ভালো আপনারা প্রোডাক্ট টি নিরভয়ে নিতে পাড়েন,আলহামদুলিল্লাহ আমি প্রোডাক্ট হাতে পেলাম ৩দিনের ভিতরে প্রোডাক্ট টি খুব ভালো আপনারা প্রোডাক্ট টি নিরভয়ে নিতে পাড়েন,Positive,Delivery;Product Quality,,delivery_positive;product_quality_positive,delivery_positive#product_quality_positive
49059725186345,মোটামুটি ভালোই সবাই নিতে পারে 🖤ডেলিভারি দেওয়ার সময় ছিল ১৮ তারিখে কিন্তু এসেছে ১৭ তারিখে🖤,মোটামুটি ভালোই সবাই নিতে পারে ডেলিভারি দেওয়ার সময় ১৮ তারিখে এসেছে ১৭ তারিখে,Positive,Delivery;Product Quality,,delivery_positive;product_quality_neutral,delivery_positive#product_quality_neutral
41927370586345,"৩ দিন পরে রিভিউ দিলাম,জিনিস টা অনেক ভালো,যেমন চেয়েছি তেমন টাই পেয়েছি, প্যাকিং টা অনেক ভালো ছিলো,সেলার কে ধন্যবাদ ❤️।ডেলিভারি ভাই টারও ব্যাবহার অনেক ভালো।",৩ দিন রিভিউ দিলাম জিনিস টা ভালো চেয়েছি টাই পেয়েছি প্যাকিং টা ভালো ছিলো সেলার ধন্যবাদ ডেলিভারি ভাই টারও ব্যাবহার ভালো,Positive,Delivery;Packaging;Product Quality,,delivery_positive;packaging_positive;product_quality_positive,delivery_positive#packaging_positive#product_quality_positive
41376726786345,"- দাম অনুযায়ী মোটামুটি চলে ভালোই আছে কোয়ালিটি, কিন্তু চার্জ একটু কম থাকে সমস্যা এটাই 🥺🥺 আর ওভারঅল সব ঠিক আছে।",দাম অনুযায়ী মোটামুটি চলে ভালোই কোয়ালিটি চার্জ সমস্যা এটাই ওভারঅল ঠিক,Neutral,Price;Product Quality,,price_neutral;product_quality_neutral,price_neutral#product_quality_neutral
48230657286345,প্রোডাক্ট যেমন আসা করেছি তেমন পেয়েছি। প্রোডাক্ট নিয়ে আমার কোন অভিযোগ নেই। তবে ডেলিভারি সারভিস খুবই বাজে পেয়েছি। বিকাশ এ পেমেন্ট করে অর্ডার করেছিলাম। ডেলিভারির লোক আসার পর আমি বাসায় ছিলাম না তাই তিনি বল্লো আমার বাসার সিকুরেটি লোক এর কাছে পারসেল রেখে যাচ্ছে। বাসায় আসার পর জানতে পারলাম আমার বাসায় কোন পারসেল দেন নি। এবং তাকে জিজ্ঞেস করলে সে বলে যে সে নাকি সেটা আমার বাসায় দিয়ে গেছে।পরবর্তীতে আমি দারাজ কাস্টোমার কেয়ার এ অভিজোগ এর কথা বল্লে সে পারসেল এনে দিল।এমন মানুষদের কাজ এ রাখা একদম উচিৎ না,প্রোডাক্ট আসা করেছি পেয়েছি প্রোডাক্ট নিয়ে অভিযোগ নেই ডেলিভারি সারভিস খুবই বাজে পেয়েছি বিকাশ এ পেমেন্ট অর্ডার করেছিলাম ডেলিভারির লোক আসার আমি বাসায় ছিলাম তাই বল্লো বাসার সিকুরেটি লোক এর কাছে পারসেল রেখে যাচ্ছে বাসায় আসার জানতে পারলাম বাসায় পারসেল দেন নি জিজ্ঞেস করলে বলে যে নাকি সেটা বাসায় দিয়ে পরবর্তীতে আমি দারাজ কাস্টোমার কেয়ার এ অভিজোগ এর কথা বল্লে পারসেল এনে মানুষদের কাজ এ রাখা একদম উচিৎ,Neutral,Delivery;Product Quality,Delivery,delivery_negative;product_quality_positive,delivery_negative#product_quality_positive
41141120786345,"আমি এটি ৩ দিন ব্যবহার করার পরে  রিভিউ দিতেছি 
এটি দাম অনুযায়ী ভালো খারাপ না সাউন্ড কোয়ালিটি ভালো এবং চার্জ মোটামুটি ভালো সার্ভিস দিচ্ছে তবে হেডফোনটি কয়দিন এরকম ভালো সার্ভিস দিবে সেটাই দেখার বিষয় 
তবে একটি বাজে অভিজ্ঞতা আমার হয়েছে এটা আমি আর প্রথম আরেকবার অর্ডার করেছিলাম ওই সময় এটা একটু সমস্যা ছিল পরবর্তীতে রিফান্ড করে আবার নতুন করে অর্ডার করলাম এটা ভালো",আমি এটি ৩ দিন ব্যবহার করার রিভিউ দিতেছি এটি দাম অনুযায়ী ভালো খারাপ সাউন্ড কোয়ালিটি ভালো চার্জ মোটামুটি ভালো সার্ভিস দিচ্ছে হেডফোনটি কয়দিন এরকম ভালো সার্ভিস দিবে সেটাই দেখার বিষয় বাজে অভিজ্ঞতা হয়েছে এটা আমি প্রথম আরেকবার অর্ডার করেছিলাম সময় এটা সমস্যা পরবর্তীতে রিফান্ড নতুন অর্ডার করলাম এটা ভালো,Positive,Price;Product Quality,,price_positive;product_quality_positive,price_positive#product_quality_positive
40639174086345,এয়ার বাডসটি দেখতে অনেক সুন্দর কিন্তু চার্জ ব্যাকআপ একটুও বেশি দেওয়া দরকার ছিল। যাহোক ওভারঅল অনেক ভালো ডেলিভারি খুব দ্রুত ছিল।,এয়ার বাডসটি দেখতে সুন্দর চার্জ ব্যাকআপ একটুও দেওয়া দরকার যাহোক ওভারঅল ভালো ডেলিভারি খুব দ্রুত,Positive,Delivery;Product Quality,,delivery_positive;product_quality_positive,delivery_positive#product_quality_positive
40364858386345,"এই প্রাইসে খুব বেশি খারাপ বলার সুযোগ নেই, কথা বলার সময় নয়েজ আসে, সাইজ টা তুলনামূলক অনেক বড়। পরিশেষে বলতে পারি আমার কাছে ভালই লেগেছে।",প্রাইসে খুব খারাপ বলার সুযোগ নেই কথা বলার সময় নয়েজ আসে সাইজ টা তুলনামূলক বড় পরিশেষে বলতে পারি কাছে ভালই লেগেছে,Positive,Price;Product Quality,,price_positive;product_quality_neutral,price_positive#product_quality_neutral
40177429686345,"যেমন অর্ডার করেছিলাম তেমনটাই পেয়েছি এবং খুবই অল্প দিনের মধ্যেই পেয়েছি ‌।
দাম অনুযায়ী প্রোডাক্টটা ভালই  সবাই কিনতে পারেন",অর্ডার করেছিলাম তেমনটাই পেয়েছি খুবই অল্প দিনের মধ্যেই পেয়েছি দাম অনুযায়ী প্রোডাক্টটা ভালই সবাই কিনতে পারেন,Positive,Delivery;Price;Product Quality,,delivery_positive;price_positive;product_quality_positive,delivery_positive#price_positive#product_quality_positive
40747066286345,"আলহামদুলিল্লাহ অনেক ভালো একটা প্রডাক্ট চাইলে যে কেও নিতে পারেন, আর সবচাইতে ভালো লাগছে ডেলিভারি ভাই দের ব্যাবহার, ,,",আলহামদুলিল্লাহ ভালো একটা প্রডাক্ট চাইলে যে কেও নিতে পারেন সবচাইতে ভালো লাগছে ডেলিভারি ভাই দের ব্যাবহার,Positive,Delivery;Product Quality,,delivery_positive;product_quality_positive,delivery_positive#product_quality_positive
40272938686345,১ দিন ব্যবহার করে রিভিউ দিচ্ছি। প্রডাক্টি খুব ভালো এক চর্জে প্রায় ১০ ঘটনা চলে চার্জ হতে বেশি সময় লাগেনা প্রা ১-১.৫ ঘটনা লাগে সাউন্ড ভালো কিন্তু গেমিং একেবারে বাজে তবে আমার এক বন্ধ বলেছে ব্লুটুথ হেডফোনে গেম এর সাউন্ড নাই প্রথম এমন করে ২-৩ দিন পড়ে ঠিক হয়ে যায় এখন শুধু দেখার পালা ঠিক হয় কিনা। প্রথমে আমি ভয় পেয়ে ছিলাম চার্জ ছিলো না কিছুতেই ভাবছিলাম কপি প্রডাক্ট দিছে পরে  চার্জ করি আর সব ঠিক হয়ে গেলো  এমনিতে সব ঠিক পেয়েছে ডেলিভারিও সময় মতো পেয়ে গেছি🥰,১ দিন ব্যবহার রিভিউ দিচ্ছি প্রডাক্টি খুব ভালো এক চর্জে প্রায় ১০ ঘটনা চলে চার্জ সময় লাগেনা প্রা ১ ১ ৫ ঘটনা লাগে সাউন্ড ভালো গেমিং একেবারে বাজে এক বন্ধ বলেছে ব্লুটুথ হেডফোনে গেম এর সাউন্ড নাই প্রথম ২ ৩ দিন পড়ে ঠিক হয়ে যায় শুধু দেখার পালা ঠিক হয় কিনা প্রথমে আমি ভয় পেয়ে ছিলাম চার্জ ছিলো কিছুতেই ভাবছিলাম কপি প্রডাক্ট দিছে চার্জ করি ঠিক হয়ে গেলো এমনিতে ঠিক পেয়েছে ডেলিভারিও সময় পেয়ে গেছি,Positive,Delivery;Product Quality,,delivery_positive;product_quality_positive,delivery_positive#product_quality_positive
41323267386345,এই বাজেটের মধ্যে এই এয়ারবাট টি অনেক ভালো।আপনারা চাইলে নিতে পারেন। ধন্যবাদ দারাজকে,বাজেটের মধ্যে এয়ারবাট টি ভালো আপনারা চাইলে নিতে পারেন ধন্যবাদ দারাজকে,Positive,Price;Product Quality,,price_positive;product_quality_positive,price_positive#product_quality_positive
41162805486345,প্রোডাক্ট ভালো আছে। ব্লুটুথ ঠিকঠাক মতোই কানেক্ট পায় চার্জের কোন সমস্যা দেখা দেয় নাই,প্রোডাক্ট ভালো ব্লুটুথ ঠিকঠাক মতোই কানেক্ট পায় চার্জের সমস্যা দেখা দেয় নাই,Positive,Product Quality,,product_quality_positive,product_quality_positive
50467724986345,আলহামদুলিল্লাহ অরিজিনাল প্রোডাক্ট পেয়েছি।দেখতে অনেক প্রিমিয়াম। দুইদিন ব্যবহারের পর রিভিউ দিচ্ছি। দাম অনুযায়ী সাউন্ড কোয়ালিটি ভালো। একটানা 2.5-3 ঘন্টা মতো সার্ভিস পাইছি তবে দুইবার চার্জ দিলে বক্সের চার্জ শেষ হয়ে যায়। আর বক্স ফুল চার্জ হতে মিনিমাম 2 ঘন্টার উপর লাগে।চাইলে আপনারা নিতে পারেন।,আলহামদুলিল্লাহ অরিজিনাল প্রোডাক্ট পেয়েছি দেখতে প্রিমিয়াম দুইদিন ব্যবহারের রিভিউ দিচ্ছি দাম অনুযায়ী সাউন্ড কোয়ালিটি ভালো একটানা 2 5 3 ঘন্টা সার্ভিস পাইছি দুইবার চার্জ দিলে বক্সের চার্জ শেষ হয়ে যায় বক্স ফুল চার্জ মিনিমাম 2 ঘন্টার উপর লাগে চাইলে আপনারা নিতে পারেন,Positive,Price;Product Quality,,price_positive;product_quality_positive,price_positive#product_quality_positive
53801499886345,সাউন্ড কোয়ালিটি খুবই বাজে সাউন্ড কম এবং কি একটা স্পিকার মাঝে মাঝে ডিস্টার্ব দেয় চার্জ একদমই কম থাকে স্পিকারের সাউন্ড কম থাকার কারণে ফুল ভলিউম দিয়ে ব্যবহার করতে হয় এই কারণে চার্জ একেবারেই কম থাকে জিনিস নেওয়ার আগে যাচাই-বাছাই করে নিন ধন্যবাদ সবাইকে,সাউন্ড কোয়ালিটি খুবই বাজে সাউন্ড একটা স্পিকার মাঝে মাঝে ডিস্টার্ব দেয় চার্জ একদমই স্পিকারের সাউন্ড থাকার কারণে ফুল ভলিউম দিয়ে ব্যবহার করতে হয় কারণে চার্জ একেবারেই জিনিস নেওয়ার আগে যাচাই বাছাই নিন ধন্যবাদ সবাইকে,Negative,Product Quality,Product Quality,product_quality_negative,product_quality_negative
54193387986345,"একদম ভালো না তারা নতুন মালের জায়গায় পুরাতন দিছে।
আপনারে কেউ নিয়েন না। 
সাথে সাউন্ড কোয়ালিটি খারাপ কম শোনা যায় আর একেবারে বক্স  পুরান আর কিভাবে যে প্যাকিং করছে এটার কোন ঠিক ঠিকানা নাই মানুষ মনে হয় নষ্ট কিছু এভাবে প্যাকিং করে না। আনার পর আরো আমার এগুলা পরিষ্কার করা লাগছে এখন একটু চকচকা বানাইছি দেখেন।",একদম ভালো নতুন মালের জায়গায় পুরাতন দিছে আপনারে কেউ নিয়েন সাউন্ড কোয়ালিটি খারাপ শোনা যায় একেবারে বক্স পুরান যে প্যাকিং করছে এটার ঠিক ঠিকানা নাই মানুষ মনে হয় নষ্ট এভাবে প্যাকিং আনার আরো এগুলা পরিষ্কার লাগছে চকচকা বানাইছি দেখেন,Neutral,Packaging;Product Quality,Packaging,packaging_negative;product_quality_positive,packaging_negative#product_quality_positive
50998791786345,"দেখতে যেমন অসাধারণ কোয়ালিটি খুবই ভালো। যেমনটি ছবিতে দেওয়া ছিল হুবহু সে রকমই হাতে পেয়েছি। ধন্যবাদ সেলার কে, এবং ধন্যবাদ দরাজকে।",দেখতে অসাধারণ কোয়ালিটি খুবই ভালো যেমনটি ছবিতে দেওয়া হুবহু রকমই হাতে পেয়েছি ধন্যবাদ সেলার ধন্যবাদ দরাজকে,Positive,Product Quality,,product_quality_positive,product_quality_positive
54090218386345,এই সাইট থেকে আমার প্রথম ক্রয় আর প্রথমেই একটা জঘন্য প্রোডাক্ট পেলাম। সাউন্ড কোয়ালিটি একদম বাজে। জানিনা কেন এমন হলো। কার ভুল। পন্য ডেলিভারির আগে চেক দিয়ে দিছে কিনা সন্দেহ।,সাইট প্রথম ক্রয় প্রথমেই একটা জঘন্য প্রোডাক্ট পেলাম সাউন্ড কোয়ালিটি একদম বাজে জানিনা হলো কার ভুল পন্য ডেলিভারির আগে চেক দিয়ে দিছে কিনা সন্দেহ,Positive,Product Quality,,product_quality_positive,product_quality_positive
48595305686345,অসাধারণ একটি ব্লুটুথ খুব সুন্দর আমার খুব পছন্দ হইছে,অসাধারণ ব্লুটুথ খুব সুন্দর খুব পছন্দ হইছে,Positive,Product Quality,,product_quality_positive,product_quality_positive
41192878386345,এতো ভালো প্রডাক্ট উপহার দেওয়ার জন্য সেলার ভাইকে ধন্যবাদ।,এতো ভালো প্রডাক্ট উপহার দেওয়ার সেলার ভাইকে ধন্যবাদ,Positive,Product Quality,,product_quality_positive,product_quality_positive
40111001086345,"একদম ভালো না.....একটায় চার্জ উঠে না 😈
কী সব নষ্ট জিনিস সেল দেন🤕",একদম ভালো একটায় চার্জ উঠে নষ্ট জিনিস সেল দেন,Negative,Product Quality,Product Quality,product_quality_negative,product_quality_negative
48219460286345,"যেমন টা চাইছিলাম তেমন টা পাইছি, ধন্যবাদ সেলার কে, ধন্যবাদ দারাজকে।",টা চাইছিলাম টা পাইছি ধন্যবাদ সেলার ধন্যবাদ দারাজকে,Positive,Product Quality,,product_quality_positive,product_quality_positive
46907508886345,"২দিন পরে রিভিউ দিলাম।🙂
জিনিসটা দাম হিসেবে ভালো চলছে😍
সাউন্ড কোয়ালিটি অনেক ভালো আর চার্জটাও মোটামুটি যায়।
১ঘন্টা ৪৫ মিনিট মত লাগছে ০% থেকে ১০০% হতে। 
চাইলে নিতে পারেন।
তবে এই দামে খুব ভালো সার্ভিস পাওয়ার মত এই ধরনের প্রডাক্ট পাওয়া যায় না এটা মাথায় রেখে অর্ডার করবেন।
পরিশেষে সেলারকে ধন্যবাদ সঠিক জিনিস আর ভালো প্রডাক্ট টি দেওয়া জন্য।",২দিন রিভিউ দিলাম জিনিসটা দাম হিসেবে ভালো চলছে সাউন্ড কোয়ালিটি ভালো চার্জটাও মোটামুটি যায় ১ঘন্টা ৪৫ মিনিট লাগছে ০ ১০০ চাইলে নিতে পারেন দামে খুব ভালো সার্ভিস পাওয়ার ধরনের প্রডাক্ট পাওয়া যায় এটা মাথায় রেখে অর্ডার করবেন পরিশেষে সেলারকে ধন্যবাদ সঠিক জিনিস ভালো প্রডাক্ট টি দেওয়া,Positive,Price;Product Quality,,price_positive;product_quality_positive,price_positive#product_quality_positive
48216598786345,ধন্যবাদ জানাই আপনাদের সুন্দর একটা প্রোডাক্ট সবাই নিতে পারেন,ধন্যবাদ জানাই আপনাদের সুন্দর একটা প্রোডাক্ট সবাই নিতে পারেন,Positive,Product Quality,,product_quality_positive,product_quality_positive
54320973486345,"একদম বাজে দিছেন,চার্জ ২ ঘন্টাও থাকে না।আর চার্জার বক্স ২০ মিনিটের মধ্যে চার্জ শেষ হয়ে যায়।",একদম বাজে দিছেন চার্জ ২ ঘন্টাও চার্জার বক্স ২০ মিনিটের মধ্যে চার্জ শেষ হয়ে যায়,Negative,Product Quality,Product Quality,product_quality_negative,product_quality_negative
49091991986345,প্রোডাক্ট দাম অনুযায়ী খুব ভাল,প্রোডাক্ট দাম অনুযায়ী খুব ভাল,Positive,Price;Product Quality,,price_positive;product_quality_positive,price_positive#product_quality_positive
39966280686345,"সবাই নিসন্দেহে নিতে পারেন খুব ভালো মানের একটা প্রডাক্ট, দাম অনুযায়ী অনেক অনেক ভালো",সবাই নিসন্দেহে নিতে পারেন খুব ভালো মানের একটা প্রডাক্ট দাম অনুযায়ী ভালো,Positive,Price;Product Quality,,price_positive;product_quality_positive,price_positive#product_quality_positive
54464946986345,অনেক সুন্দর একটা প্রডাক্ট অনেক ভালো চার্জ টিকে অনেক খোন 8ঘনটা মতো সবাই নিতে পারেন,সুন্দর একটা প্রডাক্ট ভালো চার্জ টিকে খোন 8ঘনটা সবাই নিতে পারেন,Positive,Product Quality,,product_quality_positive,product_quality_positive
40085981086345,"আলহামদুল্লিলাহ
খুব তারা তারি একদম ইনটেক পাইছি এখন দেখার বিষয় কত দিন ভালো থাকে",আলহামদুল্লিলাহ খুব তারি একদম ইনটেক পাইছি দেখার বিষয় কত দিন ভালো,Positive,Delivery,,delivery_positive,delivery_positive
48440775086345,এই ব্লুটুথ টা অনেক ভালো। 🤩,ব্লুটুথ টা ভালো,Positive,Product Quality,,product_quality_positive,product_quality_positive
54919292386345,খুব ভালো মানের প্রোডাক্ট নিতে পারেন আমি ১০ দিন ইউজ করে রিভিউ দিলাম,খুব ভালো মানের প্রোডাক্ট নিতে পারেন আমি ১০ দিন ইউজ রিভিউ দিলাম,Positive,Product Quality,,product_quality_positive,product_quality_positive
40585047286345,যেমন দেখছি একদম একুরেট গুড,দেখছি একদম একুরেট গুড,Positive,Product Quality,,product_quality_positive,product_quality_positive
46551733986345,আমি কিনেছি আলহামদুলিল্লাহ অনেক ভালো পোডাক্ট আপনারা চাইলে কিনতে পারেন ❤️‍🩹❤️‍🩹❤️‍🩹,আমি কিনেছি আলহামদুলিল্লাহ ভালো পোডাক্ট আপনারা চাইলে কিনতে পারেন,Positive,Product Quality,,product_quality_positive,product_quality_positive
40088426086345,"ভালোই ছিল। 
রেটিং - ৯/১০.",ভালোই রেটিং ৯ ১০,Positive,Product Quality,,product_quality_positive,product_quality_positive
46113624586345,প্রোডাক্ট মোটামোটি ভালোই। জেমন দেখেছিলাম ঠিক তেমন।❤️❤️। সবকিছু ঠিকঠাক ছিল।,প্রোডাক্ট মোটামোটি ভালোই জেমন দেখেছিলাম ঠিক সবকিছু ঠিকঠাক,Positive,Product Quality,,product_quality_positive,product_quality_positive
45233686086345,"খুব ভালো মানের প্রডাক্ট। এত কম দামে, এত ভালো প্রডাক্ট আাশা করা যায় না।  ধন্যবাদ সেলার কে।🥰🥰🥰",খুব ভালো মানের প্রডাক্ট এত দামে এত ভালো প্রডাক্ট আাশা যায় ধন্যবাদ সেলার,Positive,Price;Product Quality,,price_positive;product_quality_positive,price_positive#product_quality_positive
48874598386345,"ভালো 
প্রায় ২,৩ ঘন্টার মতো চার্জ থাকে।",ভালো প্রায় ২ ৩ ঘন্টার চার্জ,Positive,Product Quality,,product_quality_positive,product_quality_positive
41039549686345,"এটা মোটামুটি ভালো সব কিছু টিক টাক পাইছি আমি
আপনারা চাইলে নিতে পারেন ধন্যবাদ দারাজ কে",এটা মোটামুটি ভালো টিক টাক পাইছি আমি আপনারা চাইলে নিতে পারেন ধন্যবাদ দারাজ,Neutral,Product Quality,,product_quality_neutral,product_quality_neutral
44004217786345,"অনেক ভালো জিনিস টা, ধন্যবাদ সেলার ভাইকে, আমার টা ফ্রেন্ডের নিয়ে ফেলছে।তাই আমি আরেকটা অর্ডা রং করেছি । ইনশাআল্লাহ কেউ চাইলে  নিতে পারেন।",ভালো জিনিস টা ধন্যবাদ সেলার ভাইকে টা ফ্রেন্ডের নিয়ে ফেলছে তাই আমি আরেকটা অর্ডা রং করেছি ইনশাআল্লাহ কেউ চাইলে নিতে পারেন,Positive,Product Quality,,product_quality_positive,product_quality_positive
43580067586345,আলহামদুলিল্লাহ যেমন চেয়েছি তেমনই পেয়েছি ধন্যবাদ দারাজ সলেলার ও দারাজ এর যে  প্রতিনিধি কে ভালো পন্য সঠীক সময় মতন হাতে পৌঁছানোর জন্য।❤️,আলহামদুলিল্লাহ চেয়েছি তেমনই পেয়েছি ধন্যবাদ দারাজ সলেলার ও দারাজ এর যে প্রতিনিধি ভালো পন্য সঠীক সময় মতন হাতে পৌঁছানোর,Positive,Delivery;Product Quality,,delivery_positive;product_quality_positive,delivery_positive#product_quality_positive
48042543986345,যেমন আশা করেছিলাম তেমনি পেয়েছি টাকা হিসাবে বেস্ট ইয়ার বার্ড আপনারাও কিনতে পারেন।,আশা করেছিলাম তেমনি পেয়েছি টাকা হিসাবে বেস্ট ইয়ার বার্ড আপনারাও কিনতে পারেন,Positive,Price;Product Quality,,price_positive;product_quality_positive,price_positive#product_quality_positive
43171657986345,"আলহামদুলিল্লাহ কোয়ালিটি দাম অনুযায়ী ঠিক আছে
সাউন্ড কোয়ালিটিও মোটামুটি ভালোই আমার ভালো লেগেছে,নিতে পারেন",আলহামদুলিল্লাহ কোয়ালিটি দাম অনুযায়ী ঠিক সাউন্ড কোয়ালিটিও মোটামুটি ভালোই ভালো লেগেছে নিতে পারেন,Positive,Price;Product Quality,,price_positive;product_quality_positive,price_positive#product_quality_positive
45814544986345,এটি অনেক ভাল অনেক সময় চলে এক চাজে,এটি ভাল সময় চলে এক চাজে,Positive,Product Quality,,product_quality_positive,product_quality_positive
42192308286345,"খুবই ভালো প্রোডাক্ট, এক কথায় অসাধারণ।
সেলার কে অসংখ্য ধন্যবাদ। 
আপনাদের মত সেলার আছে বলেই, আমরা অনলাইন এ কেনাকাটা করতে স্বাচ্ছন্দবোদ করি,,,
আল্লাহ আপনার ব্যাবসায় রহমত দান করুক,,, আমিন।
দারাজ কে ও অসংখ্য ধন্যবাদ,, সুপার ফাস্ট ডেলিভারির জন্য,,,
আবার ও সেলারকে ধন্যবাদ জানাই,,,।
আগ্রহী চাইলে নিতে পারেন খুবই ভালো প্রোডাক্ট। 💗💗💗",খুবই ভালো প্রোডাক্ট এক কথায় অসাধারণ সেলার অসংখ্য ধন্যবাদ আপনাদের সেলার বলেই অনলাইন এ কেনাকাটা করতে স্বাচ্ছন্দবোদ করি আল্লাহ আপনার ব্যাবসায় রহমত দান করুক আমিন দারাজ ও অসংখ্য ধন্যবাদ সুপার ফাস্ট ডেলিভারির ও সেলারকে ধন্যবাদ জানাই আগ্রহী চাইলে নিতে পারেন খুবই ভালো প্রোডাক্ট,Positive,Delivery;Product Quality,,delivery_positive;product_quality_positive,delivery_positive#product_quality_positive
41863601486345,"চারদিন ব্যবহার করে রিভিউ দিচ্ছি 😊😊
অসংখ্য ধন্যবাদ দারাজ কে, ধন্যবাদ জানাই সেই বিক্রেতাকে যিনি আমার জন্য প্রোডাক্টটা পাঠিয়েছেন দারাজ এর মাধ্যমে, প্রোডাক্টটা খুবই ভালো ছিল প্যাকেটের মান ও ভালো ছিল, সার্ভিস মোটামুটি ভালোই দিচ্ছে, ধন্যবাদ দারাজ এবং বিক্রেতাকে একটা ভালো প্রোডাক্ট দেওয়ার জন্য, ডেলিভারি ম্যান এর কথা না বললেই নয়। খুবই ভালো সার্ভিস দিয়েছেন। তার হাসিমুখে ডেলিভারি টা দেখে খুবই ভালো লাগলো। তাকে ও ধন্যবাদ 🫡😊",চারদিন ব্যবহার রিভিউ দিচ্ছি অসংখ্য ধন্যবাদ দারাজ ধন্যবাদ জানাই সেই বিক্রেতাকে প্রোডাক্টটা পাঠিয়েছেন দারাজ এর মাধ্যমে প্রোডাক্টটা খুবই ভালো প্যাকেটের মান ও ভালো সার্ভিস মোটামুটি ভালোই দিচ্ছে ধন্যবাদ দারাজ বিক্রেতাকে একটা ভালো প্রোডাক্ট দেওয়ার ডেলিভারি ম্যান এর কথা বললেই নয় খুবই ভালো সার্ভিস দিয়েছেন হাসিমুখে ডেলিভারি টা দেখে খুবই ভালো লাগলো ও ধন্যবাদ,Positive,Delivery;Packaging;Product Quality;Seller Service,,seller_service_neutral;delivery_positive;packaging_positive;product_quality_positive,seller_service_neutral#delivery_positive#packaging_positive#product_quality_positive
43206449886345,এয়ার বাডস মোটামুটি ভালোই ছিলো।কিন্তু সাইজটা অনেক বড় যা ক্যারি করতে প্রবলেম হয়।,এয়ার বাডস মোটামুটি ভালোই ছিলো সাইজটা বড় ক্যারি করতে প্রবলেম হয়,Neutral,Product Quality,,product_quality_neutral,product_quality_neutral
41126206086345,ভালো সেলার। ইন্টেক প্যাকেট ছিলো। সাউন্ড কোয়ালিটি ভাল আছে সবাই নিতে পারেন। এই দামে বেস্ট প্রোডাক্ট।  বেস্ট সেলার।,ভালো সেলার ইন্টেক প্যাকেট ছিলো সাউন্ড কোয়ালিটি ভাল সবাই নিতে পারেন দামে বেস্ট প্রোডাক্ট বেস্ট সেলার,Positive,Packaging;Price;Product Quality,,packaging_positive;price_positive;product_quality_positive,packaging_positive#price_positive#product_quality_positive
44586309486345,অনেক সুন্দর একটা জিনিস এক কথায় অসম,সুন্দর একটা জিনিস এক কথায় অসম,Positive,Product Quality,,product_quality_positive,product_quality_positive
40886111386345,সেলারকে এবং দারাজ কে ধন্যবাদ প্রোডাক্টটি অনেক খুব সুন্দর ছিল চার্জ ভেকাবো ভালো সাউন্ড খুব সুন্দর যেরকম চেয়েছিলাম সেরকমই পেয়েছি এত সুন্দর একটা জিনিস অসংখ্য ধন্যবাদ আপনারা চাইলে নিতে পারেন,সেলারকে দারাজ ধন্যবাদ প্রোডাক্টটি খুব সুন্দর চার্জ ভেকাবো ভালো সাউন্ড খুব সুন্দর যেরকম চেয়েছিলাম সেরকমই পেয়েছি এত সুন্দর একটা জিনিস অসংখ্য ধন্যবাদ আপনারা চাইলে নিতে পারেন,Positive,Product Quality,,product_quality_positive,product_quality_positive
43713836486345,দাম হিসেবে ঠিকই আছে আপনারা চাইলে নিতে পারেন,দাম হিসেবে ঠিকই আপনারা চাইলে নিতে পারেন,Neutral,Price;Product Quality,,price_neutral;product_quality_neutral,price_neutral#product_quality_neutral
40768000486345,"এই দামে এত সুন্দর প্রোডাক্ট আসলেই দারুন!!!ডেলিভারিম্যানের ব্যবহার ভালো ছিল, সময়জ্ঞান ভালো ছিল।",দামে এত সুন্দর প্রোডাক্ট আসলেই দারুন ডেলিভারিম্যানের ব্যবহার ভালো সময়জ্ঞান ভালো,Positive,Delivery;Product Quality,,delivery_positive;product_quality_positive,delivery_positive#product_quality_positive
41337211486345,প্রোডাক্টটি অনেক ভালো 👌এক সপ্তাহ ব্যবহার করার পর রিভিউ দিচ্ছি 🔥প্রোডাক্টটি পুরাই আগুন,প্রোডাক্টটি ভালো এক সপ্তাহ ব্যবহার করার রিভিউ দিচ্ছি প্রোডাক্টটি পুরাই আগুন,Positive,Product Quality,,product_quality_positive,product_quality_positive
40620930286345,আলহামদুলিল্লাহ প্রোডাক্টটি অনেক ভালো চাইলে আপনারে নিতে পারেন! ধন্যবাদ সেলার কে ❤️,আলহামদুলিল্লাহ প্রোডাক্টটি ভালো চাইলে আপনারে নিতে পারেন ধন্যবাদ সেলার,Positive,Product Quality,,product_quality_positive,product_quality_positive
40961848086345,অসাধারণ একটি প্রোডাক্ট কয়েকদিন ইউজ করে রিভিউ দিচ্ছি। ডেলিভারি ম্যান আরো বেশি অসাধারণ ছিল,অসাধারণ প্রোডাক্ট কয়েকদিন ইউজ রিভিউ দিচ্ছি ডেলিভারি ম্যান আরো অসাধারণ,Positive,Delivery;Product Quality,,delivery_positive;product_quality_positive,delivery_positive#product_quality_positive
43227498286345,"কোয়ালিটি মোটামুটি ভালো। ভালোই চলছে,,,",কোয়ালিটি মোটামুটি ভালো ভালোই চলছে,Neutral,Product Quality,,product_quality_neutral,product_quality_neutral
48382143886345,অনেক দিন ধরে ব্যাবহার করলাম আসলেই এটি ভালো সাউন্ড কোয়ালিটি অনেক ভালো সবাই নিশ্চিত করে ভালো ভাবে দেখে নিতে পারেন,দিন ধরে ব্যাবহার করলাম আসলেই এটি ভালো সাউন্ড কোয়ালিটি ভালো সবাই নিশ্চিত ভালো ভাবে দেখে নিতে পারেন,Positive,Product Quality,,product_quality_positive,product_quality_positive
40115796386345,প্রডাক্টটি ভালো হয়েছে তবে চাজ যদি আরো বেশি সময় থাকতো তাহলে অনেক ভালো হতো,প্রডাক্টটি ভালো হয়েছে চাজ যদি আরো সময় থাকতো তাহলে ভালো হতো,Positive,Product Quality,,product_quality_positive,product_quality_positive
41202898186345,প্রডাক্ট টা অনেক সুন্দর চার্জ ভালো থাকে সেলারও ভাই কে ধন্যবাদ 😊😊,প্রডাক্ট টা সুন্দর চার্জ ভালো সেলারও ভাই ধন্যবাদ,Positive,Product Quality,,product_quality_positive,product_quality_positive
41514164486345,আলহামদুলিল্লাহ খুব মানসম্মত চাইলে আপনারাও নিতে পারেন,আলহামদুলিল্লাহ খুব মানসম্মত চাইলে আপনারাও নিতে পারেন,Positive,Product Quality,,product_quality_positive,product_quality_positive
41249718786345,"ভালোই,এই দামে বেস্ট,আমি ২দিন ইউজ করে রিভিউ দিলাম,",ভালোই দামে বেস্ট আমি ২দিন ইউজ রিভিউ দিলাম,Positive,Price;Product Quality,,price_positive;product_quality_positive,price_positive#product_quality_positive
48173753286345,কিছুদিন ব্যবহার করে রিভিউ দিলাম ভালো লাগছে। কিন্তু কানেকশন রেঞ্জ আমার মতে একটু কম,কিছুদিন ব্যবহার রিভিউ দিলাম ভালো লাগছে কানেকশন রেঞ্জ মতে,Positive,Product Quality,,product_quality_positive,product_quality_positive
44823392886345,এতো অল্প দামের মধ্যে ভালো মানের একটি হেডফোন ভাবতেই পারিনি আমি,এতো অল্প দামের মধ্যে ভালো মানের হেডফোন ভাবতেই পারিনি আমি,Positive,Price;Product Quality,,price_positive;product_quality_positive,price_positive#product_quality_positive
48172333486345,আপনাটা চাইলে নিতে পারেন প্রোডাক্টটি ভালো তবে সাউন্ড  কোয়ালিটি মোটামুটি ভালো।,আপনাটা চাইলে নিতে পারেন প্রোডাক্টটি ভালো সাউন্ড কোয়ালিটি মোটামুটি ভালো,Positive,Product Quality,,product_quality_positive,product_quality_positive
48875576786345,"অনেক ভালো মানের ব্লু টুথ,, সবাই কিনতে পারেন",ভালো মানের ব্লু টুথ সবাই কিনতে পারেন,Positive,Product Quality,,product_quality_positive,product_quality_positive
53471582986345,"যদিও বাম কানের টা একটু ড্যামেজ পাইছি, তার পরেও এর স্পিকার অনেক ভালো।  বেস এবং বিট অনেক পরিষ্কার   কোনো সমস্যা নাই।",বাম কানের টা ড্যামেজ পাইছি পরেও এর স্পিকার ভালো বেস বিট পরিষ্কার সমস্যা নাই,Positive,Product Quality,,product_quality_positive,product_quality_positive
48845330686345,ভাই পাঁচ মাস ব্যবহার করে রিভিউ দিলাম এখনো চলছে আলহামদুলিল্লাহ তবে ব্যাটারি একটু চার্জ কম থাকে এ বার্ডসগুলো দুইবার করে চার্জ দেয়া যায় এক চার্জে,ভাই পাঁচ মাস ব্যবহার রিভিউ দিলাম এখনো চলছে আলহামদুলিল্লাহ ব্যাটারি চার্জ এ বার্ডসগুলো দুইবার চার্জ দেয়া যায় এক চার্জে,Positive,Product Quality,,product_quality_positive,product_quality_positive
53137615586345,"আলহামদুলিল্লাহ প্রোডাক্টটা খুবই ভালো পেয়েছি আমি প্রোডাক্ট  এক মাস ধরে ব্যবহার করতেছি তারপর রিভিউ  দিতেছি  আলহামদুলিল্লাহ খুবই ভালো একটা প্রোডাক্ট পেয়েছি আমি দারাজ থেকে আরো অনেক কিছু এনেছি এই পর্যন্ত সবকিছু আমার মন মতো নি পেয়েছি ধন্যবাদ দারাজ  এবং সেলসম্যানকে  
❤️",আলহামদুলিল্লাহ প্রোডাক্টটা খুবই ভালো পেয়েছি আমি প্রোডাক্ট এক মাস ধরে ব্যবহার করতেছি তারপর রিভিউ দিতেছি আলহামদুলিল্লাহ খুবই ভালো একটা প্রোডাক্ট পেয়েছি আমি দারাজ আরো এনেছি পর্যন্ত সবকিছু মন নি পেয়েছি ধন্যবাদ দারাজ সেলসম্যানকে,Positive,Product Quality,,product_quality_positive,product_quality_positive
48038503286345,"ভালো পণ্য, তবে ডেলিভারিতে আমার সারাদিন সময় নস্ট করেছে।",ভালো পণ্য ডেলিভারিতে সারাদিন সময় নস্ট করেছে,Neutral,Delivery;Product Quality,Delivery,delivery_negative;product_quality_positive,delivery_negative#product_quality_positive
51468444786345,আলহামদুলিল্লাহ ভালোই চলে কিন্তু মাঝে মাঝে একা একা বন্ধ হয়ে যাই সাউন কোয়ালিটি ভালোই,আলহামদুলিল্লাহ ভালোই চলে মাঝে মাঝে একা একা বন্ধ হয়ে যাই সাউন কোয়ালিটি ভালোই,Positive,Product Quality,,product_quality_positive,product_quality_positive
48464615886345,মোটামুটি ভালই এই দামের মধ্যে,মোটামুটি ভালই দামের মধ্যে,Neutral,Price;Product Quality,,price_neutral;product_quality_neutral,price_neutral#product_quality_neutral
50166377886345,"একদম বাজেট প্রোডাক্ট 
এরকম নষ্ট প্রোডাক্ট কেন দিলেন আমাকে 
একটা ভালো একটা নষ্ট",একদম বাজেট প্রোডাক্ট এরকম নষ্ট প্রোডাক্ট একটা ভালো একটা নষ্ট,Negative,Product Quality,Product Quality,product_quality_negative,product_quality_negative
48979974086345,"জিনিস ভালো যারা নিতে চাও তো নিতে পারো আমি দুইটি অর্ডার করেছি দুটোই ভালো, কিন্তু একটা সমস্যা দুইটার ব্লুটু একটা মোবাইলে কানেক্টেড হয়ে যায় একটা বন্ধ করলে আরও একটায় কানেক্টেড হয়ে যায় যা সমস্যা হয় তা বলার মতো না কি করবো এখন একটা পরামর্শ দেন  .?.?",জিনিস ভালো যারা নিতে চাও তো নিতে পারো আমি দুইটি অর্ডার করেছি দুটোই ভালো একটা সমস্যা দুইটার ব্লুটু একটা মোবাইলে কানেক্টেড হয়ে যায় একটা বন্ধ করলে একটায় কানেক্টেড হয়ে যায় সমস্যা হয় বলার করবো একটা পরামর্শ দেন,Positive,Product Quality,,product_quality_positive,product_quality_positive
41277809286345,"মোটামুটি ভালই,তবে  চার্জিং ব্যাকাপ আরেকটু ভালো আশা করছিলাম।",মোটামুটি ভালই চার্জিং ব্যাকাপ আরেকটু ভালো আশা করছিলাম,Neutral,Product Quality,,product_quality_neutral,product_quality_neutral
48457753986345,ডেলিভারি তারাতারি পেয়েছি কিন্তু বক্সটা অনেকটাই ডেমেজ ছিলো ভিতরে এয়ারফোনের প্রব্লেম হয় নাই।,ডেলিভারি তারাতারি পেয়েছি বক্সটা অনেকটাই ডেমেজ ছিলো ভিতরে এয়ারফোনের প্রব্লেম হয় নাই,Neutral,Delivery;Packaging,Packaging,delivery_positive;packaging_negative,delivery_positive#packaging_negative
48067414486345,পুরাই ফালতু একটা প্রোডাক্ট।। ডিসক্রিপ্সনে বলা ছিলো ৩-৪ ঘন্টা গান শুনা যাবে।।কিন্তু ৩০ মিনিট বাজার পর লো ব্যাটারি সিগন্যাল দেয়।।।বক্সে রেখে ইয়ারবাড চার্জ দিলে ৮০%এর উপরে চার্জ হয় না।।।,পুরাই ফালতু একটা প্রোডাক্ট ডিসক্রিপ্সনে বলা ছিলো ৩ ৪ ঘন্টা গান শুনা যাবে ৩০ মিনিট বাজার লো ব্যাটারি সিগন্যাল দেয় বক্সে রেখে ইয়ারবাড চার্জ দিলে ৮০ এর উপরে চার্জ হয়,Negative,Product Quality,Product Quality,product_quality_negative,product_quality_negative
54161898886345,যেমন চেয়েছিলাম ঠিক তেমন পেয়েছি আলহামদুলিল্লাহ।,চেয়েছিলাম ঠিক পেয়েছি আলহামদুলিল্লাহ,Positive,Product Quality,,product_quality_positive,product_quality_positive
53288283486345,আলহামদুলিল্লাহ ভালো আমি খুব তারাতাড়ি পেয়েছি,আলহামদুলিল্লাহ ভালো আমি খুব তারাতাড়ি পেয়েছি,Positive,Delivery;Product Quality,,delivery_positive;product_quality_positive,delivery_positive#product_quality_positive
46813781286345,এক কথায় অসাধারণ একটি পণ্য,এক কথায় অসাধারণ পণ্য,Positive,Product Quality,,product_quality_positive,product_quality_positive
46293598486345,"ভালো প্রডাক্ট, চাইলে নিতে পারেন",ভালো প্রডাক্ট চাইলে নিতে পারেন,Positive,Product Quality,,product_quality_positive,product_quality_positive
44967185286345,পুরা বাজে একটা জিনিস জা বলার মতো না সত্যি,পুরা বাজে একটা জিনিস জা বলার সত্যি,Negative,Product Quality,Product Quality,product_quality_negative,product_quality_negative
44301520386345,কম দামে এর চেয়ে হয়তো আর ভালো হবে না ১৫ দিন ব্যাবহার করে দেখলাম অনেক ভালো,দামে এর চেয়ে হয়তো ভালো ১৫ দিন ব্যাবহার দেখলাম ভালো,Positive,Price;Product Quality,,price_positive;product_quality_positive,price_positive#product_quality_positive
48923773586345,"সবচেয়ে খারাপ জিনিস ধরিয়ে দেওয়া হলো আমাকে,রিটার্ন করছি যাইহোক রিফান্ড পাইছি।",সবচেয়ে খারাপ জিনিস ধরিয়ে দেওয়া হলো রিটার্ন করছি যাইহোক রিফান্ড পাইছি,Negative,Product Quality,Product Quality,product_quality_negative,product_quality_negative
52950328286345,আলহামদুলিল্লাহ। বাজেট হিসেবে অনেক ভালো।,আলহামদুলিল্লাহ বাজেট হিসেবে ভালো,Positive,Price;Product Quality,,price_positive;product_quality_positive,price_positive#product_quality_positive
40404184586345,"আমি 1 মাস পরে রিভিউ দিচ্ছি।
জিনিস টা আমার কাছে সেই লাগছে
চার্জ বেকাপ অনেক ভালো্ সাউন্ড
কোয়ালিটি খারাপ অনেক বেশি সাউন তাই
অল্প সাউন্ড দিয়ে শোনা লাগে 
তা না হলে বাইরের কিছুই শোনো যায় না।",আমি 1 মাস রিভিউ দিচ্ছি জিনিস টা কাছে সেই লাগছে চার্জ বেকাপ ভালো্ সাউন্ড কোয়ালিটি খারাপ সাউন তাই অল্প সাউন্ড দিয়ে শোনা লাগে বাইরের কিছুই শোনো যায়,Positive,Product Quality,,product_quality_positive,product_quality_positive
45847357886345,"দাম অনুযায়ী, চলে।সাউন্ড ভালোই।",দাম অনুযায়ী চলে সাউন্ড ভালোই,Neutral,Price;Product Quality,,price_neutral;product_quality_neutral,price_neutral#product_quality_neutral
43680404786345,"প্রোডাক্ট টা খুব ভালো পেয়েছি।
আপনারা নিশ্চিন্তে নিতে পারেন।
ধন্যবাদ দারাজ।",প্রোডাক্ট টা খুব ভালো পেয়েছি আপনারা নিশ্চিন্তে নিতে পারেন ধন্যবাদ দারাজ,Positive,Product Quality,,product_quality_positive,product_quality_positive
44640824586345,আলহামদুলিল্লাহ তিনদিন পর আমি দিচ্ছি অনেক ভালো প্রোডাক্ট,আলহামদুলিল্লাহ তিনদিন আমি দিচ্ছি ভালো প্রোডাক্ট,Positive,Product Quality,,product_quality_positive,product_quality_positive
48251929586345,চার্জ থাকে না তাছারা সব ঠিক আছ,চার্জ তাছারা ঠিক আছ,Positive,Product Quality,,product_quality_positive,product_quality_positive
48381586286345,খুব ভালো প্রোডাক্ট। কিনতে পারেন।,খুব ভালো প্রোডাক্ট কিনতে পারেন,Positive,Product Quality,,product_quality_positive,product_quality_positive
53427186386345,ভালো আছে চাইলে নিতে  পারেন,ভালো চাইলে নিতে পারেন,Positive,Product Quality,,product_quality_positive,product_quality_positive
40351526186345,"ভালো মানের প্রডাক্ট 
ভেবেছিলাম তেমন ভালো  হবে না কিন্তু না ভালোই সারভিস পাচ্ছি 
দাম অনুযায়ী ভালো ই আমার কেনা পরেছে ছাড় দিয়ে ৪৬৯ ৳  এই মুল্যে হলে নিতে পারেন
৭ দিন পরে রিভিউ  দিচ্ছি",ভালো মানের প্রডাক্ট ভেবেছিলাম ভালো ভালোই সারভিস পাচ্ছি দাম অনুযায়ী ভালো ই কেনা পরেছে ছাড় দিয়ে ৪৬৯ ৳ মুল্যে নিতে পারেন ৭ দিন রিভিউ দিচ্ছি,Positive,Price;Product Quality,,price_positive;product_quality_positive,price_positive#product_quality_positive
40595417586345,"সত্যি বলতে ভালই সবাই নিতে পারেন❤️‍🔥❤️‍🔥❤️‍🔥❤️‍🔥
দা অনুযায়ী একদম পারফেক্ট ❤️❤️❤️
ভাবছিলাম টাকা জলে যাই নাকি কিন্তু না ভালই🥰
যেই কিনবেন আগে ২ঘন্টা চার্জ দিয়ে ইউজ করবেন তাইলে মন হই না সমস্যা হবে বেটারি তে❤️‍🔥",সত্যি বলতে ভালই সবাই নিতে পারেন দা অনুযায়ী একদম পারফেক্ট ভাবছিলাম টাকা জলে যাই নাকি ভালই যেই কিনবেন আগে ২ঘন্টা চার্জ দিয়ে ইউজ করবেন তাইলে মন হই সমস্যা বেটারি তে,Positive,Price;Product Quality,,price_positive;product_quality_positive,price_positive#product_quality_positive
40367255786345,জিনিসটা খুব সুন্দর হইছে। এবং ডেলিভারি ম্যানটা খুব ভালো। আশা করি দারাজ এরকম সঠিক পণ্যই দিবে।,জিনিসটা খুব সুন্দর হইছে ডেলিভারি ম্যানটা খুব ভালো আশা করি দারাজ এরকম সঠিক পণ্যই দিবে,Positive,Delivery;Product Quality,,delivery_positive;product_quality_positive,delivery_positive#product_quality_positive
44301304686345,"পন্যটি ভালো, কিন্তু ডেলিভারিতে ডিস্টার্ব ছিল",পন্যটি ভালো ডেলিভারিতে ডিস্টার্ব,Neutral,Delivery;Product Quality,Delivery,delivery_negative;product_quality_positive,delivery_negative#product_quality_positive
43726130586345,ভালো। কিন্তু কথা বলার সময় কিলিয়ার কথা বুজতে পারেনা,ভালো কথা বলার সময় কিলিয়ার কথা বুজতে পারেনা,Positive,Product Quality,,product_quality_positive,product_quality_positive
42389232186345,এখন পর্যন্ত ভালোই সার্ভিস দিচ্ছে। তবে কতদিন টিকে সেটা মুখ্য বিষয়,পর্যন্ত ভালোই সার্ভিস দিচ্ছে কতদিন টিকে সেটা মুখ্য বিষয়,Positive,Product Quality,,product_quality_positive,product_quality_positive
49005901086345,মুটামুটি ভালো কম দাম হিসেবে চলে নিতে পারেন,মুটামুটি ভালো দাম হিসেবে চলে নিতে পারেন,Neutral,Price;Product Quality,,price_neutral;product_quality_neutral,price_neutral#product_quality_neutral
49576718086345,ভাই আমার জিনিস টা নষ্ট ভাই,ভাই জিনিস টা নষ্ট ভাই,Negative,Product Quality,Product Quality,product_quality_negative,product_quality_negative
40084879686345,"প্রডাক্টি ভালো, হাতে পেয়ে প্রথমে চিন্তিত ছিলাম,কানেক্ট হয়তেছিলনা চার্য্জ দেওয়ার পর সব ওকে",প্রডাক্টি ভালো হাতে পেয়ে প্রথমে চিন্তিত ছিলাম কানেক্ট হয়তেছিলনা চার্য্জ দেওয়ার ওকে,Positive,Product Quality,,product_quality_positive,product_quality_positive
41489973586345,"অনেক ভালো। ব্যাবহার করেও ভালো কিন্তু সাউন্ড কম।
সাউন্ড কোয়াটি ভালো।",ভালো ব্যাবহার করেও ভালো সাউন্ড সাউন্ড কোয়াটি ভালো,Positive,Product Quality,,product_quality_positive,product_quality_positive
48136737886345,ধন্যবাদ দারাজ কে যে রকম অর্ডার করছি সে রকম ই পেয়েছি।,ধন্যবাদ দারাজ যে রকম অর্ডার করছি রকম ই পেয়েছি,Positive,Product Quality,,product_quality_positive,product_quality_positive
48559782686345,মোটামুটি চলে কোয়ালিটি খুব বেশি একটা ভালো না।,মোটামুটি চলে কোয়ালিটি খুব একটা ভালো,Neutral,Product Quality,,product_quality_neutral,product_quality_neutral
40426507086345,"খুবই ভালো লেগেছে ...সাউন্ড কোয়ালিটি খুবই ভালো
চাজ ভালো টিকে। সবাই নিতে পারেন",খুবই ভালো লেগেছে সাউন্ড কোয়ালিটি খুবই ভালো চাজ ভালো টিকে সবাই নিতে পারেন,Positive,Product Quality,,product_quality_positive,product_quality_positive
40162144686345,সত্যি ভাই  অনেক ভালো। একবার চার্জ দিলেও প্রায় চার পাঁচ ঘন্টা থাকে,সত্যি ভাই ভালো একবার চার্জ দিলেও প্রায় চার পাঁচ ঘন্টা,Positive,Product Quality,,product_quality_positive,product_quality_positive
41816942586345,"যেমনটা চেয়েছি, তােমনটাই খুবই ভালো👌👌👌👌👌",যেমনটা চেয়েছি তােমনটাই খুবই ভালো,Positive,Product Quality,,product_quality_positive,product_quality_positive
41365181786345,এটার কোয়ালিটি ভালো কিন্তু দুইটা ইয়ারবাট বেশিক্ষণ চাষ টিকে না এম ১০ এবং এম ২৮ এগুলা অনেক চার্জ টিকে,এটার কোয়ালিটি ভালো দুইটা ইয়ারবাট বেশিক্ষণ চাষ টিকে এম ১০ এম ২৮ এগুলা চার্জ টিকে,Positive,Product Quality,,product_quality_positive,product_quality_positive
40547648386345,"প্রডাক্ট কোয়ালিটি ভালো ছিলো,
সাউন্ডটা কানে লাগেনা।অনেক স্মুথ সাউন্ড,
তবে সাউন্ডটা আর একটু বেশি হইলে ভালো হইতো",প্রডাক্ট কোয়ালিটি ভালো ছিলো সাউন্ডটা কানে লাগেনা স্মুথ সাউন্ড সাউন্ডটা হইলে ভালো হইতো,Positive,Product Quality,,product_quality_positive,product_quality_positive
48547333386345,ভালো তবে সাইজে কিছুটা বড়।আমার কানে ব্যথা করে।চার্জ কম থাকে,ভালো সাইজে কিছুটা বড় কানে ব্যথা চার্জ,Positive,Product Quality,,product_quality_positive,product_quality_positive
54918401686345,এই প্রথম আমি দারাজ এর কাছে এত খারাপ একটি প্রোডাক্ট পেলাম। যেটি আমি কল্পনাও করিনি। এজন্য দারাজের প্রতি আমার বিশ্বাস অনেকটাই কমে গেল। ইয়ারফোনে চার্জ হয় না। আমি দুই ঘন্টা চার্জে দিয়ে রাখছি কিন্তু তাও ডিসপ্লেতে কিছু আসে না,প্রথম আমি দারাজ এর কাছে এত খারাপ প্রোডাক্ট পেলাম যেটি আমি কল্পনাও করিনি এজন্য দারাজের বিশ্বাস অনেকটাই কমে ইয়ারফোনে চার্জ হয় আমি দুই ঘন্টা চার্জে দিয়ে রাখছি তাও ডিসপ্লেতে আসে,Negative,Product Quality,Product Quality,product_quality_negative,product_quality_negative
48623090686345,"ব্যাটারী ব্যাকাপ যতটুকু ভেবেছি তা পায়নি এছাড়া মুল বক্সের ব্যাটারী ৪০% আসলে একটু পরে ০% হয়ে যায়।আমারটা পুরাই কপি,  ফালতু একটা জিনিস। অন্যদের না নেওয়ার পরামর্শ থাকবে।",ব্যাটারী ব্যাকাপ যতটুকু ভেবেছি পায়নি এছাড়া মুল বক্সের ব্যাটারী ৪০ আসলে ০ হয়ে যায় আমারটা পুরাই কপি ফালতু একটা জিনিস অন্যদের নেওয়ার পরামর্শ,Negative,Product Quality,Product Quality,product_quality_negative,product_quality_negative
48533458086345,দাম অনুযায়ী হিসেব করলেও সাউন্ড কোয়ালিটি অনেক খারাপ। এক পাশে কম শোনা যায়।,দাম অনুযায়ী হিসেব করলেও সাউন্ড কোয়ালিটি খারাপ এক পাশে শোনা যায়,Negative,Price;Product Quality,Price;Product Quality,price_negative;product_quality_negative,price_negative#product_quality_negative
48108169486345,"জিনিসটা হাতে পাওয়ার পর থেকে দুনিয়ার সমস্যা। 
কানেক্টিং দেখায় কিছু হেডফোনে শব্দ শুনা যায়না।
একদম ফালতু প্রোডাক্ট পড়েছে আমারটা",জিনিসটা হাতে পাওয়ার দুনিয়ার সমস্যা কানেক্টিং দেখায় হেডফোনে শব্দ শুনা যায়না একদম ফালতু প্রোডাক্ট পড়েছে আমারটা,Negative,Product Quality,Product Quality,product_quality_negative,product_quality_negative
48236725086345,"প্রাডাক্ট এর কোয়ালিটি খুবই ভালো 😊 
কিন্তু  সমস্যা হল চার্জ থাকেনা সর্বোচ্চ ২ ঘণ্টা থাকে 😑",প্রাডাক্ট এর কোয়ালিটি খুবই ভালো সমস্যা হল চার্জ থাকেনা সর্বোচ্চ ২ ঘণ্টা,Positive,Product Quality,,product_quality_positive,product_quality_positive
48734621986345,"এক দম ভুকা মাল চলেনা ভাই 
আর চারেজ থাকেনা ভাই এক বার চারেজ দেওয়া জাই ভাই",এক দম ভুকা মাল চলেনা ভাই চারেজ থাকেনা ভাই এক চারেজ দেওয়া জাই ভাই,Negative,Product Quality,Product Quality,product_quality_negative,product_quality_negative
48782383886345,আলহামদুলিল্লাহ খুবই ভালো একটি প্রোডাক্ট কম টাকার ভিতরে,আলহামদুলিল্লাহ খুবই ভালো প্রোডাক্ট টাকার ভিতরে,Positive,Price;Product Quality,,price_positive;product_quality_positive,price_positive#product_quality_positive
48721156986345,বাজে একটা প্রোডাক্ট নিছিলাম দুইদিনও চলতে পারিনি,বাজে একটা প্রোডাক্ট নিছিলাম দুইদিনও চলতে পারিনি,Negative,Product Quality,Product Quality,product_quality_negative,product_quality_negative
48151335186345,বেশি একটা ভালো না ভিট নাই তাই 🙄🙄,একটা ভালো ভিট নাই তাই,Negative,Product Quality,Product Quality,product_quality_negative,product_quality_negative
45546006591610,"দাম হিসাবে ভালোই আমার লেগেছে ৩৩০ টাকা মোট মিলিয়ে আর আমি এর থেকে ভালো কোয়ালিটির টা ব্যবহার করি এটা আমি আমার আপুর জন্য আনাইছি এই দামে বলতে গেলে এটা ভালো এখন দেখা যাক এটা কতদিন ব্যবহার যোগ্য বা কতদিন টিকে, 🥀🖤",দাম হিসাবে ভালোই লেগেছে ৩৩০ টাকা মোট মিলিয়ে আমি এর ভালো কোয়ালিটির টা ব্যবহার করি এটা আমি আপুর আনাইছি দামে বলতে এটা ভালো দেখা যাক এটা কতদিন ব্যবহার যোগ্য কতদিন টিকে,Positive,Price;Product Quality,,price_positive;product_quality_positive,price_positive#product_quality_positive
44907336891610,"অসাধারণ একটি প্রোডাক্ট। হাই পাওয়ার ব্যাস এন্ড চার্জ কোয়ালিটি। এত কম টাকায় এত সুন্দর জিনিস কল্পনাতীত।  মাইক্রো স্পিকারটাও ভাল কাজ করে, সেলারের ব্যাবহার ভাল। কেউ যদি নিতে চান টেনসন ফ্রী অরডার করতে পারেন।",অসাধারণ প্রোডাক্ট হাই পাওয়ার ব্যাস এন্ড চার্জ কোয়ালিটি এত টাকায় এত সুন্দর জিনিস কল্পনাতীত মাইক্রো স্পিকারটাও ভাল কাজ সেলারের ব্যাবহার ভাল কেউ যদি নিতে চান টেনসন ফ্রী অরডার করতে পারেন,Positive,Price;Product Quality;Seller Service,,seller_service_positive;price_positive;product_quality_positive,seller_service_positive#price_positive#product_quality_positive
45207279691610,"১ সপ্তাহ ব্যবহার করে বলছি,,জিনিসটা সত্যিই অসাধারন,,আপনারা চাইলে নিতে পারেন",১ সপ্তাহ ব্যবহার বলছি জিনিসটা সত্যিই অসাধারন আপনারা চাইলে নিতে পারেন,Positive,Product Quality,,product_quality_positive,product_quality_positive
43617686791610,ধন্যবাদ দারাজ কোম্পানিকে এত তাড়াতাড়ি ডেলিভারি দেয়ার জন্য সময় মত হাতে পেয়েছি তিন দিনের মধ্যে ধন্যবাদ সেলার কে এত তাড়াতাড়ি পাঠানোর জন্য 😊🙂🥰😌 সবাই কিনতে পারেন প্রোডাক্টটি অনেক ভালো 💙😌,ধন্যবাদ দারাজ কোম্পানিকে এত তাড়াতাড়ি ডেলিভারি দেয়ার সময় হাতে পেয়েছি তিন দিনের মধ্যে ধন্যবাদ সেলার এত তাড়াতাড়ি পাঠানোর সবাই কিনতে পারেন প্রোডাক্টটি ভালো,Positive,Delivery;Product Quality,,delivery_positive;product_quality_positive,delivery_positive#product_quality_positive
49039017391610,"জ্বী আলহামদুলিল্লাহ ! প্রোডাক্টটি ভাল ছিল। ১০ এর ভিতর ৯ পয়েন্ট ৯ দিলাম, প্রাইস অনুযায়ী। ওভার অল ওকে।",জ্বী আলহামদুলিল্লাহ প্রোডাক্টটি ভাল ১০ এর ভিতর ৯ পয়েন্ট ৯ দিলাম প্রাইস অনুযায়ী ওভার অল ওকে,Positive,Price;Product Quality,,price_positive;product_quality_positive,price_positive#product_quality_positive
48686436991610,"কম দামের মধ্যে খুবই ভালো একটা প্রোডাক্ট। সাউন্ড কোয়ালিটি ভালো। সবকিছু মিলিয়ে আমার ভালো লাগছে।
আপনারা চাইলে নিতে পারেন। আর প্যাকেজিং টা ও ভালো ছিল। ডেলিভারি টা খুব দ্রুত হয়েছে 4 দিনের মধ্যেই পেয়েছি।
দারাজ কে ধন্যবাদ।",দামের মধ্যে খুবই ভালো একটা প্রোডাক্ট সাউন্ড কোয়ালিটি ভালো সবকিছু মিলিয়ে ভালো লাগছে আপনারা চাইলে নিতে পারেন প্যাকেজিং টা ও ভালো ডেলিভারি টা খুব দ্রুত হয়েছে 4 দিনের মধ্যেই পেয়েছি দারাজ ধন্যবাদ,Positive,Delivery;Packaging;Price;Product Quality,,delivery_positive;packaging_positive;price_positive;product_quality_positive,delivery_positive#packaging_positive#price_positive#product_quality_positive
48962747791610,বেশি ভালো বলবো নাহ তবে দামের কথা চিন্তা করলে  অনেকটা ভালো আপনারা চাইলে নিতে পারেন,ভালো বলবো নাহ দামের কথা চিন্তা করলে অনেকটা ভালো আপনারা চাইলে নিতে পারেন,Positive,Price;Product Quality,,price_positive;product_quality_positive,price_positive#product_quality_positive
48239342291610,প্রোডাক্টটি অনেক ভালো সেলার ভাই অনেক ভাল আমি ৮ তারিখ আমাকে ১০ তারিখের মধ্যে দিয়ে দিয়েছে দারাজ কে অনেক ধন্যবাদ চাইলে আপনারা নিতে পারেন অনেক ভালো একটি প্রোডাক্ট,প্রোডাক্টটি ভালো সেলার ভাই ভাল আমি ৮ তারিখ ১০ তারিখের মধ্যে দিয়ে দিয়েছে দারাজ ধন্যবাদ চাইলে আপনারা নিতে পারেন ভালো প্রোডাক্ট,Positive,Delivery;Product Quality,,delivery_positive;product_quality_positive,delivery_positive#product_quality_positive
49382178891610,"এতোটা ভালো হবে কখনোই আশা
 করিনি দামে কম মানে ভালো ❤️",এতোটা ভালো কখনোই আশা করিনি দামে মানে ভালো,Positive,Price;Product Quality,,price_positive;product_quality_positive,price_positive#product_quality_positive
44965593091610,"প্রোডাক্ট এর মান ভালো.... কিন্তু প্যাকেজিং এমন বাজে কেন ভাই?🙂
ডেলিভারি ও অনেক দেরি করে।
প্যাকেজ দেখে মনে হচ্ছে উপর দিয়ে ট্রাক চালাইছে🐸
প্যাকেজিং আর সার্ভিস ভালো হয়নি তবে এয়ারবাডস টা মোটামুটি ভালো।
শুধু মাঝে মধ্যে একাই ডিসকানেকটেড হয়ে যায় কোনো কারণ ছাড়া।
দাম হিসাব করলে ঠিকই আছে। 🎧🥲",প্রোডাক্ট এর মান ভালো প্যাকেজিং বাজে ভাই ডেলিভারি ও দেরি প্যাকেজ দেখে মনে উপর দিয়ে ট্রাক চালাইছে প্যাকেজিং সার্ভিস ভালো হয়নি এয়ারবাডস টা মোটামুটি ভালো শুধু মাঝে মধ্যে একাই ডিসকানেকটেড হয়ে যায় ছাড়া দাম হিসাব করলে ঠিকই,Neutral,Delivery;Packaging;Price;Product Quality,Delivery;Packaging,delivery_negative;packaging_negative;price_positive;product_quality_positive,delivery_negative#packaging_negative#price_positive#product_quality_positive
48434980291610,"সেলার ভাইকে ধন্যবাদ খুব তাড়াতাড়ি প্রোডাক্টটি পেয়েছি। 
কোয়ালি অনেক ভালো।",সেলার ভাইকে ধন্যবাদ খুব তাড়াতাড়ি প্রোডাক্টটি পেয়েছি কোয়ালি ভালো,Positive,Delivery;Product Quality,,delivery_positive;product_quality_positive,delivery_positive#product_quality_positive
51128576291610,"দুই দিনের মধ্যে হাতে পেয়েছি, সাউন্ড ভালো, এখন ব্যবহার করে দেখি কত ঘন্টা চার্জ থাকে,,,দারাজ ও সেলার ভাই কে ধন্যবাদ।",দুই দিনের মধ্যে হাতে পেয়েছি সাউন্ড ভালো ব্যবহার দেখি কত ঘন্টা চার্জ দারাজ ও সেলার ভাই ধন্যবাদ,Positive,Delivery;Product Quality,,delivery_positive;product_quality_positive,delivery_positive#product_quality_positive
50202739591610,বন্ধুরে বলছিলাম অনলাইনে এসব নিস না তবুও নিলো  যাইহোক জিনিসটা খুব একটা ভালো না সবাই যেমন বলছে এরকম কিছু না দাম অনুযায়ী অন্য মডেল ভালো হতো ডিসপ্লে ওয়ালা দেখেছিলাম একটা 😐,বন্ধুরে বলছিলাম অনলাইনে এসব নিস নিলো যাইহোক জিনিসটা খুব একটা ভালো সবাই বলছে এরকম দাম অনুযায়ী মডেল ভালো হতো ডিসপ্লে ওয়ালা দেখেছিলাম একটা,Negative,Product Quality,Product Quality,product_quality_negative,product_quality_negative
54708102091610,প্রোডাক্টটি আসলে অনেক ভালো এক কথায় অসাধারণ এটাকে ১০/১০ দেয়া যায় কারণ এটা কোয়ালিটি যেরকম সাউন্ড কোয়ালিটি সেরকম কোন সাউন্ড নিয়ে কোন অভিযোগ নাই উপরে পিকচার দেওয়া আছে সাউন্ড অনেক কমে মনে হচ্ছে আমি ফুল দেখতে চাই এরকম মনে হয় চাইলে আপনার নিতে পারেন খুব দ্রুত সময় হাতে পেয়েছি এটার প্রশংসা যতই করব তার কম হবে না ব্যবহার করে বলছি তবে এটার বক্সের ব্যাটারি ব্যাকআপ টা একটু বেশি হলে ভালো হতো গেমিং ও বেস্ট সাউন্ড আসে সব ধরনের গান প্লে করে দেখেছি ভালো পারফরম্যান্স করতে,প্রোডাক্টটি আসলে ভালো এক কথায় অসাধারণ এটাকে ১০ ১০ দেয়া যায় এটা কোয়ালিটি যেরকম সাউন্ড কোয়ালিটি সেরকম সাউন্ড নিয়ে অভিযোগ নাই উপরে পিকচার দেওয়া সাউন্ড কমে মনে আমি ফুল দেখতে চাই এরকম মনে হয় চাইলে আপনার নিতে পারেন খুব দ্রুত সময় হাতে পেয়েছি এটার প্রশংসা যতই করব ব্যবহার বলছি এটার বক্সের ব্যাটারি ব্যাকআপ টা ভালো হতো গেমিং ও বেস্ট সাউন্ড আসে ধরনের গান প্লে দেখেছি ভালো পারফরম্যান্স করতে,Positive,Delivery;Product Quality,,delivery_positive;product_quality_positive,delivery_positive#product_quality_positive
53120491491610,আমি আজকে প্রায় চারদিন ব্যবহার করে রিভিউ দিচ্ছি আলহামদুলিল্লাহ প্রোডাক্টটা ভালো। কিন্তু ডেলিভারি হতে অনেক সময় লেগেছে। প্রায় ৭দিনের মতো সময় লেগেছে।আর আগের দারাজ এর ডেলিভারি হতো মাত্র দুই-তিন দিনে আর এখন অনেক সময় লাগে। প্রোডাক্টের প্যাকেজিং খুবই ভালো এবং প্রিমিয়াম ফিল দেয়। কিন্তু ভিতরে শুধুমাত্র একটা চার্জার ক্যাব দিয়েছে আমি ভেবেছিলাম এই এয়ার বার্ডস এর রাবারের বার্ডস গুলো এক্সটা সাথে দেওয়া হয়নি। ভেবেছিলাম সাথে এক্সট্রা দিবে কারণ এই প্রাইজে অন্যান্য এয়ার বার্ডস  দিয়ে থাকে। তাই বলবো এক্সট্রা কিছু দিলে ভালো হয়। কারণ রাবারের এগুলো দীর্ঘস্থায়ী নয় নষ্ট হয়ে যাওয়ার সম্ভাবনা রয়েছে। ও এর ব্যাটারি পারফরম্যান্স খুবই ভালো আমি মাত্র তিনবার চার্জ দিয়েছি। ধন্যবাদ,আমি আজকে প্রায় চারদিন ব্যবহার রিভিউ দিচ্ছি আলহামদুলিল্লাহ প্রোডাক্টটা ভালো ডেলিভারি সময় লেগেছে প্রায় ৭দিনের সময় লেগেছে আগের দারাজ এর ডেলিভারি হতো দুই তিন দিনে সময় লাগে প্রোডাক্টের প্যাকেজিং খুবই ভালো প্রিমিয়াম ফিল দেয় ভিতরে শুধুমাত্র একটা চার্জার ক্যাব দিয়েছে আমি ভেবেছিলাম এয়ার বার্ডস এর রাবারের বার্ডস গুলো এক্সটা দেওয়া হয়নি ভেবেছিলাম এক্সট্রা দিবে প্রাইজে অন্যান্য এয়ার বার্ডস দিয়ে তাই বলবো এক্সট্রা দিলে ভালো হয় রাবারের এগুলো দীর্ঘস্থায়ী নয় নষ্ট হয়ে যাওয়ার সম্ভাবনা রয়েছে ও এর ব্যাটারি পারফরম্যান্স খুবই ভালো আমি তিনবার চার্জ দিয়েছি ধন্যবাদ,Positive,Delivery;Packaging;Product Quality,Delivery,delivery_negative;packaging_positive;product_quality_positive,delivery_negative#packaging_positive#product_quality_positive
53676098191610,"জাস্ট অসাধারণ. সাউন্ড এর কোয়ালিটি অনেক অনেক ভালো,
এতো কম টাকায় এত সুন্দর একটা হেডফোন পাবো কখনও ভাবতে পারি নাই,।ধন্যবাদ দরাজ কে।",জাস্ট অসাধারণ সাউন্ড এর কোয়ালিটি ভালো এতো টাকায় এত সুন্দর একটা হেডফোন পাবো ভাবতে পারি নাই ধন্যবাদ দরাজ,Positive,Price;Product Quality,,price_positive;product_quality_positive,price_positive#product_quality_positive
50781698191610,"আলহামদুলিল্লাহ ;
 প্রোডাক্টটি রিসিভ করে তিন দিন ব্যবহার করে রিভিউ দিলাম। দাম অনুযায়ী ভালই ছিল। প্রোডাক্টটি ভালোভাবেই চলছিল।সাউন্ড কোয়ালিটি ঠিক ছিল  কোন প্রকার সমস্যা দেখা দেয়নি, আপনারা চাইলে নিতে পারেন

ধন্যবাদ দারাজ এবং সেলারকে",আলহামদুলিল্লাহ প্রোডাক্টটি রিসিভ তিন দিন ব্যবহার রিভিউ দিলাম দাম অনুযায়ী ভালই প্রোডাক্টটি ভালোভাবেই চলছিল সাউন্ড কোয়ালিটি ঠিক প্রকার সমস্যা দেখা দেয়নি আপনারা চাইলে নিতে পারেন ধন্যবাদ দারাজ সেলারকে,Positive,Price;Product Quality,,price_positive;product_quality_positive,price_positive#product_quality_positive
52592571091610,"আলহামদুলিল্লাহ অর্ডারের এক সপ্তা একদিন পরে পেলাম।
কম দামে অনেক ভালো প্রোডাক্ট..... যারা নিতে চাচ্ছেন চোখ বুজে কিনতে পারেন 🙂 দা অনুযায়ী সাউন্ড লাউড এন্ড ক্লিন ।
আর রিবুটা জুতার উপর দিচ্ছি কারণ কি ডেলিভারি ম্যানকে জুতা মারা উচিত ছিল 🤣🥲🐶",আলহামদুলিল্লাহ অর্ডারের এক সপ্তা একদিন পেলাম দামে ভালো প্রোডাক্ট যারা নিতে চাচ্ছেন চোখ বুজে কিনতে পারেন দা অনুযায়ী সাউন্ড লাউড এন্ড ক্লিন রিবুটা জুতার উপর দিচ্ছি ডেলিভারি ম্যানকে জুতা মারা উচিত,Positive,Delivery;Price;Product Quality,Delivery,delivery_negative;price_positive;product_quality_positive,delivery_negative#price_positive#product_quality_positive
50009059791610,"ভালোই মনে হচ্ছে, কিন্তু অন হচ্ছে না ‌ চার্জে লাগিয়েছি এখন দেখা যাক। প্যাকেজিং অতএকটা ভালো ছিল না।
কম দামে ভালোই জিনিস। 
এখন দেখা যাক কতদিন চলে।",ভালোই মনে অন চার্জে লাগিয়েছি দেখা যাক প্যাকেজিং অতএকটা ভালো দামে ভালোই জিনিস দেখা যাক কতদিন চলে,Positive,Packaging;Price;Product Quality,,packaging_neutral;price_positive;product_quality_positive,packaging_neutral#price_positive#product_quality_positive
52969142491610,"দাম অনুযায়ী খারাপ না ভালোই , কিন্তু মতে হচ্ছে। সাউন্ড কোয়ালিটি ও ভালো কিন্তু আর একটু বেশি সাউন্ড থাকা উচিত ছিল যেমনই,তার পর ও বলবো যে এই দমে ব্লুটুথ হেডফোন পাওয়া গেছে এইটাই ভালো।
তাও আবার চার্জার পয়েন্ট টাইপ-ছি কেবল দিয়ে।

ধন্যবাদ ভাই আপনাকে অসংখ্য,,আর ঈদের শুভেচ্ছা রইল।।।

২ দিন এর ভিতর ডেলিভারি দেওয়া জন্য দারাজকে ও ধন্যবাদ 😻😻😻😻",দাম অনুযায়ী খারাপ ভালোই মতে সাউন্ড কোয়ালিটি ও ভালো সাউন্ড থাকা উচিত যেমনই ও বলবো যে দমে ব্লুটুথ হেডফোন পাওয়া এইটাই ভালো তাও চার্জার পয়েন্ট টাইপ ছি কেবল দিয়ে ধন্যবাদ ভাই আপনাকে অসংখ্য ঈদের শুভেচ্ছা রইল ২ দিন এর ভিতর ডেলিভারি দেওয়া দারাজকে ও ধন্যবাদ,Positive,Delivery;Price;Product Quality,,delivery_positive;price_positive;product_quality_positive,delivery_positive#price_positive#product_quality_positive
54355202291610,"প্যাকেটের অবস্থা খারাপ ছিলো। 

সাউন্ড কোয়ালিটি ভালোই আছে। 

মাত্র হাতে পেলাম চার্জ কেমন থাকে সেটা কিছুক্ষণ চালানোর পরেই বুঝতে পারবো",প্যাকেটের অবস্থা খারাপ ছিলো সাউন্ড কোয়ালিটি ভালোই হাতে পেলাম চার্জ কেমন সেটা কিছুক্ষণ চালানোর পরেই বুঝতে পারবো,Negative,Packaging,Packaging,packaging_negative,packaging_negative
51010949191610,"প্রোডাক্টটি সত্যিই অমায়িক.... পুরাই এক এর ক..... আপনারা চাইলে নিতে পারেন 

ধন্যবাদ ডেলিভারি ম্যান ও সেলারকে....",প্রোডাক্টটি সত্যিই অমায়িক পুরাই এক এর ক আপনারা চাইলে নিতে পারেন ধন্যবাদ ডেলিভারি ম্যান ও সেলারকে,Positive,Product Quality,,product_quality_positive,product_quality_positive
50680739091610,"এক কথায় অসাধারণ , সাউন্ড কোয়ালিটি খুব ভালো ।

শুধু একটা অভিযোগ আছে সেটা হলো আপনারা ডেলিভারি চার্জ রাখেন ৬০ বা ৭০ টাকা ভালো কথা সেটার পর ক্যাশ অন ডেলিভারিতে দশ টাকার এক্সট্রা কেন নেন???? তো দেখা যায় কোন কিছু কিনতে গেলে সেটার দাম যদি ১০০ বা ২০০ বা ৩০০ টাকা হয় ডেলিভারি চার্জই আসে ৬০ বা ৬৫ টাকা এরপর আবার ক্যাশ অন ডেলিভারিতে আরো দশ টাকা এক্সট্রা । এটা খুবই কষ্ট লাগে । এই অতিরিক্ত ডেলিভারি চার্জ এবং ডেলিভারিতে দশ টাকা এক্সট্রা হওয়ার কারণে আমি অর্ডার দিতে পারি না । ২০২২-২০২৩ এর দিকে ডেলিভারি চার্জ কম ছিল তখন আমি প্রচুর পরিমাণে অর্ডার করতাম । আপনাদের প্রত্যেকটা সেলার কেই বলছি দয়া করে একটু ডেলিভারি চার্জ টা কমান, প্লিজ 😢",এক কথায় অসাধারণ সাউন্ড কোয়ালিটি খুব ভালো শুধু একটা অভিযোগ সেটা হলো আপনারা ডেলিভারি চার্জ রাখেন ৬০ ৭০ টাকা ভালো কথা সেটার ক্যাশ অন ডেলিভারিতে দশ টাকার এক্সট্রা নেন তো দেখা যায় কিনতে সেটার দাম যদি ১০০ ২০০ ৩০০ টাকা হয় ডেলিভারি চার্জই আসে ৬০ ৬৫ টাকা এরপর ক্যাশ অন ডেলিভারিতে আরো দশ টাকা এক্সট্রা এটা খুবই কষ্ট লাগে অতিরিক্ত ডেলিভারি চার্জ ডেলিভারিতে দশ টাকা এক্সট্রা হওয়ার কারণে আমি অর্ডার দিতে পারি ২০২২ ২০২৩ এর দিকে ডেলিভারি চার্জ আমি প্রচুর পরিমাণে অর্ডার করতাম আপনাদের প্রত্যেকটা সেলার কেই বলছি দয়া ডেলিভারি চার্জ টা কমান প্লিজ,Positive,Product Quality,,product_quality_positive,product_quality_positive
53995629491610,"অনেক দিন চালিয়ে রিভিউ দিলাম, 
খুবই বাজে প্রোডাক্ট। অটোমেটিক অন অফ হয়, ফিঙ্গারপ্রিন্ট অটোমেটিক কাজ করে। আর মনে হয় ভিতরে কোন ব্যাটারি নেই একেবারে হালকা। 🤬🤬",দিন চালিয়ে রিভিউ দিলাম খুবই বাজে প্রোডাক্ট অটোমেটিক অন অফ হয় ফিঙ্গারপ্রিন্ট অটোমেটিক কাজ মনে হয় ভিতরে ব্যাটারি নেই একেবারে হালকা,Negative,Product Quality,Product Quality,product_quality_negative,product_quality_negative
50208880291610,"প্রাইসের তুলনায় অনেক ভালো একটি প্রোডাক্ট।
চার্জ ও অনেক সময় থাকে এবং সাউন্ড কোয়ালিটি অন্তত সুন্দর 
জিনিস টাও দামি দামি মনে হয়। কানে লাগালে স্মার্ট স্মার্ট ফিল হয়।
ধন্যবাদ সেলার ভাইকে পন্য টি দ্বিতীয় দিনেও আমার কাছে ভালো ভাবে পৌছে দেওয়ার জন্য।।",প্রাইসের তুলনায় ভালো প্রোডাক্ট চার্জ ও সময় সাউন্ড কোয়ালিটি অন্তত সুন্দর জিনিস টাও দামি দামি মনে হয় কানে লাগালে স্মার্ট স্মার্ট ফিল হয় ধন্যবাদ সেলার ভাইকে পন্য টি দ্বিতীয় দিনেও কাছে ভালো ভাবে পৌছে দেওয়ার,Positive,Delivery;Price;Product Quality,,delivery_positive;price_positive;product_quality_positive,delivery_positive#price_positive#product_quality_positive
51204311891610,"অল্প সময়ের মধ্যে ডেলিভারি দিয়েছেন এই জন্য অসংখ্য ধন্যবাদ। ডেলিভারি ম্যান রিপন ভাই অতন্ত ভদ্র মানুষ। রিপন ভাই  কে অনেকক্ষণ অপেক্ষায় রাখার পর পন্য সংগ্রহ করছি কিন্তু রিপন ভাই একটু বিরক্ত বোধ করেন নি। এই জন্য আবার ধন্যবাদ 
সবশেষে প্রোডাক্ট টি দাম হিসাবে ঠিক আছে। আপনারা সবাই প্রোডাক্ট টি নিতে পারেন।",অল্প সময়ের মধ্যে ডেলিভারি দিয়েছেন অসংখ্য ধন্যবাদ ডেলিভারি ম্যান রিপন ভাই অতন্ত ভদ্র মানুষ রিপন ভাই অনেকক্ষণ অপেক্ষায় রাখার পন্য সংগ্রহ করছি রিপন ভাই বিরক্ত বোধ করেন নি ধন্যবাদ সবশেষে প্রোডাক্ট টি দাম হিসাবে ঠিক আপনারা সবাই প্রোডাক্ট টি নিতে পারেন,Positive,Delivery;Price;Product Quality,,delivery_positive;price_positive;product_quality_positive,delivery_positive#price_positive#product_quality_positive
49645705591610,"প্রোডাক্ট টা খুবই ভালো। ৩৩২ টাকায় সাউন্ড কোয়ালিটি এবং চার্জ খুবই ভালো।
আমি এক সপ্তাহ যাবত রাফ ইউজ করতেছি, চার্জ নিতে খুব কম সময় লাগে। এয়ারপড এ ২-২:৩০ ঘন্টা চলে যায় ৬০% সাউন্ডে।  
আর কেস এ দুইবার চার্জ দেয়া যায়।  
প্রোডাক্ট খুবই ভালো নিতে পারেন।",প্রোডাক্ট টা খুবই ভালো ৩৩২ টাকায় সাউন্ড কোয়ালিটি চার্জ খুবই ভালো আমি এক সপ্তাহ যাবত রাফ ইউজ করতেছি চার্জ নিতে খুব সময় লাগে এয়ারপড এ ২ ২ ৩০ ঘন্টা চলে যায় ৬০ সাউন্ডে কেস এ দুইবার চার্জ দেয়া যায় প্রোডাক্ট খুবই ভালো নিতে পারেন,Positive,Product Quality,,product_quality_positive,product_quality_positive
49776354091610,আসলে স্বল্প দামের মধ্যে কেউ যদি এরকম ইয়ারবাড নিতে চায় তাহলে এটা বেস্ট হবে ।এটি পড়তে এবং দেখতে দুটোই ভালো ।দাম কম হওয়ার পরও যেটি দিছে সেই হিসেবে অনেক ভালো ।,আসলে স্বল্প দামের মধ্যে কেউ যদি এরকম ইয়ারবাড নিতে চায় তাহলে এটা বেস্ট এটি পড়তে দেখতে দুটোই ভালো দাম হওয়ার পরও যেটি দিছে সেই হিসেবে ভালো,Positive,Price;Product Quality,,price_positive;product_quality_positive,price_positive#product_quality_positive
50867865491610,"কিনা পর আজ ২দিন পর রিভিউ দিলাম ২-২.৩০ চার্জ থাকে। কেসিং ৩ বার চার্জ দেওয়া যাই,  বলা চলে তেমন ভালো না",কিনা আজ ২দিন রিভিউ দিলাম ২ ২ ৩০ চার্জ কেসিং ৩ চার্জ দেওয়া যাই বলা চলে ভালো,Negative,Product Quality,Product Quality,product_quality_negative,product_quality_negative
49885869091610,"৩দিন ব্যবহার করে রিভিউ দিচ্ছি একদম বাজে প্রডাক্ট ফুল চার্জ করার পরেও বোক্স থেকে একবার চার্জ করা যায় না,,,,,, চার্জ তারাতাড়ি শেষ হয়ে যায়",৩দিন ব্যবহার রিভিউ দিচ্ছি একদম বাজে প্রডাক্ট ফুল চার্জ করার পরেও বোক্স একবার চার্জ যায় চার্জ তারাতাড়ি শেষ হয়ে যায়,Negative,Product Quality,Product Quality,product_quality_negative,product_quality_negative
53421197891610,যেমনটা অর্ডার করেছিলাম ঠিক তেমনই দিয়েছে সাউন্ড কোয়ালিটি খুব সুন্দর শুধু ডেলিভারি চার্জ একটু বেশি।,যেমনটা অর্ডার করেছিলাম ঠিক তেমনই দিয়েছে সাউন্ড কোয়ালিটি খুব সুন্দর শুধু ডেলিভারি চার্জ,Positive,Product Quality,,product_quality_positive,product_quality_positive
48601848791610,দাম অনুযায়ী আলহামদুলিল্লাহ ভালোই।এখন দেখি কতদিন যাই।🤞,দাম অনুযায়ী আলহামদুলিল্লাহ ভালোই দেখি কতদিন যাই,Positive,Price;Product Quality,,price_positive;product_quality_positive,price_positive#product_quality_positive
48841692991610,"মোটামুটি চলো সবাই নিতে পাড়েন 
অসাধারণ",মোটামুটি চলো সবাই নিতে পাড়েন অসাধারণ,Neutral,Product Quality,,product_quality_neutral,product_quality_neutral
50746891091610,"কিছুক্ষন আগে পেলাম খুব ভালো প্রোডাক্ট, যেমন চাইসি তেমনই পেলাম, সাউন্ড কোয়ালিটি অস্থির 🦋",কিছুক্ষন আগে পেলাম খুব ভালো প্রোডাক্ট চাইসি তেমনই পেলাম সাউন্ড কোয়ালিটি অস্থির,Positive,Product Quality,,product_quality_positive,product_quality_positive
53970044691610,বন্ধুদের জন্য তিনটা অর্ডার দিছিলাম।এর আগে নিজের জন্য একটা আনছিলাম।আলহামদুলিল্লাহ ভালোই।,বন্ধুদের তিনটা অর্ডার দিছিলাম এর আগে নিজের একটা আনছিলাম আলহামদুলিল্লাহ ভালোই,Positive,Product Quality,,product_quality_positive,product_quality_positive
49899565391610,"দাম অনুযায়ী প্রোডাক্ট মোটামুটি ভালই আপনারা চাইলে নিতে পারেন।
সেলারের ব্যবহার খুবই ভালো।",দাম অনুযায়ী প্রোডাক্ট মোটামুটি ভালই আপনারা চাইলে নিতে পারেন সেলারের ব্যবহার খুবই ভালো,Positive,Price;Product Quality;Seller Service,,seller_service_positive;price_neutral;product_quality_neutral,seller_service_positive#price_neutral#product_quality_neutral
51192605291610,সাউন্ড কোয়ালিটি ভালোই। দাম অনুযায়ী খারাপ না। ব্যবহার করলে বুঝা যাবে চার্জ কতক্ষণ থাকে।,সাউন্ড কোয়ালিটি ভালোই দাম অনুযায়ী খারাপ ব্যবহার করলে বুঝা যাবে চার্জ কতক্ষণ,Positive,Price;Product Quality,,price_positive;product_quality_positive,price_positive#product_quality_positive
48700033791610,সব ভালোই ব্যাটারি ব্যাকআপ একটু কম,ভালোই ব্যাটারি ব্যাকআপ,Positive,Product Quality,,product_quality_positive,product_quality_positive
49889569491610,একদম বাজে চার্জ থাকে না বললেই চলে কেস থেকেও চার্জ হয় না 10 মিনিটও চার্জ থাকে না,একদম বাজে চার্জ বললেই চলে কেস থেকেও চার্জ হয় 10 মিনিটও চার্জ,Negative,Product Quality,Product Quality,product_quality_negative,product_quality_negative
50959967391610,"প্লাস্টিক বোডি..!

ভালই দাম হিসাবে। আজকে 7 দিন পর রিভিও দিচ্ছি।চার্জ চলে 2 দিন।",প্লাস্টিক বোডি ভালই দাম হিসাবে আজকে 7 দিন রিভিও দিচ্ছি চার্জ চলে 2 দিন,Positive,Price;Product Quality,,price_positive;product_quality_positive,price_positive#product_quality_positive
49568038091610,"কিছু খারাপ বলার নাই,,, এক কথায় সেই👀🥵।।এই প্রথম দারাজের মতন বাটপার সাইট থিকা ভালো জিনিস পাইলাম ✅✅",খারাপ বলার নাই এক কথায় সেই প্রথম দারাজের মতন বাটপার সাইট থিকা ভালো জিনিস পাইলাম,Positive,Product Quality,,product_quality_positive,product_quality_positive
50362782891610,প্রথমে ভেবেছিলাম নষ্ট চার্জ দেওয়ার পর কাজ করছে ভালোই দাম অনুযায়ি খুব ভালো।,প্রথমে ভেবেছিলাম নষ্ট চার্জ দেওয়ার কাজ করছে ভালোই দাম অনুযায়ি খুব ভালো,Positive,Price;Product Quality,,price_positive;product_quality_positive,price_positive#product_quality_positive
50164788591610,অনেক ভালো সবাই‌ নিতে পারেন ।কোন সমস্যা নেই এতো কম‌ দামে অনেক ভালো প্রোডাক্ট,ভালো সবাই নিতে পারেন সমস্যা নেই এতো দামে ভালো প্রোডাক্ট,Positive,Price;Product Quality,,price_positive;product_quality_positive,price_positive#product_quality_positive
53490205291610,"ডেলিভারি দিতে অনেক দেরি করছে

কিন্তু মালটা করা
 সবাই নিশ্চিতে নিতে পারেন",ডেলিভারি দিতে দেরি করছে মালটা সবাই নিশ্চিতে নিতে পারেন,Neutral,Delivery;Product Quality,Delivery,delivery_negative;product_quality_positive,delivery_negative#product_quality_positive
50708418691610,"*প্যাকেজিং ভালো ছিলো না 
 *একটা কম শোনা যায় 
*তাছাড়া সব ঠিক ঠাক আছে",প্যাকেজিং ভালো ছিলো একটা শোনা যায় তাছাড়া ঠিক ঠাক,Neutral,Packaging;Product Quality,Packaging,packaging_negative;product_quality_positive,packaging_negative#product_quality_positive
50257906591610,"প্রোডাক্ট ভালো!
দাম অনুসারে সাউন্ড কোয়ালিটি ও ব্যাটারি টাইম যথেষ্ট।",প্রোডাক্ট ভালো দাম অনুসারে সাউন্ড কোয়ালিটি ও ব্যাটারি টাইম যথেষ্ট,Positive,Price;Product Quality,,price_positive;product_quality_positive,price_positive#product_quality_positive
53917969491610,"মাশাল্লাহ, খুবই ভালো একটি প্রোডাক্ট।আপনারাও নিসন্দেহে নিতে পারেন।",মাশাল্লাহ খুবই ভালো প্রোডাক্ট আপনারাও নিসন্দেহে নিতে পারেন,Positive,Product Quality,,product_quality_positive,product_quality_positive
50416332491610,আমি একদিন চালিয়ে রিভিউ দিচ্ছি এটা অনেক ভালো চার্জ  ৩ ঘন্টা টিকে,আমি একদিন চালিয়ে রিভিউ দিচ্ছি এটা ভালো চার্জ ৩ ঘন্টা টিকে,Positive,Product Quality,,product_quality_positive,product_quality_positive
49909314691610,ডেলিভারি চার্জসহ ৪৩৫ টাকা পড়েছে মোটামুটি ভালই  নীলে নিতে পারেন,ডেলিভারি চার্জসহ ৪৩৫ টাকা পড়েছে মোটামুটি ভালই নীলে নিতে পারেন,Neutral,Product Quality,,product_quality_neutral,product_quality_neutral
50940210791610,"এত কম দামে এত ভালো প্রোডাক্ট, আলহামদুলিল্লাহ, অসংখ্য ধন্যবাদ।",এত দামে এত ভালো প্রোডাক্ট আলহামদুলিল্লাহ অসংখ্য ধন্যবাদ,Positive,Price;Product Quality,,price_positive;product_quality_positive,price_positive#product_quality_positive
51171181391610,ভালোই ব্যবহার করছি কিন্তু হুটহাট কারণ ছাড়াই ঝিরঝির সাউন্ড হয়☹️,ভালোই ব্যবহার করছি হুটহাট ছাড়াই ঝিরঝির সাউন্ড হয়,Positive,Product Quality,,product_quality_positive,product_quality_positive
49590013891610,১০ দিন ব্যবহার করে রিভিউ দিলাম খুব ভালো সাউন্ড কোয়ালিটি ভালো😐,১০ দিন ব্যবহার রিভিউ দিলাম খুব ভালো সাউন্ড কোয়ালিটি ভালো,Positive,Product Quality,,product_quality_positive,product_quality_positive
51210135791610,৩৪০ টাকা হিসাবে ভালো। ডেলিভারি ম্যানের ব্যবহারও অনেক ভালো।,৩৪০ টাকা হিসাবে ভালো ডেলিভারি ম্যানের ব্যবহারও ভালো,Positive,Delivery;Price;Product Quality,,delivery_positive;price_positive;product_quality_positive,delivery_positive#price_positive#product_quality_positive
46721275891610,২.৫ ঘন্টার ব্যাকআপ পেয়েছি । মোটামুটি ভালো। প্যাকেজিংটা অনেক খারাপ ছিল 😭😭।,২ ৫ ঘন্টার ব্যাকআপ পেয়েছি মোটামুটি ভালো প্যাকেজিংটা খারাপ,Negative,Packaging;Product Quality,Packaging,packaging_negative;product_quality_neutral,packaging_negative#product_quality_neutral
54218156391610,প্রোডাক্টটি খুব ভালো সাউন্ড কোয়ালিটি আপনারা নিতে পারেন,প্রোডাক্টটি খুব ভালো সাউন্ড কোয়ালিটি আপনারা নিতে পারেন,Positive,Product Quality,,product_quality_positive,product_quality_positive
51002981991610,ভালো  না বন্ধ হয় চালু হয়   দারাজের লোকদের মাইর  দরকার,ভালো বন্ধ হয় চালু হয় দারাজের লোকদের মাইর দরকার,Negative,Product Quality,Product Quality,product_quality_negative,product_quality_negative
45574875191610,"প্রোডাক্ট আলহামদুলিল্লাহ ভালো ধন্যবাদ দারাজকে 😊
কিন্তু প্রডাক্ট ইনটেক ছিলো না তাই ওই চ্যাপটা টেপ দিয়ে আটকিয়ে দেওয়া হইছে🥲
আশা করি পরেরবার এমনটা হবে না👍",প্রোডাক্ট আলহামদুলিল্লাহ ভালো ধন্যবাদ দারাজকে প্রডাক্ট ইনটেক ছিলো তাই চ্যাপটা টেপ দিয়ে আটকিয়ে দেওয়া হইছে আশা করি পরেরবার এমনটা,Positive,Product Quality,,product_quality_positive,product_quality_positive
50405615791610,"আলহামদুলিল্লাহ, পণ্য ভালই আছে,যে কেউ নিতে পারেন💕💕💕",আলহামদুলিল্লাহ পণ্য ভালই যে কেউ নিতে পারেন,Positive,Product Quality,,product_quality_positive,product_quality_positive
51303377191610,সাউন্ড কোয়ালিটি অনেক বেশি। এককথায় বলতে গেলে খুব ভালো।,সাউন্ড কোয়ালিটি এককথায় বলতে খুব ভালো,Positive,Product Quality,,product_quality_positive,product_quality_positive
45230211691610,"একদম যেমন চেয়েছিলাম ঠিক তেমনি..  
অনেক অনেক ধন্যবাদ সেলার এবং ডেলিভারি ম্যান ভাই কেও অনেক  ভালো একজন মানুষ ডেলিভারি বয়..
জাই হক আপনারা চাইলেই চখ বন্ধ করে নিতে পারেন ১০০℅ অনেক ভালো  একটি প্রডাক্ট..সাউন্ড ও মারাত্তক..
 ধন্যবাদ..❤️",একদম চেয়েছিলাম ঠিক তেমনি ধন্যবাদ সেলার ডেলিভারি ম্যান ভাই কেও ভালো একজন মানুষ ডেলিভারি বয় জাই হক আপনারা চাইলেই চখ বন্ধ নিতে পারেন ১০০ ভালো প্রডাক্ট সাউন্ড ও মারাত্তক ধন্যবাদ,Positive,Delivery;Product Quality,,delivery_positive;product_quality_positive,delivery_positive#product_quality_positive
45296439991610,ব্যাটারি কত পারসেন্ট চার্জ হয়েছে এই লোগোটা থাকলে খুবই ভালো হতো। তা ছাড়া ১০০ তে ১০০। তাছাড়া অন্য সব ঠিক আছে। আপনারা সবাই নিতে পারেন কোন সমস্যা নাই।,ব্যাটারি কত পারসেন্ট চার্জ হয়েছে লোগোটা থাকলে খুবই ভালো হতো ছাড়া ১০০ তে ১০০ তাছাড়া ঠিক আপনারা সবাই নিতে পারেন সমস্যা নাই,Positive,Product Quality,,product_quality_positive,product_quality_positive
49920127691610,নিসন্দেহে নিতে পারেন।❤️❤️বেশি কিছু বলতে হবে না।,নিসন্দেহে নিতে পারেন বলতে,Positive,Product Quality,,product_quality_positive,product_quality_positive
50944349291610,ধন্যবাদ সেলার কে ভালো প্রোডাক্ট দেওয়ার জন্য।,ধন্যবাদ সেলার ভালো প্রোডাক্ট দেওয়ার,Positive,Product Quality,,product_quality_positive,product_quality_positive
49540051491610,কুতার বাচ্ছারা নষ্ট পণ্য দিছে। ব্যাটারি চার্জ নেয় না,কুতার বাচ্ছারা নষ্ট পণ্য দিছে ব্যাটারি চার্জ নেয়,Negative,Product Quality,Product Quality,product_quality_negative,product_quality_negative
49966788891610,এয়ারবার্ট টা  আসলেই অনেক ভালো কোয়ালিটির।,এয়ারবার্ট টা আসলেই ভালো কোয়ালিটির,Positive,Product Quality,,product_quality_positive,product_quality_positive
54596336491610,খুবই ভালো হয়েছে আপনারা সবাই নিতে পারেন ।,খুবই ভালো হয়েছে আপনারা সবাই নিতে পারেন,Positive,Product Quality,,product_quality_positive,product_quality_positive
55068216391610,মোটা মোটি ভালো। আরো কয়দিন চালানোর পর বোঝবো,মোটা মোটি ভালো আরো কয়দিন চালানোর বোঝবো,Neutral,Product Quality,,product_quality_neutral,product_quality_neutral
51407831691610,আলহামদুলিল্লাহ অল্প টাকায় অনেক ভালো পণ্য,আলহামদুলিল্লাহ অল্প টাকায় ভালো পণ্য,Positive,Price;Product Quality,,price_positive;product_quality_positive,price_positive#product_quality_positive
50980594291610,জিনিস টা অনেক ভালো এবং কোয়ালিটি ও ভালো,জিনিস টা ভালো কোয়ালিটি ও ভালো,Positive,Product Quality,,product_quality_positive,product_quality_positive
49622996691610,দাম অনুযায়ী ভালোই কিন্তু চার্জ থাকে দুই ঘন্টা,দাম অনুযায়ী ভালোই চার্জ দুই ঘন্টা,Positive,Price;Product Quality,,price_positive;product_quality_positive,price_positive#product_quality_positive
50542928591610,মোটামুটি ৬০০ টাকার জিনিস হিসেবে ভালো,মোটামুটি ৬০০ টাকার জিনিস হিসেবে ভালো,Positive,Price;Product Quality,,price_positive;product_quality_positive,price_positive#product_quality_positive
53451202291610,সাউন্ড কোয়ালিটি মোটামুটি ভালোই আছে।,সাউন্ড কোয়ালিটি মোটামুটি ভালোই,Positive,Product Quality,,product_quality_positive,product_quality_positive
52387014991610,বোলোরোক্তি ভালই আপনারা নিতে পারেন,বোলোরোক্তি ভালই আপনারা নিতে পারেন,Positive,Product Quality,,product_quality_positive,product_quality_positive
51261334191610,দামের হিসেবে মান খুবই ভালো।,দামের হিসেবে মান খুবই ভালো,Positive,Price;Product Quality,,price_positive;product_quality_positive,price_positive#product_quality_positive
51609849991610,একদম বাজে কানেক্ট হয় না।,একদম বাজে কানেক্ট হয়,Negative,Product Quality,Product Quality,product_quality_negative,product_quality_negative
49635309391610,বাজেটের মধ্যে বেশ ভালো একটি প্রোডাক্ট,বাজেটের মধ্যে বেশ ভালো প্রোডাক্ট,Positive,Price;Product Quality,,price_positive;product_quality_positive,price_positive#product_quality_positive
49542132791610,"অনেক ভালো প্রডাক্ট,, নিলে নিতে পারেন",ভালো প্রডাক্ট নিলে নিতে পারেন,Positive,Product Quality,,product_quality_positive,product_quality_positive
45608056191610,"পণ্যটি অনেক ভালো সবাই নিতে পারেন 🙃☺️
থ্যাংকস টু সেলার",পণ্যটি ভালো সবাই নিতে পারেন থ্যাংকস টু সেলার,Positive,Product Quality,,product_quality_positive,product_quality_positive
48779673891610,খারাপ না দাম অনুযায়ী ঠিক আছে,খারাপ দাম অনুযায়ী ঠিক,Neutral,Price;Product Quality,,price_neutral;product_quality_neutral,price_neutral#product_quality_neutral
43790087691610,অনেক অনেক অনেক ভালো একটা জিনিস পেলাম। ডেলিভারি অনেক তারাতারি পেয়েছি।। ধন্যবাদ সেলারকে💖,ভালো একটা জিনিস পেলাম ডেলিভারি তারাতারি পেয়েছি ধন্যবাদ সেলারকে,Positive,Delivery;Product Quality,,delivery_positive;product_quality_positive,delivery_positive#product_quality_positive
54058808991610,"এই দামে এই প্রোডাক্ট বেস্ট।কিছু প্রোবলেম হয়, যেমন ব্লুটুথ কানেক্ট হতে সমস্যা হয় মাঝে মধ্যে,আবার এক কানে কাজ ও করে না।",দামে প্রোডাক্ট বেস্ট প্রোবলেম হয় ব্লুটুথ কানেক্ট সমস্যা হয় মাঝে মধ্যে এক কানে কাজ ও,Positive,Price;Product Quality,,price_positive;product_quality_positive,price_positive#product_quality_positive
50060639691610,"৫ দিন পর রিভিউ দিলাম। দাম হিসেবে চলে !! চার্জ ৫/৬ ঘন্টা বক্স সহ । আর এয়ার বাড থেকে ১/১.৫ ঘন্টা 😐 !, তা ছাড়া সব ঠিক 😵‍💫",৫ দিন রিভিউ দিলাম দাম হিসেবে চলে চার্জ ৫ ৬ ঘন্টা বক্স সহ এয়ার বাড ১ ১ ৫ ঘন্টা ছাড়া ঠিক,Neutral,Price;Product Quality,,price_neutral;product_quality_neutral,price_neutral#product_quality_neutral
49585768991610,যেমনটা মনে করেছিলাম সাউন্ড কোয়ালিটি তেমন না বাট বাজেট চিন্তা ভাবনা করলে ঠিক আছে এই বাজেটে এর থেকে বেশি আশা করা ঠিক না,যেমনটা মনে করেছিলাম সাউন্ড কোয়ালিটি বাট বাজেট চিন্তা ভাবনা করলে ঠিক বাজেটে এর আশা ঠিক,Neutral,Price;Product Quality,,price_neutral;product_quality_neutral,price_neutral#product_quality_neutral
48977764791610,আমি গত কয়েক সপ্তাহ ইউজ করে আপনাদের কে জানাচ্ছি এই প্রোডাক্ট টা ভালো না হাতে নিলে লাগে প্র্যাকটিস নিয়ে আছি আর চার্জ বেশিক্ষণ থাকে না মাঝে মাঝে ব্যাটস এ চার্জ থাকে না শুধু মনে হয়েছে ওয়েস্ট অফ মানি,আমি গত কয়েক সপ্তাহ ইউজ আপনাদের জানাচ্ছি প্রোডাক্ট টা ভালো হাতে নিলে লাগে প্র্যাকটিস নিয়ে আছি চার্জ বেশিক্ষণ মাঝে মাঝে ব্যাটস এ চার্জ শুধু মনে হয়েছে ওয়েস্ট অফ মানি,Negative,Product Quality,Product Quality,product_quality_negative,product_quality_negative
46730737291610,"আলহামদুলিল্লাহ দাম অনুযায়ী ভালো মানের প্রডাক্ট 
সবাই নিতে পাড়েন",আলহামদুলিল্লাহ দাম অনুযায়ী ভালো মানের প্রডাক্ট সবাই নিতে পাড়েন,Positive,Price;Product Quality,,price_positive;product_quality_positive,price_positive#product_quality_positive
50009144991610,খুব একটা ভালো নয়। লেফট সাইডেরটায় সাউন্ড নেই বললেই চলে। ৬/১০.,খুব একটা ভালো নয় লেফট সাইডেরটায় সাউন্ড নেই বললেই চলে ৬ ১০,Negative,Product Quality,Product Quality,product_quality_negative,product_quality_negative
51211424891610,দাম অনুযায়ী মোটামুটি ভালো জিনিস পাইছি ☺️,দাম অনুযায়ী মোটামুটি ভালো জিনিস পাইছি,Neutral,Price;Product Quality,,price_neutral;product_quality_neutral,price_neutral#product_quality_neutral
49958529391610,মোটামুটি ভালো চার্জ 1 ঘন্টা থাকে,মোটামুটি ভালো চার্জ 1 ঘন্টা,Neutral,Product Quality,,product_quality_neutral,product_quality_neutral
45637630591610,দাম অনুযায়ী সাউন্ড কোয়ালিটি মোটামুটি ভালো,দাম অনুযায়ী সাউন্ড কোয়ালিটি মোটামুটি ভালো,Neutral,Price;Product Quality,,price_neutral;product_quality_neutral,price_neutral#product_quality_neutral
48942095091610,এটা খুব সুন্দর একটি প্রোডাক্ট। আপনারা চাইলে নিতে পারেন,এটা খুব সুন্দর প্রোডাক্ট আপনারা চাইলে নিতে পারেন,Positive,Product Quality,,product_quality_positive,product_quality_positive
48819238991610,মোটামুটি ভালোই বলা চলে। নিতে পারেন সবাই🙂,মোটামুটি ভালোই বলা চলে নিতে পারেন সবাই,Positive,Product Quality,,product_quality_positive,product_quality_positive
46868891491610,"চার্জ ২ ঘন্টা বেকআপ দেয়, সাউন্ড কম অনেক 
একটা কভারও কিনতাম। 
ডেলিভারি ম্যান ভাই অনেক ভালো",চার্জ ২ ঘন্টা বেকআপ দেয় সাউন্ড একটা কভারও কিনতাম ডেলিভারি ম্যান ভাই ভালো,Positive,Delivery,,delivery_positive,delivery_positive
50533522191610,দাম হিসাবে প্রোডাক্টটা  অনেক ভালো শুধু চার্জ একটু কম থাকে আর একটা কথা না বললেই নয় ডেলিভারি ম্যান সরোয়ার ভাই উনি খুব ভালো আমিও ওনার সাকসেস জীবন কামনা করছি,দাম হিসাবে প্রোডাক্টটা ভালো শুধু চার্জ একটা কথা বললেই নয় ডেলিভারি ম্যান সরোয়ার ভাই উনি খুব ভালো আমিও ওনার সাকসেস জীবন কামনা করছি,Positive,Delivery;Price;Product Quality,,delivery_positive;price_positive;product_quality_positive,delivery_positive#price_positive#product_quality_positive
50169460591610,"ফালতু একটি প্রোডাক্ট।  কেনার পরে দুইদিন মাত্র ব্যবহার করেছি এখন আর চার্জ নিচ্ছে না, এবং যে দুইদিন ব্যবহার করেছি সর্বোচ্চ ৩০/৩৫ মিনিট চার্জ থেকেছে। আমার সাজেশন হচ্ছে টাকা দিয়ে এই ফালতু প্রোডাক্ট কেনার কোন প্রয়োজন নেই।",ফালতু প্রোডাক্ট কেনার দুইদিন ব্যবহার করেছি চার্জ নিচ্ছে যে দুইদিন ব্যবহার করেছি সর্বোচ্চ ৩০ ৩৫ মিনিট চার্জ থেকেছে সাজেশন টাকা দিয়ে ফালতু প্রোডাক্ট কেনার প্রয়োজন নেই,Negative,Product Quality,Product Quality,product_quality_negative,product_quality_negative
50079781591610,"খুবই জঘন্যমানের প্রোডাক্ট। একটা বাজে আর একটা তো বাজেই না। চেয়েছি সাদা কালার দিয়েছে কালো কালার। আর খুবই লো কোয়ালিটি 😠😠
জীবনের প্রথম দারাজ থেকে কোন প্রোডাক্ট নিয়ে এভাবে বাঁশ খেলাম",খুবই জঘন্যমানের প্রোডাক্ট একটা বাজে একটা তো বাজেই চেয়েছি সাদা কালার দিয়েছে কালো কালার খুবই লো কোয়ালিটি জীবনের প্রথম দারাজ প্রোডাক্ট নিয়ে এভাবে বাঁশ খেলাম,Negative,Product Quality,Product Quality,product_quality_negative,product_quality_negative
50730323491610,আলহামদুলিল্লাহ সাউন্ড খুবই ভালো কিন্তু চার্জ বেশিক্ষন থাকেনা ২ ঘন্টা যায় একবার চার্জ দিলে বাকি দাম অনুযায় ঠিক আছে,আলহামদুলিল্লাহ সাউন্ড খুবই ভালো চার্জ বেশিক্ষন থাকেনা ২ ঘন্টা যায় একবার চার্জ দিলে বাকি দাম অনুযায় ঠিক,Neutral,Price;Product Quality,,price_neutral;product_quality_neutral,price_neutral#product_quality_neutral
51729170391610,"ফালতু একটা প্রোডাক্ট দিচে,  ভিতরে ময়লা জমে ছিলো,🤮  ইউজ করা প্রোডাক্ট দিচে, কতক্ষণ পর পর এয়ার বাডর্স  গুলো নিজে নিজে অফ হয়ে জায়, পুরা  টাকাটাই লস",ফালতু একটা প্রোডাক্ট দিচে ভিতরে ময়লা জমে ছিলো ইউজ প্রোডাক্ট দিচে কতক্ষণ এয়ার বাডর্স গুলো অফ হয়ে জায় পুরা টাকাটাই লস,Negative,Product Quality,Product Quality,product_quality_negative,product_quality_negative
50495038191610,"যদি টাকা নষ্ট না করতে চান তাহলে এটা নিবেন না। আমি চেয়েছি সাদা কালার আমাকে দিয়েছে কালো , তাও মেনে নিলাম কিন্তু চার্জার ক্যাবল নষ্ট চার্জ হয় না অন্য ক্যাবল দিয়েও হয় না, আমাকে নষ্ট নিজিস দিছে। সাউন্ড কোয়ালিটি বেশি ভালো না। একা একা ডিসকানেট হয়ে যায়। 
আমার টাকা টাই পানিতে দিলাম। 
এটা কে কিনবেন না ।।।।।",যদি টাকা নষ্ট করতে চান তাহলে এটা নিবেন আমি চেয়েছি সাদা কালার দিয়েছে কালো তাও মেনে নিলাম চার্জার ক্যাবল নষ্ট চার্জ হয় ক্যাবল দিয়েও হয় নষ্ট নিজিস দিছে সাউন্ড কোয়ালিটি ভালো একা একা ডিসকানেট হয়ে যায় টাকা টাই পানিতে দিলাম এটা কিনবেন,Negative,Product Quality,Product Quality,product_quality_negative,product_quality_negative
51728606691610,অনেক শখ করে আনছিলাম কিন্তু আমার মন রাখতে পারে নি আমাকে অন্যের ব্যবহার করা প্রডাক্ট দেওয়া হয়েছে।সাউন্ড কোয়ালিটি অনেক খারাপ।হটাৎ ডিসকানেকটেড হয়ে যায়। যদি টাকা অপচয় করতে চান তাহলে অর্ডার করতে পারেন।,শখ আনছিলাম মন রাখতে পারে নি অন্যের ব্যবহার প্রডাক্ট দেওয়া হয়েছে সাউন্ড কোয়ালিটি খারাপ হটাৎ ডিসকানেকটেড হয়ে যায় যদি টাকা অপচয় করতে চান তাহলে অর্ডার করতে পারেন,Negative,Product Quality,Product Quality,product_quality_negative,product_quality_negative
51472139691610,খুব সুন্দর একটা প্রোডাক্ট ১০ দিন ব্যবহার করার পর রিভিউ দিচ্ছি চার্জ খুব ভালো থাকে। সবদিক থেকে খুব ভালো,খুব সুন্দর একটা প্রোডাক্ট ১০ দিন ব্যবহার করার রিভিউ দিচ্ছি চার্জ খুব ভালো সবদিক খুব ভালো,Positive,Product Quality,,product_quality_positive,product_quality_positive
52284815191610,একদম বাজে একটা মাল সেলার বলছে ২ ঘন্টা চাজ থাকবে কিন্তু ১০ মিনিট ও চাজ থাকে না। আর মাল ১৭ দিন পড় ডেলিভারি পেয়েছি।,একদম বাজে একটা মাল সেলার বলছে ২ ঘন্টা চাজ ১০ মিনিট ও চাজ মাল ১৭ দিন পড় ডেলিভারি পেয়েছি,Negative,Delivery;Product Quality,Delivery;Product Quality,delivery_negative;product_quality_negative,delivery_negative#product_quality_negative
49538999091610,দাম অনুযায় জিনিস টা ভালো তিন দিন ব্যাবহার করার পর রিভিউ দিচ্ছি যারা গেমিং আর এডিটিং করার জন্য নিবে তারদের একটু সমস্যা হবে বাকি সব ওকে আছে,দাম অনুযায় জিনিস টা ভালো তিন দিন ব্যাবহার করার রিভিউ দিচ্ছি যারা গেমিং এডিটিং করার নিবে তারদের সমস্যা বাকি ওকে,Positive,Price;Product Quality,,price_positive;product_quality_positive,price_positive#product_quality_positive
49523855991610,"আলহামদুলিল্লাহ অনেক ভালো একটা এয়ারপডস।৯ দিন ইউস করার পর।রিভিউ দিচ্ছি। ডেলিভারি ৮ দিন পরে পেয়েছিলাম, ডেলিভারি আরও দ্রুত করার অনুরোধ করছি।তারপরও ধন্যবাদ সেলারকে।",আলহামদুলিল্লাহ ভালো একটা এয়ারপডস ৯ দিন ইউস করার রিভিউ দিচ্ছি ডেলিভারি ৮ দিন পেয়েছিলাম ডেলিভারি দ্রুত করার অনুরোধ করছি তারপরও ধন্যবাদ সেলারকে,Neutral,Delivery;Product Quality,Delivery,delivery_negative;product_quality_positive,delivery_negative#product_quality_positive
50617883491610,এয়ারপোর্ট এর সাউন্ড কাওয়ালী টিতা অস্থির সাউন্ড ধন্যবাদ ভাই এরকম একটা এয়ারপোর্টের জন্য 💖💖💝,এয়ারপোর্ট এর সাউন্ড কাওয়ালী টিতা অস্থির সাউন্ড ধন্যবাদ ভাই এরকম একটা এয়ারপোর্টের,Positive,Product Quality,,product_quality_positive,product_quality_positive
45745763791610,নিয়ে সন্তুষ্ট হতে পারলাম না যেমনটা আশা করছিলাম তা মোটেও এরকম না সবাইকে না নেওয়ার সাজেস্ট করব,নিয়ে সন্তুষ্ট পারলাম যেমনটা আশা করছিলাম মোটেও এরকম সবাইকে নেওয়ার সাজেস্ট করব,Negative,Product Quality,Product Quality,product_quality_negative,product_quality_negative
50034923191610,"প্রাইস অনুযায়ী ভালো,তবে প্যাকেটিং অনেক লো কোয়ালিটি ছিলো প্রোডাক্ট এর ক্ষতি হওয়ার সম্ভাবনা ছিলো",প্রাইস অনুযায়ী ভালো প্যাকেটিং লো কোয়ালিটি ছিলো প্রোডাক্ট এর ক্ষতি হওয়ার সম্ভাবনা ছিলো,Positive,Packaging;Price;Product Quality,Packaging,packaging_negative;price_positive;product_quality_positive,packaging_negative#price_positive#product_quality_positive
49023090291610,"ভলো,  চার্জ ও ভালো থাকে",ভলো চার্জ ও ভালো,Positive,Product Quality,,product_quality_positive,product_quality_positive
48215976591610,খুব ভালো প্রোডাক্ট।।।। ৪ মাস ধরে ব্যবহার করতেছি❤️,খুব ভালো প্রোডাক্ট ৪ মাস ধরে ব্যবহার করতেছি,Positive,Product Quality,,product_quality_positive,product_quality_positive
49430441091610,"৪দিন পরে আজ রিভিউ দিচ্ছি।🤬বিস্তারিত…

প্রথমত, ডেলিভারিতে অনেক প্যারা খাইছি,আমি আশাই ছেড়ে দিছিলাম।কাস্টমস কেয়ার,ডেলিভারি ম্যানকে কল দিতে দিতে ৫০টাকা ফোনের শেষ।তার পরেও ১৩দিন পরে হাতে পাইছি।

দিত্বীয়ত ,বলা হইছে কথা বলা যাবে কিন্তু ভয়েস সেন্সর নেই এইটাতে।কথা বলতে হলে ফোন ওর মাউত এর কাছে গিয়ে কথা বলতে হবে,নাহলে কথা অন্যজনের কাছে যাবে না।

তৃতীয়ত,ডান পাশেরটির সাউন্ড মোটামুটি বলা যায় কিন্তু বা পাশেরটি সাউন্ড তুলনামূলক ভাবে অনেকটাই কম। দুটি এক সাথে কানে দিলে স্পষ্ট বুঝা যায়।আবার একটি একটি করে দিলেও বুঝা যায়। 

চতুর্থত,মিউজিক এর সাউন্ড আপ-ডাউন করা যায় না।

এক কথায় যদি বলি শুধুমাত্র গান সুনতেই পারবেন।৩০০+টাকা দিয়ে গান সুনার থেকে ৫০০দিয়ে এর থেকে ভালো কিচজু পাবেন আশা করি।

নিশোয়াস। 
১৬ই আগষ্ট ,২০২৪",৪দিন আজ রিভিউ দিচ্ছি বিস্তারিত প্রথমত ডেলিভারিতে প্যারা খাইছি আমি আশাই ছেড়ে দিছিলাম কাস্টমস কেয়ার ডেলিভারি ম্যানকে কল দিতে দিতে ৫০টাকা ফোনের শেষ পরেও ১৩দিন হাতে পাইছি দিত্বীয়ত বলা হইছে কথা বলা যাবে ভয়েস সেন্সর নেই এইটাতে কথা বলতে ফোন ওর মাউত এর কাছে গিয়ে কথা বলতে নাহলে কথা অন্যজনের কাছে যাবে তৃতীয়ত ডান পাশেরটির সাউন্ড মোটামুটি বলা যায় পাশেরটি সাউন্ড তুলনামূলক ভাবে অনেকটাই দুটি এক কানে দিলে স্পষ্ট বুঝা যায় দিলেও বুঝা যায় চতুর্থত মিউজিক এর সাউন্ড আপ ডাউন যায় এক কথায় যদি বলি শুধুমাত্র গান সুনতেই পারবেন ৩০০ টাকা দিয়ে গান সুনার ৫০০দিয়ে এর ভালো কিচজু পাবেন আশা করি নিশোয়াস ১৬ই আগষ্ট ২০২৪,Negative,Delivery;Product Quality,Delivery;Product Quality,delivery_negative;product_quality_negative,delivery_negative#product_quality_negative
51498675991610,খুব ভালো কেউ চাইলে নিতে পারেন ৩৭০টাকায় সাউন্ড কোয়ালিটি চার্জার কোয়ালিটি সবকিছুই ভালো,খুব ভালো কেউ চাইলে নিতে পারেন ৩৭০টাকায় সাউন্ড কোয়ালিটি চার্জার কোয়ালিটি সবকিছুই ভালো,Positive,Product Quality,,product_quality_positive,product_quality_positive
53968582491610,"মোটামোটি ভালো আপনারা চাইলে নিতে পারেন। 
কথা বলার সাইন্ড তা অনেক কম সেই তা আশা করি নাই।",মোটামোটি ভালো আপনারা চাইলে নিতে পারেন কথা বলার সাইন্ড সেই আশা করি নাই,Neutral,Product Quality,,product_quality_neutral,product_quality_neutral
52597860191610,পণ্যটির দাম অনুযায়ী সাউন্ড কোয়ালিটি ভালো।চার্জ টা কত সময় যাবে সেইটা এখন দেখা যাক।,পণ্যটির দাম অনুযায়ী সাউন্ড কোয়ালিটি ভালো চার্জ টা কত সময় যাবে সেইটা দেখা যাক,Positive,Price;Product Quality,,price_positive;product_quality_positive,price_positive#product_quality_positive
49949575291610,অল্প টাকায় ভালো পোডাক্ষ্ আর ধন্যবাদ সেলার এত  সুন্দরকরে ডেলিভারি দেওয়ার জন্য,অল্প টাকায় ভালো পোডাক্ষ্ ধন্যবাদ সেলার এত সুন্দরকরে ডেলিভারি দেওয়ার,Positive,Packaging;Price;Product Quality,,packaging_positive;price_positive;product_quality_positive,packaging_positive#price_positive#product_quality_positive
51091861491610,আমার ভালো লেগেছে। চাইলে নিতে পারেন। সব ঠিকটাক। কয়দিন চলে সেটা দেখার বিষয়।।,ভালো লেগেছে চাইলে নিতে পারেন ঠিকটাক কয়দিন চলে সেটা দেখার বিষয়,Positive,Product Quality,,product_quality_positive,product_quality_positive
50065531391610,দিয়েছিলাম সাদা আসছে কালো😡 কিন্তু দাম অনুযায়ী ভালো খারাপ না ভালো চলে ☺️,দিয়েছিলাম সাদা আসছে কালো দাম অনুযায়ী ভালো খারাপ ভালো চলে,Positive,Price;Product Quality,,price_positive;product_quality_positive,price_positive#product_quality_positive
49588608791610,আলহামদুলিল্লাহ যা চেয়েছি তাই পেয়েছি ধন্যবাদ দারাজ ও ডেলিভারি ম্যান ভাইকে,আলহামদুলিল্লাহ চেয়েছি তাই পেয়েছি ধন্যবাদ দারাজ ও ডেলিভারি ম্যান ভাইকে,Positive,Product Quality,,product_quality_positive,product_quality_positive
51125362091610,কম দামে এর থেকে বেশি কিছু আশা করা যায় না। সাউন্ড কোয়ালিটি ভালই।,দামে এর আশা যায় সাউন্ড কোয়ালিটি ভালই,Positive,Price;Product Quality,,price_positive;product_quality_positive,price_positive#product_quality_positive
50262855491610,এই প্রোডাক্ট  একদম বাজে চার্জ থাকে না আর ফিনিশিং  তেমন ভালো না,প্রোডাক্ট একদম বাজে চার্জ ফিনিশিং ভালো,Negative,Product Quality,Product Quality,product_quality_negative,product_quality_negative
50953902491610,বাজে আরেকজনের ব্যাবহার করা হেডফোন ধরায়া দিসে। কেউ নিবেন না 😡😡,বাজে আরেকজনের ব্যাবহার হেডফোন ধরায়া দিসে কেউ নিবেন,Negative,Product Quality,Product Quality,product_quality_negative,product_quality_negative
50953889891610,"একে বারে অসাধারণ, সাউন্ড কলেটি অনেক ভালো সব দিক দিয়েই অসাধারণ",একে বারে অসাধারণ সাউন্ড কলেটি ভালো দিক দিয়েই অসাধারণ,Positive,Product Quality,,product_quality_positive,product_quality_positive
50797793191610,আলহামদুলিল্লাহ খুব ভালো প্রোডাক্ট। যে কেউ চাইলে নিতে পারেন।,আলহামদুলিল্লাহ খুব ভালো প্রোডাক্ট যে কেউ চাইলে নিতে পারেন,Positive,Product Quality,,product_quality_positive,product_quality_positive
53385705291610,এটা মোটামুটি ভালো ছিল দুইটাই চলতেছিল কোন নষ্ট হয় না একটাও।,এটা মোটামুটি ভালো দুইটাই চলতেছিল নষ্ট হয় একটাও,Neutral,Product Quality,,product_quality_neutral,product_quality_neutral
51249332691610,আলহামদুলিল্লাহ ব্লুতুথ টা অনেক ভালো চাজ সারভ্রিজ অনেক ভালো,আলহামদুলিল্লাহ ব্লুতুথ টা ভালো চাজ সারভ্রিজ ভালো,Positive,Product Quality,,product_quality_positive,product_quality_positive
45660960691610,লোটোটির দাম অনুযায়ী অনেক ভালো হয়েছে দারাজ কে অনেক ধন্যবাদ,লোটোটির দাম অনুযায়ী ভালো হয়েছে দারাজ ধন্যবাদ,Positive,Price;Product Quality,,price_positive;product_quality_positive,price_positive#product_quality_positive
51022328691610,ভালো কিন্ত ফোন কথা বলতে গেলে একটু সমস্যা হয় এমনি ভালো,ভালো কিন্ত ফোন কথা বলতে সমস্যা হয় এমনি ভালো,Positive,Product Quality,,product_quality_positive,product_quality_positive
51546942091610,খুবই সুন্দর একটি প্রোডাক্ট। আপনার নিতে পারেন ভালো হবে।,খুবই সুন্দর প্রোডাক্ট আপনার নিতে পারেন ভালো,Positive,Product Quality,,product_quality_positive,product_quality_positive
49913756591610,প্রোডাক্ট টা মোটা মুটি ভালো দাম হিসাবে পুরো ১০০/১০০🔥,প্রোডাক্ট টা মোটা মুটি ভালো দাম হিসাবে পুরো ১০০ ১০০,Positive,Price;Product Quality,,price_positive;product_quality_neutral,price_positive#product_quality_neutral
48771371691610,ব্লুটুথ হেডফোনটা অনেক সুন্দর আপনারা চাইলে নিতে পারেন,ব্লুটুথ হেডফোনটা সুন্দর আপনারা চাইলে নিতে পারেন,Positive,Product Quality,,product_quality_positive,product_quality_positive
50032866491610,"লাইট প্রোডাক্টটা অত্যান্ত খারাপ, চার্জ একদম ঠিকেনা",লাইট প্রোডাক্টটা অত্যান্ত খারাপ চার্জ একদম ঠিকেনা,Negative,Product Quality,Product Quality,product_quality_negative,product_quality_negative
53290344491610,হেডফোনের সাউন্ড অনেক ভালো সবাই কিনতে পারেন...,হেডফোনের সাউন্ড ভালো সবাই কিনতে পারেন,Positive,Product Quality,,product_quality_positive,product_quality_positive
50450771791610,হেডফোনটা অনেক ভালো সবার ব্যবহার করতে পারেন,হেডফোনটা ভালো সবার ব্যবহার করতে পারেন,Positive,Product Quality,,product_quality_positive,product_quality_positive
51108840991610,ধন্যবাদ ভাই আমি যেমন চাইছি তেমনি পাইছি 😄😄,ধন্যবাদ ভাই আমি চাইছি তেমনি পাইছি,Positive,Product Quality,,product_quality_positive,product_quality_positive
50751513691610,আসলেই এতো অল্প টাকার মধ্যে এটা অনেক ভালো।,আসলেই এতো অল্প টাকার মধ্যে এটা ভালো,Positive,Price;Product Quality,,price_positive;product_quality_positive,price_positive#product_quality_positive
53373895691610,এই মাত্র পেলাম খুব সুন্দর সাউন্ড কোয়ালেটি,পেলাম খুব সুন্দর সাউন্ড কোয়ালেটি,Positive,Product Quality,,product_quality_positive,product_quality_positive
44176711091610,"দাম অনুযায়ী অনেক ভালো,, আমি ৩১৪ টাকায় পেয়েছি,, ডেলিভারি সহ,,, ধধন্যবাদ,,,,",দাম অনুযায়ী ভালো আমি ৩১৪ টাকায় পেয়েছি ডেলিভারি সহ ধধন্যবাদ,Positive,Price;Product Quality,,price_positive;product_quality_positive,price_positive#product_quality_positive
53223451591610,খুব ভালো❤️ সাউন্ড কোয়ালিটিও যথেষ্ট ভালো,খুব ভালো সাউন্ড কোয়ালিটিও যথেষ্ট ভালো,Positive,Product Quality,,product_quality_positive,product_quality_positive
48748462291610,এই দামে অনেক বেশি ভালো জিনিস চার্জ অনেক খন থাকে,দামে ভালো জিনিস চার্জ খন,Positive,Price;Product Quality,,price_positive;product_quality_positive,price_positive#product_quality_positive
51011211091610,একদম বাজে একদিন চালানোর পর আর চলে না,একদম বাজে একদিন চালানোর চলে,Negative,Product Quality,Product Quality,product_quality_negative,product_quality_negative
54809577291610,একেবারেই ফালতু একটুও চার্জ থাকে না,একেবারেই ফালতু একটুও চার্জ,Negative,Product Quality,Product Quality,product_quality_negative,product_quality_negative
51042924291610,খুব ভালো একটা হেডফোন নিতে পারেন,খুব ভালো একটা হেডফোন নিতে পারেন,Positive,Product Quality,,product_quality_positive,product_quality_positive
50980347991610,খুবুই খারাপ এক দমি ভালো না 😩😩,খুবুই খারাপ এক দমি ভালো,Negative,Product Quality,Product Quality,product_quality_negative,product_quality_negative
49657089391610,ভালো ওই ৩ -৪ ঘন্টা  বেকাপ দেয়,ভালো ৩ ৪ ঘন্টা বেকাপ দেয়,Positive,Product Quality,,product_quality_positive,product_quality_positive
50999621891610,এটা ভালো নয়। না নিলেই পারেন,এটা ভালো নয় নিলেই পারেন,Negative,Product Quality,Product Quality,product_quality_negative,product_quality_negative
51156271491610,অনেক ভালো এত কম টাকার মধ্যে,ভালো এত টাকার মধ্যে,Positive,Product Quality,,product_quality_positive,product_quality_positive
53580917391610,"ফালতু জিনিস, টাকাই নষ্ট আমার",ফালতু জিনিস টাকাই নষ্ট,Negative,Product Quality,Product Quality,product_quality_negative,product_quality_negative
45582110991610,"ভালোই, ১ বছর হয় ইউজ করতেসি",ভালোই ১ বছর হয় ইউজ করতেসি,Positive,Product Quality,,product_quality_positive,product_quality_positive
54218360091610,বেশি ভালো না চাজ থাকে না,ভালো চাজ,Neutral,Product Quality,,product_quality_neutral,product_quality_neutral
46176172091610,আমার মতে ভালো না। চার্জ থাকে না। এবং স্পিকার সমস্যা। এই টাকার মধ্যে এর চেয়ে ভালো কিছু পাওয়া যাবে।,মতে ভালো চার্জ স্পিকার সমস্যা টাকার মধ্যে এর চেয়ে ভালো পাওয়া যাবে,Negative,Price;Product Quality,Price;Product Quality,price_negative;product_quality_negative,price_negative#product_quality_negative
49564715291610,এই দামের মধ্যে অনেক ভালো,দামের মধ্যে ভালো,Positive,Price;Product Quality,,price_positive;product_quality_positive,price_positive#product_quality_positive
51415790691610,চার্জ খুব কম থাকে। কানেকশন প্রবলেম হয় একসাথে দুটো কানেক্ট করতে গেলে। দাম হিসেবে প্রোডাক্ট একদম খারাপ না।,চার্জ খুব কানেকশন প্রবলেম হয় একসাথে দুটো কানেক্ট করতে দাম হিসেবে প্রোডাক্ট একদম খারাপ,Neutral,Price;Product Quality,,price_neutral;product_quality_neutral,price_neutral#product_quality_neutral
46759059891610,খুবই বাজে প্রডাক্ট কেউ নিবেন না ভাই চাইছি একটা  দিছে আরেকটা কেউ নিবেন না,খুবই বাজে প্রডাক্ট কেউ নিবেন ভাই চাইছি একটা দিছে আরেকটা কেউ নিবেন,Negative,Product Quality,Product Quality,product_quality_negative,product_quality_negative
44538803391610,"অর্ডার করা পণ্যটির পরিবর্তে অন্য প্রোডাক্ট পাঠিয়েছে এছাড়া ও প্রোডাক্ট এর লোগো তে দাগ পড়া সঙ্গে এইটা কানেক্ট হচ্ছে না ব্যাটারি ড্যামেজ। জন্মদিনের উপহার জন্য কিনেছিলাম কিন্তু এই মালামালের জন্য অপমানিত হয়েছি


ধিক্কার জানাই এমন সেলারের",অর্ডার পণ্যটির পরিবর্তে প্রোডাক্ট পাঠিয়েছে এছাড়া ও প্রোডাক্ট এর লোগো তে দাগ পড়া এইটা কানেক্ট ব্যাটারি ড্যামেজ জন্মদিনের উপহার কিনেছিলাম মালামালের অপমানিত হয়েছি ধিক্কার জানাই সেলারের,Negative,Product Quality,Product Quality,product_quality_negative,product_quality_negative
45955867291610,"ভাল ছিল, দাম অনুযায়ী ঠিক আছে, আমি ব্যাবহার করে খুশি।",ভাল দাম অনুযায়ী ঠিক আমি ব্যাবহার খুশি,Positive,Price;Product Quality,,price_positive;product_quality_positive,price_positive#product_quality_positive
49933354391610,আলহামদুলিল্লাহ পণ্যটি খুবই ভালো চাইলে আপনারও নিতে পারেন,আলহামদুলিল্লাহ পণ্যটি খুবই ভালো চাইলে আপনারও নিতে পারেন,Positive,Product Quality,,product_quality_positive,product_quality_positive
44334926191610,ফালতু ছিলো কেউ নিয়ে প্রতারিত হবেন না।,ফালতু ছিলো কেউ নিয়ে প্রতারিত,Negative,Product Quality,Product Quality,product_quality_negative,product_quality_negative
49823004091610,ভালো না তেমন। হঠাৎ করে চার্জ ৪০/৫০% থেকে ০% হয়ে যায়। আমি ১ সপ্তাহের বেশি সময় ব্যবহার করে রিভিউ দিচ্ছি। আর মাঝেমধ্যে ১ কানের টা বন্ধ হয়ে যায় আবার একাই চালু হয়।,ভালো হঠাৎ চার্জ ৪০ ৫০ ০ হয়ে যায় আমি ১ সপ্তাহের সময় ব্যবহার রিভিউ দিচ্ছি মাঝেমধ্যে ১ কানের টা বন্ধ হয়ে যায় একাই চালু হয়,Negative,Product Quality,Product Quality,product_quality_negative,product_quality_negative
53749182491610,এগুলা ফালতু প্রোডাক্ট কেউ কখনো ক্রয় করবেন না 16 ঘন্টার কথা বলা আছে অথচ চার্জ থাকে মাত্র আধা ঘন্টা,এগুলা ফালতু প্রোডাক্ট কেউ ক্রয় করবেন 16 ঘন্টার কথা বলা অথচ চার্জ আধা ঘন্টা,Negative,Product Quality,Product Quality,product_quality_negative,product_quality_negative
48660166091610,ডেলিবেরি মেন ভালো না আজকে আমাকে বিষ্টির বিতরে  ষোলো কিলো মিটার আপ ডাউন করাইচে,ডেলিবেরি মেন ভালো আজকে বিষ্টির বিতরে ষোলো কিলো মিটার আপ ডাউন করাইচে,Negative,Delivery,Delivery,delivery_negative,delivery_negative
50387822591610,রাইট সাইট এর টা নষ্ট ফালতু একটা জিনিস 😒,রাইট সাইট এর টা নষ্ট ফালতু একটা জিনিস,Negative,Product Quality,Product Quality,product_quality_negative,product_quality_negative
52736588991610,ফালতু ১ কানের বাডস নষ্ট 🤬,ফালতু ১ কানের বাডস নষ্ট,Negative,Product Quality,Product Quality,product_quality_negative,product_quality_negative
48242839091610,ভালো না চাজ থাকে না কেন যে কিনলাম 😑,ভালো চাজ যে কিনলাম,Negative,Product Quality,Product Quality,product_quality_negative,product_quality_negative
49762442291610,ভাই কেউ কিনবেন না একদম ফেক আর বাজে একটা পন্য আমি বেক করছি টাকাটাও দিচ্ছে না চোর বাটপার এরা এক তো ফেক পন্য বিক্রি করে তার পর আাবার টাকা৷ মেরে দেয় কেউ কিনবেন না একদমি বাজে পন্য আর চোর ⚠️⚠️,ভাই কেউ কিনবেন একদম ফেক বাজে একটা পন্য আমি বেক করছি টাকাটাও দিচ্ছে চোর বাটপার এরা এক তো ফেক পন্য বিক্রি আাবার টাকা৷ মেরে দেয় কেউ কিনবেন একদমি বাজে পন্য চোর,Negative,Product Quality,Product Quality,product_quality_negative,product_quality_negative
46723193091610,প্রোডাক টা ভালোই এই দামের মধ্যে। আমার টা ৪ মাস পর্যন্ত ভাল ছিলো।,প্রোডাক টা ভালোই দামের মধ্যে টা ৪ মাস পর্যন্ত ভাল ছিলো,Positive,Price;Product Quality,,price_positive;product_quality_positive,price_positive#product_quality_positive
49942861391610,এই দামের ভিতরে খালি গান শোনার নিগা পারফেক্ট ঠিকই এই ব্লুটুথ দিয়ে কথা শোনা যায় না,দামের ভিতরে খালি গান শোনার নিগা পারফেক্ট ঠিকই ব্লুটুথ দিয়ে কথা শোনা যায়,Positive,Price;Product Quality,,price_positive;product_quality_positive,price_positive#product_quality_positive
49981513591610,সাউন্ড কোয়ালিটি ভালো। কিন্তু চার্জ ব্যাকআপ খুবই খারাপ। ৩০ মিনিটের মত চার্জ থাকে। আমার মতে এই দামে এটা না কোনায়  ভালো।,সাউন্ড কোয়ালিটি ভালো চার্জ ব্যাকআপ খুবই খারাপ ৩০ মিনিটের চার্জ মতে দামে এটা কোনায় ভালো,Negative,Price;Product Quality,Price;Product Quality,price_negative;product_quality_negative,price_negative#product_quality_negative
49799816291610,"ভালোই আছে, খুব হাইফাই না, দাম হিসেবে আরেকটু ভালো হলে ঠিক হতো।",ভালোই খুব হাইফাই দাম হিসেবে আরেকটু ভালো ঠিক হতো,Positive,Price;Product Quality,,price_neutral;product_quality_positive,price_neutral#product_quality_positive
48918734953054,প্রোডাক্টটা খুব সুন্দর হয়েছে ব্যবহার করে দেখলাম অনেক ভালো সাউন্ড কোয়ালিটি ও ভালো প্রচুর পরিমাণে বেশ দেয়। চার্জও ভালো থাকে আপনারা চাইলে নিতে পারেন 😍😍😍😍,প্রোডাক্টটা খুব সুন্দর হয়েছে ব্যবহার দেখলাম ভালো সাউন্ড কোয়ালিটি ও ভালো প্রচুর পরিমাণে বেশ দেয় চার্জও ভালো আপনারা চাইলে নিতে পারেন,Positive,Product Quality,,product_quality_positive,product_quality_positive
48689496153054,আলহামদুলিল্লাহ এই প্রথম দারাজ থেকে অর্ডার দেওয়ার পর ওরজিনাল প্রোডাক্টটা পেলাম 🥰🥰১০০% এনসি নয়েজ  ক্যান্সিলেশন কাজ করে 🥰কথা বলা যায় অনেক সুন্দর করে 🥰🥰ধন্যবাদ দারাজ 🥰🥰সবাই চোখ বন্ধ করে নিতে পারেন 🥰,আলহামদুলিল্লাহ প্রথম দারাজ অর্ডার দেওয়ার ওরজিনাল প্রোডাক্টটা পেলাম ১০০ এনসি নয়েজ ক্যান্সিলেশন কাজ কথা বলা যায় সুন্দর ধন্যবাদ দারাজ সবাই চোখ বন্ধ নিতে পারেন,Positive,Product Quality,,product_quality_positive,product_quality_positive
48689681353054,আজ প্রায় 7-8 মাস ব্যাবহারের পর রিভিউ দিচ্ছি। অনেক ভাল একটা প্রোডাক্ট। একদম বলতে আসাধারণ।.,আজ প্রায় 7 8 মাস ব্যাবহারের রিভিউ দিচ্ছি ভাল একটা প্রোডাক্ট একদম বলতে আসাধারণ,Positive,Product Quality,,product_quality_positive,product_quality_positive
48689960153054,অনেক ভালো ধন্যবাদ ভাইয়া কম দামে ভালো কিছু দেওয়ার জন্য 😌💝সামনে আরো ও নিবো🥰,ভালো ধন্যবাদ ভাইয়া দামে ভালো দেওয়ার সামনে আরো ও নিবো,Positive,Price;Product Quality,,price_positive;product_quality_positive,price_positive#product_quality_positive
54516158253054,"আমি কিছুদিন আগে এই এয়ারপডটা কিনেছি, এখন পর্যন্ত ব্যবহার করে বেশ সন্তুষ্ট। সাউন্ড কোয়ালিটি ক্লিয়ার এবং বেসটা যথেষ্ট ভালো। কলের সময়ও কোনো সমস্যা হয়নি। চার্জও ভালোই থাকে
সেলার খুবই হেল্পফুল, ডেলিভারিও সময়মতো পেয়েছি। প্যাকেটিংও ঠিকঠাক ছিল। এই দামে এমন প্রোডাক্ট সত্যি ভালো লেগেছে।",আমি কিছুদিন আগে এয়ারপডটা কিনেছি পর্যন্ত ব্যবহার বেশ সন্তুষ্ট সাউন্ড কোয়ালিটি ক্লিয়ার বেসটা যথেষ্ট ভালো কলের সময়ও সমস্যা হয়নি চার্জও ভালোই সেলার খুবই হেল্পফুল ডেলিভারিও সময়মতো পেয়েছি প্যাকেটিংও ঠিকঠাক দামে প্রোডাক্ট সত্যি ভালো লেগেছে,Positive,Delivery;Price;Product Quality;Seller Service,,seller_service_positive;delivery_positive;price_positive;product_quality_positive,seller_service_positive#delivery_positive#price_positive#product_quality_positive
54726903753054,দুই সপ্তাহ পরে রিভিউ দিচ্ছি৷ প্রোডাক্টটি প্রথম চার্জ থাকত না তারপর রিসেট মারার পর ঠিক হয়ে যায়। আলহামদুলিল্লাহ এখন অনেক ভালো চলতাছে (ডেলিভারি ম্যান এর ব্যবহারটা একদমই ভালো লাগেনি),দুই সপ্তাহ রিভিউ দিচ্ছি৷ প্রোডাক্টটি প্রথম চার্জ থাকত তারপর রিসেট মারার ঠিক হয়ে যায় আলহামদুলিল্লাহ ভালো চলতাছে ডেলিভারি ম্যান এর ব্যবহারটা একদমই ভালো লাগেনি,Neutral,Delivery;Product Quality,Delivery,delivery_negative;product_quality_positive,delivery_negative#product_quality_positive
51928722053054,সত্যি ভালো একটা হেডফোন বিশেষ করে কথা বলার ক্ষেত্রে।  খুবই স্মুথ সাউন্ড এবং ব্যাটারি ব্যাকআপ অনেক ভালো।,সত্যি ভালো একটা হেডফোন বিশেষ কথা বলার ক্ষেত্রে খুবই স্মুথ সাউন্ড ব্যাটারি ব্যাকআপ ভালো,Positive,Product Quality,,product_quality_positive,product_quality_positive
54752269553054,"অর্ডার দিছিলাম হোয়াইট, দিছে ব্লেক। তারপরেও সমস্যা নেই অনেক ভালো প্রোডাক্ট ৯/১০। রিকমেন্ডেড সবাই নিতে পারেন।",অর্ডার দিছিলাম হোয়াইট দিছে ব্লেক তারপরেও সমস্যা নেই ভালো প্রোডাক্ট ৯ ১০ রিকমেন্ডেড সবাই নিতে পারেন,Positive,Product Quality,,product_quality_positive,product_quality_positive
54225297753054,একদিনের মধ্যেই হাতে পেয়েছি।  ১০মিনিট ব্যাবহার করে ভালোই মনে হলো। কিছু দিন ব্যাবহার করে ভালো মন্দ বিষয়টা আরেকটা রিভিউয়ে জানাবো।,একদিনের মধ্যেই হাতে পেয়েছি ১০মিনিট ব্যাবহার ভালোই মনে হলো দিন ব্যাবহার ভালো মন্দ বিষয়টা আরেকটা রিভিউয়ে জানাবো,Positive,Delivery;Product Quality,,delivery_positive;product_quality_positive,delivery_positive#product_quality_positive
54812531253054,"এয়ারপড টা ভালো ছিলো,সব ফিচার কাজ করত এবং লাইভ লিস্টেনিং ও কাজ করছিল।কিন্তু এই সব কিছু ভালোর মধ্যে সেলার আমায় যেই কেবল দিয়েছে এই কেবল দেওয়ার কোনো মনে হয় না,এয়ারপড এর চার্জিং পোর্ট হলো টাইপ সি এর কিন্তু আমায় দিয়েছে টাইপ সি তো লাইটনিং!মানে এটা কোনও কথা?কেবল তা ভালো ও না, আইফোন চার্জ এ লাগিয়ে দেখি চার্জ উঠে না!
যাইহোক ওভারঅল প্রোডাক্ট ভালো ছিলো।",এয়ারপড টা ভালো ছিলো ফিচার কাজ করত লাইভ লিস্টেনিং ও কাজ করছিল ভালোর মধ্যে সেলার আমায় যেই কেবল দিয়েছে কেবল দেওয়ার মনে হয় এয়ারপড এর চার্জিং পোর্ট হলো টাইপ সি এর আমায় দিয়েছে টাইপ সি তো লাইটনিং মানে এটা কোনও কথা কেবল ভালো ও আইফোন চার্জ এ লাগিয়ে দেখি চার্জ উঠে যাইহোক ওভারঅল প্রোডাক্ট ভালো ছিলো,Positive,Product Quality,,product_quality_positive,product_quality_positive
54786419353054,আলহামদুলিল্লাহ ভালোই আছে 😊 খুব তাড়াতাড়ি পেয়েছি। ডেলিভারি ম্যান এর ব্যবহার অনেক ভালো আমার বাসায় এসে দিয়ে গেছে। প্রডাক্ট টা অনেক ভালো অল্প টাকায় অনেক ভালো একটা প্রডাক্ট পেয়েছি ধন্যবাদ সেলার ভাইকে 😊🥰🌹এতো সুন্দর একটা প্রডাক্ট দেবার জন্য। আর আপনারা চাইলে এটা নিতে পারেন অনেক ভালো,আলহামদুলিল্লাহ ভালোই খুব তাড়াতাড়ি পেয়েছি ডেলিভারি ম্যান এর ব্যবহার ভালো বাসায় এসে দিয়ে প্রডাক্ট টা ভালো অল্প টাকায় ভালো একটা প্রডাক্ট পেয়েছি ধন্যবাদ সেলার ভাইকে এতো সুন্দর একটা প্রডাক্ট দেবার আপনারা চাইলে এটা নিতে পারেন ভালো,Positive,Delivery;Price;Product Quality,,delivery_positive;price_positive;product_quality_positive,delivery_positive#price_positive#product_quality_positive
53752027653054,আলহামদুলিল্লাহ প্রোডাক্টটা খুবই সুন্দর আপনারা চাইলে নিতে পারেন আমি এ প্রোডাক্টটা একে একে চাইর বার কিনলাম আপনারা নিলে নিতে পারেন ইনশাল্লাহ খুবই ভালো প্রোডাক্ট চার্জ  খুবই ভালো চলে আলহামদুলিল্লাহ দাম সাড়ে ৭৫০ টাকা,আলহামদুলিল্লাহ প্রোডাক্টটা খুবই সুন্দর আপনারা চাইলে নিতে পারেন আমি এ প্রোডাক্টটা একে একে চাইর কিনলাম আপনারা নিলে নিতে পারেন ইনশাল্লাহ খুবই ভালো প্রোডাক্ট চার্জ খুবই ভালো চলে আলহামদুলিল্লাহ দাম সাড়ে ৭৫০ টাকা,Positive,Product Quality,,product_quality_positive,product_quality_positive
53800454453054,"এক কথায় অসাধারন 👌 আমি বলবো এই বাজেটে সেরা একটা জিনিস, যারা বেস ভালোবাসেন তারা অবশ্যই নিবেন 🥰 ক্লিয়ার সাউন্ড এবং ডিপ বেস অসাধারন, 🥰",এক কথায় অসাধারন আমি বলবো বাজেটে সেরা একটা জিনিস যারা বেস ভালোবাসেন অবশ্যই নিবেন ক্লিয়ার সাউন্ড ডিপ বেস অসাধারন,Positive,Price;Product Quality,,price_positive;product_quality_positive,price_positive#product_quality_positive
54264265453054,আলহামদুলিল্লাহ পাইছি।কিন্তু সময় একটু বেশি লাগছে। সাউন্ড কোয়ালিটি মোটামুটি ঠিক আছে দেখা যাক চার্জ কিরকম থাকে ।,আলহামদুলিল্লাহ পাইছি সময় লাগছে সাউন্ড কোয়ালিটি মোটামুটি ঠিক দেখা যাক চার্জ কিরকম,Negative,Delivery,Delivery,delivery_negative,delivery_negative
54863035653054,এই প্রোডাক্টের কোয়ালিটি খুবই ভালো। এই বক্সটা যখন আনবক্স করতে গেছি তখন একটা প্রিমিয়াম ফিল আসছে। এত সুন্দর প্যাকেজিং আর ভিতরে যে একটা কেবল পাব এটাও আশা করিনি। সাউন্ড কোয়ালিটি বেস্ট। আমার কাছে খুবই ভালো লাগছে। এত কম দামে এত ভাল একটি জিনিস পাব কল্পনাও করতে পারিনি। অনেক অনেক ধন্যবাদ সেলারকে❤️,প্রোডাক্টের কোয়ালিটি খুবই ভালো বক্সটা আনবক্স করতে গেছি একটা প্রিমিয়াম ফিল আসছে এত সুন্দর প্যাকেজিং ভিতরে যে একটা কেবল পাব এটাও আশা করিনি সাউন্ড কোয়ালিটি বেস্ট কাছে খুবই ভালো লাগছে এত দামে এত ভাল জিনিস পাব কল্পনাও করতে পারিনি ধন্যবাদ সেলারকে,Positive,Packaging;Price;Product Quality,,packaging_positive;price_positive;product_quality_positive,packaging_positive#price_positive#product_quality_positive
54838964153054,"প্রথমেই মনে হয় নি এত কম প্রেইস এমন একটি ভালো প্রোডাক্ট পাবো, প্রাইস অনুযায়ী ভালোই লেগেছে জিনিস টা, ধন্যবাদ",প্রথমেই মনে হয় নি এত প্রেইস ভালো প্রোডাক্ট পাবো প্রাইস অনুযায়ী ভালোই লেগেছে জিনিস টা ধন্যবাদ,Positive,Price;Product Quality,,price_positive;product_quality_positive,price_positive#product_quality_positive
54254071953054,"৭ তারিখ অর্ডার দেওয়া ১০ তারিখ পণ্য হাতে পাওয়া 
সেলারের এই এত দ্রুত পণ্য পাঠানোটা ভালো লাগলো 
এখন পর্যন্ত একদিনের ব্যবহার এ ব্যাটারি ব্যাকআপ সাউন্ড 
৫৫০ টাকা তুলনায় খুব ভালো 
তবে লম্বা সময় এ কি করে সেটা স্রষ্টা ভালো বলতে পারবে 
সেলার কে জিগিয়েছিলাম এএনসি আছে কিনা উনি সহজ সরলভাবে না করেছে 
তবে আশ্চর্যজনকভাবে এ পণ্যটাই এএনসি কাজ করছিল 
দুটা কানে  একসাথে দিলে বাহির থেকে সাউন্ড মোটামুটি আসেইনা যা দাম বিবেচনায় অসাধারণ 

তবে চ্যটবক্সে সেলার কে জানিয়েছিলাম যেহেতু সাদা কালার
দ্রুত ময়লা পড়বে তাই একটা কাভার দিয়ে দিলে কৃতজ্ঞ থাকব

সেটা দেয়নি 

আর হ্য পন্যটার খোললে লাগালে ছোট্ট বাতির
 অংশ এটা কাজ একবারেই কাজ করছে না

এখন আরো লং টাইম ইউজ করে 
আরেকটা রিভিউ দেবো প্রাথমিক মন্দ লাগেনি",৭ তারিখ অর্ডার দেওয়া ১০ তারিখ পণ্য হাতে পাওয়া সেলারের এত দ্রুত পণ্য পাঠানোটা ভালো লাগলো পর্যন্ত একদিনের ব্যবহার এ ব্যাটারি ব্যাকআপ সাউন্ড ৫৫০ টাকা তুলনায় খুব ভালো লম্বা সময় এ সেটা স্রষ্টা ভালো বলতে পারবে সেলার জিগিয়েছিলাম এএনসি কিনা উনি সহজ সরলভাবে করেছে আশ্চর্যজনকভাবে এ পণ্যটাই এএনসি কাজ করছিল দুটা কানে একসাথে দিলে বাহির সাউন্ড মোটামুটি আসেইনা দাম বিবেচনায় অসাধারণ চ্যটবক্সে সেলার জানিয়েছিলাম সাদা কালার দ্রুত ময়লা পড়বে তাই একটা কাভার দিয়ে দিলে কৃতজ্ঞ থাকব সেটা দেয়নি হ্য পন্যটার খোললে লাগালে ছোট্ট বাতির অংশ এটা কাজ একবারেই কাজ করছে আরো লং টাইম ইউজ আরেকটা রিভিউ দেবো প্রাথমিক মন্দ লাগেনি,Positive,Delivery;Product Quality,,delivery_positive;product_quality_positive,delivery_positive#product_quality_positive
54784215553054,"ম্যাট ফিনিশিং হাতে ধরলে একটা প্রিমিয়াম প্রিমিয়াম  লাগে , সাউন্ড কোয়ালিটি মোটামুটি ভালই বেসটাও ভালো, প্যাকেটের গায়ে মেড ইন দুবাই লেখা , যেমনটি চেয়েছিলাম তেমনটাই পেয়েছি, ধন্যবাদ সেলার এবং দারাজ কে ।",ম্যাট ফিনিশিং হাতে ধরলে একটা প্রিমিয়াম প্রিমিয়াম লাগে সাউন্ড কোয়ালিটি মোটামুটি ভালই বেসটাও ভালো প্যাকেটের গায়ে মেড ইন দুবাই লেখা যেমনটি চেয়েছিলাম তেমনটাই পেয়েছি ধন্যবাদ সেলার দারাজ,Positive,Product Quality,,product_quality_positive,product_quality_positive
52044328653054,মাত্র হাতে পাইছি। প্যাকেজিং খুব ভালো ছিলো। সাউন্ড কোয়ালিটি খুব ভালো। এখন কতদিন এমন ভালো সার্ভিস পাই সেটাই দেখার বিষয়। ধন্যবাদ।,হাতে পাইছি প্যাকেজিং খুব ভালো ছিলো সাউন্ড কোয়ালিটি খুব ভালো কতদিন ভালো সার্ভিস পাই সেটাই দেখার বিষয় ধন্যবাদ,Positive,Packaging;Product Quality,,packaging_positive;product_quality_positive,packaging_positive#product_quality_positive
54668734853054,খুবই ভালো প্রোডাক্ট। এই দামে এটা সত্যিই পয়সা উসুল জিনিস।আপ্নারা চাইলে নিতে পারেন।বাট দারাজের পাকেজিং কোয়ালিটি বাজে।,খুবই ভালো প্রোডাক্ট দামে এটা সত্যিই পয়সা উসুল জিনিস আপ্নারা চাইলে নিতে পারেন বাট দারাজের পাকেজিং কোয়ালিটি বাজে,Positive,Packaging;Price;Product Quality,Packaging,packaging_negative;price_positive;product_quality_positive,packaging_negative#price_positive#product_quality_positive
54750883453054,"আলহামদুলিল্লাহ খুবই ভালো প্রোডাক্ট 
যা বলেছে প্রোডাক্ট সেটাই দিয়েছে।।
সেলার এর ব্যবহার ও আলহামদুলিল্লাহ অনেক ভালো ছিল।",আলহামদুলিল্লাহ খুবই ভালো প্রোডাক্ট বলেছে প্রোডাক্ট সেটাই দিয়েছে সেলার এর ব্যবহার ও আলহামদুলিল্লাহ ভালো,Positive,Product Quality;Seller Service,,seller_service_positive;product_quality_positive,seller_service_positive#product_quality_positive
54582791453054,প্রডাক্টের কথা পরে বলি আগে বলি ডেলিভার মেনের কথা এক কথায় ওনি একজন  অমায়িক মানুষ আর প্রডাক্ট জাজ ওয়াও এক হেডফোনে প্রায় চার ঘন্টার উপরে জায়গা আমি খুব খুশি ধন্যবাদ দারাজকে।,প্রডাক্টের কথা বলি আগে বলি ডেলিভার মেনের কথা এক কথায় ওনি একজন অমায়িক মানুষ প্রডাক্ট জাজ ওয়াও এক হেডফোনে প্রায় চার ঘন্টার উপরে জায়গা আমি খুব খুশি ধন্যবাদ দারাজকে,Positive,Delivery;Product Quality,,delivery_positive;product_quality_positive,delivery_positive#product_quality_positive
52618488053054,প্রডাক্ট এর সাউন্ড পুরাই অস্তির চোখ বুজে নিতে পারেন। আর মজার ব্যাপার হলো ডেলিভারি ম্যান আমার বন্ধু ছিল 🥰🥰🥰।,প্রডাক্ট এর সাউন্ড পুরাই অস্তির চোখ বুজে নিতে পারেন মজার ব্যাপার হলো ডেলিভারি ম্যান বন্ধু,Positive,Product Quality,,product_quality_positive,product_quality_positive
54344846553054,"১.৫ মাস ব্যবহার করে রিভিউ দিচ্ছি,  কোন সমস্যা দেখা দিচ্ছে না, কিন্তু একটা গম্ভীর সাউন্ট, কান ব্যথা করে, দেখি কত দিন টিকে, পরে রিভিউ এড করে দিবো বা ফলোআপ দিয়ে দিবো।",১ ৫ মাস ব্যবহার রিভিউ দিচ্ছি সমস্যা দেখা দিচ্ছে একটা গম্ভীর সাউন্ট কান ব্যথা দেখি কত দিন টিকে রিভিউ এড দিবো ফলোআপ দিয়ে দিবো,Positive,Product Quality,,product_quality_positive,product_quality_positive
54138576753054,"বাজেট অনুযায়ী ভালো, তবে চার্জ ব্রেকাপ টা আরেকটু হইলে ভালো হতো,, তবে যা আছে ভালোই খারাপ না,, মোটামুটি চলার মতো",বাজেট অনুযায়ী ভালো চার্জ ব্রেকাপ টা আরেকটু হইলে ভালো হতো ভালোই খারাপ মোটামুটি চলার,Positive,Price;Product Quality,,price_positive;product_quality_positive,price_positive#product_quality_positive
54992293453054,"সেলার ভাইকে অনেক ধন্যবাদ। সময়ের আগেই হাতে পেয়েছি 
চার্জিং ব্যাকআপ অনেক ভালো। 

সাউন্ড কোয়ালিটি খুব সুন্দর।
আমার ডিসকাউন্ট ছিল আমি খুব কমের মধ্যে নিতে পেরেছি চাইলে আপনারা নিতে পারেন সত্যি খুব সুন্দর একটি প্রোডাক্ট😊😊😊",সেলার ভাইকে ধন্যবাদ সময়ের আগেই হাতে পেয়েছি চার্জিং ব্যাকআপ ভালো সাউন্ড কোয়ালিটি খুব সুন্দর ডিসকাউন্ট আমি খুব কমের মধ্যে নিতে পেরেছি চাইলে আপনারা নিতে পারেন সত্যি খুব সুন্দর প্রোডাক্ট,Positive,Delivery;Product Quality,,delivery_positive;product_quality_positive,delivery_positive#product_quality_positive
54752373653054,"প্রোডাক্ট কোয়ালিটি অনেক প্রিমিয়াম।  দারুণ সাউন্ড বেজ এবং চার্জ ব্যাকাপও অসাধারণ!  এই নিয়ে আমার ২ টা। 
ধন্যবাদ সেলার👍",প্রোডাক্ট কোয়ালিটি প্রিমিয়াম দারুণ সাউন্ড বেজ চার্জ ব্যাকাপও অসাধারণ নিয়ে ২ টা ধন্যবাদ সেলার,Positive,Product Quality,,product_quality_positive,product_quality_positive
54876799653054,সাউন্ড কোয়ালিটি এক কথায় দারুন। তিন দিন চালানোর পর মনে হলো ভালোই। চার্জ  3 ঘন্টার মতো থাকে। সব মিলিয়ে এবং দাম অনুযায়ী অসাধারণ।,সাউন্ড কোয়ালিটি এক কথায় দারুন তিন দিন চালানোর মনে হলো ভালোই চার্জ 3 ঘন্টার মিলিয়ে দাম অনুযায়ী অসাধারণ,Positive,Price;Product Quality,,price_positive;product_quality_positive,price_positive#product_quality_positive
53726782353054,দাম অনুযায়ী মোটামুটি ভালো। বিশেষ করে সাউন্ড কোয়ালিটি ভালো। তবে অন্যান্য ফাংশন তেমন একটা ভালো না।,দাম অনুযায়ী মোটামুটি ভালো বিশেষ সাউন্ড কোয়ালিটি ভালো অন্যান্য ফাংশন একটা ভালো,Neutral,Price;Product Quality,,price_neutral;product_quality_neutral,price_neutral#product_quality_neutral
54842561853054,কম প্রাইজে এত ভালো প্রোডাক্ট কখনো আশা করিনি। ডেলিভারি ম্যান এর ব্যবহার অনেক ভালো ছিল। থ্যাংক ইউ,প্রাইজে এত ভালো প্রোডাক্ট আশা করিনি ডেলিভারি ম্যান এর ব্যবহার ভালো থ্যাংক ইউ,Positive,Delivery;Price;Product Quality,,delivery_positive;price_positive;product_quality_positive,delivery_positive#price_positive#product_quality_positive
54966698753054,"অনেক ভালো একটা প্রোডাক্ট সবাই নিতে পারেন, আমারটা দেখে আমার বন্ধুরা ৩ জন একসাথে অর্ডার দিয়েছে",ভালো একটা প্রোডাক্ট সবাই নিতে পারেন আমারটা দেখে বন্ধুরা ৩ জন একসাথে অর্ডার দিয়েছে,Positive,Product Quality,,product_quality_positive,product_quality_positive
54255799453054,"আলহামদুলিল্লাহ,সুন্দর প্রোডাক্ট। এতো কম প্রাইসে এতো এতো ভালো একটা প্রোডাক্ট পাবো ভাবি নাই।",আলহামদুলিল্লাহ সুন্দর প্রোডাক্ট এতো প্রাইসে এতো এতো ভালো একটা প্রোডাক্ট পাবো ভাবি নাই,Positive,Price;Product Quality,,price_positive;product_quality_positive,price_positive#product_quality_positive
48917892653054,এই বাজেটের পারফেক্ট একটা জিনিস❤️‍🔥,বাজেটের পারফেক্ট একটা জিনিস,Positive,Price;Product Quality,,price_positive;product_quality_positive,price_positive#product_quality_positive
55104234653054,"অমায়িক একটা গ্যাজেট  🥰
ইউজ করেই রিভিউ দিলাম। চার্জ এবং সাউন্ড কোয়ালিটি অনেক অনেক ভালো।",অমায়িক একটা গ্যাজেট ইউজ করেই রিভিউ দিলাম চার্জ সাউন্ড কোয়ালিটি ভালো,Positive,Product Quality,,product_quality_positive,product_quality_positive
54932463753054,"মাথা নষ্ট করা বেজ দেয়। সবাই নিতে পারো সুযোগ হাতছাড়া করো না।
আমি 483 টাকায় নিয়েছি।",মাথা নষ্ট বেজ দেয় সবাই নিতে পারো সুযোগ হাতছাড়া করো আমি 483 টাকায় নিয়েছি,Positive,Product Quality,,product_quality_positive,product_quality_positive
54070435153054,অনেক দিন হলো ব্যবহার করছি তবে আজ পর্যন্ত এখনো ডিস্টার্ব দেয় নাই। আশা করি ভালো হবে।,দিন হলো ব্যবহার করছি আজ পর্যন্ত এখনো ডিস্টার্ব দেয় নাই আশা করি ভালো,Positive,Product Quality,,product_quality_positive,product_quality_positive
53882319953054,"দাম অনুযায়ী খুবই ভালো জিনিস পেয়েছি, সেলার কে ধন্যবাদ, আপনারা চাইলে নিতে পারেন ।",দাম অনুযায়ী খুবই ভালো জিনিস পেয়েছি সেলার ধন্যবাদ আপনারা চাইলে নিতে পারেন,Positive,Price;Product Quality,,price_positive;product_quality_positive,price_positive#product_quality_positive
54183879853054,"প্রচুর বাজে একটা জিনিস, একটার চার্জিং সিস্টেম নেই আমি রিটার্ন দিতে চাই",প্রচুর বাজে একটা জিনিস একটার চার্জিং সিস্টেম নেই আমি রিটার্ন দিতে চাই,Negative,Product Quality,Product Quality,product_quality_negative,product_quality_negative
55022450053054,"যেই রকম চেয়েছিলাম ঠিক সেইরকম পেয়েছি, কোয়ালিটি গুড। আপনারাও নিতে পারেন",যেই রকম চেয়েছিলাম ঠিক সেইরকম পেয়েছি কোয়ালিটি গুড আপনারাও নিতে পারেন,Positive,Product Quality,,product_quality_positive,product_quality_positive
53908643353054,"দাম অনুযায়ী এর চেয়ে ভালো প্রোডাক্ট এক্সপেক্ট করা যায়না। 
১০ এ ১০ 😊",দাম অনুযায়ী এর চেয়ে ভালো প্রোডাক্ট এক্সপেক্ট যায়না ১০ এ ১০,Positive,Price;Product Quality,,price_positive;product_quality_positive,price_positive#product_quality_positive
54758596053054,"প্রোডাক্ট কোয়ালিটি ৯/১০
সাউন্ড কোয়ালিটি ৭/১০
সার্ভিস ৯/১০
রিকমন্ডেড।",প্রোডাক্ট কোয়ালিটি ৯ ১০ সাউন্ড কোয়ালিটি ৭ ১০ সার্ভিস ৯ ১০ রিকমন্ডেড,Positive,Product Quality,,product_quality_positive,product_quality_positive
55108504453054,"আলহামদুলিল্লাহ ভালো প্রোডাক্ট,যেমনটা আশা‌ করেছিলাম তেমন পেয়েছি...।",আলহামদুলিল্লাহ ভালো প্রোডাক্ট যেমনটা আশা করেছিলাম পেয়েছি,Positive,Product Quality,,product_quality_positive,product_quality_positive
55096776053054,"আলহামদুলিল্লাহ, 
অনেক ভালো কোয়ালিটি। সাউন্ড কোয়ালিটি অসাধারণ।",আলহামদুলিল্লাহ ভালো কোয়ালিটি সাউন্ড কোয়ালিটি অসাধারণ,Positive,Product Quality,,product_quality_positive,product_quality_positive
54603029853054,"টাকা অনুযায়ী খারাপ না,,,  তবে কিছুদিন ব্যাবহার করে বোঝা যাবে।",টাকা অনুযায়ী খারাপ কিছুদিন ব্যাবহার বোঝা যাবে,Positive,Price;Product Quality,,price_positive;product_quality_positive,price_positive#product_quality_positive
55119326053054,এত অল্প দামে এত ভালো একটা এয়ারবার্টস পাবো কখনোই কল্পনা করিনি,এত অল্প দামে এত ভালো একটা এয়ারবার্টস পাবো কখনোই কল্পনা করিনি,Positive,Price;Product Quality,,price_positive;product_quality_positive,price_positive#product_quality_positive
53883437053054,মোটামুটি ভালো আমি সব কিছু ঠিকঠাক পাইছি। সেলার ভাইকে ধন্যবাদ।,মোটামুটি ভালো আমি ঠিকঠাক পাইছি সেলার ভাইকে ধন্যবাদ,Neutral,Product Quality,,product_quality_neutral,product_quality_neutral
54098421353054,দাম অনুযায়ী ভালই ছিল মোটামুটি কিন্তু বিট কোয়ালিটি ভালো না,দাম অনুযায়ী ভালই মোটামুটি বিট কোয়ালিটি ভালো,Neutral,Price;Product Quality,,price_neutral;product_quality_neutral,price_neutral#product_quality_neutral
54780400253054,খুব ভালো এটা সবাই নিতে পারেন আমি ৪ টা নিয়েছি সব ভালো হয়েছে,খুব ভালো এটা সবাই নিতে পারেন আমি ৪ টা নিয়েছি ভালো হয়েছে,Positive,Product Quality,,product_quality_positive,product_quality_positive
54932283853054,"প্রাইজ বিবেচনায় অনেক ভালো কোয়ালিটি 🥰
সবাই নিতে পারেন..!👍",প্রাইজ বিবেচনায় ভালো কোয়ালিটি সবাই নিতে পারেন,Positive,Price;Product Quality,,price_positive;product_quality_positive,price_positive#product_quality_positive
54015168453054,"দুই সপ্তাহ ব্যবহারে পর রিভিউ দিচ্ছি, আলহামদুলিল্লাহ ভাল",দুই সপ্তাহ ব্যবহারে রিভিউ দিচ্ছি আলহামদুলিল্লাহ ভাল,Positive,Product Quality,,product_quality_positive,product_quality_positive
53501151253054,- দাম হিসাবে যথেষ্ট ভালো! চাইলে আপনারাও নিতে পারেন!🧡,দাম হিসাবে যথেষ্ট ভালো চাইলে আপনারাও নিতে পারেন,Positive,Price;Product Quality,,price_positive;product_quality_positive,price_positive#product_quality_positive
54782106753054,"আলহামদুলিল্লাহ, অনেক ভালো একটা প্রর্ডাক। সব মিলিয়ে",আলহামদুলিল্লাহ ভালো একটা প্রর্ডাক মিলিয়ে,Positive,Product Quality,,product_quality_positive,product_quality_positive
55092420553054,"অনেক ভাল,  ৪/৬ ঘন্টা চার্জ  যায়, সবাই নিতে পারেন।",ভাল ৪ ৬ ঘন্টা চার্জ যায় সবাই নিতে পারেন,Positive,Product Quality,,product_quality_positive,product_quality_positive
54037266953054,খুব ভালো একটি প্রোডাক্ট সবাই নিশ্চিন্তে নিতে পারেন,খুব ভালো প্রোডাক্ট সবাই নিশ্চিন্তে নিতে পারেন,Positive,Product Quality,,product_quality_positive,product_quality_positive
54167205453054,"ভালো তবে দাম টা বেশি,কিন্তু সাউন্ড কোয়ালিটি ভালোই",ভালো দাম টা সাউন্ড কোয়ালিটি ভালোই,Neutral,Price;Product Quality,Price,price_negative;product_quality_positive,price_negative#product_quality_positive
52242330053054,অনেক অনেক ধ্যনবাদ ভালো একটা জিনিস দেয়ার জন্য,ধ্যনবাদ ভালো একটা জিনিস দেয়ার,Positive,Product Quality,,product_quality_positive,product_quality_positive
54532558153054,সাউন্ড কোয়ালিটি অনেক ভালো চাইলে নিতে পারেন,সাউন্ড কোয়ালিটি ভালো চাইলে নিতে পারেন,Positive,Product Quality,,product_quality_positive,product_quality_positive
53932051653054,খুব ভালো একটা প্রোডাক্ট আপনার নিতে পারেন,খুব ভালো একটা প্রোডাক্ট আপনার নিতে পারেন,Positive,Product Quality,,product_quality_positive,product_quality_positive
54808181253054,দাম হিসাবে ঠিক আছে। নিতে পারেন। ঠকবেন না,দাম হিসাবে ঠিক নিতে পারেন ঠকবেন,Neutral,Price;Product Quality,,price_neutral;product_quality_neutral,price_neutral#product_quality_neutral
53902872153054,সাউন্ড  একদম ভালো না। একটু বিট নেই 😡😡,সাউন্ড একদম ভালো বিট নেই,Negative,Product Quality,Product Quality,product_quality_negative,product_quality_negative
52375305653054,খুবই সুন্দর মিস কইরেন না কেউ নিয়ে নেন,খুবই সুন্দর মিস কইরেন কেউ নিয়ে নেন,Positive,Product Quality,,product_quality_positive,product_quality_positive
54795728753054,ভালো ছিলো। চার্জিং ব্যাকাপ ভালো থাকে,ভালো ছিলো চার্জিং ব্যাকাপ ভালো,Positive,Product Quality,,product_quality_positive,product_quality_positive
54894522353054,ভালো প্রোডাক্টটা আপনারা নিতে পারেন,ভালো প্রোডাক্টটা আপনারা নিতে পারেন,Positive,Product Quality,,product_quality_positive,product_quality_positive
54751093653054,অল্প বাজেটে অনেক সুন্দর অগ্রিমিয়া,অল্প বাজেটে সুন্দর অগ্রিমিয়া,Positive,Product Quality,,product_quality_positive,product_quality_positive
53403367353054,"সবকিছু ঠিকঠাক ছিল, ধন্যবাদ দারাজ",সবকিছু ঠিকঠাক ধন্যবাদ দারাজ,Positive,Product Quality,,product_quality_positive,product_quality_positive
54749397553054,খুব ভালো এটা সবাই নিতে পারেন,খুব ভালো এটা সবাই নিতে পারেন,Positive,Product Quality,,product_quality_positive,product_quality_positive
54920619953054,"প্রোডাক্ট টি ঠিকঠাক ই পেয়েছি।ভালোই কাজ করছে। কিন্তু সাউন্ড কোয়ালিটি আমার কাছে ভালো লাগেনি।অনেক বেশি মোটা টাইপ এর সাউন্ড দেয় যেটা এক প্রকার বিরক্তিকর। গান এর কথা গুলো ক্লিয়ার হয়না মোটা সাউন্ড এর জন্য।
এ ছাড়া বাকি সব ঠিকঠাক। দাম হিসেবে এমন সাউন্ড একদম আশা করিনি😔",প্রোডাক্ট টি ঠিকঠাক ই পেয়েছি ভালোই কাজ করছে সাউন্ড কোয়ালিটি কাছে ভালো লাগেনি মোটা টাইপ এর সাউন্ড দেয় যেটা এক প্রকার বিরক্তিকর গান এর কথা গুলো ক্লিয়ার হয়না মোটা সাউন্ড এর এ ছাড়া বাকি ঠিকঠাক দাম হিসেবে সাউন্ড একদম আশা করিনি,Neutral,Price;Product Quality,Price,price_negative;product_quality_positive,price_negative#product_quality_positive
54402256253054,"সহ সবকিছু ঠিক আছে যেটা দেখাইতেছে এরকম না ৩০ ঘন্টা না। আমি ইউস করছি সর্বোচ্চ ৬ ঘন্টা ব্রেকআপ পাওয়া যায়,

 নয়েজ ক্যান্সেলিং অপশন নাই। 

সাউন্ড কোয়ালিটি ভালো,",সহ সবকিছু ঠিক যেটা দেখাইতেছে এরকম ৩০ ঘন্টা আমি ইউস করছি সর্বোচ্চ ৬ ঘন্টা ব্রেকআপ পাওয়া যায় নয়েজ ক্যান্সেলিং অপশন নাই সাউন্ড কোয়ালিটি ভালো,Positive,Product Quality,,product_quality_positive,product_quality_positive
53971696053054,"তিনদিন ব্যবহার করে রিভিউ দিচ্ছি । আলহামদুলিল্লাহ অনেক ভালো ।দুইটা অর্ডার করছিলাম,দুইটাই ভালো সার্ভিস দিচ্ছে।তবে ডেলিভারি ম্যানের ব্যবহার একটু কর্কশ টাইপের,আচরন ভঙ্গিমা ও তেমন ভদ্র ছিলো না।উনার আচরন আরো হাই কোয়ালিটির দরকার ছিলো।",তিনদিন ব্যবহার রিভিউ দিচ্ছি আলহামদুলিল্লাহ ভালো দুইটা অর্ডার করছিলাম দুইটাই ভালো সার্ভিস দিচ্ছে ডেলিভারি ম্যানের ব্যবহার কর্কশ টাইপের আচরন ভঙ্গিমা ও ভদ্র ছিলো উনার আচরন আরো হাই কোয়ালিটির দরকার ছিলো,Neutral,Delivery;Product Quality,Delivery,delivery_negative;product_quality_positive,delivery_negative#product_quality_positive
54134194853054,প্রাইস অনুযায়ী ভালই তবে সাউন্ড অনকে বেশি লাগে,প্রাইস অনুযায়ী ভালই সাউন্ড অনকে লাগে,Positive,Price;Product Quality,,price_positive;product_quality_positive,price_positive#product_quality_positive
53916009853054,আহামরি খুব একটা ভালো না তবে মোটামুটি ভালই আছে,আহামরি খুব একটা ভালো মোটামুটি ভালই,Neutral,Product Quality,,product_quality_neutral,product_quality_neutral
54613270453054,এএনসি কাজ করে না। বাকি সব মোটামুটি এভারেজ,এএনসি কাজ বাকি মোটামুটি এভারেজ,Neutral,Product Quality,,product_quality_neutral,product_quality_neutral
54729447953054,আমার এয়ারপডগুলোতে সমস্যা। কিন্তু সেলার এর ব্যবহার খুবি আন্তরিক। তাদের কাছে আমার সমস্যাটা বলি এবং তারা খুব তারাতারি রিসপ্নস  করে। সত্যি তাদদের সার্ভিস অসাধারন।,এয়ারপডগুলোতে সমস্যা সেলার এর ব্যবহার খুবি আন্তরিক কাছে সমস্যাটা বলি খুব তারাতারি রিসপ্নস সত্যি তাদদের সার্ভিস অসাধারন,Neutral,Product Quality;Seller Service,Product Quality,seller_service_positive;product_quality_negative,seller_service_positive#product_quality_negative
54982208953054,খুবই ভালো জিনিস ভাই ২০ ঘন্টা মতন চার্জ টিকে আমি গত তিনদিন ধরে ব্যবহার করতেছি আপনারাও চালিয়ে নিতে পারেন অনেক ভাল পর্ব,খুবই ভালো জিনিস ভাই ২০ ঘন্টা মতন চার্জ টিকে আমি গত তিনদিন ধরে ব্যবহার করতেছি আপনারাও চালিয়ে নিতে পারেন ভাল পর্ব,Positive,Product Quality,,product_quality_positive,product_quality_positive
54787420053054,প্রথমে সেলারকে অসংখ্য ধন্যবাদ তার ব্যবহারের জন্য। ধন্যবাদ দারাজকে। প্রডাকটি আমার কাছে ভালো লেগেছে হাতে পাওয়ার পর। এখন দেখার বিষয় চার্জ কতক্ষণ যায়।আপনারা চাইলে নিতে পারেন।,প্রথমে সেলারকে অসংখ্য ধন্যবাদ ব্যবহারের ধন্যবাদ দারাজকে প্রডাকটি কাছে ভালো লেগেছে হাতে পাওয়ার দেখার বিষয় চার্জ কতক্ষণ যায় আপনারা চাইলে নিতে পারেন,Positive,Product Quality;Seller Service,,seller_service_positive;product_quality_positive,seller_service_positive#product_quality_positive
54957312253054,"খুব সুন্দর একটা পোডাক্ট ছিলো যেমন চেযেছি তেমনি পেযেছি,
সাউন্ড কোয়ালিটিও সুন্দর 
এক কথায় অসাধারণ একটা পোডাক্ট",খুব সুন্দর একটা পোডাক্ট ছিলো চেযেছি তেমনি পেযেছি সাউন্ড কোয়ালিটিও সুন্দর এক কথায় অসাধারণ একটা পোডাক্ট,Positive,Product Quality,,product_quality_positive,product_quality_positive
54151176253054,"সব কিছু ঠিক আছে বিশেষ করে এটা খোলার সময় টিং করে আওয়াজ করে কানেক্ট হওয়ার সময় ও আওয়াজ করে আর ব্যাটারি ব্যাকআপ ও অত্যন্ত ভালো এবং এটার ওজন অনেক ভারী ,,নিতে পারেন যে কেউ🖤",ঠিক বিশেষ এটা খোলার সময় টিং আওয়াজ কানেক্ট হওয়ার সময় ও আওয়াজ ব্যাটারি ব্যাকআপ ও অত্যন্ত ভালো এটার ওজন ভারী নিতে পারেন যে কেউ,Positive,Product Quality,,product_quality_positive,product_quality_positive
54283973953054,"এক সপ্তাহ ইউজ করার পর রিভিউ দিচ্ছি। আলহামদুলিল্লাহ, যেমন চেয়েছি তেমনি পেয়েছি। এক চার্জে চলছে এখনো। যদিও আমি কম ইউজ করি।এই প্রোডাক্ট আপনারা নিশ্চিন্তে নিতে পারেন।",এক সপ্তাহ ইউজ করার রিভিউ দিচ্ছি আলহামদুলিল্লাহ চেয়েছি তেমনি পেয়েছি এক চার্জে চলছে এখনো আমি ইউজ করি প্রোডাক্ট আপনারা নিশ্চিন্তে নিতে পারেন,Positive,Product Quality,,product_quality_positive,product_quality_positive
53993646153054,সত্যিই বলতে প্রোডাক্টটি অনেক ভালো. অসাধারণ বেজ সাউন্ড কোয়ালিটি অনেক ভালো আমি ইনটেক প্যাকেট পেয়েছি. সেলারকে অনেক ধন্যবাদ আমাকে ভালো একটি প্রোডাক্ট দেয়ার জন্য ৩ দিনের মধ্যে ডেলিভারি পেয়েছি.🥰 ডেলিভারি ম্যানের ব্যবহার খুব ভালো ছিলো❤️🥰,সত্যিই বলতে প্রোডাক্টটি ভালো অসাধারণ বেজ সাউন্ড কোয়ালিটি ভালো আমি ইনটেক প্যাকেট পেয়েছি সেলারকে ধন্যবাদ ভালো প্রোডাক্ট দেয়ার ৩ দিনের মধ্যে ডেলিভারি পেয়েছি ডেলিভারি ম্যানের ব্যবহার খুব ভালো ছিলো,Positive,Delivery;Product Quality,,delivery_positive;product_quality_positive,delivery_positive#product_quality_positive
54119750253054,"এটা ব্যবহার করে দেখলাম 
প্রোডাক্টটা ভালো আছে 
আপনারা নিতে পারেন 
সাউন্ড কোয়ালিটি ও ভালো 
চার্জিং ব্যাকআপ ও ভালো
 তিন মাস যাবত ব্যবহার করতেছি",এটা ব্যবহার দেখলাম প্রোডাক্টটা ভালো আপনারা নিতে পারেন সাউন্ড কোয়ালিটি ও ভালো চার্জিং ব্যাকআপ ও ভালো তিন মাস যাবত ব্যবহার করতেছি,Positive,Product Quality,,product_quality_positive,product_quality_positive
54950295053054,২ দিন হলো ব্যবহার করছি।।ভালই মনে হচ্ছে। সাউন্ড কোয়ালিটি খুবই ভাল।ব্যটারি ব্যকআপও ভালই দিচ্ছে।আফাটর সার্ভিস কেমন হবে সেটাই দেখার বিষয়।,২ দিন হলো ব্যবহার করছি ভালই মনে সাউন্ড কোয়ালিটি খুবই ভাল ব্যটারি ব্যকআপও ভালই দিচ্ছে আফাটর সার্ভিস কেমন সেটাই দেখার বিষয়,Positive,Product Quality,,product_quality_positive,product_quality_positive
54639847653054,এই দামে এটা বেশ ভালো প্রোডাক্ট আমি সেলার কে রিকুয়েস্ট করেছিলাম একটু ফাস্ট ডেলিভারি দেওয়ার জন্য এবং সে ডেলিভারি টাইম এর আগেই ডেলিভারি দিয়েছে ধন্যবাদ সেলার কে,দামে এটা বেশ ভালো প্রোডাক্ট আমি সেলার রিকুয়েস্ট করেছিলাম ফাস্ট ডেলিভারি দেওয়ার ডেলিভারি টাইম এর আগেই ডেলিভারি দিয়েছে ধন্যবাদ সেলার,Positive,Delivery;Price;Product Quality,,delivery_positive;price_positive;product_quality_positive,delivery_positive#price_positive#product_quality_positive
54290150053054,আলহামদুলিল্লাহ প্রোডাক্টটা খুবই ভালো কিন্তু একটা সমস্যা আছে সেটা হল এটার নাইস ক্যান্সেল মুড নাই জোর কমানো বাড়ানো যায় না এবং অন্যান্য ফিউচার নাই কিন্তু প্রোডাক্টটা ভালো চালায় খুবই ভালো মনে হয়েছে কিন্তু এগুলো থাকলে আরো ভালো হতো যে ডেলিভারি ম্যান এটা দিছে তার ব্যবহার ও আচরণ অত্যন্ত ভালো,আলহামদুলিল্লাহ প্রোডাক্টটা খুবই ভালো একটা সমস্যা সেটা হল এটার নাইস ক্যান্সেল মুড নাই জোর কমানো বাড়ানো যায় অন্যান্য ফিউচার নাই প্রোডাক্টটা ভালো চালায় খুবই ভালো মনে হয়েছে এগুলো থাকলে আরো ভালো হতো যে ডেলিভারি ম্যান এটা দিছে ব্যবহার ও আচরণ অত্যন্ত ভালো,Positive,Delivery;Product Quality,,delivery_positive;product_quality_positive,delivery_positive#product_quality_positive
53928329653054,"অসাধারণ ২টা গ্লাস, ১টা রাতে গাড়ি চালানোর জন্য আরেকটা দিনে সূর্যের আলো থেকে রক্ষার জন্য। খুবই ভালো প্রোডাক্ট....",অসাধারণ ২টা গ্লাস ১টা রাতে গাড়ি চালানোর আরেকটা দিনে সূর্যের আলো রক্ষার খুবই ভালো প্রোডাক্ট,Positive,Product Quality,,product_quality_positive,product_quality_positive
55110213853054,"প্রোডাক্ট ভালোই , ডেলিভারি খুব তাড়াতাড়ি পাইছি , তবে ব্যাটারি ব্যাকআপ আরো ভালো হলে ভালো হতো",প্রোডাক্ট ভালোই ডেলিভারি খুব তাড়াতাড়ি পাইছি ব্যাটারি ব্যাকআপ আরো ভালো ভালো হতো,Positive,Delivery;Product Quality,,delivery_positive;product_quality_positive,delivery_positive#product_quality_positive
53879261453054,মোটামোটি ভালো। এটা সমস্যা হলো ডান কানের শব্দ বাম কানে আর বাম কানের শব্দ ডান কানে শোনা যায়,মোটামোটি ভালো এটা সমস্যা হলো ডান কানের শব্দ বাম কানে বাম কানের শব্দ ডান কানে শোনা যায়,Neutral,Product Quality,,product_quality_neutral,product_quality_neutral
54813788053054,"প্রোডাক্ট টা আসলে অনেক ভালো চার্জ বেকাপ সেই😍😍 সবাই নিতে পারেন,,,আমি ভাবছি আরেকটা নিবো😍",প্রোডাক্ট টা আসলে ভালো চার্জ বেকাপ সেই সবাই নিতে পারেন আমি ভাবছি আরেকটা নিবো,Positive,Product Quality,,product_quality_positive,product_quality_positive
55002464953054,এক সপ্তাহ পর মেসেজ দিচ্ছি প্রোডাক্টটি ভালো আছে সাউন্ড কোয়ালিটি মোটামুটি ভালো,এক সপ্তাহ মেসেজ দিচ্ছি প্রোডাক্টটি ভালো সাউন্ড কোয়ালিটি মোটামুটি ভালো,Positive,Product Quality,,product_quality_positive,product_quality_positive
54679066153054,"সাউন্ড কোয়ালিটি ভালো। 
সবাই নিতে পারনে। 
তবে চার্যারটা সাথে দিলে আরো ভালো হত",সাউন্ড কোয়ালিটি ভালো সবাই নিতে পারনে চার্যারটা দিলে আরো ভালো হত,Positive,Product Quality,,product_quality_positive,product_quality_positive
54741543253054,অনেক সুন্দর মানের একটা ব্লুটুথ আরেকটু ভালো হতো চার্জার দিত ধন্যবাদ দারাজ কে,সুন্দর মানের একটা ব্লুটুথ আরেকটু ভালো হতো চার্জার দিত ধন্যবাদ দারাজ,Positive,Product Quality,,product_quality_positive,product_quality_positive
54415507653054,"অনেক ভালো একটা প্রোডাক্ট, এক বারে একের,অসাধারণ, আপনারা নিতে পারেন।",ভালো একটা প্রোডাক্ট এক বারে একের অসাধারণ আপনারা নিতে পারেন,Positive,Product Quality,,product_quality_positive,product_quality_positive
54826771753054,যেমন দেখেছি সব ঠিকঠাক পেয়েছি। বাকিটা ব্যবহার করে দেখি কি অবস্থা,দেখেছি ঠিকঠাক পেয়েছি বাকিটা ব্যবহার দেখি অবস্থা,Positive,Product Quality,,product_quality_positive,product_quality_positive
54121254553054,"আলহামদুলিল্লাহ,,, 
যেমন টা আশা করছিলাম তার থেকে ভালো কিছু পেয়েছি",আলহামদুলিল্লাহ টা আশা করছিলাম ভালো পেয়েছি,Positive,Product Quality,,product_quality_positive,product_quality_positive
54596813553054,"আলহামদুলিল্লাহ প্রোডাক্ট খুব একটা ভালো, সাউন্ড অনেক ভালো।",আলহামদুলিল্লাহ প্রোডাক্ট খুব একটা ভালো সাউন্ড ভালো,Positive,Product Quality,,product_quality_positive,product_quality_positive
54145503253054,"ভালো প্রোডাক্ট সবাই নিতে পারেন, আমার কাছে ভালো লেগেছে👍🌟",ভালো প্রোডাক্ট সবাই নিতে পারেন কাছে ভালো লেগেছে,Positive,Product Quality,,product_quality_positive,product_quality_positive
51595158753054,আছে মোটামুটি ভালোই বাকিটুকু ব্যবহার করার পর বুঝতে পারব,মোটামুটি ভালোই বাকিটুকু ব্যবহার করার বুঝতে পারব,Neutral,Product Quality,,product_quality_neutral,product_quality_neutral
54754407353054,ডেলিভারিটা অনেক ভালোভাবে দিয়েছে দারাজ কে অনেক ধন্যবাদ,ডেলিভারিটা ভালোভাবে দিয়েছে দারাজ ধন্যবাদ,Positive,Delivery,,delivery_positive,delivery_positive
54233920053054,খুবই ভালো কোয়ালিটি সবাই নিতে পারেন আলহামদুলিল্লাহ,খুবই ভালো কোয়ালিটি সবাই নিতে পারেন আলহামদুলিল্লাহ,Positive,Product Quality,,product_quality_positive,product_quality_positive
54389727953054,এটাই হলো অবস্থা।  তও আবার পুরাতন প্রোডাক্ট এবং নষ্ট।,এটাই হলো অবস্থা তও পুরাতন প্রোডাক্ট নষ্ট,Negative,Product Quality,Product Quality,product_quality_negative,product_quality_negative
54326572153054,হেডফোন টা খুব ভালো পেয়ে ছি সবাই নিতে পারেন,হেডফোন টা খুব ভালো পেয়ে ছি সবাই নিতে পারেন,Positive,Product Quality,,product_quality_positive,product_quality_positive
54175865053054,"আলহামদুলিল্লাহ ভাল 
এই নিয়ে তিনটা নিলাম❤️",আলহামদুলিল্লাহ ভাল নিয়ে তিনটা নিলাম,Positive,Product Quality,,product_quality_positive,product_quality_positive
54669623353054,আলহামদুলিল্লাহ খুব ভালো প্রোডাক্ট পেয়েছি,আলহামদুলিল্লাহ খুব ভালো প্রোডাক্ট পেয়েছি,Positive,Product Quality,,product_quality_positive,product_quality_positive
54709369953054,আমার খুব পছন্দ হয়েছে দারুণ একটা প্রডকৈ,খুব পছন্দ হয়েছে দারুণ একটা প্রডকৈ,Positive,Product Quality,,product_quality_positive,product_quality_positive
54725165853054,খুবই ভালো প্রোডাক্ট খুব ভালো বেজ দেয়।,খুবই ভালো প্রোডাক্ট খুব ভালো বেজ দেয়,Positive,Product Quality,,product_quality_positive,product_quality_positive
54490760153054,"আলহামদুলিল্লাহ,,, খুব ভালো মনের ছিলো",আলহামদুলিল্লাহ খুব ভালো মনের ছিলো,Positive,Product Quality,,product_quality_positive,product_quality_positive
54582638853054,"জিনিস টা অনেক ভালো।
সবাই নিতে পারেন",জিনিস টা ভালো সবাই নিতে পারেন,Positive,Product Quality,,product_quality_positive,product_quality_positive
55076961653054,অনেক ভালো ভাই ব্যবহার করে মজা পাইছি,ভালো ভাই ব্যবহার মজা পাইছি,Positive,Product Quality,,product_quality_positive,product_quality_positive
54858193153054,আফাতত ভালোয় চলতিছে দেখা যাক কি হয়।,আফাতত ভালোয় চলতিছে দেখা যাক হয়,Positive,Product Quality,,product_quality_positive,product_quality_positive
54562662753054,খুব ভালো প্রডাক্ট সবাই নিতে পারেন,খুব ভালো প্রডাক্ট সবাই নিতে পারেন,Positive,Product Quality,,product_quality_positive,product_quality_positive
54375435453054,দাম অনুযায়ী প্রোডাক্ট অনেক ভালো,দাম অনুযায়ী প্রোডাক্ট ভালো,Positive,Price;Product Quality,,price_positive;product_quality_positive,price_positive#product_quality_positive
54772038453054,"প্রোডাক্ট 
অনেক ভালো ছিল ধন্যবাদ",প্রোডাক্ট ভালো ধন্যবাদ,Positive,Product Quality,,product_quality_positive,product_quality_positive
54678024853054,কম দামে একটি ভালো প্রডাক্ট,দামে ভালো প্রডাক্ট,Positive,Product Quality,,product_quality_positive,product_quality_positive
54907206053054,বাজে জিনিস দিছে।চার্জ হয় না,বাজে জিনিস দিছে চার্জ হয়,Negative,Product Quality,Product Quality,product_quality_negative,product_quality_negative
53947692953054,একদম বাজে! কেও নিবেন না আমি কিনে রাম ধরা খাইলাম ১টা ভালো একটা নষ্ট এদেরকে বের করে দেওয়া উচিত এপ থেকে,একদম বাজে কেও নিবেন আমি কিনে রাম ধরা খাইলাম ১টা ভালো একটা নষ্ট এদেরকে বের দেওয়া উচিত এপ,Negative,Product Quality,Product Quality,product_quality_negative,product_quality_negative
54838882353054,মোটামুটি ভালো কিন্তু গেমিং এর জন্য না। গেইম খেলতে গেলে শব্দ টা একটু পড়ে আসে।চার্জ মোটামুটি ভালোই থাকে👍চাইলে নিতে পারেন,মোটামুটি ভালো গেমিং এর গেইম খেলতে শব্দ টা পড়ে আসে চার্জ মোটামুটি ভালোই চাইলে নিতে পারেন,Neutral,Product Quality,,product_quality_neutral,product_quality_neutral
54022607953054,"একদম বাজে পণ্য! সময়, টাকা দুইই নষ্ট!

এই এয়ারপোডসটা একদমই ব্যবহার করার মতো না।
চার্জ নেয় না, কয়েক মিনিট পরেই বন্ধ হয়ে গেলো।
এরচেয়ে খারাপ হলো কলে কথা বললেই কিছু শোনা যায় না, ভয়েস অনেক দূরে শূনা যায় মাঝেমধ্যে একদমই আসে না।
এরকম একটা ফালতু প্রডাক্ট বিক্রি করে দারাজ নিজের সুনাম নষ্ট করছে।
আমি ভেবেছিলাম ভালো কিছু পাব, কিন্তু একেবারে ঠকেছি।

কাউকে একদম রিকমেন্ড করবো না এই প্রডাক্ট।
যারা এটা বিক্রি করছে, তারা আগে নিজেরা একবার ব্যবহার করে দেখুক।
দয়া করে এমন নষ্ট মাল বিক্রি বন্ধ করুন।",একদম বাজে পণ্য সময় টাকা দুইই নষ্ট এয়ারপোডসটা একদমই ব্যবহার করার চার্জ নেয় কয়েক মিনিট পরেই বন্ধ হয়ে গেলো এরচেয়ে খারাপ হলো কলে কথা বললেই শোনা যায় ভয়েস দূরে শূনা যায় মাঝেমধ্যে একদমই আসে এরকম একটা ফালতু প্রডাক্ট বিক্রি দারাজ নিজের সুনাম নষ্ট করছে আমি ভেবেছিলাম ভালো পাব একেবারে ঠকেছি কাউকে একদম রিকমেন্ড করবো প্রডাক্ট যারা এটা বিক্রি করছে আগে নিজেরা একবার ব্যবহার দেখুক দয়া নষ্ট মাল বিক্রি বন্ধ করুন,Negative,Product Quality,Product Quality,product_quality_negative,product_quality_negative
54742807396758,প্রায় পাঁচ থেকে ছয় ঘন্টা ইউজ করার পর রিভিউ দিচ্ছি। বাজেট অনুযায়ী প্রোডাক্টটি ঠিকঠাক হয়ে আছে সাউন্ড কোয়ালিটি পারফেক্ট আশা করি সবার কাছের সাউন্ড কোয়ালিটি অনেক ভালো লাগবে তবে অ্যাক্টিভ নয়েস ক্যান্সলেশন টা যদি থাকতো তো অনেক ভালো হতো এছাড়া এটা বাদে এই বাজেটে আমার কাছে প্রোডাক্টটি ভালই মনে হয়েছে 🙂😌,প্রায় পাঁচ ছয় ঘন্টা ইউজ করার রিভিউ দিচ্ছি বাজেট অনুযায়ী প্রোডাক্টটি ঠিকঠাক হয়ে সাউন্ড কোয়ালিটি পারফেক্ট আশা করি সবার কাছের সাউন্ড কোয়ালিটি ভালো লাগবে অ্যাক্টিভ নয়েস ক্যান্সলেশন টা যদি থাকতো তো ভালো হতো এছাড়া এটা বাজেটে কাছে প্রোডাক্টটি ভালই মনে হয়েছে,Positive,Price;Product Quality,,price_positive;product_quality_positive,price_positive#product_quality_positive
54342805296758,প্রডাক্ট অনেক সুন্দর নিতে পারেন সাউন্ড কোয়ালিটিও অনেক হাই।  ব্যবহার করার পরেই রিভিউ দিচ্ছি চার্জ কোয়ালিটি অনেক লংটার্ম চলে।  মিনিমাম ৪-৫ ঘন্টার বেশি।  সেলার অনেক ভাল দ্রুত রেসপ্নস করে সাথে সকল কিছুই সমস্যায় সহায়তাও করে।,প্রডাক্ট সুন্দর নিতে পারেন সাউন্ড কোয়ালিটিও হাই ব্যবহার করার পরেই রিভিউ দিচ্ছি চার্জ কোয়ালিটি লংটার্ম চলে মিনিমাম ৪ ৫ ঘন্টার সেলার ভাল দ্রুত রেসপ্নস কিছুই সমস্যায় সহায়তাও,Positive,Product Quality;Seller Service,,seller_service_positive;product_quality_positive,seller_service_positive#product_quality_positive
54244004396758,"পণ্যটি তেমন ভালো না,  ডেলিভারি ম্যান এর আচরণে আমি সন্তুষ্ট নয়। আমি অর্ডারের সাথে টাকা পেইড করেছি কিন্তু পন্যটি আমার কাছে আসার আগে ফোন করে আমার কাছে ওটিপি চাওয়া হয়েছিল, ডেলিভারি ম্যান বলছে আগামীকাল পার্সেল আমাকে দিবে তাকে এখনই ওটিপি দিয়ে দেওয়ার জন্য কিন্তু আমি দেইনি সেজন্য আমার সাথে অগ্র মেজাজ ভাব দেখিয়েছে।পার্সেলটির পলিথিন আগে থেকে খোলা ছিল কিন্তু সুন্দরভাবে কাটা মনে হচ্ছিল কেউ  ব্যবহার করেছে।",পণ্যটি ভালো ডেলিভারি ম্যান এর আচরণে আমি সন্তুষ্ট নয় আমি অর্ডারের টাকা পেইড করেছি পন্যটি কাছে আসার আগে ফোন কাছে ওটিপি চাওয়া হয়েছিল ডেলিভারি ম্যান বলছে আগামীকাল পার্সেল দিবে ওটিপি দিয়ে দেওয়ার আমি দেইনি সেজন্য অগ্র মেজাজ ভাব দেখিয়েছে পার্সেলটির পলিথিন আগে খোলা সুন্দরভাবে কাটা মনে হচ্ছিল কেউ ব্যবহার করেছে,Negative,Delivery;Product Quality,Delivery;Product Quality,delivery_negative;product_quality_negative,delivery_negative#product_quality_negative
53877728796758,"আলহামদুলিল্লাহ সব কিছু ঠিক ছিলো, কিন্তু বক্স টা আগে থেকেই খোলা ছিলো 😅 কিন্তু এই বাজেটের মধ্যে ভালো নিতে পারেন 🥰 ধন্যবাদ 🥀",আলহামদুলিল্লাহ ঠিক ছিলো বক্স টা আগে থেকেই খোলা ছিলো বাজেটের মধ্যে ভালো নিতে পারেন ধন্যবাদ,Positive,Price;Product Quality,,price_positive;product_quality_positive,price_positive#product_quality_positive
54944631396758,"আলহামদুলিল্লাহ,  সময়মতএবং দাম হিসাবে যথেষ্ট ভালো প্রোডাক্ট দিসে,,ডেলিভারি ম্যান,সেলার এবং দারাজ সার্ভিস খারাপ দেয়নি,, 
ধন্যবাদ,, 🥰",আলহামদুলিল্লাহ সময়মতএবং দাম হিসাবে যথেষ্ট ভালো প্রোডাক্ট দিসে ডেলিভারি ম্যান সেলার দারাজ সার্ভিস খারাপ দেয়নি ধন্যবাদ,Positive,Delivery;Price;Product Quality;Seller Service,,seller_service_positive;delivery_positive;price_positive;product_quality_positive,seller_service_positive#delivery_positive#price_positive#product_quality_positive
54258165696758,প্যাকেট খোলা দেখে আমি তো প্রথমে ভেবেছিলাম যে ইউজ প্রোডাক্ট দিছে .কিন্তু না এখন দেখি সেলার ভাই অনেক ভালো প্যাকেট ইনটেক কেটে তিনি সবকিছু চেক করে দিছে। এয়ারপোর্টটা অনেক ভালো সুন্দর সাউন্ড কোয়ালিটি ।আমাকে তো এর রেটিং 10/9 চার্জ অনেকক্ষণ থাকে বিল কোয়ালিটি অসাম। এখানে লেখা আছে এসেম্বল বাই ক্যালিফোর্নিয়া মেডিন দুবাই সেকেন্ড জেনারেশন।,প্যাকেট খোলা দেখে আমি তো প্রথমে ভেবেছিলাম যে ইউজ প্রোডাক্ট দিছে দেখি সেলার ভাই ভালো প্যাকেট ইনটেক কেটে সবকিছু চেক দিছে এয়ারপোর্টটা ভালো সুন্দর সাউন্ড কোয়ালিটি তো এর রেটিং 10 9 চার্জ অনেকক্ষণ বিল কোয়ালিটি অসাম লেখা এসেম্বল বাই ক্যালিফোর্নিয়া মেডিন দুবাই সেকেন্ড জেনারেশন,Positive,Product Quality,,product_quality_positive,product_quality_positive
54811972296758,অপূর্ব সুন্দর হেড ফোনটি এক কথায় অসাধারণ । আমার অনেক ভালো লেগেছে বন্ধুরা আপনারাও চাইলে নিতে পারেন। এই হেড ফোনটি সাউন্ড চার্জ।  18 2025 আমাকে সকাল বেলা  ডেলিভারি দিয়েছে।হেট ফোন পার্সেল দিয়ে গেছে সবকিছুই নতুন  ঠিক আছে আমার এত ভালো লেগেছে আমি আরো একটা কিনবো হেডফোনটি এতই ভালো । আমি সকাল থেকেই হেডফোন কানে নিয়ে মিউজিক শুনি ।এখন রাত দশটা এখনো একটি হেডফোনের চার্জ শেষ হয়নি তাই বলতেছি বন্ধুরা। তোমরাও কিনতে পারো ভালো হবে আশা করি আপনারা ঠকবেন না আমি কিনেছি যারা আমার এই হেডফোন ডেলিভারি পার্সেল সব কিছুই ক্লিয়ার ভাবে আমার কাছে পৌঁছে দিয়েছে ।তাদেরকে জানাই অসংখ্য ধন্যবাদ,অপূর্ব সুন্দর হেড ফোনটি এক কথায় অসাধারণ ভালো লেগেছে বন্ধুরা আপনারাও চাইলে নিতে পারেন হেড ফোনটি সাউন্ড চার্জ 18 2025 সকাল বেলা ডেলিভারি দিয়েছে হেট ফোন পার্সেল দিয়ে সবকিছুই নতুন ঠিক এত ভালো লেগেছে আমি আরো একটা কিনবো হেডফোনটি এতই ভালো আমি সকাল থেকেই হেডফোন কানে নিয়ে মিউজিক শুনি রাত দশটা এখনো হেডফোনের চার্জ শেষ হয়নি তাই বলতেছি বন্ধুরা তোমরাও কিনতে পারো ভালো আশা করি আপনারা ঠকবেন আমি কিনেছি যারা হেডফোন ডেলিভারি পার্সেল কিছুই ক্লিয়ার ভাবে কাছে পৌঁছে দিয়েছে তাদেরকে জানাই অসংখ্য ধন্যবাদ,Positive,Product Quality,,product_quality_positive,product_quality_positive
54837853296758,চোখ বন্ধ কইরা নেন অনেক অনেক ভালো কোয়ালিটি আমি আশা করি নাই এতো কমে এমন ভালো একটা প্রোডাক্ট পেয়ে যাবো ❤️,চোখ বন্ধ কইরা নেন ভালো কোয়ালিটি আমি আশা করি নাই এতো কমে ভালো একটা প্রোডাক্ট পেয়ে যাবো,Positive,Price;Product Quality,,price_positive;product_quality_positive,price_positive#product_quality_positive
54277504996758,"এক কথাই বলতে গেলে এতো কম টাকা অনুযায়ী অনেক ভালো পোডাক্ট। 🫶 সাউন্ড অনেক ভালো। চার্জিং বেকাপ কেমন তা বলতে পারতেসি না, আগে কয়দিন ব্যবহার করি পরে জানাবো।
কিন্তু এক কথাই অস্তির একটা জিনিস। আপনারা সবাই নিতে পারেন 😊🫶",এক কথাই বলতে এতো টাকা অনুযায়ী ভালো পোডাক্ট সাউন্ড ভালো চার্জিং বেকাপ কেমন বলতে পারতেসি আগে কয়দিন ব্যবহার করি জানাবো এক কথাই অস্তির একটা জিনিস আপনারা সবাই নিতে পারেন,Positive,Price;Product Quality,,price_positive;product_quality_positive,price_positive#product_quality_positive
54305242396758,"১০/১০ অনেকে সুন্দর সাউন্ড গান শুনে মজা আছে,  
সব কিছু  মিলিয়ে  অনেক ভালো , ওজন আছে, বিপ সাউন্ড হয় ওপেন করলে,  ✅🎵💯",১০ ১০ অনেকে সুন্দর সাউন্ড গান শুনে মজা মিলিয়ে ভালো ওজন বিপ সাউন্ড হয় ওপেন করলে,Positive,Product Quality,,product_quality_positive,product_quality_positive
54001029196758,গতকালকে অর্ডার করছিলাম আলহামদুলিল্লাহ আজ দুপুর 1 টায় হাতে পেয়েছি। যেমন চাইছিলাম ঠিক তেমনই পাইছি। সাউন্ড সিস্টেম অনেক ভালো। ধন্যবাদ যে ভাই ডেলিভারি দিয়েছেন অনেক যত্ন সহকারে। ধন্যবাদ দারাজ 🥰🥰🥰,গতকালকে অর্ডার করছিলাম আলহামদুলিল্লাহ আজ দুপুর 1 টায় হাতে পেয়েছি চাইছিলাম ঠিক তেমনই পাইছি সাউন্ড সিস্টেম ভালো ধন্যবাদ যে ভাই ডেলিভারি দিয়েছেন যত্ন সহকারে ধন্যবাদ দারাজ,Positive,Delivery;Product Quality,,delivery_positive;product_quality_positive,delivery_positive#product_quality_positive
55046278696758,"আলহামদুলিল্লাহ, যেমন চেয়েছি তেমনি পেয়েছি,,,,আর অনেকে ভয় পায় যে যদি খারাপ পণ্য দিয়ে দেয় সেটা ভুল ধারণা,,,, ওরা প্রতিটি পণ্য চেক করে দেয়,,,সব থেকে ভালো যে দিকটা আমি ১ দিনে ডেলিভারি পেয়েছি,,,আপনারা চাইলে নিতে পারেন,,, অনেক ভালো এটা,,,, আর সাউন্ড কোয়ালিটি অসাধারণ,,,",আলহামদুলিল্লাহ চেয়েছি তেমনি পেয়েছি অনেকে ভয় পায় যে যদি খারাপ পণ্য দিয়ে দেয় সেটা ভুল ধারণা ওরা প্রতিটি পণ্য চেক দেয় ভালো যে দিকটা আমি ১ দিনে ডেলিভারি পেয়েছি আপনারা চাইলে নিতে পারেন ভালো এটা সাউন্ড কোয়ালিটি অসাধারণ,Positive,Delivery;Product Quality,,delivery_positive;product_quality_positive,delivery_positive#product_quality_positive
54504013196758,"বাজেটের মধ্যে প্রিমিয়াম ফিল! সত্যিই সন্তুষ্ট!

আমি এই প্রোডাক্টটি হাতে পেয়েছি সময়মতো, এবং ব্যবহার করে সত্যিই খুবই সন্তুষ্ট। নিচে আমার অভিজ্ঞতা শেয়ার করছি:

✅ ডিজাইন ও কোয়ালিটি:
ম্যাট ব্ল্যাক ফিনিশ দেখতে একেবারে প্রিমিয়াম। হাতে নেয়ার পরেই বুঝা যায় এটা সস্তা কোয়ালিটির না। কেসের সাথে স্টাইলিশ হ্যান্ড-স্ট্র্যাপও ছিল।",বাজেটের মধ্যে প্রিমিয়াম ফিল সত্যিই সন্তুষ্ট আমি প্রোডাক্টটি হাতে পেয়েছি সময়মতো ব্যবহার সত্যিই খুবই সন্তুষ্ট নিচে অভিজ্ঞতা শেয়ার করছি ডিজাইন ও কোয়ালিটি ম্যাট ব্ল্যাক ফিনিশ দেখতে একেবারে প্রিমিয়াম হাতে নেয়ার পরেই বুঝা যায় এটা সস্তা কোয়ালিটির কেসের স্টাইলিশ হ্যান্ড স্ট্র্যাপও,Positive,Delivery;Price;Product Quality,,delivery_positive;price_positive;product_quality_positive,delivery_positive#price_positive#product_quality_positive
53879456796758,অসাধারণ একটি জিনিস পেয়েছি আপনারা নিশ্চিন্তে নিতে পারেন আমি সাত দিন ইউজ করার পর রিভিউ দিলাম। আলহামদুলিল্লাহ অনেক ভালো একটা প্রোডাক্ট। 😻🎀❤️ ধন্যবাদ সেলার ভাইকে ❤️❤️,অসাধারণ জিনিস পেয়েছি আপনারা নিশ্চিন্তে নিতে পারেন আমি সাত দিন ইউজ করার রিভিউ দিলাম আলহামদুলিল্লাহ ভালো একটা প্রোডাক্ট ধন্যবাদ সেলার ভাইকে,Positive,Product Quality,,product_quality_positive,product_quality_positive
54246882796758,সাউন্ড কোয়ালিটি ভাল না।একই এয়ারপড আমি এর আগে একটা ব্যবহার করেছিলাম ২ বছর ঐটা অনেক ভাল ও সাউন্ড কোয়ালিটি খুবই ভাল ছিল। মনে করেছিলাম আগেটা ভাল পেয়েছিলাম কিন্তু এবারেরটা বাজে পড়েছে।,সাউন্ড কোয়ালিটি ভাল একই এয়ারপড আমি এর আগে একটা ব্যবহার করেছিলাম ২ বছর ঐটা ভাল ও সাউন্ড কোয়ালিটি খুবই ভাল মনে করেছিলাম আগেটা ভাল পেয়েছিলাম এবারেরটা বাজে পড়েছে,Negative,Product Quality,Product Quality,product_quality_negative,product_quality_negative
54645680596758,"যেমনটা অর্ডার করেছি ঠিক তেমনটাই পেয়েছি আলহামদুলিল্লাহ্, সেলার ভাই অনেক ধন্যবাদ প্রোডাক্টটি চেক করে দেয়ার জন্য।",যেমনটা অর্ডার করেছি ঠিক তেমনটাই পেয়েছি আলহামদুলিল্লাহ্ সেলার ভাই ধন্যবাদ প্রোডাক্টটি চেক দেয়ার,Positive,Product Quality,,product_quality_positive,product_quality_positive
53885544596758,"আলহামদুলিল্লাহ যেমন চেয়েছি তেমনি পেয়েছি,,,অরজিনাল দুবাই ভার্সন পেয়েছি, এত কম টাকায় এত  ভালো প্রোডাক্ট পাব ভাবতে পারি নাই,,আপনারা সবাই নিতে পারেন প্রোডাক্ট  দাম অনুযায়ী অনেক ভালো। ইনটেক বক্স ছিল দুবাই ভার্সন সবই ঠিক আছে, সাউন্ড কোয়ালিটি অনেক ভালো, আমি দুই দিনের মধ্যে ডেলিভারি পেয়েছি ধন্যবাদ দারাজ ও সেলারকে",আলহামদুলিল্লাহ চেয়েছি তেমনি পেয়েছি অরজিনাল দুবাই ভার্সন পেয়েছি এত টাকায় এত ভালো প্রোডাক্ট পাব ভাবতে পারি নাই আপনারা সবাই নিতে পারেন প্রোডাক্ট দাম অনুযায়ী ভালো ইনটেক বক্স দুবাই ভার্সন সবই ঠিক সাউন্ড কোয়ালিটি ভালো আমি দুই দিনের মধ্যে ডেলিভারি পেয়েছি ধন্যবাদ দারাজ ও সেলারকে,Positive,Delivery;Price;Product Quality,,delivery_positive;price_positive;product_quality_positive,delivery_positive#price_positive#product_quality_positive
54260211796758,"ভাইয়ার ব্যাবহার ও অনেক ভালো 😍
প্রোডাক্ট কোয়ালিটি ও অনেক সুন্দর 👌
চাইলেই আপনারা নিতে পারেন । 
কোনো রকমের সমস্যা নাই ❤️
সব কিছুই ঠিক ছিলো 🥰🥰🥰",ভাইয়ার ব্যাবহার ও ভালো প্রোডাক্ট কোয়ালিটি ও সুন্দর চাইলেই আপনারা নিতে পারেন রকমের সমস্যা নাই কিছুই ঠিক ছিলো,Positive,Product Quality;Seller Service,,seller_service_positive;product_quality_positive,seller_service_positive#product_quality_positive
54062572196758,পুরাই মাখোন 100 তে 1000 🥰🥰। চাইলে নিতে পারেন চোখ বন্দ  কোরে। 🥰 আমি জেমন টা চেয়েছি তার চেও অনেক গুনে  ভালো।   একে বারে পিমিয়াম  । এক কথায় অসাধারন। 🥰🥰🥰🥰🥰🥰🥰😘😘😘😘😘,পুরাই মাখোন 100 তে 10 চাইলে নিতে পারেন চোখ বন্দ কোরে আমি জেমন টা চেয়েছি চেও গুনে ভালো একে বারে পিমিয়াম এক কথায় অসাধারন,Positive,Product Quality,,product_quality_positive,product_quality_positive
54541895896758,মাত্র ২ দিনেই হাতে পেলাম।এর বিল্ড কোয়ালিটি এবং আউটলোকস অনেক ভালো।এই দামে এর থেকে ভালো কিছু আশা করা যায় না।সেলার অনেক আন্তরিক। নিলে আশা করি কেউ ঠকবেন না।,২ দিনেই হাতে পেলাম এর বিল্ড কোয়ালিটি আউটলোকস ভালো দামে এর ভালো আশা যায় সেলার আন্তরিক নিলে আশা করি কেউ ঠকবেন,Positive,Delivery;Price;Product Quality;Seller Service,,seller_service_positive;delivery_positive;price_positive;product_quality_positive,seller_service_positive#delivery_positive#price_positive#product_quality_positive
54789105096758,"প্রোডাক্ট ভালো, তবে পেকেট খুলা ছিলো যেটা আমার কাছে ভালো লাগে নাই, তাছাড়া বাডস এ ময়লা + মাইক্রো স্ক্রেচ ছিলো, আশা করি এসব বিষয় খেয়াল রাখবেন, এমনিতে প্রোডাক্ট ভালো হওয়ায় অন্যদের রিকমেন্ড করা যায়",প্রোডাক্ট ভালো পেকেট খুলা ছিলো যেটা কাছে ভালো লাগে নাই তাছাড়া বাডস এ ময়লা মাইক্রো স্ক্রেচ ছিলো আশা করি এসব বিষয় খেয়াল রাখবেন এমনিতে প্রোডাক্ট ভালো হওয়ায় অন্যদের রিকমেন্ড যায়,Positive,Product Quality,,product_quality_positive,product_quality_positive
54175264596758,"এক কথায় অসাধারণ 💖
আমি ৬ দিন ব্যবহারের পর আমার অভিজ্ঞতা বলছি এটা আসলেই সেরা । সাউন্ড কোয়ালিটি যথেষ্ট ভালো ।
১০ এর মধ্যে ৭ দেওয়াই যায় ২ বার একটু সমস্যা দেখেছিলাম বাম বার্ডস টা একটু ডিসকানেক্ট হয়ে যায় তবে এখন ঠিক আছে।",এক কথায় অসাধারণ আমি ৬ দিন ব্যবহারের অভিজ্ঞতা বলছি এটা আসলেই সেরা সাউন্ড কোয়ালিটি যথেষ্ট ভালো ১০ এর মধ্যে ৭ দেওয়াই যায় ২ সমস্যা দেখেছিলাম বাম বার্ডস টা ডিসকানেক্ট হয়ে যায় ঠিক,Positive,Product Quality,,product_quality_positive,product_quality_positive
54548138396758,ছেলার কে  ধন্যবাদ প্রোডাক্টটি অনেক ভালো আপনারা চাইলে নিতে পারেন  এবং ডেলিভারি মেনের ব্যবহার অনেক ভালো  ছিল আছকে পেলাম ৭দিন পর আবার রিভিউ দেমু,ছেলার ধন্যবাদ প্রোডাক্টটি ভালো আপনারা চাইলে নিতে পারেন ডেলিভারি মেনের ব্যবহার ভালো আছকে পেলাম ৭দিন রিভিউ দেমু,Positive,Delivery;Product Quality,,delivery_positive;product_quality_positive,delivery_positive#product_quality_positive
54585533196758,খুব সুন্দর জিনিস সাধারণ দোকানে গেলে হাজারের নিচে পাবেন না অসাধারণ একটা জিনিস আপনারা চাইলে নিতে পারে ডেলিভারি ম্যান ভাইয়া টা অনেক ভালো ছিলো কারণ এই জিনিসটা অর্ডার দেওয়ার একদিন পরে হাতে পেয়েছি জিনিসটা অনেক ভালো সাউন্ড কোয়ালিটি ও অনেক ভালো ভাইয়াকে অনেক অনেক ধন্যবাদ এত সুন্দর একটা জিনিস আমার হাতে পৌঁছে দেওয়া যেন ডেলিভারি ম্যান ভাইয়াকে অনেক ধন্যবাদ সময়ের আগেই ওয়াডার দেওয়া জিনিসটি আমার হাতে পৌঁছে দেওয়া যায় ধন্যবাদ সবাইকে,খুব সুন্দর জিনিস সাধারণ দোকানে হাজারের নিচে পাবেন অসাধারণ একটা জিনিস আপনারা চাইলে নিতে পারে ডেলিভারি ম্যান ভাইয়া টা ভালো ছিলো জিনিসটা অর্ডার দেওয়ার একদিন হাতে পেয়েছি জিনিসটা ভালো সাউন্ড কোয়ালিটি ও ভালো ভাইয়াকে ধন্যবাদ এত সুন্দর একটা জিনিস হাতে পৌঁছে দেওয়া যেন ডেলিভারি ম্যান ভাইয়াকে ধন্যবাদ সময়ের আগেই ওয়াডার দেওয়া জিনিসটি হাতে পৌঁছে দেওয়া যায় ধন্যবাদ সবাইকে,Positive,Delivery;Product Quality,,delivery_positive;product_quality_positive,delivery_positive#product_quality_positive
54372001696758,আলহামদুলিল্লাহ আজকে প্রোডাক্টটা পাইছি প্রোডাক্টের কোয়ালিটি আলহামদুলিল্লাহ ভালই এনএফসি টা মনে হয় অটো দেওয়া অটো নয়েজ ক্যানসেলিং যেটা সেটা মনে হয় অটো সেট করা যার কারণে মানে বাইরের সাউন্ডটা খুব কম শোনা যায় তা বাদে একদম সবদিক থেকে পারফেক্ট।,আলহামদুলিল্লাহ আজকে প্রোডাক্টটা পাইছি প্রোডাক্টের কোয়ালিটি আলহামদুলিল্লাহ ভালই এনএফসি টা মনে হয় অটো দেওয়া অটো নয়েজ ক্যানসেলিং যেটা সেটা মনে হয় অটো সেট যার কারণে মানে বাইরের সাউন্ডটা খুব শোনা যায় একদম সবদিক পারফেক্ট,Positive,Product Quality,,product_quality_positive,product_quality_positive
54195887496758,প্রডাক্টটা জাস্ট ওয়াও। কোয়ালিটি ও কানেক্টিভিটি  খুবই ভালো। এক কথায় অসাধারণ একটা প্রডাক্ট। চার্জ ও প্রায় ৪-৫ ঘ্ণটা মতো থাকে।সেলার ও খুবই আন্তরিক ছিলেন। আমার কাছে প্রডাক্ট টা খুবই ভালো লেগেছে। সেলারকে ধন্যবাদ।,প্রডাক্টটা জাস্ট ওয়াও কোয়ালিটি ও কানেক্টিভিটি খুবই ভালো এক কথায় অসাধারণ একটা প্রডাক্ট চার্জ ও প্রায় ৪ ৫ ঘ্ণটা সেলার ও খুবই আন্তরিক ছিলেন কাছে প্রডাক্ট টা খুবই ভালো লেগেছে সেলারকে ধন্যবাদ,Positive,Product Quality;Seller Service,,seller_service_positive;product_quality_positive,seller_service_positive#product_quality_positive
54464104196758,"এই মূল্যে সাউন্ড কোয়ালিটি কথা যদি বলেন তাহলে আমি ১০ এ ৮
ফুল সাউন্ড দিলে ও ক্লিয়ার সাউন্ড কোনো নয়েজ নাই বেজ এ পারফেক্ট কারণ একদম বেশি ও না কোন ও না মধ্যম সবার জন্য উপযোগী, সাউন্ড ফুল দিলে কানে ও লাগে না অন্য অন্য ইয়ারফোন এ যেমন কানে লাগে না,এই মূল্যে এ সব দিক বিবেচনা করে বুঝা যায় এই মূল্যে অন্য অন্য হেডফোনের থেকে এটা ভালো। ডিজাইন ও কোয়ালিটি ১০/৯,দিবো প্যাকেজিং ১০ এ ১০।",মূল্যে সাউন্ড কোয়ালিটি কথা যদি তাহলে আমি ১০ এ ৮ ফুল সাউন্ড দিলে ও ক্লিয়ার সাউন্ড নয়েজ নাই বেজ এ পারফেক্ট একদম ও ও মধ্যম সবার উপযোগী সাউন্ড ফুল দিলে কানে ও লাগে ইয়ারফোন এ কানে লাগে মূল্যে এ দিক বিবেচনা বুঝা যায় মূল্যে হেডফোনের এটা ভালো ডিজাইন ও কোয়ালিটি ১০ ৯ দিবো প্যাকেজিং ১০ এ ১০,Positive,Packaging;Price;Product Quality,,packaging_positive;price_positive;product_quality_positive,packaging_positive#price_positive#product_quality_positive
53501191196758,"প্রোডাক্ট খুবই  ভালো ।আনেকখন চার্জ থাকে,সাউন্ড কোয়ালিটিও অনেক ভালো আর সেলারও খুবই আন্তরিক। চাইলে আপনারা নিতে পারেন।",প্রোডাক্ট খুবই ভালো আনেকখন চার্জ সাউন্ড কোয়ালিটিও ভালো সেলারও খুবই আন্তরিক চাইলে আপনারা নিতে পারেন,Positive,Product Quality;Seller Service,,seller_service_positive;product_quality_positive,seller_service_positive#product_quality_positive
54104312196758,দারাজ  পোটাক টা ভালো দিছে	সাউন্ড কোয়ালিটি  বেজ ভালো  কিন্তুু ওয়ারলেস চার্জার  টা  দেয় না শুটু কট দিয়েছে	  ধন্যবাদ  দারাজ কে বেজ কম আছে,দারাজ পোটাক টা ভালো দিছে সাউন্ড কোয়ালিটি বেজ ভালো কিন্তুু ওয়ারলেস চার্জার টা দেয় শুটু কট দিয়েছে ধন্যবাদ দারাজ বেজ,Positive,Product Quality,,product_quality_positive,product_quality_positive
53982281396758,"আলহামদুলিল্লাহ প্রডাক্ট যথেষ্ট ভালো মানের। সবাই নিতে পারেন।আশা করি কেউ হতাশ হবেন না। সেলার ভাই অনেক আন্তরিক, ধন্যবাদ ভাই, এই ভাবেই সবার পাশে থাকবেন।",আলহামদুলিল্লাহ প্রডাক্ট যথেষ্ট ভালো মানের সবাই নিতে পারেন আশা করি কেউ হতাশ সেলার ভাই আন্তরিক ধন্যবাদ ভাই ভাবেই সবার পাশে থাকবেন,Positive,Product Quality;Seller Service,,seller_service_positive;product_quality_positive,seller_service_positive#product_quality_positive
54837969696758,এটা একটা বাজে প্রোডাক্ট এই টাকা দিয়ে আরো ভালো পাওয়া যাবে এবং এটার মধ্যে মাঝে পটপট সাউন্ড করে এটা আমি রিটার্নও দিয়েছিলাম তারা নেয়নি আবার সেটাই পাঠিয়ে দিয়েছে সবাই সাবধান,এটা একটা বাজে প্রোডাক্ট টাকা দিয়ে আরো ভালো পাওয়া যাবে এটার মধ্যে মাঝে পটপট সাউন্ড এটা আমি রিটার্নও দিয়েছিলাম নেয়নি সেটাই পাঠিয়ে দিয়েছে সবাই সাবধান,Negative,Price;Product Quality,Price;Product Quality,price_negative;product_quality_negative,price_negative#product_quality_negative
54210255896758,"আলহামদুলিল্লাহ। প্রোডাক্টটি হাতে পেয়ে ব্যবহার করার পরে রিভিউ দিচ্ছি, আলহামদুলিল্লাহ সাউন্ড কোয়ালিটি ভালো। ব্যবহার করেও ভালো লাগতেছে। অন্যান্য ইয়ারফোন কানে লাগালে ব্যথা করে বাট এটা দীর্ঘক্ষণ ধরে ব্যবহার করার পরেও কানে ব্যথা লাগতেছে না ।মোটামুটি ভালই। এরকম দামের মধ্যে বেস্ট। আপনারাও চাইলে নিতে পারেন।",আলহামদুলিল্লাহ প্রোডাক্টটি হাতে পেয়ে ব্যবহার করার রিভিউ দিচ্ছি আলহামদুলিল্লাহ সাউন্ড কোয়ালিটি ভালো ব্যবহার করেও ভালো লাগতেছে অন্যান্য ইয়ারফোন কানে লাগালে ব্যথা বাট এটা দীর্ঘক্ষণ ধরে ব্যবহার করার পরেও কানে ব্যথা লাগতেছে মোটামুটি ভালই এরকম দামের মধ্যে বেস্ট আপনারাও চাইলে নিতে পারেন,Positive,Price;Product Quality,,price_positive;product_quality_positive,price_positive#product_quality_positive
54346486796758,"প্রথমত জিনিসটা দেখতে সুন্দর। বিল্ড কোয়ালিটি ভালো। ভোকালের ক্ল্যারিটি তে কিছু টা ঘাটতি আছে, তবে দাম বিবেচনায় যথেষ্ট ভালো সাউন্ড দেয়। দাম বিবেচনায় ভালো লেগেছে। সেলার ভাই খুব ই আন্তরিক, সঠিক তথ্য দিয়ে সহযোগিতা করেছেন। অনেক ধন্যবাদ সেলার ভাইকে।",প্রথমত জিনিসটা দেখতে সুন্দর বিল্ড কোয়ালিটি ভালো ভোকালের ক্ল্যারিটি তে টা ঘাটতি দাম বিবেচনায় যথেষ্ট ভালো সাউন্ড দেয় দাম বিবেচনায় ভালো লেগেছে সেলার ভাই খুব ই আন্তরিক সঠিক তথ্য দিয়ে সহযোগিতা করেছেন ধন্যবাদ সেলার ভাইকে,Positive,Price;Product Quality;Seller Service,,seller_service_positive;price_positive;product_quality_positive,seller_service_positive#price_positive#product_quality_positive
54227724796758,"যেমনটা আশা করেছিলাম তার থেকে অনেক ভালো পেয়েছি।
টাকার তুলনায় প্রোডাক্টটি অনেক ভালো। সাউন্ড অনেক ভালো। আপনারা চাইলে সবাই নিতে পারেন প্রোডাক্টটি ভালো আছে।",যেমনটা আশা করেছিলাম ভালো পেয়েছি টাকার তুলনায় প্রোডাক্টটি ভালো সাউন্ড ভালো আপনারা চাইলে সবাই নিতে পারেন প্রোডাক্টটি ভালো,Positive,Price;Product Quality,,price_positive;product_quality_positive,price_positive#product_quality_positive
53568200596758,আজকে দারাজ থেকে মালটা পেয়েছি অনেক সুন্দর একটা প্রডাক্ট।এর সাউন্ড কয়ালিটি অনেক সুন্দর।  আর ডিলেভারি ভাইকে অনেক ধন্যবাদ। তার ব্যাবহার আমার অনেক ভালো লেগেছে।,আজকে দারাজ মালটা পেয়েছি সুন্দর একটা প্রডাক্ট এর সাউন্ড কয়ালিটি সুন্দর ডিলেভারি ভাইকে ধন্যবাদ ব্যাবহার ভালো লেগেছে,Positive,Delivery;Product Quality,,delivery_positive;product_quality_positive,delivery_positive#product_quality_positive
53915456196758,ডেলিভারি ম্যান এর ব্যবহার ভালো ছিল কিন্তু প্রোডাক্ট এর পলিথিন কাটা ছিল আর ভিতর এ জিনিসগুলা পেয়েছি এখন দেখা যাক ব্যবহার করা যাক। আর যারা কিনেছেন তারা কি এমনি পেয়েছেন একটু জানাবেন প্লিজ,ডেলিভারি ম্যান এর ব্যবহার ভালো প্রোডাক্ট এর পলিথিন কাটা ভিতর এ জিনিসগুলা পেয়েছি দেখা যাক ব্যবহার যাক যারা কিনেছেন এমনি পেয়েছেন জানাবেন প্লিজ,Positive,Delivery,,delivery_positive,delivery_positive
54758967396758,প্রথমত ধন্যবাদ সেলার ভাইকে। 2 দিনের ভিতরে প্রোডাক্ট টি হাতে পেয়েছি।।।সাউন্ড কোয়ালিটি এই দামে ঠিক আছে।।।কোন সমস্যা নেই।।।।অর্ডার করার আগে সেলার ভাইয়ের সাথে কথা বলেছিলাম।। তিনি যেন খুলে চেক করে দেন।।।,প্রথমত ধন্যবাদ সেলার ভাইকে 2 দিনের ভিতরে প্রোডাক্ট টি হাতে পেয়েছি সাউন্ড কোয়ালিটি দামে ঠিক সমস্যা নেই অর্ডার করার আগে সেলার ভাইয়ের কথা বলেছিলাম যেন খুলে চেক দেন,Positive,Delivery;Price;Product Quality,,delivery_positive;price_positive;product_quality_positive,delivery_positive#price_positive#product_quality_positive
54427395696758,"খুব দ্রুত ডেলিভারি পেয়েছি,,, তবে বক্স টা খোলা ছিলো হয়তোবা সেলার চেক করার জন্য খুলেছিলো,,, যাই হোক এখন দেখার বিষয় হচ্ছে ব্যাটারি ব্যাকআপ কেমন হয়♥️♥️♥️",খুব দ্রুত ডেলিভারি পেয়েছি বক্স টা খোলা ছিলো হয়তোবা সেলার চেক করার খুলেছিলো যাই হোক দেখার বিষয় ব্যাটারি ব্যাকআপ কেমন হয়,Positive,Delivery,,delivery_positive,delivery_positive
54004652396758,প্রোডাক্ট টা দেখতে খুব সুন্দর।সাউন্ড কোয়ালিটি ও খুব ভালো।কেস ওপেন করলে পপ আপ সাউন্ড হয়।যা শুনতে খুব ভালোলাগে।তবে প্রোডাক্ট এ কিছু স্ক্র্যাচ আছে আর কেস এর ঢাকনা টা পারফেক্টলি লাগেনা।কিছু গ্যাপ থাকে। চার্জ ও অনেকক্ষণ থাকে।দেখা যাক কয় দিন টিকে।আরো কিছুদিন ব্যবহার করে আপনাদের আরেকটা রিভিউ দিব ইনশাল্লাহ।,প্রোডাক্ট টা দেখতে খুব সুন্দর সাউন্ড কোয়ালিটি ও খুব ভালো কেস ওপেন করলে পপ আপ সাউন্ড হয় শুনতে খুব ভালোলাগে প্রোডাক্ট এ স্ক্র্যাচ কেস এর ঢাকনা টা পারফেক্টলি লাগেনা গ্যাপ চার্জ ও অনেকক্ষণ দেখা যাক কয় দিন টিকে আরো কিছুদিন ব্যবহার আপনাদের আরেকটা রিভিউ দিব ইনশাল্লাহ,Positive,Product Quality,,product_quality_positive,product_quality_positive
54078256196758,"এই বাজেট এ খুব ভালো একটি প্রোডাক্ট , সাউন্ড কোয়ালিটি ও খুব ভালো, চার্জ ব্যাকআপ ৩-৪ ঘন্টা পাইছি, সবকিছু ঠিকঠাকই ছিলো, আশা করি অনেক দিন ব্যবহার করতে পারবো ❤️ এক কথায় অসাধারণ একটি প্রোডাক্ট ধন্যবাদ ভাই চেক করে দেওয়ার জন্য ❤️🌸",বাজেট এ খুব ভালো প্রোডাক্ট সাউন্ড কোয়ালিটি ও খুব ভালো চার্জ ব্যাকআপ ৩ ৪ ঘন্টা পাইছি সবকিছু ঠিকঠাকই ছিলো আশা করি দিন ব্যবহার করতে পারবো এক কথায় অসাধারণ প্রোডাক্ট ধন্যবাদ ভাই চেক দেওয়ার,Positive,Price;Product Quality,,price_positive;product_quality_positive,price_positive#product_quality_positive
54685630396758,"অসাধারণ জিনিস ভাই,, 
চার্জ ব্যাকাপ সাউন্ড কোয়ালিটি খুব ভালো,, 
মোবাইলে কথা বলা খুব স্পষ্ট এবং ক্লিয়ার, 
আমি মোবাইলে কথা বলার জন্যই নিয়েছি আমার চাওয়া পাওয়া সার্থক হয়েছে আশা করি এভাবেই ভালো পণ্য দিবেন সবাইকে রেটিং ১০/১০",অসাধারণ জিনিস ভাই চার্জ ব্যাকাপ সাউন্ড কোয়ালিটি খুব ভালো মোবাইলে কথা বলা খুব স্পষ্ট ক্লিয়ার আমি মোবাইলে কথা বলার জন্যই নিয়েছি চাওয়া পাওয়া সার্থক হয়েছে আশা করি এভাবেই ভালো পণ্য দিবেন সবাইকে রেটিং ১০ ১০,Positive,Product Quality,,product_quality_positive,product_quality_positive
54980033596758,যতটুক আশা করেছিলাম তার চেয়ে অনেক অনেক ভালো কোয়ালিটি এবং বেস্ট সাউন্ড কোয়ালিটি সবকিছু মিলিয়ে দুর্দান্ত একটি প্রোডাক্ট আমি পেলাম ধন্যবাদ দারাজ,যতটুক আশা করেছিলাম চেয়ে ভালো কোয়ালিটি বেস্ট সাউন্ড কোয়ালিটি সবকিছু মিলিয়ে দুর্দান্ত প্রোডাক্ট আমি পেলাম ধন্যবাদ দারাজ,Positive,Product Quality;Seller Service,,seller_service_positive;product_quality_positive,seller_service_positive#product_quality_positive
54716060696758,প্রোডাক্ট টা চাইলে  আনতে পারেন ব্লুটুথটা অনেকটাই ভালো এবং আরেকটা ভীষয় একটু মজাদার সেটা হল এটার সাথে যে কেবল দিবে সেটা দিয়ে মোবাইল থেকে চার্জ করতে পারবেন। আর যদি আপনি চার্জার দিয়ে চার্জ করতে চান তাহলে আলাদা একটা কেবল কিনে নিতে হবে। আর যদি আপনার বাড়িতে থাকে তাহলে তো ভালই।কিন্তু আর যাই হোক ভাই ব্লুটুথ টা আমার কাছে অনেকটাই ভালো লাগছে ❤️❤️🫶,প্রোডাক্ট টা চাইলে আনতে পারেন ব্লুটুথটা অনেকটাই ভালো আরেকটা ভীষয় মজাদার সেটা হল এটার যে কেবল দিবে সেটা দিয়ে মোবাইল চার্জ করতে পারবেন যদি আপনি চার্জার দিয়ে চার্জ করতে চান তাহলে আলাদা একটা কেবল কিনে নিতে যদি আপনার বাড়িতে তাহলে তো ভালই যাই হোক ভাই ব্লুটুথ টা কাছে অনেকটাই ভালো লাগছে,Positive,Product Quality,,product_quality_positive,product_quality_positive
54248201996758,"সেরা একটা এয়ার পডস এই বাজেটে। চার্জ ব্যাক আপ (মোর দ্যান এনাফ), সাউন্ড কোয়ালিটি টপ নচ (দাম হিসেবে)। 💯",সেরা একটা এয়ার পডস বাজেটে চার্জ ব্যাক আপ মোর দ্যান এনাফ সাউন্ড কোয়ালিটি টপ নচ দাম হিসেবে,Positive,Price;Product Quality,,price_positive;product_quality_positive,price_positive#product_quality_positive
55052609796758,আলহামদুলিল্লাহ প্রডাক্ট অনেক ভালো পাইছি সেলার ভাইয়া টা অনেক ভালো মেসেজ করছিলাম রিপ্লাই দিছে ধন্যবাদ। চাইলে আপনারও নিতে পারে জিনিস ভালো,আলহামদুলিল্লাহ প্রডাক্ট ভালো পাইছি সেলার ভাইয়া টা ভালো মেসেজ করছিলাম রিপ্লাই দিছে ধন্যবাদ চাইলে আপনারও নিতে পারে জিনিস ভালো,Positive,Product Quality;Seller Service,,seller_service_positive;product_quality_positive,seller_service_positive#product_quality_positive
54276298796758,"প্রোডাক্ট বেশ কোয়ালিটি ফুল আছে 
চাইলে সবাই নিতে পারেন 
ধন্যবাদ সেলারকে 
ব্যাটারি ব্যাকআপ বেশ ভালো",প্রোডাক্ট বেশ কোয়ালিটি ফুল চাইলে সবাই নিতে পারেন ধন্যবাদ সেলারকে ব্যাটারি ব্যাকআপ বেশ ভালো,Positive,Product Quality,,product_quality_positive,product_quality_positive
54445898996758,এই পড়েছি চয়েজের তালিকায় রাখতে পারেন আপনারা প্রোডাক্টটি আমি ব্যবহার করেছি সব মিলিয়ে ভালোই,পড়েছি চয়েজের তালিকায় রাখতে পারেন আপনারা প্রোডাক্টটি আমি ব্যবহার করেছি মিলিয়ে ভালোই,Positive,Product Quality,,product_quality_positive,product_quality_positive
55099665496758,আলহামদুলিল্লাহ মাল ভালই সবাই নিতে পারেন কোন ধরনের সমস্যা নেই চোখ বন্ধ করে নিতে পারেন 🥰❓❓,আলহামদুলিল্লাহ মাল ভালই সবাই নিতে পারেন ধরনের সমস্যা নেই চোখ বন্ধ নিতে পারেন,Positive,Product Quality,,product_quality_positive,product_quality_positive
54093960996758,"আলহামদুলিল্লাহ সবদিক থেকেই ভালছিল, সাউন্ড কোয়ালিটি ও মুটামুটি ঠিক আছে, দাম অনুযায়ী। 🥰❤️",আলহামদুলিল্লাহ সবদিক থেকেই ভালছিল সাউন্ড কোয়ালিটি ও মুটামুটি ঠিক দাম অনুযায়ী,Positive,Price;Product Quality,,price_neutral;product_quality_positive,price_neutral#product_quality_positive
54597843196758,"আলহামদুলিল্লাহ অনেক ভালো একটি প্রোডাক্ট।
সাউন্ড কোয়ালিটি ১০০/১০০
দেখতেও অনেক সুন্দর।",আলহামদুলিল্লাহ ভালো প্রোডাক্ট সাউন্ড কোয়ালিটি ১০০ ১০০ দেখতেও সুন্দর,Positive,Product Quality,,product_quality_positive,product_quality_positive
54623963096758,"ভাই কেও নিতে চাইলে নিতে পারেন খুব ভালো 
একবার চার্য করে আমি ৫ ঘন্টা ব্যাবহার করেছি",ভাই কেও নিতে চাইলে নিতে পারেন খুব ভালো একবার চার্য আমি ৫ ঘন্টা ব্যাবহার করেছি,Positive,Product Quality,,product_quality_positive,product_quality_positive
54815276296758,আমার কাছে প্রোডাক্ট টা সেই ভালো লাগছে। কপি হলেও ভালো আছে। আপনারা চাইলে নিতে পারেন।,কাছে প্রোডাক্ট টা সেই ভালো লাগছে কপি হলেও ভালো আপনারা চাইলে নিতে পারেন,Positive,Product Quality,,product_quality_positive,product_quality_positive
54904307496758,"একদম পারফেক্ট।

সেলার ভাইকে অনেক ধন্যবাদ।

কথা এবং কাজ দুটোই ঠিক রাখার জন্য। ❤️",একদম পারফেক্ট সেলার ভাইকে ধন্যবাদ কথা কাজ দুটোই ঠিক রাখার,Positive,Product Quality,,product_quality_positive,product_quality_positive
53881912196758,আলহামদুলিল্লাহ খুব ভালো আপনারা চাইলে নিতে পারেন ব্যবহার করার পর রিভিউ দিলাম ।,আলহামদুলিল্লাহ খুব ভালো আপনারা চাইলে নিতে পারেন ব্যবহার করার রিভিউ দিলাম,Positive,Product Quality,,product_quality_positive,product_quality_positive
54158732096758,"প্রডাক্ট কোয়ালিটি অনেক ভালো এই দামের মধ্যে সেরা 
সেলার ভাই ও খুব আন্তরিক।",প্রডাক্ট কোয়ালিটি ভালো দামের মধ্যে সেরা সেলার ভাই ও খুব আন্তরিক,Positive,Price;Product Quality;Seller Service,,seller_service_positive;price_positive;product_quality_positive,seller_service_positive#price_positive#product_quality_positive
55050624296758,"সেলার কে ধন্যবাদ। 
বুঝিয়ে  বলার জন্য। 

সবাই নিতে পারেন।
প্রডাক্টটা ভালো।",সেলার ধন্যবাদ বুঝিয়ে বলার সবাই নিতে পারেন প্রডাক্টটা ভালো,Positive,Product Quality,,product_quality_positive,product_quality_positive
54985015096758,মোটামুটি খারাপ না কিন্তু বক্স খোলা ছিলো এই কার কি সেই টা বুঝতে পারলাম না,মোটামুটি খারাপ বক্স খোলা ছিলো কার সেই টা বুঝতে পারলাম,Neutral,Product Quality,,product_quality_neutral,product_quality_neutral
54347283896758,বিল্ড কোয়ালিটি থেকে শুরু করে সাউন্ড কোয়ালিটি দাম হিসেবে যথেষ্ট ভালো ।,বিল্ড কোয়ালিটি শুরু সাউন্ড কোয়ালিটি দাম হিসেবে যথেষ্ট ভালো,Positive,Price;Product Quality,,price_positive;product_quality_positive,price_positive#product_quality_positive
53877418696758,অল্প দামে প্রোডাক্টটা অনেক ভালো ছিল যারা যারা নিচে চান তারা নিতে পারেন,অল্প দামে প্রোডাক্টটা ভালো যারা যারা নিচে চান নিতে পারেন,Positive,Price;Product Quality,,price_positive;product_quality_positive,price_positive#product_quality_positive
54485544696758,"ভালোই কাজ করে
কিন্তু গেম খেলার সময় সাউন্ড দুই থেকে তিন সেকেন্ড পরে আসে",ভালোই কাজ গেম খেলার সময় সাউন্ড দুই তিন সেকেন্ড আসে,Positive,Product Quality,,product_quality_positive,product_quality_positive
53988694996758,"এক কথায় এই বাজেটে অসাধারণ একটা এয়ারপডস 
আপনারা যে কেউ চাইলে নিতে পারেন",এক কথায় বাজেটে অসাধারণ একটা এয়ারপডস আপনারা যে কেউ চাইলে নিতে পারেন,Positive,Price;Product Quality,,price_positive;product_quality_positive,price_positive#product_quality_positive
54522668796758,এটা খুব ভালো সবাই নিতে পারেন ধন্যবাদ ছবি ছিলোনা রিভিউ দেওয়ার সময়,এটা খুব ভালো সবাই নিতে পারেন ধন্যবাদ ছবি ছিলোনা রিভিউ দেওয়ার সময়,Positive,Product Quality,,product_quality_positive,product_quality_positive
53655630596758,"দাম অনুযায়ী প্রোডাক্টটা ভালো ছিলো।  
সাউন্ড কোয়ালিটিও ভালো। 👍",দাম অনুযায়ী প্রোডাক্টটা ভালো ছিলো সাউন্ড কোয়ালিটিও ভালো,Positive,Price;Product Quality,,price_positive;product_quality_positive,price_positive#product_quality_positive
54788723796758,আলহামদুলিল্লাহ প্রোডাক্টটি  হাতে পেয়েছি । সাউন্ড কোয়ালিটিও ভালো।,আলহামদুলিল্লাহ প্রোডাক্টটি হাতে পেয়েছি সাউন্ড কোয়ালিটিও ভালো,Positive,Product Quality,,product_quality_positive,product_quality_positive
53666790496758,খুব ভালো তাড়াতাড়ি অর্ডার টা পেয়েছি সাউন্ড কোয়ালিটি খুব ভালো,খুব ভালো তাড়াতাড়ি অর্ডার টা পেয়েছি সাউন্ড কোয়ালিটি খুব ভালো,Positive,Delivery;Product Quality,,delivery_positive;product_quality_positive,delivery_positive#product_quality_positive
54840108596758,অনেকদিন ব্যবহার করার পর রিভিউ দিলাম। প্রডাক্ট কোয়ালিটি ভালো আছে।,অনেকদিন ব্যবহার করার রিভিউ দিলাম প্রডাক্ট কোয়ালিটি ভালো,Positive,Product Quality,,product_quality_positive,product_quality_positive
54210641596758,"আলহামদুলিল্লাহ  খুব ভালো প্রোডাক্ট সবাই নিতে পারেন
নিঃসন্দেহে",আলহামদুলিল্লাহ খুব ভালো প্রোডাক্ট সবাই নিতে পারেন নিঃসন্দেহে,Positive,Product Quality,,product_quality_positive,product_quality_positive
54259204696758,"ওপেন বক্স ছিলো, প্রডাক্ট ভালো ছিলো। সাউন্ড কোয়ালিটি অনেক ভালো।",ওপেন বক্স ছিলো প্রডাক্ট ভালো ছিলো সাউন্ড কোয়ালিটি ভালো,Positive,Product Quality,,product_quality_positive,product_quality_positive
54513153396758,"দামের মধ্যে প্রোডাক্টটি অনেক ভালো ,, আপনারা সকলে নিতে পারেন",দামের মধ্যে প্রোডাক্টটি ভালো আপনারা সকলে নিতে পারেন,Positive,Price;Product Quality,,price_positive;product_quality_positive,price_positive#product_quality_positive
54907705296758,আমি যে পণ্য টা চাইছিলাম তা ঠিক ঠাক পেয়ে অনেক খুশি হলাম...,আমি যে পণ্য টা চাইছিলাম ঠিক ঠাক পেয়ে খুশি হলাম,Positive,Product Quality,,product_quality_positive,product_quality_positive
53872351496758,আলহামদুলিল্লাহ প্রোডাক্ট টি খুবই ভালো আপনারা নিতে পারেন,আলহামদুলিল্লাহ প্রোডাক্ট টি খুবই ভালো আপনারা নিতে পারেন,Positive,Product Quality,,product_quality_positive,product_quality_positive
54112186596758,আলহামদুলিল্লাহ ভালো পেয়েছি।আপনারা চাইলে কিনতে পারেন।,আলহামদুলিল্লাহ ভালো পেয়েছি আপনারা চাইলে কিনতে পারেন,Positive,Product Quality,,product_quality_positive,product_quality_positive
54374692696758,জিনিস টা অনেক সুন্দর ছিলো সাউন্ড কলেটিই ভালো 🥰❤️‍🩹,জিনিস টা সুন্দর ছিলো সাউন্ড কলেটিই ভালো,Positive,Product Quality,,product_quality_positive,product_quality_positive
53922169996758,"আলহামদুলিল্লাহ, অনেক সুন্দর,সবাই অর্ডার করতে পারেন।",আলহামদুলিল্লাহ সুন্দর সবাই অর্ডার করতে পারেন,Positive,Product Quality,,product_quality_positive,product_quality_positive
54719719196758,বুলুতুত টা আজকে হাতে পাইলাম এই জিনিস টা অনেক ভালো,বুলুতুত টা আজকে হাতে পাইলাম জিনিস টা ভালো,Positive,Product Quality,,product_quality_positive,product_quality_positive
54368161596758,প্রোডাক্টের কোয়ালিটি অনুযায়ী দাম ঠিক আছে। ভালোই,প্রোডাক্টের কোয়ালিটি অনুযায়ী দাম ঠিক ভালোই,Positive,Price;Product Quality,,price_positive;product_quality_positive,price_positive#product_quality_positive
53941746596758,"দাম হিসেবে কোয়ালিটি ঠিক আছে,আপনারা নিতে পারেন,",দাম হিসেবে কোয়ালিটি ঠিক আপনারা নিতে পারেন,Positive,Price;Product Quality,,price_positive;product_quality_positive,price_positive#product_quality_positive
54190070696758,আজকে হাতে পেলাম সাউন্ড কোয়ালিটি অনেক ভালো,আজকে হাতে পেলাম সাউন্ড কোয়ালিটি ভালো,Positive,Product Quality,,product_quality_positive,product_quality_positive
54971909896758,ইনশাল্লাহ এই এয়ার পাঁচটা অনেক সুন্দর 😊😊,ইনশাল্লাহ এয়ার পাঁচটা সুন্দর,Positive,Product Quality,,product_quality_positive,product_quality_positive
53883239096758,কম দামের মাল হিসেবে প্রোডাক্টটা খারাপ না,দামের মাল হিসেবে প্রোডাক্টটা খারাপ,Positive,Price;Product Quality,,price_positive;product_quality_positive,price_positive#product_quality_positive
53864949096758,"ভালো মানের ছিলো, আপনারা চাইলে নিতে পারেন",ভালো মানের ছিলো আপনারা চাইলে নিতে পারেন,Positive,Product Quality,,product_quality_positive,product_quality_positive
54782834796758,যেমন দেখেছি তেমন পাইছি। ভালো একটা জিনিস।,দেখেছি পাইছি ভালো একটা জিনিস,Positive,Product Quality,,product_quality_positive,product_quality_positive
54984502796758,খুব ভালো এটা জিনিস সবাই নিতে পারেন ❤️‍🩹,খুব ভালো এটা জিনিস সবাই নিতে পারেন,Positive,Product Quality,,product_quality_positive,product_quality_positive
54791771896758,ভালো একটা প্রোডাক্ট সবাই নিতে পারেন৷,ভালো একটা প্রোডাক্ট সবাই নিতে পারেন৷,Positive,Product Quality,,product_quality_positive,product_quality_positive
54251152496758,৫০০ টাকা অনুযায়ী পন্যটি অনেক ভালো🥰❤️,৫০০ টাকা অনুযায়ী পন্যটি ভালো,Positive,Price;Product Quality,,price_positive;product_quality_positive,price_positive#product_quality_positive
53908786196758,দাম হিসেবে কোয়ালিটি মোটামুটি ঠিক আছে,দাম হিসেবে কোয়ালিটি মোটামুটি ঠিক,Neutral,Price;Product Quality,,price_neutral;product_quality_neutral,price_neutral#product_quality_neutral
54447650496758,"দাম অনুযায়ী ঠিক আছে, ভালোই ছিলো..! ✨",দাম অনুযায়ী ঠিক ভালোই ছিলো,Positive,Price;Product Quality,,price_positive;product_quality_positive,price_positive#product_quality_positive
53742806296758,এক কথায় অসাধারণ। ধন্যবাদ সেলার কে।,এক কথায় অসাধারণ ধন্যবাদ সেলার,Positive,Product Quality,,product_quality_positive,product_quality_positive
54345624796758,ভাইয়া কেউ নিবেন না চার্জ টিকেনা।,ভাইয়া কেউ নিবেন চার্জ টিকেনা,Negative,Product Quality,Product Quality,product_quality_negative,product_quality_negative
54195444496758,অনেক ভালো লেগেছে আমি তিনটি নিয়েছে,ভালো লেগেছে আমি তিনটি নিয়েছে,Positive,Product Quality,,product_quality_positive,product_quality_positive
54635840596758,জিনিসটা আসলে ভালো সবাই নিতে পারে,জিনিসটা আসলে ভালো সবাই নিতে পারে,Positive,Product Quality,,product_quality_positive,product_quality_positive
53981709796758,আলহামদুলিল্লাহ এই দাম বেস্ট অফার,আলহামদুলিল্লাহ দাম বেস্ট অফার,Positive,Price;Product Quality,,price_positive;product_quality_positive,price_positive#product_quality_positive
54379482896758,আমি কোয়ালিটি অনেক ভালো পাই ছি,আমি কোয়ালিটি ভালো পাই ছি,Positive,Product Quality,,product_quality_positive,product_quality_positive
53654688896758,ভালো একটা প্রোডাক্ট মনে হচ্ছে,ভালো একটা প্রোডাক্ট মনে,Positive,Product Quality,,product_quality_positive,product_quality_positive
54546555296758,যেমনটা চেয়েছি তেমনটাই পেয়েছি প্রোডাক্ট টা খুবই ভালো অনেক সুন্দর সাউন্ড চার্জও ভালো যায় আমার কাছে খুবই ভালো লেগেছে কেউ যদি নিতে চান তাহলে নিতে পারেন,যেমনটা চেয়েছি তেমনটাই পেয়েছি প্রোডাক্ট টা খুবই ভালো সুন্দর সাউন্ড চার্জও ভালো যায় কাছে খুবই ভালো লেগেছে কেউ যদি নিতে চান তাহলে নিতে পারেন,Positive,Product Quality,,product_quality_positive,product_quality_positive
55044473496758,"এয়ারপোর্ট খুবই ভালো, এয়ারপোর্টস টা খুবই লাইট ওয়েট ব্যাক আপ টাইম পাঁচ থেকে ছয় ঘন্টা দেয়, প্রোডাক্টটা আসলেই খুবই জোশ।",এয়ারপোর্ট খুবই ভালো এয়ারপোর্টস টা খুবই লাইট ওয়েট ব্যাক আপ টাইম পাঁচ ছয় ঘন্টা দেয় প্রোডাক্টটা আসলেই খুবই জোশ,Positive,Product Quality,,product_quality_positive,product_quality_positive
55043195696758,আলহামদুলিল্লাহ ১ দিন পর রিভিউ দিচ্ছি। সব কিছু ঠিক আছে ১০০% সন্তুষ্ট হলাম।তাছাড়া সেলারের রিসপন্স খুবই ভালো।এর পর যদি আবার কখনও এয়ারপড্স লাগে এটাই কিনবো।ছবি তুলতে পারি নাই তাই দিতে পারলাম না। কিছুদিন ব্যাবহার করার পরে ছবি তুলে আবার রিভিউ দিবো ✌️✌️❤️,আলহামদুলিল্লাহ ১ দিন রিভিউ দিচ্ছি ঠিক ১০০ সন্তুষ্ট হলাম তাছাড়া সেলারের রিসপন্স খুবই ভালো এর যদি এয়ারপড্স লাগে এটাই কিনবো ছবি তুলতে পারি নাই তাই দিতে পারলাম কিছুদিন ব্যাবহার করার ছবি তুলে রিভিউ দিবো,Positive,Product Quality;Seller Service,,seller_service_positive;product_quality_positive,seller_service_positive#product_quality_positive
54602234296758,আলহামদুলিল্লাহ খুব ভালো হয়েছে দাম অনুযায় এবং কি সেই লার এর ব্যবহার অনেক ভালো। চাইলে আপনার নিতে পারেন। 😲🙃🙃,আলহামদুলিল্লাহ খুব ভালো হয়েছে দাম অনুযায় সেই লার এর ব্যবহার ভালো চাইলে আপনার নিতে পারেন,Positive,Price;Product Quality;Seller Service,,seller_service_positive;price_positive;product_quality_positive,seller_service_positive#price_positive#product_quality_positive
53954201096758,ধন্যবাদ দারাজ সত্যিই অনেক সুন্দর প্রোডাক্ট পেয়েছি খুবই স্মার্ট এট্রাক্টিভ এন্ড অথেন্টিক আপনারা চাইলে নিতে পারেন,ধন্যবাদ দারাজ সত্যিই সুন্দর প্রোডাক্ট পেয়েছি খুবই স্মার্ট এট্রাক্টিভ এন্ড অথেন্টিক আপনারা চাইলে নিতে পারেন,Positive,Product Quality,,product_quality_positive,product_quality_positive
53779863096758,"একদম বাজে প্রোডাক্ট। 
আপনারা কেউ নিবেন না।

আমি নিয়েছি চার্জ হয়না। আবার পরের দিন থেকে কোনো লাইট সিগনাল আসেনা। উনারা পরে আরেকটা পাঠায় সেটা আরো খারাপ কোনো চার্জ হয় না, লাইট জ্বলেনা। একদমই বাজে প্রোডাক্ট। 
সেলার এখন আর রিপ্লে করছেনা।

আপনারা কেউ নিবেন না, সাতটা দিনও ব্যবহার করতে পারবেন না।",একদম বাজে প্রোডাক্ট আপনারা কেউ নিবেন আমি নিয়েছি চার্জ হয়না পরের দিন লাইট সিগনাল আসেনা উনারা আরেকটা পাঠায় সেটা আরো খারাপ চার্জ হয় লাইট জ্বলেনা একদমই বাজে প্রোডাক্ট সেলার রিপ্লে করছেনা আপনারা কেউ নিবেন সাতটা দিনও ব্যবহার করতে পারবেন,Negative,Product Quality,Product Quality,product_quality_negative,product_quality_negative
54832838396758,"ওভার অল প্রাইস হিসেবে।  সাউন্ড কোয়ালিটি চার্জ সবকিছু ঠিক আছে।
প্রোডাক্টটা ভালো। যেমন দেখাইছে তেমনি পাইছি।
সকল অনলাইন বিজনেসম্যান এমনই হওয়া উচিত।
কোন প্রবলেম পাইনি।",ওভার অল প্রাইস হিসেবে সাউন্ড কোয়ালিটি চার্জ সবকিছু ঠিক প্রোডাক্টটা ভালো দেখাইছে তেমনি পাইছি অনলাইন বিজনেসম্যান এমনই হওয়া উচিত প্রবলেম পাইনি,Positive,Price;Product Quality,,price_positive;product_quality_positive,price_positive#product_quality_positive
53899422896758,"প্রোডাক্ট এর কোয়ালিটি দাম অনুযায়ী অনেক ভালো। একদিন ব্যবহার করে তারপরে রিভিউ দিচ্ছি। এই দামে আমার ইউজ করা সেরা এয়ারপড এটি। খুব দ্রুত ডেলিভারি পেয়েছি, সেলার এর ব্যবহার এবং রেসপন্স দুটোই খুব ভালো লেগেছে।",প্রোডাক্ট এর কোয়ালিটি দাম অনুযায়ী ভালো একদিন ব্যবহার তারপরে রিভিউ দিচ্ছি দামে ইউজ সেরা এয়ারপড এটি খুব দ্রুত ডেলিভারি পেয়েছি সেলার এর ব্যবহার রেসপন্স দুটোই খুব ভালো লেগেছে,Positive,Delivery;Price;Product Quality;Seller Service,,seller_service_positive;delivery_positive;price_positive;product_quality_positive,seller_service_positive#delivery_positive#price_positive#product_quality_positive
54195767996758,"আলহামদুলিল্লাহ  খুব ভালো একটা প্রোডাক্ট পেয়েছি। 
আপনারাও চাইলে নিতে পারেন।সাউন্ড কোয়ালিটি অনেক ভাল এবং   চার্জিং ব্যাকআপ অনেক ভালো দেই।",আলহামদুলিল্লাহ খুব ভালো একটা প্রোডাক্ট পেয়েছি আপনারাও চাইলে নিতে পারেন সাউন্ড কোয়ালিটি ভাল চার্জিং ব্যাকআপ ভালো দেই,Positive,Product Quality,,product_quality_positive,product_quality_positive
54322971096758,প্রোডাক্ট ভালো পেয়েছি। মেড ইন দুবাই ই লিখা ছিল। সেলার খুব আন্তরিক ছিল। গতকাল অর্ডার করে আজকেই পেয়েছি।,প্রোডাক্ট ভালো পেয়েছি মেড ইন দুবাই ই লিখা সেলার খুব আন্তরিক গতকাল অর্ডার আজকেই পেয়েছি,Positive,Delivery;Product Quality;Seller Service,,seller_service_positive;delivery_positive;product_quality_positive,seller_service_positive#delivery_positive#product_quality_positive
54625460996758,"আলহামদুলিল্লাহ পণ্য হাতে পেয়েছি দেখে ভালোই মনে হয়েছে,,, বাকিটা ব্যবহার করার পর বলতে পারব,,,,ডেলিভারিম্যান অনেক ভালো ছিল,,,ধন্যবাদ দারাজ।",আলহামদুলিল্লাহ পণ্য হাতে পেয়েছি দেখে ভালোই মনে হয়েছে বাকিটা ব্যবহার করার বলতে পারব ডেলিভারিম্যান ভালো ধন্যবাদ দারাজ,Positive,Delivery;Product Quality,,delivery_positive;product_quality_positive,delivery_positive#product_quality_positive
54068245196758,"অসাধারন প্রডাক্ট, ২ দিন ব্যাবহারের পরে রিভিউ দিচ্ছি 
একটানা তিন ঘন্টা মুভি দেখার পরে চার্জ ৩০% হয়েছে।

তবে হ্যা, কপি প্রডাক্ট, তাই ওয়্যারলেস চার্জিং ফিচার সাপোর্ট করে না।
তাছাড়া এই দামে আলহামদুলিল্লাহ।",অসাধারন প্রডাক্ট ২ দিন ব্যাবহারের রিভিউ দিচ্ছি একটানা তিন ঘন্টা মুভি দেখার চার্জ ৩০ হয়েছে হ্যা কপি প্রডাক্ট তাই ওয়্যারলেস চার্জিং ফিচার সাপোর্ট তাছাড়া দামে আলহামদুলিল্লাহ,Positive,Price;Product Quality,,price_positive;product_quality_positive,price_positive#product_quality_positive
54324834396758,আলহামদুলিল্লাহ খুব । আমি দীর্ঘ 1 মাস পরে রিভিউ দিলাম।আগে ব্যবহার করলাম তারপর জানাইলাম। আপনারা চাইলে নিতে পারেন।ধন্যবাদ,আলহামদুলিল্লাহ খুব আমি দীর্ঘ 1 মাস রিভিউ দিলাম আগে ব্যবহার করলাম তারপর জানাইলাম আপনারা চাইলে নিতে পারেন ধন্যবাদ,Positive,Product Quality,,product_quality_positive,product_quality_positive
54503387196758,২ দিন ব্যবহার করে তারপর রিভিউ দিচ্ছি। হুম আসি আসল কথায় এই এয়ার বাটের দাম অনুযায়ী ভালো লেগেছে আমার কাছে। আপনারাও নিতে পারেন চক্ষু বন্ধ করে ✌️🙂,২ দিন ব্যবহার তারপর রিভিউ দিচ্ছি হুম আসি আসল কথায় এয়ার বাটের দাম অনুযায়ী ভালো লেগেছে কাছে আপনারাও নিতে পারেন চক্ষু বন্ধ,Positive,Price;Product Quality,,price_positive;product_quality_positive,price_positive#product_quality_positive
54596156796758,দ্বারাজ যে হেডফোন অর্ডার দিয়েছিলাম সেটি আমার কাছে পৌঁছে গেছে খুবই ভালো পূর্ণ ছিল আমি খুব স্বাচ্ছন্দা ব্যবহার করছি দারাজ কে  ধন্যবাদ,দ্বারাজ যে হেডফোন অর্ডার দিয়েছিলাম সেটি কাছে পৌঁছে খুবই ভালো পূর্ণ আমি খুব স্বাচ্ছন্দা ব্যবহার করছি দারাজ ধন্যবাদ,Positive,Product Quality,,product_quality_positive,product_quality_positive
54702023396758,"অসাধারণ একটি এয়ারবাড্স। আপনারা অনায়েসে এই এয়ারবাড্সটি কিনতে পারেন।

সাউন্ড কোয়ালিটি বেশ ভালো। এছাড়া চার্জিং ব্যাকআপ  ও ৪/৫/৬) ঘন্টার মতো পাবেন।

৫০০/৬০০ টাকাই এটি বেস্ট পন্য।

আপনারা নিতে পারেন ঠকবেন না।",অসাধারণ এয়ারবাড্স আপনারা অনায়েসে এয়ারবাড্সটি কিনতে পারেন সাউন্ড কোয়ালিটি বেশ ভালো এছাড়া চার্জিং ব্যাকআপ ও ৪ ৫ ৬ ঘন্টার পাবেন ৫০০ ৬০০ টাকাই এটি বেস্ট পন্য আপনারা নিতে পারেন ঠকবেন,Positive,Price;Product Quality,,price_positive;product_quality_positive,price_positive#product_quality_positive
54646217196758,আলহামদুলিল্লাহ প্রোডাক্টটি অনেক ভালো যা আশা করছিলাম তার চেয়ে অনেক ভালো ভালো প্রোডাক্টটা দেওয়ার জন্য সেলার কে ধন্যবাদ,আলহামদুলিল্লাহ প্রোডাক্টটি ভালো আশা করছিলাম চেয়ে ভালো ভালো প্রোডাক্টটা দেওয়ার সেলার ধন্যবাদ,Positive,Product Quality,,product_quality_positive,product_quality_positive
54622395296758,আলহামদুলিল্লাহ প্রোডাক্টটি ভালো আছে। আমি যেমন আশা করেছি তেমনই পাইছি। এর সাউন্ড কোয়ালিটি ও ভালো আছে। সব মিলিয়ে আলহামদুলিল্লাহ এই টাকায় অনেক ভালো একটা প্রোডাক্ট।,আলহামদুলিল্লাহ প্রোডাক্টটি ভালো আমি আশা করেছি তেমনই পাইছি এর সাউন্ড কোয়ালিটি ও ভালো মিলিয়ে আলহামদুলিল্লাহ টাকায় ভালো একটা প্রোডাক্ট,Positive,Price;Product Quality,,price_positive;product_quality_positive,price_positive#product_quality_positive
54233647096758,ভালো  প্রডাক্ট। ভালো সাউন্ড কোয়ালিটি।ব্যাটারি বেকাপ ভালো। এক সাথে দুইটা কানেক্ট করতে পারছি না।এইটা কি সমাধান একটু যানাবেন।,ভালো প্রডাক্ট ভালো সাউন্ড কোয়ালিটি ব্যাটারি বেকাপ ভালো এক দুইটা কানেক্ট করতে পারছি এইটা সমাধান যানাবেন,Positive,Product Quality,,product_quality_positive,product_quality_positive
54062388296758,হেডফোনটা অনেক ভালো। ৫০০ টাকার মধ্যে অনেক ভালো একটি প্রোডাক্ট। সাউন্ড কোয়ালিটি অনেক সুন্দর। প্যাকিংটা অনেক সুন্দর। সেলারের ব্যবহার অনেক সুন্দর।🥰,হেডফোনটা ভালো ৫০০ টাকার মধ্যে ভালো প্রোডাক্ট সাউন্ড কোয়ালিটি সুন্দর প্যাকিংটা সুন্দর সেলারের ব্যবহার সুন্দর,Positive,Packaging;Price;Product Quality;Seller Service,,seller_service_positive;packaging_positive;price_positive;product_quality_positive,seller_service_positive#packaging_positive#price_positive#product_quality_positive
54212166796758,"এটা আমার কলিগের জন্য নিয়েছিলাম, তারা ফিডব্যাক দেওয়ার পর আমি ফিডব্যাক দিচ্ছি। দাম হিসেবে অনেক ভালো কোয়ালিটি। আপনারা নিতে পারেন।",এটা কলিগের নিয়েছিলাম ফিডব্যাক দেওয়ার আমি ফিডব্যাক দিচ্ছি দাম হিসেবে ভালো কোয়ালিটি আপনারা নিতে পারেন,Positive,Price;Product Quality,,price_positive;product_quality_positive,price_positive#product_quality_positive
54552142896758,আলহামদুলিল্লাহ। কাল রাতে অর্ডার করেছিলাম।আজ দুপুরের মধ্যে হাতে পেয়েছি। যেটা অবিশ্বাস্য ছিলো। এয়ারপডটি অত্যন্ত সুন্দর এবং যেমন দেখেচগিলাম তেমনি পেয়েছি। সাউন্ড আলহামদুলিল্লাহ ঠিক ছিলো। ৫০০ টাকার মধ্যে ভালো একটি জিনিস। চাইলে নিতে পারেন,আলহামদুলিল্লাহ কাল রাতে অর্ডার করেছিলাম আজ দুপুরের মধ্যে হাতে পেয়েছি যেটা অবিশ্বাস্য ছিলো এয়ারপডটি অত্যন্ত সুন্দর দেখেচগিলাম তেমনি পেয়েছি সাউন্ড আলহামদুলিল্লাহ ঠিক ছিলো ৫০০ টাকার মধ্যে ভালো জিনিস চাইলে নিতে পারেন,Positive,Delivery;Price;Product Quality,,delivery_positive;price_positive;product_quality_positive,delivery_positive#price_positive#product_quality_positive
55073941896758,"প্রোডাক্টটি অনেক ভালো ছিল ৷
প্যাকেজিং টাও সুন্দর ছিল ৷
সেলারও অনেক ভালো ৷
সব সময় মেসেজের রিপ্লাই দিয়েছেন ৷
সবাই নিঃসন্দেহে নিতে পারেন ৷",প্রোডাক্টটি ভালো ৷ প্যাকেজিং টাও সুন্দর ৷ সেলারও ভালো ৷ সময় মেসেজের রিপ্লাই দিয়েছেন ৷ সবাই নিঃসন্দেহে নিতে পারেন ৷,Positive,Packaging;Product Quality;Seller Service,,seller_service_positive;packaging_positive;product_quality_positive,seller_service_positive#packaging_positive#product_quality_positive
54691952196758,আমি একটা ব্লুটুথ নিয়েছি উনাদের কাছ থেকে ব্লুটুথ সাউন্ডটা ঠিক  আছে এককথায় অনেক ভালো ব্লুটুথ টি,আমি একটা ব্লুটুথ নিয়েছি উনাদের কাছ ব্লুটুথ সাউন্ডটা ঠিক এককথায় ভালো ব্লুটুথ টি,Positive,Product Quality,,product_quality_positive,product_quality_positive
54878782196758,প্রডাক্ট অনেক ভালো।   রেসপন্স অনেক ফাস্ট।  সাউন্ড কোয়ালিটি অনেক সুন্দর।  বিশ্বাস করে নিতে পারেন।,প্রডাক্ট ভালো রেসপন্স ফাস্ট সাউন্ড কোয়ালিটি সুন্দর বিশ্বাস নিতে পারেন,Positive,Product Quality;Seller Service,,seller_service_positive;product_quality_positive,seller_service_positive#product_quality_positive
54985115596758,প্রোডাক্ট কোয়ালিটি দাম অনুযায়ী স্বাভাবিক ছিলো। সাউন্ড ও পারফেক্ট। প্রিমিয়াম ফিল আছে। রিকমন্ডেড।,প্রোডাক্ট কোয়ালিটি দাম অনুযায়ী স্বাভাবিক ছিলো সাউন্ড ও পারফেক্ট প্রিমিয়াম ফিল রিকমন্ডেড,Neutral,Price;Product Quality,,price_neutral;product_quality_neutral,price_neutral#product_quality_neutral
53433825696758,অনেক সুন্দর হয়েছে। চার্জ ব্যাকআপ ভালো দেয় স্টাইলিশ  আশা করি আবার অর্ডার দিলে ভালো তাই পাবো।,সুন্দর হয়েছে চার্জ ব্যাকআপ ভালো দেয় স্টাইলিশ আশা করি অর্ডার দিলে ভালো তাই পাবো,Positive,Product Quality,,product_quality_positive,product_quality_positive
55079484396758,সাত দিন ব্যবহার করে দেখি জিনিসটা তবে ব্যবহার করে মনে হচ্ছে ভালো আশা করি জিনিসটা ভালই থাকবে,সাত দিন ব্যবহার দেখি জিনিসটা ব্যবহার মনে ভালো আশা করি জিনিসটা ভালই,Positive,Product Quality,,product_quality_positive,product_quality_positive
54160078496758,"আলহামদুলিল্লাহ পোডাক টা জেরকোম দেখসিলাম ঠিক তেমটাই 
পেয়েছি  খুব সুন্দড় ভালো লাগলো, 😍🥰❣️",আলহামদুলিল্লাহ পোডাক টা জেরকোম দেখসিলাম ঠিক তেমটাই পেয়েছি খুব সুন্দড় ভালো লাগলো,Positive,Product Quality,,product_quality_positive,product_quality_positive
54668772196758,"কোয়ালিটি একদম টপ ক্লাস।।নিশ্চিন্তে নিতে পারেন, যে কেউ দেখলে বলবে এটা অরিজিনাল",কোয়ালিটি একদম টপ ক্লাস নিশ্চিন্তে নিতে পারেন যে কেউ দেখলে বলবে এটা অরিজিনাল,Positive,Product Quality,,product_quality_positive,product_quality_positive
54125667996758,প্রডাক্ট হাতে পেয়েছি প্রোডাক্টটা অনেক ভালো সাউন্ড বিট গোলা অনেক ভালো কাজ করে।,প্রডাক্ট হাতে পেয়েছি প্রোডাক্টটা ভালো সাউন্ড বিট গোলা ভালো কাজ,Positive,Product Quality,,product_quality_positive,product_quality_positive
54058894596758,অনেক সুন্দর জিনিস পাইছি দারাজ ও সেলার কে ধন্যবাদ😊💛 আআপনারা চাইলে নিতে পারেন,সুন্দর জিনিস পাইছি দারাজ ও সেলার ধন্যবাদ আআপনারা চাইলে নিতে পারেন,Positive,Product Quality,,product_quality_positive,product_quality_positive
54566855796758,"সাউন্ড কোয়ালিটি অনেক ভাল, যে রকম আশা করেছিলাম তার চেয়ে ভাল,আলহামদুলিল্লাহ।",সাউন্ড কোয়ালিটি ভাল যে রকম আশা করেছিলাম চেয়ে ভাল আলহামদুলিল্লাহ,Positive,Product Quality,,product_quality_positive,product_quality_positive
55096162096758,"অনেক ভালো একটা প্রডাক্ট সাউন্ড কোয়ালিটি ও অনেক ভালো 
চার্জ ২/৩ দিন জাই",ভালো একটা প্রডাক্ট সাউন্ড কোয়ালিটি ও ভালো চার্জ ২ ৩ দিন জাই,Positive,Product Quality,,product_quality_positive,product_quality_positive
54965963296758,"আলহামদুলিল্লাহ অনেক সুন্দর জিনিস পাইছি 
ভাবতে পারিনি এত কমে ভাল জিনিস",আলহামদুলিল্লাহ সুন্দর জিনিস পাইছি ভাবতে পারিনি এত কমে ভাল জিনিস,Positive,Price;Product Quality,,price_positive;product_quality_positive,price_positive#product_quality_positive
54124541196758,ভালো লাগেনি। সামান্য নড়াচড়াতেই ডিসকানেকটেড  হয়ে যায়।সাউণ্ড ক্লিয়ার না।,ভালো লাগেনি সামান্য নড়াচড়াতেই ডিসকানেকটেড হয়ে যায় সাউণ্ড ক্লিয়ার,Negative,Product Quality,Product Quality,product_quality_negative,product_quality_negative
53951494496758,প্রোডাক্ট ভালো ছিল আর সেলারের ব্যবহারও ভালো ছিল। ১দিনে হাতে পেয়েছি।,প্রোডাক্ট ভালো সেলারের ব্যবহারও ভালো ১দিনে হাতে পেয়েছি,Positive,Delivery;Product Quality;Seller Service,,seller_service_positive;delivery_positive;product_quality_positive,seller_service_positive#delivery_positive#product_quality_positive
54005237496758,দাম অনুযায়ী ঠিক আছে। ব্লাক কালার নিয়েছি  ভাউচার সহ দাম পরছে ৫৬৯ টাকা,দাম অনুযায়ী ঠিক ব্লাক কালার নিয়েছি ভাউচার সহ দাম পরছে ৫৬৯ টাকা,Positive,Price;Product Quality,,price_positive;product_quality_positive,price_positive#product_quality_positive
54660399496758,"সেলারের  ব্যবহার খুব ভালো ছিল, এবং হেডফোনের কলেটিও খুব ভালো লেগেছে",সেলারের ব্যবহার খুব ভালো হেডফোনের কলেটিও খুব ভালো লেগেছে,Positive,Price;Product Quality;Seller Service,,seller_service_positive;price_positive;product_quality_positive,seller_service_positive#price_positive#product_quality_positive
54688120996758,"৪৭৫ টাকা দিয়ে কিনলাম দাম অনুযায়ী অনেক ভালো 
এবং কোয়ালেটিও ভালো 💗",৪৭৫ টাকা দিয়ে কিনলাম দাম অনুযায়ী ভালো কোয়ালেটিও ভালো,Positive,Price;Product Quality,,price_positive;product_quality_positive,price_positive#product_quality_positive
54691595296758,দাম হিসাবে বেশ ভালো মনে হচ্ছে। প্রথম দিন ব্যবহার করে ভালো লাগছে।,দাম হিসাবে বেশ ভালো মনে প্রথম দিন ব্যবহার ভালো লাগছে,Positive,Price;Product Quality,,price_positive;product_quality_positive,price_positive#product_quality_positive
54365560096758,অল্প টাকায় একটি ভালো মানের প্রোডাক্ট সাউন্ড কোয়ালিটি অনেক ভালো,অল্প টাকায় ভালো মানের প্রোডাক্ট সাউন্ড কোয়ালিটি ভালো,Positive,Price;Product Quality,,price_positive;product_quality_positive,price_positive#product_quality_positive
53930688696758,আলহামদুলিল্লাহ আপনাদের প্রোডাক্ট অনেক ভালো ইউজ করে ভালো লাগতেছে,আলহামদুলিল্লাহ আপনাদের প্রোডাক্ট ভালো ইউজ ভালো লাগতেছে,Positive,Product Quality,,product_quality_positive,product_quality_positive
54028766096758,কম দামে ওনেক ভালো একটা জিনিস আলহামদুলিল্লাহ আপনারা ও নিতে পারেন,দামে ওনেক ভালো একটা জিনিস আলহামদুলিল্লাহ আপনারা ও নিতে পারেন,Positive,Price;Product Quality,,price_positive;product_quality_positive,price_positive#product_quality_positive
54194455496758,খুব ভালো সাউন্ড। আমার খুব পছন্দ হয়েছে।  যে কেউ নিতে পারেন।,খুব ভালো সাউন্ড খুব পছন্দ হয়েছে যে কেউ নিতে পারেন,Positive,Product Quality,,product_quality_positive,product_quality_positive
54353793896758,অল্প টাকায় অনেক ভালো পণ্য। ডেলিভারিও অনেক দ্রুত পেয়েছি।,অল্প টাকায় ভালো পণ্য ডেলিভারিও দ্রুত পেয়েছি,Positive,Delivery;Price;Product Quality,,delivery_positive;price_positive;product_quality_positive,delivery_positive#price_positive#product_quality_positive
54908320496758,আলহামদুলিল্লাহ ব্লুটুটা অনেক ভালো আপনার সবাই নিতে পারেন,আলহামদুলিল্লাহ ব্লুটুটা ভালো আপনার সবাই নিতে পারেন,Positive,Product Quality,,product_quality_positive,product_quality_positive
54627079196758,অনেক ভালো হেড ফোন টা।আমি কেনার ৭ দিন পর রিভিউ দিচ্ছি।,ভালো হেড ফোন টা আমি কেনার ৭ দিন রিভিউ দিচ্ছি,Positive,Product Quality,,product_quality_positive,product_quality_positive
54861280696758,প্রোডাক্ট টা ভালো ৫০০ টাকার ভিতরে ভালো একটি প্রোডাক্ট,প্রোডাক্ট টা ভালো ৫০০ টাকার ভিতরে ভালো প্রোডাক্ট,Positive,Price;Product Quality,,price_positive;product_quality_positive,price_positive#product_quality_positive
54599777396758,আলহামদুলিল্লাহ ভালো ছিল ও আপনারা চাইলে নিতে পারেন,আলহামদুলিল্লাহ ভালো ও আপনারা চাইলে নিতে পারেন,Positive,Product Quality,,product_quality_positive,product_quality_positive
54589088096758,প্রোডাক্টটা অনেক ভালো প্রাইস অনুযায়ী সব ঠিক আছে,প্রোডাক্টটা ভালো প্রাইস অনুযায়ী ঠিক,Positive,Price;Product Quality,,price_positive;product_quality_positive,price_positive#product_quality_positive
54171646996758,খুব ভালো একটা প্রোডাক্ট। আমার কাছে ভালো লেগেছে,খুব ভালো একটা প্রোডাক্ট কাছে ভালো লেগেছে,Positive,Product Quality,,product_quality_positive,product_quality_positive
54421888096758,ওয়ারলেস টি অনেক ভালো চাইলে আপনারা নিতে পারেন,ওয়ারলেস টি ভালো চাইলে আপনারা নিতে পারেন,Positive,Product Quality,,product_quality_positive,product_quality_positive
53702327396758,অনেক ভালো প্রডাক্ট আপনার চাইলে নিতে পারেন,ভালো প্রডাক্ট আপনার চাইলে নিতে পারেন,Positive,Product Quality,,product_quality_positive,product_quality_positive
53609098996758,অনেক ভালো একটি প্রডাক্ট।সবাই নিতে পারেন।,ভালো প্রডাক্ট সবাই নিতে পারেন,Positive,Product Quality,,product_quality_positive,product_quality_positive
55041361096758,আলহামদুলিল্লাহ খুব ভালো একটা জিনিস আগুন,আলহামদুলিল্লাহ খুব ভালো একটা জিনিস আগুন,Positive,Product Quality,,product_quality_positive,product_quality_positive
54685749196758,৫০০ টাকা অনুযায়ী ভালো। সবাই নিতে পারেন,৫০০ টাকা অনুযায়ী ভালো সবাই নিতে পারেন,Positive,Price;Product Quality,,price_positive;product_quality_positive,price_positive#product_quality_positive
54645825796758,আলহামদুলিল্লাহ্ সব কিছু ঠিক মতো পেয়েছি।,আলহামদুলিল্লাহ্ ঠিক পেয়েছি,Positive,Product Quality,,product_quality_positive,product_quality_positive
54391970096758,ওভারঅল দাম হিসেবে প্রোডাক্টস ঠিক আছে,ওভারঅল দাম হিসেবে প্রোডাক্টস ঠিক,Positive,Price;Product Quality,,price_positive;product_quality_positive,price_positive#product_quality_positive
53952332996758,"খুবি ভালো জিনিস টা 😊
ধন্যবাদ  😊😊",খুবি ভালো জিনিস টা ধন্যবাদ,Positive,Product Quality,,product_quality_positive,product_quality_positive
54958502996758,"এক কথায় অসাধারণ 
আর কিছু বলার নাই",এক কথায় অসাধারণ বলার নাই,Positive,Product Quality,,product_quality_positive,product_quality_positive
54130496996758,যেমন টা চেয়েছি তেমন্টা পেয়েছি,টা চেয়েছি তেমন্টা পেয়েছি,Positive,Product Quality,,product_quality_positive,product_quality_positive
54290055596758,জিনিস টা অনেক ভালো নিতে পারেন,জিনিস টা ভালো নিতে পারেন,Positive,Product Quality,,product_quality_positive,product_quality_positive
54238471796758,এয়ারপটটি দাম অনুযায়ী ঠিক আছে,এয়ারপটটি দাম অনুযায়ী ঠিক,Neutral,Price;Product Quality,,price_neutral;product_quality_neutral,price_neutral#product_quality_neutral
52470575096758,সবাই নিতে পারেন। অনেক সুন্দর একটি এয়ারবার্ড,সবাই নিতে পারেন সুন্দর এয়ারবার্ড,Positive,Product Quality,,product_quality_positive,product_quality_positive
47542455577231,"অল্প টাকায় ভালো প্রোডাক্ট দেয়ার জন্য সেলার কে অসংখ্য অসংখ্য ধন্যবাদ । ডেলিভারি ফাস্ট ছিল অর্ডার করার তিন দিন পরে পন্য হাতে পেয়েছি। চার্জিং ব্যাকআপ টাইম ভালো একবার চার্জ করলে ৩ ঘন্টা চলে বক্সে একবার চার্জ করলে ডিভাইসে ৪ থেকে ৫ বার চার্জ করা যায়, সাউন্ড কোয়ালিটি ভালো আপনারা চাইলে নিতে পারেন । পণ্যের গুণগতমান থেকে ১০ এ ১০ দিলাম ।",অল্প টাকায় ভালো প্রোডাক্ট দেয়ার সেলার অসংখ্য অসংখ্য ধন্যবাদ ডেলিভারি ফাস্ট অর্ডার করার তিন দিন পন্য হাতে পেয়েছি চার্জিং ব্যাকআপ টাইম ভালো একবার চার্জ করলে ৩ ঘন্টা চলে বক্সে একবার চার্জ করলে ডিভাইসে ৪ ৫ চার্জ যায় সাউন্ড কোয়ালিটি ভালো আপনারা চাইলে নিতে পারেন পণ্যের গুণগতমান ১০ এ ১০ দিলাম,Positive,Delivery;Price;Product Quality,,delivery_positive;price_positive;product_quality_positive,delivery_positive#price_positive#product_quality_positive
48108084277231,মাশাল্লাহ অনেক সুন্দর প্রোডাক্ট সবাই নিতে পারেন,মাশাল্লাহ সুন্দর প্রোডাক্ট সবাই নিতে পারেন,Positive,Product Quality,,product_quality_positive,product_quality_positive
47150848477231,আলহামদুলিল্লাহ প্রোডাক্ট সবকিছুই ঠিকঠাক ছিল। কিন্তু সাইজটা প্রত্যাশার চেয়ে বড় হয়েছিল। যাতে ক্যারি করতে একটু ঝামেলা হয়। নিতে পারেন। বাকি সব কিছু ঠিকঠাক ছিল।,আলহামদুলিল্লাহ প্রোডাক্ট সবকিছুই ঠিকঠাক সাইজটা প্রত্যাশার চেয়ে বড় হয়েছিল ক্যারি করতে ঝামেলা হয় নিতে পারেন বাকি ঠিকঠাক,Positive,Product Quality,,product_quality_positive,product_quality_positive
46385591977231,প্রোডাক্টটি আসলে অনেক সুন্দর এবং অনেক ভালো ডেলিভারি ম্যান এর ব্যবহার অনেক ভালো আপনারা যারা নিতে চান সবাই নিতে পারেন সমস্যা নেই চার্জিং  সার্ভিস খুব ভালো ও সাউন্ড কোয়ালিটি ভালো ধন্যবাদ দারাজ কে এত কম টাকায় এত সুন্দর একটা প্রোডাক্টস দেওয়ার জন্য ❤️,প্রোডাক্টটি আসলে সুন্দর ভালো ডেলিভারি ম্যান এর ব্যবহার ভালো আপনারা যারা নিতে চান সবাই নিতে পারেন সমস্যা নেই চার্জিং সার্ভিস খুব ভালো ও সাউন্ড কোয়ালিটি ভালো ধন্যবাদ দারাজ এত টাকায় এত সুন্দর একটা প্রোডাক্টস দেওয়ার,Positive,Delivery;Price;Product Quality,,delivery_positive;price_positive;product_quality_positive,delivery_positive#price_positive#product_quality_positive
45892523077231,আলহামদুলিল্লাহ অস্থির একটা প্রোডাক্ট। সাউন্ড কোয়ালিটি এমআইসি কোয়ালিটি অস্থির। প্রথম যখন হাতে পাই তখন বক্সে এক পার্সেন্ট চার্জ ছিল না আমি তো ভয় পেয়ে গেছিলাম ডিভাইসটি অন হচ্ছিল না। তারপরে চার্জে দিলাম। ১০০% চার্জ হওয়ার পরে ইয়ার বার্ড দুটি চালালাম। প্রায় ফুল সাউন্ড আড়াই ঘন্টা। তারপর দুটিই চার্চ শেষ হলে দুটিকে চার্জে দিলাম। এয়ার বক্সে চার্জে ৯২% এ এসে দুটি ফুল চার্জ হয়ে গেল।  এতে বোঝা গেল প্রায় দশবারের মতো চার্জ দেওয়া যাবে। চোখ বন্ধ করে নিতে পারেন। সবচেয়ে বড় কথা টাইপ সি পোর্ট।,আলহামদুলিল্লাহ অস্থির একটা প্রোডাক্ট সাউন্ড কোয়ালিটি এমআইসি কোয়ালিটি অস্থির প্রথম হাতে পাই বক্সে এক পার্সেন্ট চার্জ আমি তো ভয় পেয়ে গেছিলাম ডিভাইসটি অন হচ্ছিল তারপরে চার্জে দিলাম ১০০ চার্জ হওয়ার ইয়ার বার্ড দুটি চালালাম প্রায় ফুল সাউন্ড আড়াই ঘন্টা তারপর দুটিই চার্চ শেষ দুটিকে চার্জে দিলাম এয়ার বক্সে চার্জে ৯২ এ এসে দুটি ফুল চার্জ হয়ে এতে বোঝা প্রায় দশবারের চার্জ দেওয়া যাবে চোখ বন্ধ নিতে পারেন সবচেয়ে বড় কথা টাইপ সি পোর্ট,Positive,Product Quality,,product_quality_positive,product_quality_positive
46155809577231,এক কথায় অসাধারণ। খুব ভালো একটি প্রোডাক্ট।সেলার কে ধন্যবাদ এত সুন্দর একটি প্রোডাক্ট দেওয়ার জন্য।,এক কথায় অসাধারণ খুব ভালো প্রোডাক্ট সেলার ধন্যবাদ এত সুন্দর প্রোডাক্ট দেওয়ার,Positive,Product Quality,,product_quality_positive,product_quality_positive
45623603977231,"✍️ আমি গতকাল কিনলাম। প্রোডাক্ট ভালো পাইছি। আর সেলার ভাই খুব ভালো। ১ দিন ব্যবহার পর বুঝলাম,,সাউন্ড মোটামুটি আর চার্জ ২ থেকে ২:৩০ ঘন্টা(২টা একসাথে)  আমি পাইছি এই টাকার মধ্যে। আমি ৪২৯/- টাকা দিয়ে নিয়েছি। 

🥴 সমস্যা হলো আমার কানের সাথে এডজাস্ট হয় না,,কেমন যেন কান থেকে খুলে পড়ে যাবার ভই। 

💐 নেকব্যান্ড ব্যবহার করি সেটা ঠিকঠাক। কিন্ত আমি এই প্রোডাক্ট টি আগে ব্যবহার করিনি। কম দামে কিনে দেখলাম কেমন হয়।

🕛চার্জে-১০/৯  আর সাউন্ড -১০/৯ প্রোডাক্ট -১০/৯",আমি গতকাল কিনলাম প্রোডাক্ট ভালো পাইছি সেলার ভাই খুব ভালো ১ দিন ব্যবহার বুঝলাম সাউন্ড মোটামুটি চার্জ ২ ২ ৩০ ঘন্টা ২টা একসাথে আমি পাইছি টাকার মধ্যে আমি ৪২৯ টাকা দিয়ে নিয়েছি সমস্যা হলো কানের এডজাস্ট হয় কেমন যেন কান খুলে পড়ে যাবার ভই নেকব্যান্ড ব্যবহার করি সেটা ঠিকঠাক কিন্ত আমি প্রোডাক্ট টি আগে ব্যবহার করিনি দামে কিনে দেখলাম কেমন হয় চার্জে ১০ ৯ সাউন্ড ১০ ৯ প্রোডাক্ট ১০ ৯,Positive,Price;Product Quality;Seller Service,,seller_service_positive;price_positive;product_quality_positive,seller_service_positive#price_positive#product_quality_positive
47682616777231,অসাধারণ একটা প্রোডাক্ট সাউন্ড কোয়ালিটি অসাধারণ,অসাধারণ একটা প্রোডাক্ট সাউন্ড কোয়ালিটি অসাধারণ,Positive,Product Quality,,product_quality_positive,product_quality_positive
45138111777231,"আমি ২টা ইয়ারবাডস অর্ডার করে ১টি পেয়েছিলাম।
পরে আরেকটি পাঠিয়ে দিয়েছে। সেলার খুবই ভালো। 
তাদের সার্ভিস অনেক ভালো। অনেক ধন্যবাদ সেলারকে।",আমি ২টা ইয়ারবাডস অর্ডার ১টি পেয়েছিলাম আরেকটি পাঠিয়ে দিয়েছে সেলার খুবই ভালো সার্ভিস ভালো ধন্যবাদ সেলারকে,Positive,Seller Service,,seller_service_positive,seller_service_positive
45785821277231,এটা আমার সুন্দর অভিজ্ঞতার একটা।ইলেকট্রনিক জিনিস সমস্যা হতেই পারে।কিন্তু সেলার ভাইয়ের ব্যবহার ভীষন আন্তরিক।আমার কমপ্লেইন দেওয়ার পরেই তারা আমার প্রোডাক্টটা পরিবর্তন করে দিলো।এমনকি পৌছানো পর্যন্ত এবং পরেও ফোন করে জেনে নিলো প্রোডাক্ট ঠিক আছে কিনা।সেলার এবং ডেলিভারি দুইটা নিয়েই সন্তুষ্ট।আপনারা চাইলেও নিতে পারেন।,এটা সুন্দর অভিজ্ঞতার একটা ইলেকট্রনিক জিনিস সমস্যা হতেই পারে সেলার ভাইয়ের ব্যবহার ভীষন আন্তরিক কমপ্লেইন দেওয়ার পরেই প্রোডাক্টটা পরিবর্তন দিলো পৌছানো পর্যন্ত পরেও ফোন জেনে নিলো প্রোডাক্ট ঠিক কিনা সেলার ডেলিভারি দুইটা নিয়েই সন্তুষ্ট আপনারা চাইলেও নিতে পারেন,Positive,Delivery;Seller Service,,seller_service_positive;delivery_positive,seller_service_positive#delivery_positive
44829892277231,"অর্ডার দেয়ার ৯ দিন পরে প্রোডাক্ট টি
হাতে পেলাম ।

প্রোডাক্ট টি  খারাপ না ভালই আপনারাও নিতে পারেন😊",অর্ডার দেয়ার ৯ দিন প্রোডাক্ট টি হাতে পেলাম প্রোডাক্ট টি খারাপ ভালই আপনারাও নিতে পারেন,Neutral,Delivery;Product Quality,Delivery,delivery_negative;product_quality_positive,delivery_negative#product_quality_positive
45611833877231,"আলহামদুলিল্লাহ 🥰 খুব ভালো প্রডাক্ট, সাউন্ড সিস্টেম একেবারে মনের মতো❤️ যেমন আশা করেছিলাম ঠিক তেমনি পেলাম 🤩🤗🎁সেলাররা খুবই ভালো 💝 আপনারাও চাইলে নিতে পারেন 😊",আলহামদুলিল্লাহ খুব ভালো প্রডাক্ট সাউন্ড সিস্টেম একেবারে মনের আশা করেছিলাম ঠিক তেমনি পেলাম সেলাররা খুবই ভালো আপনারাও চাইলে নিতে পারেন,Positive,Product Quality;Seller Service,,seller_service_positive;product_quality_positive,seller_service_positive#product_quality_positive
49720139177231,"অসাধারণ কয়েক দিন ব্যবহার করে রিভিউ দিলাম, দুটি এক সাথে চালালে ২-৩ ঘন্টা চলে আর একটি করে চালালে সারা রাত চালাতে পরবেন, ডেলিভারি ম্যান খুবই ভালো।",অসাধারণ কয়েক দিন ব্যবহার রিভিউ দিলাম দুটি এক চালালে ২ ৩ ঘন্টা চলে চালালে সারা রাত চালাতে পরবেন ডেলিভারি ম্যান খুবই ভালো,Positive,Delivery,,delivery_positive,delivery_positive
45575034177231,"বাহ্ বাহ্। এতো দারুণ।  আমি কল্পনাও করতে পারি নাই। আমি প্রচুর পরিমাণে দ্বিধায় ছিলাম, কেমন হবে, ভালো হবে তো.? এসব ব্যপার নিয়ে। কিন্তু না। দারাজ এবং দোকান মালিক আমায় হতাশ করেনি। আমি দারুণ খুশি এইটা পেয়ে। এবং অসাধারণ সাউন্ড কোয়ালিটি।  অনেকে বলছে এই দামে সেরা, আমি বলি এতো ভালো জিনিস এতো কমে কিভাবে দিলো। এক কথায় অসাধারণ।।  সবাই কিনতে পারেন। চোখ বন্ধ করে। আমার মনে হয় দোকানদার এটা চেক করে দিয়েছে, যার কারনে কোনো সমস্যা হয়নি।🫶🌸",বাহ্ বাহ্ এতো দারুণ আমি কল্পনাও করতে পারি নাই আমি প্রচুর পরিমাণে দ্বিধায় ছিলাম কেমন ভালো তো এসব ব্যপার নিয়ে দারাজ দোকান মালিক আমায় হতাশ করেনি আমি দারুণ খুশি এইটা পেয়ে অসাধারণ সাউন্ড কোয়ালিটি অনেকে বলছে দামে সেরা আমি বলি এতো ভালো জিনিস এতো কমে দিলো এক কথায় অসাধারণ সবাই কিনতে পারেন চোখ বন্ধ মনে হয় দোকানদার এটা চেক দিয়েছে যার কারনে সমস্যা হয়নি,Positive,Price;Product Quality,,price_positive;product_quality_positive,price_positive#product_quality_positive
44424983077231,অনেক ভালো জেরকমদেখেছিলাম তেমনি ই পেয়েছি সাউন কলিটি ওনেকভালো পাচ্ছি|ডেলিবারি এতোতারাতারি দিবে ভাবি ইনাই দন্নোবাত ছেলার ভাইকে🥰🥰🥰,ভালো জেরকমদেখেছিলাম তেমনি ই পেয়েছি সাউন কলিটি ওনেকভালো পাচ্ছি ডেলিবারি এতোতারাতারি দিবে ভাবি ইনাই দন্নোবাত ছেলার ভাইকে,Positive,Delivery;Product Quality,,delivery_positive;product_quality_positive,delivery_positive#product_quality_positive
44536362177231,"এক কথায় অসাধারণ একটা টি ডাব্লিউ এস,,চার্জ ও,সাউন্ড কোযালিটি পারফেক্ট  মাত্র ৪ দিন হতে পেলাম সেলার ও ডেলিভারি ম্যান এর ব্যাবহার অনেক ভালো ছিলো সব থেকে বড় কথা ডেলিভারি ম্যান মিনিমাম ৩০ মিনিট অপেক্ষা করে সুন্দর ভাবে যত্ন সহকারে ডেলিভারি দিয়েছে প্যাকিং কোয়ালিটি অনেক সুন্দর ছিল চাইলে নিতে পারেন ধনবাদ ।",এক কথায় অসাধারণ একটা টি ডাব্লিউ এস চার্জ ও সাউন্ড কোযালিটি পারফেক্ট ৪ দিন পেলাম সেলার ও ডেলিভারি ম্যান এর ব্যাবহার ভালো ছিলো বড় কথা ডেলিভারি ম্যান মিনিমাম ৩০ মিনিট অপেক্ষা সুন্দর ভাবে যত্ন সহকারে ডেলিভারি দিয়েছে প্যাকিং কোয়ালিটি সুন্দর চাইলে নিতে পারেন ধনবাদ,Positive,Delivery;Packaging;Product Quality,,delivery_positive;packaging_positive;product_quality_positive,delivery_positive#packaging_positive#product_quality_positive
49023354477231,"আলহামদুলিল্লাহ, এরকম ডারাজ থেকে ভালো একটা জিনিস পাবো আমি নিজেও কলপনা করি নাই🤗
আমি ১মাস পর রিভিও দিচ্ছি,, একবার চার্জ দিলে ৪/৫মত চলে আপনারা চাইলে নিতে পারেন, অনেক অনেক ভালো।
তারাতারি অর্ডার করেন",আলহামদুলিল্লাহ এরকম ডারাজ ভালো একটা জিনিস পাবো আমি নিজেও কলপনা করি নাই আমি ১মাস রিভিও দিচ্ছি একবার চার্জ দিলে ৪ ৫মত চলে আপনারা চাইলে নিতে পারেন ভালো তারাতারি অর্ডার করেন,Positive,Product Quality,,product_quality_positive,product_quality_positive
44839466877231,"ভাই এতো ভালো জিনিস আগে কোথাও পাইনি আমি।
আলহামদুলিল্লাহ ভালো লেগেছে। মার্কেট এ দাম ছিলো ১২০০ টাকা, দারাজ থেকে কিনলাম ৫৬৪ টাকা দিয়ে।
ধন্যবাদ দারাজ।
কিন্তু ভাই ডেলিভারি সার্ভিস খুব খারাপ ১০/১১ দিন পর হাতে পেলাম। ছি ছি এটা ভাবা যায় দারাজ এখন ঈভালি। হয়ে গেছে।",ভাই এতো ভালো জিনিস আগে কোথাও পাইনি আমি আলহামদুলিল্লাহ ভালো লেগেছে মার্কেট এ দাম ছিলো ১২০০ টাকা দারাজ কিনলাম ৫৬৪ টাকা দিয়ে ধন্যবাদ দারাজ ভাই ডেলিভারি সার্ভিস খুব খারাপ ১০ ১১ দিন হাতে পেলাম ছি ছি এটা ভাবা যায় দারাজ ঈভালি হয়ে,Neutral,Delivery;Product Quality,Delivery,delivery_negative;product_quality_positive,delivery_negative#product_quality_positive
44553885377231,"দাম অনুসারে ভালো আছে, সাউন্ড কোয়ালিটি ভালো যেকেউ চাইলে নিতে পারেন,সেলারকে ভাই কে ধন্যবাদ।",দাম অনুসারে ভালো সাউন্ড কোয়ালিটি ভালো যেকেউ চাইলে নিতে পারেন সেলারকে ভাই ধন্যবাদ,Positive,Price;Product Quality,,price_positive;product_quality_positive,price_positive#product_quality_positive
45385079977231,"যেমন চেয়েছি তার থেকেও ভালো পেয়েছি   । সাউন্ড কোয়ালিটি ও খুব সুন্দর। চার্জ কোয়ালিটি ও  ভালো 
থ্যাংক ইউ দারাজ। থ্যাংক ইউ ডেলিভারি বয় উনার ব্যবহার খুবই ভালো ছিল",চেয়েছি থেকেও ভালো পেয়েছি সাউন্ড কোয়ালিটি ও খুব সুন্দর চার্জ কোয়ালিটি ও ভালো থ্যাংক ইউ দারাজ থ্যাংক ইউ ডেলিভারি বয় উনার ব্যবহার খুবই ভালো,Positive,Delivery;Product Quality,,delivery_positive;product_quality_positive,delivery_positive#product_quality_positive
44176735077231,যেমন পণ্য অর্ডার করেছিলাম আলহামদুলিল্লাহ তেমনটা পেয়েছি। এক মাস পর রিভিউ দিলাম। দারাজে এটাই আমার সর্বপ্রথম অর্ডার ❤️❤️,পণ্য অর্ডার করেছিলাম আলহামদুলিল্লাহ তেমনটা পেয়েছি এক মাস রিভিউ দিলাম দারাজে এটাই সর্বপ্রথম অর্ডার,Positive,Product Quality,,product_quality_positive,product_quality_positive
49534817877231,একদিনের মধ্যে প্রোডাক্ট ডেলিভারি দিয়ে গেছে। কিন্তু ডিসপ্লে লাইট নষ্ট। কেবল দিয়ে চার্জ দিলে তখন ডিসপ্লে জ্বলে। কেবল ছাড়া চার্জ দিলে ডিসপ্লে তখন অফ থাকে তখন আর লাইট আসে না। পাওয়ার ব্যাংকে যখন চার্জ দেওয়া হেডফোন ডিসপ্লে শো করে না।,একদিনের মধ্যে প্রোডাক্ট ডেলিভারি দিয়ে ডিসপ্লে লাইট নষ্ট কেবল দিয়ে চার্জ দিলে ডিসপ্লে জ্বলে কেবল ছাড়া চার্জ দিলে ডিসপ্লে অফ লাইট আসে পাওয়ার ব্যাংকে চার্জ দেওয়া হেডফোন ডিসপ্লে শো,Neutral,Delivery;Product Quality,Product Quality,delivery_positive;product_quality_negative,delivery_positive#product_quality_negative
43996394777231,"পন্য তো ভালোই মনে হচ্ছে। ব্যবহার করতে করতে আরো ভালো বঝা সম্ভব। আপনারা চাইলে নিতে পারেন, আসা করি ঠকবেন না।কিন্তু আমার মতে সাউন্ড আরো বেশি হলে ভালো হতো!",পন্য তো ভালোই মনে ব্যবহার করতে করতে আরো ভালো বঝা সম্ভব আপনারা চাইলে নিতে পারেন আসা করি ঠকবেন মতে সাউন্ড আরো ভালো হতো,Positive,Product Quality,,product_quality_positive,product_quality_positive
44044817477231,ওসমানপুর ঘোড়াঘাট দিনাজপুর থেকে আমি এই পণ্যটি অর্ডার করেছিলাম আজকে পেলাম মাশাল্লাহ খুব ভালো আপনারা সবাই নিতে পারেন,ওসমানপুর ঘোড়াঘাট দিনাজপুর আমি পণ্যটি অর্ডার করেছিলাম আজকে পেলাম মাশাল্লাহ খুব ভালো আপনারা সবাই নিতে পারেন,Positive,Product Quality,,product_quality_positive,product_quality_positive
49329614277231,"আমি মোহাম্মাদ সোহান আমি শারিয়ত পুর থেকে কিনছিলাম 
দাম হিসেবে প্রোডাক্ট অনেক ভালো সবাই নিঃসন্দেহে নিতে পারেন প্রোডাক্টটি অনেক ভালো এবং আমি ৮ দিনের মধ্যেই পেয়েছি ডেলিভারি ম্যান ভাইকে অনেক ধন্যবাদ",আমি মোহাম্মাদ সোহান আমি শারিয়ত পুর কিনছিলাম দাম হিসেবে প্রোডাক্ট ভালো সবাই নিঃসন্দেহে নিতে পারেন প্রোডাক্টটি ভালো আমি ৮ দিনের মধ্যেই পেয়েছি ডেলিভারি ম্যান ভাইকে ধন্যবাদ,Positive,Delivery;Price;Product Quality,Delivery,delivery_negative;price_positive;product_quality_positive,delivery_negative#price_positive#product_quality_positive
43594064077231,"প্রোডাক্টটি আমি হাতে পাইছি ৬ দিন পর! দুইদিন ব্যবহার করলাম!
সাউন্ড কোয়ালিটি যথেষ্ট ভালো পেয়েছি! তবে বেজ তুলনামূলক কম পেয়েছি যা এই বাজেটে মানানসই আছে।
কানেক্টিং এবং পেইরিং নিয়ে কোনো সমস্যায় পড়তে হয়নি।
৪০০ টাকা বাজেটে এটি একদম ঠিকঠাকই আছে।
এবং এর ব্যাটারি ব্যাকআপ মোটামুটি সন্তুষ্ট করার মত দেখছি।
বাডস গুলো প্রতি চার্জে ২-৩ ঘন্টা চালানো যাচ্ছিলো তবে সাউন্ড কম করে শুনলে ৩ ঘন্টা + ব্যাকআপ পাওয়া যাচ্ছিলো।
এবং কেস এর ব্যাটারিও মোটামুটি ভালোই! একবার ফুল চার্জ দিয়ে বাডসগুলোকে ২ থেকে তিনবার চার্জ করা যায়।",প্রোডাক্টটি আমি হাতে পাইছি ৬ দিন দুইদিন ব্যবহার করলাম সাউন্ড কোয়ালিটি যথেষ্ট ভালো পেয়েছি বেজ তুলনামূলক পেয়েছি বাজেটে মানানসই কানেক্টিং পেইরিং নিয়ে সমস্যায় পড়তে হয়নি ৪০০ টাকা বাজেটে এটি একদম ঠিকঠাকই এর ব্যাটারি ব্যাকআপ মোটামুটি সন্তুষ্ট করার দেখছি বাডস গুলো চার্জে ২ ৩ ঘন্টা চালানো যাচ্ছিলো সাউন্ড শুনলে ৩ ঘন্টা ব্যাকআপ পাওয়া যাচ্ছিলো কেস এর ব্যাটারিও মোটামুটি ভালোই একবার ফুল চার্জ দিয়ে বাডসগুলোকে ২ তিনবার চার্জ যায়,Negative,Delivery;Price;Product Quality,Delivery,delivery_negative;price_neutral;product_quality_neutral,delivery_negative#price_neutral#product_quality_neutral
43589488877231,"আলহামদুলিল্লাহ অনেক ভালো একটা প্রোডাক্ট, খুব তাড়াতাড়ি  ডেলিভারি পেয়েছি, প্যাকেজিং টা অনেক ভালো ছিল, ডেলিভারি বয় এর ব্যবহারটা অনেক ভাল ছিল, এটা সাউন্ড সিস্টেম টা অনেক অনেক ভালো, চার্জিং ব্যাকআপ গান শুনলে একটানা ৪-৫ ঘন্টা যায়। আপনার নিঃসন্দেহে এ প্রোডাক্ট নিতে পারেন।",আলহামদুলিল্লাহ ভালো একটা প্রোডাক্ট খুব তাড়াতাড়ি ডেলিভারি পেয়েছি প্যাকেজিং টা ভালো ডেলিভারি বয় এর ব্যবহারটা ভাল এটা সাউন্ড সিস্টেম টা ভালো চার্জিং ব্যাকআপ গান শুনলে একটানা ৪ ৫ ঘন্টা যায় আপনার নিঃসন্দেহে এ প্রোডাক্ট নিতে পারেন,Positive,Delivery;Packaging;Product Quality,,delivery_positive;packaging_positive;product_quality_positive,delivery_positive#packaging_positive#product_quality_positive
44958092277231,আলহামদুলিল্লাহ অনেক ধন্যবাদ দারাজ কে ভালো একটা হেডপোন দেওয়ার জন্য।,আলহামদুলিল্লাহ ধন্যবাদ দারাজ ভালো একটা হেডপোন দেওয়ার,Positive,Product Quality,,product_quality_positive,product_quality_positive
44156586777231,"১১,১১ এর অফারে সব ডিসকাউন্ট মিলিয়ে ২৬০সামথিং খরচ পড়েছে এই দামের মধ্যে বেস্ট বলা যায় ১মাস ব্যাবহার করে রিভিউ দিচ্ছি খুবই অল্প সময়ে চার্জ হয়ে যায়। আমি ১ দিনে ৭/৮ঘন্টা ব্যাবহার করি ১ বার চার্জ দিয়েই ধন্যবাদ সেলার কে এবং দারাজ কে সুন্দর এই প্রোডাক্টির জন্য❤️",১১ ১১ এর অফারে ডিসকাউন্ট মিলিয়ে ২৬০সামথিং খরচ পড়েছে দামের মধ্যে বেস্ট বলা যায় ১মাস ব্যাবহার রিভিউ দিচ্ছি খুবই অল্প সময়ে চার্জ হয়ে যায় আমি ১ দিনে ৭ ৮ঘন্টা ব্যাবহার করি ১ চার্জ দিয়েই ধন্যবাদ সেলার দারাজ সুন্দর প্রোডাক্টির,Positive,Price;Product Quality,,price_positive;product_quality_positive,price_positive#product_quality_positive
43489917977231,ভালো প্রোডাক্ট। ব্যাটারি বেকআপ থেকে সাউন্ড কোয়ালিটি সব দিকেই ভালো পারফরম্যান্স।  ৭ দিন পর রিভিউ দিচ্ছি ব্যাবহারের পর। যেটা দেখানো হয়েছে ওইটাই দেয়া হয়েছে।,ভালো প্রোডাক্ট ব্যাটারি বেকআপ সাউন্ড কোয়ালিটি দিকেই ভালো পারফরম্যান্স ৭ দিন রিভিউ দিচ্ছি ব্যাবহারের যেটা দেখানো হয়েছে ওইটাই দেয়া হয়েছে,Positive,Product Quality,,product_quality_positive,product_quality_positive
43352044877231,"দাম অনুযায়ী প্রোডাক্ট এর মান খুবই ভাল ছিল। 
ডেলিভারি ও খুব অল্প সময় পেয়েছি। তবে চার্জ একবারে জিরো লেভেল ছিল চালু হচ্ছিল না। এখন কোন সমস্যা নাই আপনারা চাইলে নিতে পারেন।",দাম অনুযায়ী প্রোডাক্ট এর মান খুবই ভাল ডেলিভারি ও খুব অল্প সময় পেয়েছি চার্জ একবারে জিরো লেভেল চালু হচ্ছিল সমস্যা নাই আপনারা চাইলে নিতে পারেন,Positive,Delivery;Price;Product Quality,,delivery_positive;price_positive;product_quality_positive,delivery_positive#price_positive#product_quality_positive
43657144577231,"আলহামদুলিল্লাহ ভালো  যেমন টা চেয়ে ছিলাম তেমন টাই পেয়েছি 

ডেলিভারি ম্যান ভাইয়া টাও  ভালো ছিল",আলহামদুলিল্লাহ ভালো টা চেয়ে ছিলাম টাই পেয়েছি ডেলিভারি ম্যান ভাইয়া টাও ভালো,Positive,Delivery;Product Quality,,delivery_positive;product_quality_positive,delivery_positive#product_quality_positive
44410967877231,এটার ভিতর আমি ৯০% ভালো পেয়েছি তো আপনারা কিনতে পারেন এটা খুব ভালো,এটার ভিতর আমি ৯০ ভালো পেয়েছি তো আপনারা কিনতে পারেন এটা খুব ভালো,Positive,Product Quality,,product_quality_positive,product_quality_positive
42279527977231,"যেমন আসা করেছি তার থেকে ভালো হইছে আমি আসা করি নি এতো কম দামে এতো ভালো  প্রোডাক্টস পাব 
থ্যাংক ইউ দারাজ 
থ্যাংক ইউ ডেলিভারি বয় ডেলিভারি ভাইটাও ভালো ছিল 
এক কথায় অসাধারণ একটা প্রোডাক্ট 
আপনারা চাইলেও নিতে পারেন এত কম দামে এত একটা ভালো প্রোডাকশনে আশা করিনি",আসা করেছি ভালো হইছে আমি আসা করি নি এতো দামে এতো ভালো প্রোডাক্টস পাব থ্যাংক ইউ দারাজ থ্যাংক ইউ ডেলিভারি বয় ডেলিভারি ভাইটাও ভালো এক কথায় অসাধারণ একটা প্রোডাক্ট আপনারা চাইলেও নিতে পারেন এত দামে এত একটা ভালো প্রোডাকশনে আশা করিনি,Positive,Delivery;Price;Product Quality,,delivery_positive;price_positive;product_quality_positive,delivery_positive#price_positive#product_quality_positive
42904304277231,"ডেলিভারি ডেটের আগেই পেয়েছি। পণ্যটি পাওয়ার পরেই চাক করে দেখলাম এক কানেরটা চলে আরেক কানেরটা চলে না। একটু পর আবার চেক করে দেখলাম এবার অন্যটা চলে আগেরটা চলে না। পরে বাসায় এসে চার্জ দেওয়ার পর দেখি অসম্ভব লেভেলের সাউন্ড, টাচ কুয়ালিটি। একদম অরিজিনালটার মতো। এত কম দামে এই পণ্যটি খুব ভালো। আসল্টা কিনতে হলে অবশ্যই হাজার টাকা খরচ করতে হবে। কিন্তু তা না করে এটা কিনলে অবশ্যই আপনি জিতবেন। কিনে দেখেন ইনশাআল্লাহ ভালো লাগবে।❤️❤️",ডেলিভারি ডেটের আগেই পেয়েছি পণ্যটি পাওয়ার পরেই চাক দেখলাম এক কানেরটা চলে আরেক কানেরটা চলে চেক দেখলাম এবার অন্যটা চলে আগেরটা চলে বাসায় এসে চার্জ দেওয়ার দেখি অসম্ভব লেভেলের সাউন্ড টাচ কুয়ালিটি একদম অরিজিনালটার এত দামে পণ্যটি খুব ভালো আসল্টা কিনতে অবশ্যই হাজার টাকা খরচ করতে এটা কিনলে অবশ্যই আপনি জিতবেন কিনে দেখেন ইনশাআল্লাহ ভালো লাগবে,Positive,Delivery;Price,,delivery_positive;price_positive,delivery_positive#price_positive
48864962777231,"ডেলিভারি মেন খুব ভালো ছিলো, আর জিনিটটা মোটামুটি ভালো ১০/০৭ দেওয়া চলে।ডান কানের টা চার্জের একটু পল্বেম মনে হয়।",ডেলিভারি মেন খুব ভালো ছিলো জিনিটটা মোটামুটি ভালো ১০ ০৭ দেওয়া চলে ডান কানের টা চার্জের পল্বেম মনে হয়,Positive,Delivery;Product Quality,,delivery_positive;product_quality_positive,delivery_positive#product_quality_positive
48960603277231,এই প্রোডাক্টা মনে হয় কেউ রিটার্ন দিয়েছে তা আমাকে দিয়ে দিয়েছে আবার এইটার একটা বাজে আরেকটা বজে না 🥵🥵,প্রোডাক্টা মনে হয় কেউ রিটার্ন দিয়েছে দিয়ে দিয়েছে এইটার একটা বাজে আরেকটা বজে,Negative,Product Quality,Product Quality,product_quality_negative,product_quality_negative
48776984877231,সবকিছু ঠিক আছে চাইলে আপনার নিতে পারেন ব্যাটারি ব্যাকআপ খুব ভালো শুধু পাওয়ার ব্যাংকের হুল ওটা কাজ করছে না আপনারে দেখেন কাজ করে কিনা চাইলে আপনার নিতে পারেন খুবই ভালো প্রোডাক্ট ধন্যবাদ ফাস্ট চার্জিং সুবিধা,সবকিছু ঠিক চাইলে আপনার নিতে পারেন ব্যাটারি ব্যাকআপ খুব ভালো শুধু পাওয়ার ব্যাংকের হুল ওটা কাজ করছে আপনারে দেখেন কাজ কিনা চাইলে আপনার নিতে পারেন খুবই ভালো প্রোডাক্ট ধন্যবাদ ফাস্ট চার্জিং সুবিধা,Positive,Product Quality,,product_quality_positive,product_quality_positive
41941507977231,"আলহামদুলিল্লাহ খুব সুন্দর একটি প্রডাক্ট, ধন্যবাদ দারাজকে ধন্যবাদ সেলার এবং দারাজকে সঠিকভাবে পৌছানোর জন্য,আমি এটা ব্যবহার করেছি তাতে তিন থেকে সাড়ে তিন ঘন্টা চলেছে,দেখতে খুবই গর্জিয়াস,সাউন্ড সিস্টেম লাউড কিছুটা প্রিমিয়ার,কথা বলার সময় দুবার একটু ডিস্টার্ব হয়েছে যদি নেট প্রবলেমের কারনে।তাই ৫স্টার দিলাম,নিঃসন্দেহে কিনতে পারেন।",আলহামদুলিল্লাহ খুব সুন্দর প্রডাক্ট ধন্যবাদ দারাজকে ধন্যবাদ সেলার দারাজকে সঠিকভাবে পৌছানোর আমি এটা ব্যবহার করেছি তাতে তিন সাড়ে তিন ঘন্টা চলেছে দেখতে খুবই গর্জিয়াস সাউন্ড সিস্টেম লাউড কিছুটা প্রিমিয়ার কথা বলার সময় দুবার ডিস্টার্ব হয়েছে যদি নেট প্রবলেমের কারনে তাই ৫স্টার দিলাম নিঃসন্দেহে কিনতে পারেন,Positive,Product Quality,,product_quality_positive,product_quality_positive
48898277577231,ডেলিভারি ম্যান খুব ভালো ছিলো আমি ছিলামনা সে আমার জন্য অনেক সময় ওয়েট করছে ব্যবহার খুবই ভালো,ডেলিভারি ম্যান খুব ভালো ছিলো আমি ছিলামনা সময় ওয়েট করছে ব্যবহার খুবই ভালো,Positive,Delivery,,delivery_positive,delivery_positive
48536705477231,সব কিছু খুবই সুন্দর কিন্তু আমার কাছে ভেলেভারি ফি টা একটু বেশি মনে হয়েছে...... বেশ ভালো একটা প্রোডাক্ট আপনারা চাইলে নিতে পারেন এই দামে....,খুবই সুন্দর কাছে ভেলেভারি ফি টা মনে হয়েছে বেশ ভালো একটা প্রোডাক্ট আপনারা চাইলে নিতে পারেন দামে,Positive,Delivery;Price;Product Quality,Delivery,delivery_negative;price_positive;product_quality_positive,delivery_negative#price_positive#product_quality_positive
41730301377231,"দুই দিন ব্যবহার করার পর রিভিউ দিলাম,,, আমার কাছে ভালো লেগেছে,, চার্জ ও ভালো যাই,,,দাম অনুযায়ী অনেক ভালো,, আপনারা নিতে পারেন 🥰❤️",দুই দিন ব্যবহার করার রিভিউ দিলাম কাছে ভালো লেগেছে চার্জ ও ভালো যাই দাম অনুযায়ী ভালো আপনারা নিতে পারেন,Positive,Price;Product Quality,,price_positive;product_quality_positive,price_positive#product_quality_positive
43995698477231,দাম অনুযায়ী অনেক ভালো 🥰🥰 আপনারা চাইলে নিতে পারেন 🤍☘️,দাম অনুযায়ী ভালো আপনারা চাইলে নিতে পারেন,Positive,Price;Product Quality,,price_positive;product_quality_positive,price_positive#product_quality_positive
42955038777231,"আজকেই পেলাম,,দেখে তো ভালো মনে হচ্ছে,দেখা যাক ব্যবহার করে কেমন যায়,০১৭৬০৩১৭৪৭৬",আজকেই পেলাম দেখে তো ভালো মনে দেখা যাক ব্যবহার কেমন যায় ০১৭৬০৩১৭৪৭৬,Positive,Product Quality,,product_quality_positive,product_quality_positive
48424259277231,"আলহামদুলিল্লাহ্‌ ভালোই পেয়েছি ,,
কিন্তু ডেলিভারির সময়টা দেরি হয় কেনো  ???
আর ৩ টা প্রডাক্ট অর্ডার করেছি
হাত ঘড়ি ১ টা মোবাইল এর ব্যাটারি ১ টা
আর ব্লুট্রুথ ৩ টা ,,
কিন্তু ব্লুট্রুথ পেয়েছি আর বাকিগুলো প্রডাক্টগুলো
আসেনি কেনো  ???",আলহামদুলিল্লাহ্ ভালোই পেয়েছি ডেলিভারির সময়টা দেরি হয় কেনো ৩ টা প্রডাক্ট অর্ডার করেছি হাত ঘড়ি ১ টা মোবাইল এর ব্যাটারি ১ টা ব্লুট্রুথ ৩ টা ব্লুট্রুথ পেয়েছি বাকিগুলো প্রডাক্টগুলো আসেনি কেনো,Neutral,Delivery;Product Quality,Delivery,delivery_negative;product_quality_positive,delivery_negative#product_quality_positive
41379272977231,"অস্থির একটা এয়ারবাডস প্রথমে ভাবসি ভালো হবেনা যখন হাতে পেয়ে চেক করলাম তখন পুরাই অবাক এই দামে এমন একটা ভালো জিনিস পাবো আশা করিনি ধন্যবাদ সেলার ভাই ও দারাজ কে,,,,,,",অস্থির একটা এয়ারবাডস প্রথমে ভাবসি ভালো হবেনা হাতে পেয়ে চেক করলাম পুরাই অবাক দামে একটা ভালো জিনিস পাবো আশা করিনি ধন্যবাদ সেলার ভাই ও দারাজ,Positive,Price;Product Quality,,price_positive;product_quality_positive,price_positive#product_quality_positive
41499102377231,"সব তো ঠিক ঠাক দেখলাম, এখন দেখার বিষয় চার্য কেমন টিকে, ভালো হলে তো ভালো, তবে নেওয়া যায়, আমার কাছে  ভালোই মনে হচ্ছে",তো ঠিক ঠাক দেখলাম দেখার বিষয় চার্য কেমন টিকে ভালো তো ভালো নেওয়া যায় কাছে ভালোই মনে,Positive,Product Quality,,product_quality_positive,product_quality_positive
41460177977231,অনেক সুন্দর একটি প্রডাক্ট।  ৭ দিন ব্যবহার এর পরে বলছি। একবার চার্জ করলে ৩.৫ ঘন্টা একটানা চলবে আর একবার ১০০% চার্জে ২ বার চার্জ করতে পারবেন। সেলার এবং ডেলিভারি ম্যানের ব্যবহার অনেক সুন্দর। কথা বলতে হয় একটু জোরে বাদবাকি সাউন্ড কোয়ালিটি থেকে শুরু করে সব কিছু সুন্দর। চাইলে নিতে পারেন একদম খারাপ নয়।,সুন্দর প্রডাক্ট ৭ দিন ব্যবহার এর বলছি একবার চার্জ করলে ৩ ৫ ঘন্টা একটানা চলবে একবার ১০০ চার্জে ২ চার্জ করতে পারবেন সেলার ডেলিভারি ম্যানের ব্যবহার সুন্দর কথা বলতে হয় জোরে বাদবাকি সাউন্ড কোয়ালিটি শুরু সুন্দর চাইলে নিতে পারেন একদম খারাপ নয়,Positive,Delivery;Product Quality,,delivery_positive;product_quality_positive,delivery_positive#product_quality_positive
42644733277231,"সবচেয়ে আসল কথা ডেলিভারি ম্যান খুবই ভালো অনেক অনেক ধন্যবাদ তিনি তার কর্তব্য পালন করেছেন।আর জিনিস টি অনেক ভালো, সাউন্ড অনেক টাই উত্তম।",সবচেয়ে আসল কথা ডেলিভারি ম্যান খুবই ভালো ধন্যবাদ কর্তব্য পালন করেছেন জিনিস টি ভালো সাউন্ড টাই উত্তম,Positive,Delivery;Product Quality,,delivery_positive;product_quality_positive,delivery_positive#product_quality_positive
43165697877231,"মোটামুটি ভালো। 
চার্জ একটু কম থাকে,তা না হলে সবকিছু পারফেক্ট 🥰",মোটামুটি ভালো চার্জ সবকিছু পারফেক্ট,Neutral,Product Quality,,product_quality_neutral,product_quality_neutral
49620648177231,সঠিক পণ্যটি ডেলিভারি দেয়ার জন্য ধন্যবাদ। ❤️,সঠিক পণ্যটি ডেলিভারি দেয়ার ধন্যবাদ,Positive,Product Quality,,product_quality_positive,product_quality_positive
41202580877231,"আলহামদুলিল্লাহ।
 যেমনটা আশা করেছিলাম  তার চেয়েও ভালো পেয়েছি।
দুইদিন ব্যবহারের পরে রিভিউ দিচ্ছি অসাধারণ সাউন্ড কোয়ালিটি এবং ব্যাটারি পারফরম্যান্স।
ধন্যবাদ সেলার ভাই কে এই দামে এত সুন্দর একটা প্রোডাক্ট দেওয়ার জন্য।",আলহামদুলিল্লাহ যেমনটা আশা করেছিলাম চেয়েও ভালো পেয়েছি দুইদিন ব্যবহারের রিভিউ দিচ্ছি অসাধারণ সাউন্ড কোয়ালিটি ব্যাটারি পারফরম্যান্স ধন্যবাদ সেলার ভাই দামে এত সুন্দর একটা প্রোডাক্ট দেওয়ার,Positive,Price;Product Quality,,price_positive;product_quality_positive,price_positive#product_quality_positive
42614860277231,টিক যেমন টা চাইছি তেমনটা পাইছি আপনারা চাইলে নিতে পারেন😍😍😍,টিক টা চাইছি তেমনটা পাইছি আপনারা চাইলে নিতে পারেন,Positive,Product Quality,,product_quality_positive,product_quality_positive
48098409577231,"2 মাস ব্যবহার করে রিভিউ  দিচ্ছি  অনেক  ভালো  প্রোডাক্ট এক চার্জে ৪/৫ ঘন্টা  ব্রেকআপ দিচ্ছে ধন্যবাদ  সেলার কে ও দারাজ কে এতো সুন্দর  প্রোডাক্ট দেওয়ার জন্য 
❤️❤️",2 মাস ব্যবহার রিভিউ দিচ্ছি ভালো প্রোডাক্ট এক চার্জে ৪ ৫ ঘন্টা ব্রেকআপ দিচ্ছে ধন্যবাদ সেলার ও দারাজ এতো সুন্দর প্রোডাক্ট দেওয়ার,Positive,Product Quality,,product_quality_positive,product_quality_positive
49591398877231,ভালো ছিলো। এতো কম দামে।  ভালো প্রডাক্ট 😍।,ভালো ছিলো এতো দামে ভালো প্রডাক্ট,Positive,Price;Product Quality,,price_positive;product_quality_positive,price_positive#product_quality_positive
48926481777231,ভালই কিন্তু খুলে জায় এমনি এমনি আর চার্জার কট টা দিয়ে চার্জ হয় না  লুজ কালেকশন,ভালই খুলে জায় এমনি এমনি চার্জার কট টা দিয়ে চার্জ হয় লুজ কালেকশন,Positive,Product Quality,,product_quality_positive,product_quality_positive
47950548077231,প্রথম এসাইনমেন্টে সবকিছুই ঠিকঠাক পেয়েছি। সেলার ও ভালো  সার্ভিস দিয়েছেন। সবসময়ই যদি এই ধারা অব‍্যাহত থাকে সেটাই সবার কাম‍্য।,প্রথম এসাইনমেন্টে সবকিছুই ঠিকঠাক পেয়েছি সেলার ও ভালো সার্ভিস দিয়েছেন সবসময়ই যদি ধারা অব্যাহত সেটাই সবার কাম্য,Positive,Product Quality;Seller Service,,seller_service_positive;product_quality_positive,seller_service_positive#product_quality_positive
40610919677231,"অসংখ্য ধন্যবাদ সেলার ভাইকে কথা দিয়ে কথা রাখার জন্য। সেলার ভাইয়ের ব্যবহার ও অনেক সুন্দর । আমি মনে করি এই ভাইয়ের দোকান থেকে হেডফোন সহ যে কোনো পোডাক্ট কিনলে কেউ ঠকবেন না ""ইনশাআল্লাহ্ ""
দারাজ কেও অসংখ্য ধন্যবাদ পোডাক্টা সঠিক সময়ে হাতে পৌছানো ।",অসংখ্য ধন্যবাদ সেলার ভাইকে কথা দিয়ে কথা রাখার সেলার ভাইয়ের ব্যবহার ও সুন্দর আমি মনে করি ভাইয়ের দোকান হেডফোন সহ যে পোডাক্ট কিনলে কেউ ঠকবেন ইনশাআল্লাহ্ দারাজ কেও অসংখ্য ধন্যবাদ পোডাক্টা সঠিক সময়ে হাতে পৌছানো,Positive,Delivery;Product Quality;Seller Service,,seller_service_positive;delivery_positive;product_quality_positive,seller_service_positive#delivery_positive#product_quality_positive
40015011877231,কম টাকায় সুন্দর একটা পোডাক্ট। কোন প্রবলেম নেই।সেলার ভাই এর আন্তরিকতা খুবই সুন্দর। আশা করি কেউ প্রতারিত হবেন না।,টাকায় সুন্দর একটা পোডাক্ট প্রবলেম নেই সেলার ভাই এর আন্তরিকতা খুবই সুন্দর আশা করি কেউ প্রতারিত,Positive,Price;Product Quality;Seller Service,,seller_service_positive;price_positive;product_quality_positive,seller_service_positive#price_positive#product_quality_positive
40093157677231,"২৬ তারিখে আসবার কথা ছিল, ২৫ তারিখে পেয়ে গেলাম। প্যাকেজ ভাল ছিল। প্রোডাক্ট হাতে পেয়ে এখন কানের মধ্যে আছে। বিট, সাউন্ড কোয়ালিটি টপ নচ। সেলার কে ধন্যবাদ।",২৬ তারিখে আসবার কথা ২৫ তারিখে পেয়ে গেলাম প্যাকেজ ভাল প্রোডাক্ট হাতে পেয়ে কানের মধ্যে বিট সাউন্ড কোয়ালিটি টপ নচ সেলার ধন্যবাদ,Positive,Delivery;Packaging;Product Quality,,delivery_positive;packaging_positive;product_quality_positive,delivery_positive#packaging_positive#product_quality_positive
43405130577231,প্রোডাক্টটা খুবই ভালো যেমনটা চাইছি তেমনটাই পাইছি,প্রোডাক্টটা খুবই ভালো যেমনটা চাইছি তেমনটাই পাইছি,Positive,Product Quality,,product_quality_positive,product_quality_positive
48672874177231,অনেক ভালো একটা প্রোডাক্ট সব ঠিক আছে   ধন্যবাদ দারাজ কে ধন্যবাদ  সেলার কে,ভালো একটা প্রোডাক্ট ঠিক ধন্যবাদ দারাজ ধন্যবাদ সেলার,Positive,Product Quality,,product_quality_positive,product_quality_positive
40305954377231,"প্রথমে ধন্যবাদ সেলারকে,আমি এই পণ্যটা যেরকম দেখেছিলাম যা দেখে অর্ডার করেছিলাম ঠিক তেমনি পাইছি এবং সবকিছু ঠিকঠাক আছে আপনারা চাইলে এই পণ্যটা কিনতে পারে।",প্রথমে ধন্যবাদ সেলারকে আমি পণ্যটা যেরকম দেখেছিলাম দেখে অর্ডার করেছিলাম ঠিক তেমনি পাইছি সবকিছু ঠিকঠাক আপনারা চাইলে পণ্যটা কিনতে পারে,Positive,Product Quality,,product_quality_positive,product_quality_positive
47829156077231,"ব্যাকআপ টাইম ভালো আছে, সাউন্ড কোয়ালিটি কম্ফোর্টেবল, খুবই পছন্দ হয়েছে ধন্যবাদ দারাজ, সেলার এবং ডেলিভারি ম্যান",ব্যাকআপ টাইম ভালো সাউন্ড কোয়ালিটি কম্ফোর্টেবল খুবই পছন্দ হয়েছে ধন্যবাদ দারাজ সেলার ডেলিভারি ম্যান,Positive,Product Quality,,product_quality_positive,product_quality_positive
47736269477231,ধন্যবাদ দারাজকে এবং সেলারকে যেমনটা আশা করেছি তেমনটাই পেয়েছি ডেলিভারি ও অনেক তাড়াতাড়ি এসেছে তার জন্য ধন্যবাদ,ধন্যবাদ দারাজকে সেলারকে যেমনটা আশা করেছি তেমনটাই পেয়েছি ডেলিভারি ও তাড়াতাড়ি এসেছে ধন্যবাদ,Positive,Delivery;Product Quality,,delivery_positive;product_quality_positive,delivery_positive#product_quality_positive
40234173977231,"আলহামদুলিল্লাহ এত কম টাকার ভিতরে  এতো সুন্দর একটি প্রোডাক্ট ! ভালই বলা যায় এবং ডেলিভারির সময়ের আগেই হাতে পেয়ে গেছি আলহামদুলিল্লাহ 
আপনারা চাইলেও নিতে পারেন",আলহামদুলিল্লাহ এত টাকার ভিতরে এতো সুন্দর প্রোডাক্ট ভালই বলা যায় ডেলিভারির সময়ের আগেই হাতে পেয়ে গেছি আলহামদুলিল্লাহ আপনারা চাইলেও নিতে পারেন,Positive,Delivery;Price;Product Quality,,delivery_positive;price_positive;product_quality_positive,delivery_positive#price_positive#product_quality_positive
47841428477231,"দুঃখের কথা কি বলবো, প্রুডাক্ট আনবক্স করার পর ডান কানেরটা সাথে সাথে অন হয়, কিন্তু বাম কানেরটা অফ - মানে অন- ই হয়না,,, নিজস্ব চেষ্টায় ব্যর্থ হয়ে পরে ইউটিউবে ২-৩ টা ভিডিও দেখে ফোনের সেটিংসটা ঠিক করলাম, এরপরে ২ টাই অন হলো,,,এবার আসল কথাই আসি, ২টা এয়ারবার্ডস যখন একসাথে অন করে কিছুক্ষণ ব্যবহার করলাম সাউন্ড কোয়ালিটি ছিল অসাধারণ,,, আর সবচেয়ে কোয়ালিফাই যেটা দেখলাম -- চার্জিং কোয়ালিটি এককথায় বেস্ট,, ২ টা এয়ারবার্ডস একসাথে আড়াই - তিন ঘন্টা ইউস করা যায় এবং ১০০% চার্জিং বক্সটির মধ্যে ৮-১০ বার চার্জ করা যায়।",দুঃখের কথা বলবো প্রুডাক্ট আনবক্স করার ডান কানেরটা অন হয় বাম কানেরটা অফ মানে অন ই হয়না নিজস্ব চেষ্টায় ব্যর্থ হয়ে ইউটিউবে ২ ৩ টা ভিডিও দেখে ফোনের সেটিংসটা ঠিক করলাম এরপরে ২ টাই অন হলো এবার আসল কথাই আসি ২টা এয়ারবার্ডস একসাথে অন কিছুক্ষণ ব্যবহার করলাম সাউন্ড কোয়ালিটি অসাধারণ সবচেয়ে কোয়ালিফাই যেটা দেখলাম চার্জিং কোয়ালিটি এককথায় বেস্ট ২ টা এয়ারবার্ডস একসাথে আড়াই তিন ঘন্টা ইউস যায় ১০০ চার্জিং বক্সটির মধ্যে ৮ ১০ চার্জ যায়,Positive,Product Quality,,product_quality_positive,product_quality_positive
43092379777231,"খুব ভালো  জিনিস  💝💝💝💝
দামে কম মানে ভালো",খুব ভালো জিনিস দামে মানে ভালো,Positive,Price;Product Quality,,price_positive;product_quality_positive,price_positive#product_quality_positive
41686261377231,"সাউন্ড কোয়ালিটি ৪৩৪৳ দাম হিসেবে ঠিক আছে,ধন্যবাদ সেলারকে, আপনারা নিতে পারেন,",সাউন্ড কোয়ালিটি ৪৩৪৳ দাম হিসেবে ঠিক ধন্যবাদ সেলারকে আপনারা নিতে পারেন,Neutral,Price;Product Quality,,price_neutral;product_quality_neutral,price_neutral#product_quality_neutral
41310107077231,"ভালো নাহ,,একদম বাঝে প্রোডাক্ট ,,কথা শুনা যায় না
আমি এটা রিটার্ন দিতে চাই 
কিভাবে দিবো",ভালো নাহ একদম বাঝে প্রোডাক্ট কথা শুনা যায় আমি এটা রিটার্ন দিতে চাই দিবো,Negative,Product Quality,Product Quality,product_quality_negative,product_quality_negative
47642962777231,এই নিয়ে ৩য় বারের মতো নিলাম এইটা। আমার বোনদের জন্য। অনেক ভালো ব্লুটুথ। আমারটা দেড় বছর হয়েছে ব্যবহার করছি। অনেক ভালো ব্লুটুথ। ভালো সার্ভিস দিচ্ছে।,নিয়ে ৩য় বারের নিলাম এইটা বোনদের ভালো ব্লুটুথ আমারটা দেড় বছর হয়েছে ব্যবহার করছি ভালো ব্লুটুথ ভালো সার্ভিস দিচ্ছে,Positive,Product Quality,,product_quality_positive,product_quality_positive
47598370977231,খুব ভালো হয়েছে ❤️ সম্ভব হলে আপনারা নিতে পাড়েন খুব চমৎকার সার্ভিস আজই হাতে পেলাম। অসংখ্য ধন্যবাদ দারাজ এবং রিডেস্ক কে❤️❤️,খুব ভালো হয়েছে সম্ভব আপনারা নিতে পাড়েন খুব চমৎকার সার্ভিস আজই হাতে পেলাম অসংখ্য ধন্যবাদ দারাজ রিডেস্ক,Positive,Product Quality,,product_quality_positive,product_quality_positive
47728311577231,প্রডাক্টের গুনগত মান আলহামদুলিল্লাহ ভালো। আশা করি চারজিং কোয়ালিটি ও ভালো হবে। সব মিলিয়ে আলহামদুলিল্লাহ। আপনারাও নিতে পারেন।,প্রডাক্টের গুনগত মান আলহামদুলিল্লাহ ভালো আশা করি চারজিং কোয়ালিটি ও ভালো মিলিয়ে আলহামদুলিল্লাহ আপনারাও নিতে পারেন,Positive,Product Quality,,product_quality_positive,product_quality_positive
47609467477231,"অনেক সুন্দর একটি প্রোডাক্ট যা আপনাদের বলে বোঝাতে পারবো না,চার্জ ও অনেক সময় ধরে থাকে,আর সাউন্ড কোয়ালিটি ও অনেক সুন্দর,আর প্যাকেজিং ও ছিলো অনেক ভালো💖🤗

ধন্যবাদ ডেলিভারি ম্যান কে উনার ব্যাবহার ও অনেক সুন্দর💖",সুন্দর প্রোডাক্ট আপনাদের বলে বোঝাতে পারবো চার্জ ও সময় ধরে সাউন্ড কোয়ালিটি ও সুন্দর প্যাকেজিং ও ছিলো ভালো ধন্যবাদ ডেলিভারি ম্যান উনার ব্যাবহার ও সুন্দর,Positive,Delivery;Packaging;Product Quality,,delivery_positive;packaging_positive;product_quality_positive,delivery_positive#packaging_positive#product_quality_positive
47578905977231,"দাম হিসাবে যথেষ্ট ভালো একটা প্রোডাক্ট ❤️❤️ডেলিভারি ম্যান ভাইয়া টাও ভালো মনের মানুষ ❤️ব্যবহার খুবই ভালো! 
আপনারা চাইলে নিতে পারেন 
১০/৯",দাম হিসাবে যথেষ্ট ভালো একটা প্রোডাক্ট ডেলিভারি ম্যান ভাইয়া টাও ভালো মনের মানুষ ব্যবহার খুবই ভালো আপনারা চাইলে নিতে পারেন ১০ ৯,Positive,Delivery;Price;Product Quality,,delivery_positive;price_positive;product_quality_positive,delivery_positive#price_positive#product_quality_positive
42777581977231,আলহামদুলিল্লাহ অনেক সুন্দর হয়েছে  ধন্যবাদ 💝💝💝,আলহামদুলিল্লাহ সুন্দর হয়েছে ধন্যবাদ,Positive,Product Quality,,product_quality_positive,product_quality_positive
48368780777231,"ধন্যবাদ সেলারকে কম দামে ভালো একটা প্রোডাক্ট পেয়েছি,  শুভকামনা  দাড়াজ কে",ধন্যবাদ সেলারকে দামে ভালো একটা প্রোডাক্ট পেয়েছি শুভকামনা দাড়াজ,Positive,Price;Product Quality,,price_positive;product_quality_positive,price_positive#product_quality_positive
47453522277231,"এত কম বাজে প্রোডাক্টটি অনেক ভালো,, প্রোডাক্টটি নিয়ে আমার অনেক ভালো লাগলো,, আপনারাও নিতে পারেন,, প্রোডাক্টটির পরামর্শ নিতে চাইলে আমাকে ইমুতে এসএমএস 
01876344705",এত বাজে প্রোডাক্টটি ভালো প্রোডাক্টটি নিয়ে ভালো লাগলো আপনারাও নিতে পারেন প্রোডাক্টটির পরামর্শ নিতে চাইলে ইমুতে এসএমএস 01876344705,Positive,Price;Product Quality,,price_positive;product_quality_positive,price_positive#product_quality_positive
47470046577231,আলহামদুলিল্লাহ । খুব দ্রুত প্রোডাক্ট টা হাতে পেলাম। আর এক সপ্তাহ ব্যবহার করার পর রিভিউ দিলাম। সত্যিই খুবই কোয়ালিটিফুল প্রোডাক্ট। সাউন্ড কোয়ালিটিও মোটামুটি ভাল।,আলহামদুলিল্লাহ খুব দ্রুত প্রোডাক্ট টা হাতে পেলাম এক সপ্তাহ ব্যবহার করার রিভিউ দিলাম সত্যিই খুবই কোয়ালিটিফুল প্রোডাক্ট সাউন্ড কোয়ালিটিও মোটামুটি ভাল,Positive,Delivery;Product Quality,,delivery_positive;product_quality_positive,delivery_positive#product_quality_positive
47759867977231,এতো কম দামে এতো ভালো প্রোডাক্ট আশা করিনি। অনেক ভালো প্রোডাক্ট। নি:সন্দেহে নিতে পারেন সবাই।,এতো দামে এতো ভালো প্রোডাক্ট আশা করিনি ভালো প্রোডাক্ট নি সন্দেহে নিতে পারেন সবাই,Positive,Price;Product Quality,,price_positive;product_quality_positive,price_positive#product_quality_positive
47426066377231,৩১৭ টাকা দাম। দাম বিবেচনা করলে অনেক ভালো। বাজেট যদি একেবারেই টাইটথাকে তাহলে এটা নিতে পারেন এই বাজেটে এটা বেস্ট বলা যায়,৩১৭ টাকা দাম দাম বিবেচনা করলে ভালো বাজেট যদি একেবারেই টাইটথাকে তাহলে এটা নিতে পারেন বাজেটে এটা বেস্ট বলা যায়,Positive,Price;Product Quality,,price_positive;product_quality_positive,price_positive#product_quality_positive
41201274377231,"আলহামদুলিল্লাহ অনেক ধন্যবাদ,,, অনেক কমে পেয়েছি সেলার কে অসংখ্য ধন্যবাদ।",আলহামদুলিল্লাহ ধন্যবাদ কমে পেয়েছি সেলার অসংখ্য ধন্যবাদ,Positive,Price,,price_positive,price_positive
47600545077231,দাম হিসেবে প্রোডাক্ট এর কোয়ালিটি অসাধারণ। তাহলে যে কেউ নিতে পারেন। ডেলিভারসহ দাম ৩৫৫ টাকা পড়ছে।,দাম হিসেবে প্রোডাক্ট এর কোয়ালিটি অসাধারণ তাহলে যে কেউ নিতে পারেন ডেলিভারসহ দাম ৩৫৫ টাকা পড়ছে,Positive,Price;Product Quality,,price_positive;product_quality_positive,price_positive#product_quality_positive
47283266777231,সেলোর কে ধন্যবাদ পণ্যটি খুব সুন্দর ভাবে আমি হাতে পেয়েছি তিনদিন পর রিভিউ দিলাম ব্যাটারি ব্যাকআপ টাও খুব সুন্দর এবং সাউন্ডটাও খুব স্মুথ সব মিলিয়ে অল্প টাকায় খুব ভালো একটা জিনিস,সেলোর ধন্যবাদ পণ্যটি খুব সুন্দর ভাবে আমি হাতে পেয়েছি তিনদিন রিভিউ দিলাম ব্যাটারি ব্যাকআপ টাও খুব সুন্দর সাউন্ডটাও খুব স্মুথ মিলিয়ে অল্প টাকায় খুব ভালো একটা জিনিস,Positive,Price;Product Quality,,price_positive;product_quality_positive,price_positive#product_quality_positive
47239426177231,দাম হিসেবে পণ্য খুবই ভালো। মাত্র দুই দিন হল ব্যবহার করছি ব্যাটারি ব্যাকআপ ভালোই। কয়দিন ভালো থাকবে দেখা যাক।,দাম হিসেবে পণ্য খুবই ভালো দুই দিন হল ব্যবহার করছি ব্যাটারি ব্যাকআপ ভালোই কয়দিন ভালো দেখা যাক,Positive,Product Quality,,product_quality_positive,product_quality_positive
41582987777231,"হেডফোন ভালো আছে,, দাম টা একটু কম হইলে আরো ভালো হইতো",হেডফোন ভালো দাম টা হইলে আরো ভালো হইতো,Positive,Price;Product Quality,,price_neutral;product_quality_positive,price_neutral#product_quality_positive
41240957377231,"কম দামে অনেক ভালো জিনিস দিয়েছে। ধন্যবাদ দারাজ, সেলার, ডেলিভারি বয়",দামে ভালো জিনিস দিয়েছে ধন্যবাদ দারাজ সেলার ডেলিভারি বয়,Positive,Price;Product Quality,,price_positive;product_quality_positive,price_positive#product_quality_positive
48121557777231,অনেক দিন ব্যবহার করে পরে রিভিউ দিলাম। ভালো প্রডাক্ট। নিতে পারেন।  আমি সন্তুষ্ট,দিন ব্যবহার রিভিউ দিলাম ভালো প্রডাক্ট নিতে পারেন আমি সন্তুষ্ট,Positive,Product Quality,,product_quality_positive,product_quality_positive
47820467777231,এই প্রথম আমি দারাজে ভালোমানের একটি প্রডাক্ট পেলাম ধন্যবাদ ডেলিভারি ম্যান ও সেলারকে,প্রথম আমি দারাজে ভালোমানের প্রডাক্ট পেলাম ধন্যবাদ ডেলিভারি ম্যান ও সেলারকে,Positive,Product Quality,,product_quality_positive,product_quality_positive
47407545077231,"আলহামদুলিল্লাহ ভালো পেয়েছি, কলেটি দাম অনুযায়ী ভালো ছিলো আলহামদুলিল্লাহ, আপনারাও চাইলে নিতে পারেন",আলহামদুলিল্লাহ ভালো পেয়েছি কলেটি দাম অনুযায়ী ভালো ছিলো আলহামদুলিল্লাহ আপনারাও চাইলে নিতে পারেন,Positive,Product Quality,,product_quality_positive,product_quality_positive
47077716377231,প্রথম দিকে ২ ঘন্টার মত চলে।সাউন্ড মোটামুটি। ব্যাটারির গায়ে পন্য বিবরনি নেই।ব্যাটারি বেস বার বার চারজ দিতে হয়।যাদের কম দামে মোটামুটি সারভিস চায় তারা নিতে পারে। দাম আনুযায়ি ঠিকই আছে,প্রথম দিকে ২ ঘন্টার চলে সাউন্ড মোটামুটি ব্যাটারির গায়ে পন্য বিবরনি নেই ব্যাটারি বেস চারজ দিতে হয় যাদের দামে মোটামুটি সারভিস চায় নিতে পারে দাম আনুযায়ি ঠিকই,Neutral,Price;Product Quality,,price_neutral;product_quality_neutral,price_neutral#product_quality_neutral
39910871477231,"এক কথায় অসাধারণ😍
সেলার ভাইয়া অত্যন্ত আন্তরিক। ওনার সাথে কথা বলেই পন্য অর্ডার করেছি। এত কম দামে পেয়েছি তাতে আমি খুব খুশি।
ঢাকার বাইরে মাত্র ২ দিনে ডেলিভারি!! প্যাকেটিংও ভালো ছিল। 
ধন্যবাদ😊",এক কথায় অসাধারণ সেলার ভাইয়া অত্যন্ত আন্তরিক ওনার কথা বলেই পন্য অর্ডার করেছি এত দামে পেয়েছি তাতে আমি খুব খুশি ঢাকার বাইরে ২ দিনে ডেলিভারি প্যাকেটিংও ভালো ধন্যবাদ,Positive,Delivery;Packaging;Price;Product Quality;Seller Service,,seller_service_positive;delivery_positive;packaging_positive;price_positive;product_quality_positive,seller_service_positive#delivery_positive#packaging_positive#price_positive#product_quality_positive
42576915477231,খুব সুন্দর খুব ভালো হয়েছে,খুব সুন্দর খুব ভালো হয়েছে,Positive,Product Quality,,product_quality_positive,product_quality_positive
54063674277231,"আমি আসলে ভাবতে পারিনি যে এই পন্যটি এতোটা ভালো হবে। আসলে এটা যেমন বাজেটের মধ্যে তেমনি চার্জও টিকে ভালো প্রায় দুই ঘন্টার বেশি টিকে প্রতিবার, যা আমার জন্য যথেষ্ট। এখন কথা হচ্ছে এটা কতো দিন টিকে। তো সব মিলিয়ে আমার কাছে বেশ ভালো লেগেছে আপনারও চাইলে নিতে পারেন।",আমি আসলে ভাবতে পারিনি যে পন্যটি এতোটা ভালো আসলে এটা বাজেটের মধ্যে তেমনি চার্জও টিকে ভালো প্রায় দুই ঘন্টার টিকে প্রতিবার যথেষ্ট কথা এটা কতো দিন টিকে তো মিলিয়ে কাছে বেশ ভালো লেগেছে আপনারও চাইলে নিতে পারেন,Positive,Price;Product Quality,,price_positive;product_quality_positive,price_positive#product_quality_positive
54057766577231,আলহামদুলিল্লাহ অনেক ভালো একটা জিনিস একদম  একশ একশ কাজ করে দাম হিসেবে জিনিসটা অনেক ভালো আপনারা চাইলে নিতে পারেন🥰,আলহামদুলিল্লাহ ভালো একটা জিনিস একদম একশ একশ কাজ দাম হিসেবে জিনিসটা ভালো আপনারা চাইলে নিতে পারেন,Positive,Price;Product Quality,,price_positive;product_quality_positive,price_positive#product_quality_positive
52188690577231,"আলহামদুলিল্লাহ 
পর্ডাক টা অনেক ভালো। ১০০% আমি যেমন টা চাইছিলাম। তেমন টাই পাইছি৷ আপনারা যে কেউ চাইলেই নিতে পারেন। 
সব চেয়ে ভালো বিষয় হচ্ছে ডেলিভারি ২ দিনের মধ্যেই পাইছি। 
আর ডেলিভারি ম্যানের ব্যাবহারও অনেক ভালো। আমাদের টাংগাইলের সখিপুরের নলুয়ার ডেলিভারি ম্যান নিবির ভাই৷ অনেক ভালো মানুষ।",আলহামদুলিল্লাহ পর্ডাক টা ভালো ১০০ আমি টা চাইছিলাম টাই পাইছি৷ আপনারা যে কেউ চাইলেই নিতে পারেন চেয়ে ভালো বিষয় ডেলিভারি ২ দিনের মধ্যেই পাইছি ডেলিভারি ম্যানের ব্যাবহারও ভালো টাংগাইলের সখিপুরের নলুয়ার ডেলিভারি ম্যান নিবির ভাই৷ ভালো মানুষ,Positive,Delivery;Product Quality,,delivery_positive;product_quality_positive,delivery_positive#product_quality_positive
51015400377231,"আলহামদুলিল্লাহ ভালোই ছিলো সেলার সার্ভিস 
ও ডেলিভারি সার্ভিস দুটোই ভালো ছিলো..""!☺️🤏


 __° আপনাদের মন চাইলে নিতে পারেন..!🤌🔥",আলহামদুলিল্লাহ ভালোই ছিলো সেলার সার্ভিস ও ডেলিভারি সার্ভিস দুটোই ভালো ছিলো আপনাদের মন চাইলে নিতে পারেন,Positive,Delivery;Product Quality;Seller Service,,seller_service_positive;delivery_positive;product_quality_positive,seller_service_positive#delivery_positive#product_quality_positive
53229906277231,"১সপ্তাহ+ ব্যাবহার করলাম আলহামদুলিল্লাহ ভালো লাগছে ব্যাবহার করে।
চার্জ ব্যাকাপ অনেক ভালো।
সাওন্ড কুওয়ালিটি দাম অনুযায়ী যথেষ্ট ভালো।
একটাই সমস্যা কলে কথা বলতে গেলে অনেক জোরে কথা না বললে অপর পাশে থেকে শুনতে পারে না। 
তা ছাড়া প্রডাক্ট ব্যাবহার করে যথেষ্ট ভালো লাগছে।",১সপ্তাহ ব্যাবহার করলাম আলহামদুলিল্লাহ ভালো লাগছে ব্যাবহার চার্জ ব্যাকাপ ভালো সাওন্ড কুওয়ালিটি দাম অনুযায়ী যথেষ্ট ভালো একটাই সমস্যা কলে কথা বলতে জোরে কথা বললে অপর পাশে শুনতে পারে ছাড়া প্রডাক্ট ব্যাবহার যথেষ্ট ভালো লাগছে,Positive,Price;Product Quality,,price_positive;product_quality_positive,price_positive#product_quality_positive
52841804977231,সেলারকে অনেক অনেক ধন্যবাদ সময়মত ডেলিভারি করার জন্য। আর যেমনটা চেয়েছিলাম ঠিক তেমনই পেয়েছি অনেক ভালো,সেলারকে ধন্যবাদ সময়মত ডেলিভারি করার যেমনটা চেয়েছিলাম ঠিক তেমনই পেয়েছি ভালো,Positive,Delivery;Product Quality,,delivery_positive;product_quality_positive,delivery_positive#product_quality_positive
53941123077231,"আলহামদুলিল্লাহ খুব ভালো ছিলো, যেমনটা দেখেছি তেমনটাই পেয়েছি, তাইলে আপনারা নিতে পারেন, ডেলিভারি ম্যানেরও ব্যবহারটা ভাল ছিল, ও ডাক্তার দ্রুত সময়ের মধ্যে পেয়েছি।",আলহামদুলিল্লাহ খুব ভালো ছিলো যেমনটা দেখেছি তেমনটাই পেয়েছি তাইলে আপনারা নিতে পারেন ডেলিভারি ম্যানেরও ব্যবহারটা ভাল ও ডাক্তার দ্রুত সময়ের মধ্যে পেয়েছি,Positive,Delivery;Product Quality,,delivery_positive;product_quality_positive,delivery_positive#product_quality_positive
50633228477231,আলহামদুলিল্লাহ অবশেষে পেয়ে গেলাম আমার অর্ডার করা প্রোডাক্ট। সবকিছু চেক করে দেখলাম আলহামদুলিল্লাহ সবকিছু ঠিক আছে। আপনারা চাইলে নিতে পারেন এই প্রোডাক্টটি অনেক ভালো একটি প্রোডাক্ট। ধন্যবাদ দারাজ কে এবং সেলম্যান কে,আলহামদুলিল্লাহ অবশেষে পেয়ে গেলাম অর্ডার প্রোডাক্ট সবকিছু চেক দেখলাম আলহামদুলিল্লাহ সবকিছু ঠিক আপনারা চাইলে নিতে পারেন প্রোডাক্টটি ভালো প্রোডাক্ট ধন্যবাদ দারাজ সেলম্যান,Positive,Product Quality,,product_quality_positive,product_quality_positive
53798199077231,"দাম অনুযায়ী অনেক অনেক ভালো হয়ছে যেমন চাইছি তেমনি পাইছি মোটামুটি দামের তুলনায় অনেক অনেক ভালো হয়ছে, আপনারা সবাই নিতে পারেন,,🥰🥰",দাম অনুযায়ী ভালো হয়ছে চাইছি তেমনি পাইছি মোটামুটি দামের তুলনায় ভালো হয়ছে আপনারা সবাই নিতে পারেন,Positive,Price;Product Quality,,price_positive;product_quality_positive,price_positive#product_quality_positive
54531243777231,"সাউন্ড সিস্টেম এবং  কোয়ালিটি ভালো 
দুঃখের বিষয় হলো আপনারা যেখানে ডেলিভারি দেওয়ার কথা ছিল সেখানে দেননি",সাউন্ড সিস্টেম কোয়ালিটি ভালো দুঃখের বিষয় হলো আপনারা ডেলিভারি দেওয়ার কথা দেননি,Neutral,Delivery;Product Quality,Delivery,delivery_negative;product_quality_positive,delivery_negative#product_quality_positive
52175365677231,"২১ জানুয়ারিতে অর্ডার করলাম আজ ২৩ তারিখ হাতে পেলাম। দেখে তো ভালই লাগছে।।। দেখে, ব্যবহার করে ভালোই লাগছে।।। এই দামে ভালোই হয়েছে।এখন দেখার বিষয় কয়দিন ভালো চলে।",২১ জানুয়ারিতে অর্ডার করলাম আজ ২৩ তারিখ হাতে পেলাম দেখে তো ভালই লাগছে দেখে ব্যবহার ভালোই লাগছে দামে ভালোই হয়েছে দেখার বিষয় কয়দিন ভালো চলে,Positive,Delivery;Price;Product Quality,,delivery_positive;price_positive;product_quality_positive,delivery_positive#price_positive#product_quality_positive
41117618777231,আলহামদুলিল্লাহ অনেক ভালো একটা প্রোডাক্ট পেয়েছি। ধন্যবাদ সেলারকে।,আলহামদুলিল্লাহ ভালো একটা প্রোডাক্ট পেয়েছি ধন্যবাদ সেলারকে,Positive,Product Quality,,product_quality_positive,product_quality_positive
48472405777231,"এটা অনেক ভালো এবং খুব উপকারী,, আপানারা চাইলে নিতে পারেন",এটা ভালো খুব উপকারী আপানারা চাইলে নিতে পারেন,Positive,Product Quality,,product_quality_positive,product_quality_positive
47633869277231,"১ মাস চালানোর পর রিভিউ করলাম 🥲
ভালোই ছিলো নিতে পারেন সবাই ❤️‍🩹
আর চার্জ ভালোই থাকে",১ মাস চালানোর রিভিউ করলাম ভালোই ছিলো নিতে পারেন সবাই চার্জ ভালোই,Positive,Product Quality,,product_quality_positive,product_quality_positive
47011910977231,আলহামদুলিল্লাহ প্রোডাক্টটা খুব ভালো লেগেছে। আপনারা চাইলে নিতে পারেন। কিন্তু এই প্রোডাক্ট এর সাথে এক্সট্রা কোন রাবার দেয়া নাই। এক্সট্রা আবার দিলে খুব ভালো হতো। এছাড়া সাউন্ড কোয়ালিটি ভালো।,আলহামদুলিল্লাহ প্রোডাক্টটা খুব ভালো লেগেছে আপনারা চাইলে নিতে পারেন প্রোডাক্ট এর এক্সট্রা রাবার দেয়া নাই এক্সট্রা দিলে খুব ভালো হতো এছাড়া সাউন্ড কোয়ালিটি ভালো,Positive,Product Quality,,product_quality_positive,product_quality_positive
47022418077231,"__°আলহামদুলিল্লাহ ভালো কোয়ালিটির
 প্রোডাক্ট ছিলো..""!☺️

__°সবকিছুই ভালো তবে,
ডেলিভারি আসতে একটু দেরি হয়েছে..""!😅

দারাজের ডেলিভারি সার্ভিস টা অনেক খারাপ..""!😑 
অর্ডার দিলে অনেক দেরি হয় আসতে..""!😅💔",আলহামদুলিল্লাহ ভালো কোয়ালিটির প্রোডাক্ট ছিলো সবকিছুই ভালো ডেলিভারি আসতে দেরি হয়েছে দারাজের ডেলিভারি সার্ভিস টা খারাপ অর্ডার দিলে দেরি হয় আসতে,Positive,Delivery;Product Quality,,delivery_neutral;product_quality_positive,delivery_neutral#product_quality_positive
51561014277231,এত কম টাকায় এত ভাল প্রোডাক্ট আশা করা যায়না। সাউন্ড কোয়ালিটি যেমন চেয়েছিলাম তেমন পেয়েছি। ধন্যবাদ।,এত টাকায় এত ভাল প্রোডাক্ট আশা যায়না সাউন্ড কোয়ালিটি চেয়েছিলাম পেয়েছি ধন্যবাদ,Positive,Price;Product Quality,,price_positive;product_quality_positive,price_positive#product_quality_positive
54161947177231,"খুব ভালো একটা প্রোডাক্ট আমি ১ মাস আগে একটা নিছিলাম,
সার্ভিস ভালো পাওয়াই আরেকটা অর্ডার দিয়েছি!",খুব ভালো একটা প্রোডাক্ট আমি ১ মাস আগে একটা নিছিলাম সার্ভিস ভালো পাওয়াই আরেকটা অর্ডার দিয়েছি,Positive,Product Quality,,product_quality_positive,product_quality_positive
47446078877231,আলহামদুলিল্লাহ খুব ভালো প্রডাক্ট। সাউন্ড কোয়ালিটি ও খুব ভালো। আপনারা চাইলে নিতে পারেন,আলহামদুলিল্লাহ খুব ভালো প্রডাক্ট সাউন্ড কোয়ালিটি ও খুব ভালো আপনারা চাইলে নিতে পারেন,Positive,Product Quality,,product_quality_positive,product_quality_positive
40657718777231,আলহামদুলিল্লাহ যে-রকম চেয়েছিলাম এরকমই পেয়েছি বাট দুইটা একবারে বাজানো যায় না একটাই প্রবলেম,আলহামদুলিল্লাহ যে রকম চেয়েছিলাম এরকমই পেয়েছি বাট দুইটা একবারে বাজানো যায় একটাই প্রবলেম,Positive,Product Quality,,product_quality_positive,product_quality_positive
54463201777231,"এই প্রোডাক্টটি খুব সুন্দর  চাইলে কেউ নিতে পারো 
দামে কম মানে ভালো 
সঠিকভাবে বাসায় পেয়েছি",প্রোডাক্টটি খুব সুন্দর চাইলে কেউ নিতে পারো দামে মানে ভালো সঠিকভাবে বাসায় পেয়েছি,Positive,Price;Product Quality,,price_positive;product_quality_positive,price_positive#product_quality_positive
52033822877231,মোটামুটি আছে পণ্যটি একেভারে অনেক ভালো যে তা না। তাও চলে খারাপ না।চাইলে নিতে পারেন আপনারাও।,মোটামুটি পণ্যটি একেভারে ভালো যে তাও চলে খারাপ চাইলে নিতে পারেন আপনারাও,Neutral,Product Quality,,product_quality_neutral,product_quality_neutral
48312491877231,এত কম দামে অসাধারণ একটা ব্লটুথ সাউন্ড কোয়ালিটি ও অনেক ভালো,এত দামে অসাধারণ একটা ব্লটুথ সাউন্ড কোয়ালিটি ও ভালো,Positive,Price;Product Quality,,price_positive;product_quality_positive,price_positive#product_quality_positive
47281803177231,"কোয়ালিটি খুবই ভালো,যেমনটা দেখেছি তেমনটাই পেয়েছি।
এই দামে সাউন্ড কোয়ালিটিও ভালো।",কোয়ালিটি খুবই ভালো যেমনটা দেখেছি তেমনটাই পেয়েছি দামে সাউন্ড কোয়ালিটিও ভালো,Positive,Price;Product Quality,,price_positive;product_quality_positive,price_positive#product_quality_positive
46763403177231,"আলহামদুলিল্লাহ খুবই ভালো সাউন্ড কোয়ালিটি ও ভালো আমি এক সাথে তিন টা অর্ডার করছি চাইলে যে কেউ নিতে পারেন..
ধন্যবাদ দারাজ'কে",আলহামদুলিল্লাহ খুবই ভালো সাউন্ড কোয়ালিটি ও ভালো আমি এক তিন টা অর্ডার করছি চাইলে যে কেউ নিতে পারেন ধন্যবাদ দারাজ,Positive,Product Quality,,product_quality_positive,product_quality_positive
47477887777231,"এই দামে অবিশ্বাস্য একটি প্রোডাক্ট।
খুবই ভালো আপনারা চাইলে নিতে পারেন।",দামে অবিশ্বাস্য প্রোডাক্ট খুবই ভালো আপনারা চাইলে নিতে পারেন,Positive,Price;Product Quality,,price_positive;product_quality_positive,price_positive#product_quality_positive
47440029177231,"সাউন্ড কোয়ালিটি অস্তির  চোখ বন্ধ করে নিতে পারেন,এই নিয়ে আমি 3 টা অডার করছি",সাউন্ড কোয়ালিটি অস্তির চোখ বন্ধ নিতে পারেন নিয়ে আমি 3 টা অডার করছি,Positive,Product Quality,,product_quality_positive,product_quality_positive
47049015777231,"ধন্যবাদ সেলার ভাই এবং ডেলিভারি ভাই গুলাকে এটার সাউন্ড অনেক ভালো ( চৌদ্দগ্রাম,কুমিল্লা)",ধন্যবাদ সেলার ভাই ডেলিভারি ভাই গুলাকে এটার সাউন্ড ভালো চৌদ্দগ্রাম কুমিল্লা,Positive,Product Quality,,product_quality_positive,product_quality_positive
47499710777231,"দাম অনুজায়ি ভালোই, খারাপ না সবাই নিতে পারেন,কালকে হাতে পাইছি দেখি কতদিন চলে।",দাম অনুজায়ি ভালোই খারাপ সবাই নিতে পারেন কালকে হাতে পাইছি দেখি কতদিন চলে,Positive,Price;Product Quality,,price_positive;product_quality_positive,price_positive#product_quality_positive
40878994977231,অল্প দামে ভালো জিনিস পেয়েছি। ধন্যবাদ দারাজ ❤️,অল্প দামে ভালো জিনিস পেয়েছি ধন্যবাদ দারাজ,Positive,Price;Product Quality,,price_positive;product_quality_positive,price_positive#product_quality_positive
46490753777231,"যেটা চেয়েছি সেটাই পেয়েছি , ধন্যবাদ সেলার কে এত সুন্দর একটা প্রোডাক্ট দেওয়ার জন্য।
দাম হিসেবে এইটার সাউন্ড কোয়ালিটি খুব ভালো এবং এটি ব্যবহারে খুব কমফোর্ট ফিল হয় আপনারা চাইলে নিতে পাড়েন । 
ডেলিভারি ম্যান এর ব্যবহার খুব ভাল ছিল",যেটা চেয়েছি সেটাই পেয়েছি ধন্যবাদ সেলার এত সুন্দর একটা প্রোডাক্ট দেওয়ার দাম হিসেবে এইটার সাউন্ড কোয়ালিটি খুব ভালো এটি ব্যবহারে খুব কমফোর্ট ফিল হয় আপনারা চাইলে নিতে পাড়েন ডেলিভারি ম্যান এর ব্যবহার খুব ভাল,Positive,Delivery;Price;Product Quality,,delivery_positive;price_positive;product_quality_positive,delivery_positive#price_positive#product_quality_positive
46527536877231,ডেলিভারি ডেট এর আগেই হাতে পেলাম।চার্জিং ক্যাপাসিটি এবং সাউন্ড কোয়ালিটি খুবই ভালো যেমনটা আশা করেছিলাম তার থেকেও অনেক ভালো এটা।,ডেলিভারি ডেট এর আগেই হাতে পেলাম চার্জিং ক্যাপাসিটি সাউন্ড কোয়ালিটি খুবই ভালো যেমনটা আশা করেছিলাম থেকেও ভালো এটা,Positive,Product Quality,,product_quality_positive,product_quality_positive
47243453877231,"সেরা ভাই ভালো লাগছে সাউন্ড কোয়ালিটি সুন্দর এক কথায় অসাম  প্রডাক্ট,👍👍❤️",সেরা ভাই ভালো লাগছে সাউন্ড কোয়ালিটি সুন্দর এক কথায় অসাম প্রডাক্ট,Positive,Product Quality,,product_quality_positive,product_quality_positive
53377496877231,আল্লাহামদুল্লিলাহ সব দিক থেকেই ভালোই আছে‌ । কিন্তু গেম খেলতে একটু লেখ দেয় ।,আল্লাহামদুল্লিলাহ দিক থেকেই ভালোই গেম খেলতে লেখ দেয়,Positive,Product Quality,,product_quality_positive,product_quality_positive
46274411377231,আলহামদুলিল্লাহ যেমনটা চেয়েছিলাম তেমনটা পেয়েছি কিন্তু একটা সমস্যা আছে চার্জার কেবল দিয়ে চার্জ হচ্ছে না,আলহামদুলিল্লাহ যেমনটা চেয়েছিলাম তেমনটা পেয়েছি একটা সমস্যা চার্জার কেবল দিয়ে চার্জ,Positive,Product Quality,,product_quality_positive,product_quality_positive
47069298277231,"হাতে পাওয়ার পর থেকে এখন পর্যন্ত সব কিছু তো ভালোই 
দেখি কেমন সার্ভিস দেয়",হাতে পাওয়ার পর্যন্ত তো ভালোই দেখি কেমন সার্ভিস দেয়,Positive,Product Quality,,product_quality_positive,product_quality_positive
54144650877231,আলহামদুলিল্লাহ মোটামুটি মোটামুটি আছে কিন্তু চার্জ থাকে না সপ্তাহখানেক যায়,আলহামদুলিল্লাহ মোটামুটি মোটামুটি চার্জ সপ্তাহখানেক যায়,Neutral,Product Quality,,product_quality_neutral,product_quality_neutral
47793065877231,আমি ব্যবহারের পাঁচ মাস পরে রিপ্লাই দিচ্ছি সত্যিই অসাধারণ,আমি ব্যবহারের পাঁচ মাস রিপ্লাই দিচ্ছি সত্যিই অসাধারণ,Positive,Product Quality,,product_quality_positive,product_quality_positive
52740150277231,"এটা অনেক ভালো ছিল। ডেলিভারি তারিখের চেয়ে আগে পেয়েছি। 
ধন্যবাদ দারাজ❤️❤️❤️",এটা ভালো ডেলিভারি তারিখের চেয়ে আগে পেয়েছি ধন্যবাদ দারাজ,Positive,Delivery;Product Quality,,delivery_positive;product_quality_positive,delivery_positive#product_quality_positive
45639193177231,"দাম অনুযায়ী ঠিকঠাক, চার্জিং ব্যাকাপ কিছুটা কম, কিন্তু এই দামে ঠিক আছে।",দাম অনুযায়ী ঠিকঠাক চার্জিং ব্যাকাপ কিছুটা দামে ঠিক,Neutral,Price;Product Quality,,price_neutral;product_quality_neutral,price_neutral#product_quality_neutral
46210450577231,"আলহামদুলিল্লাহ অনেক সুন্দর হেডফোন
 সাউন্ড কোয়ালিটি অনেক সুন্দর 
ধন্যবাদ দারাজ কে
 ছেলার কেউ অসংখ্য ধন্যবাদ",আলহামদুলিল্লাহ সুন্দর হেডফোন সাউন্ড কোয়ালিটি সুন্দর ধন্যবাদ দারাজ ছেলার কেউ অসংখ্য ধন্যবাদ,Positive,Product Quality,,product_quality_positive,product_quality_positive
46160648177231,জিনিসটা যতটা ভালো মনে করছিলাম আসলে ততটা না। কারণ সাউন্ড কন্ডিশন ভালো নাএবং চার্জও কম যায়। আমি রিভিউতে দেখছিলাম তাতে সবাই ভালো বলেছিল এজন্যই নিয়েছিলাম।,জিনিসটা যতটা ভালো মনে করছিলাম আসলে ততটা সাউন্ড কন্ডিশন ভালো নাএবং চার্জও যায় আমি রিভিউতে দেখছিলাম তাতে সবাই ভালো বলেছিল এজন্যই নিয়েছিলাম,Negative,Product Quality,Product Quality,product_quality_negative,product_quality_negative
46130877177231,আলহামদুলিল্লাহ যেটা চেয়েছিলাম যেরকম দেওয়ার কথা ছিল সেরকমই পেয়েছি চার্জ এর দিক দিয়েও ভালো সাপোর্ট পাচ্ছি চাইলে সবাই নিতে পারেন ধন্যবাদ দারাজ এবং দরজার এর সেলসম্যান কে এতো ভালো একটা জিনিস দেওয়ার জন্য ৬ দিন পর রিভিউ দিলাম🥰🥰🥰🥰🥰,আলহামদুলিল্লাহ যেটা চেয়েছিলাম যেরকম দেওয়ার কথা সেরকমই পেয়েছি চার্জ এর দিক দিয়েও ভালো সাপোর্ট পাচ্ছি চাইলে সবাই নিতে পারেন ধন্যবাদ দারাজ দরজার এর সেলসম্যান এতো ভালো একটা জিনিস দেওয়ার ৬ দিন রিভিউ দিলাম,Positive,Product Quality,,product_quality_positive,product_quality_positive
46745389977231,অসাধারণ সাউন্ড একদম ক্লিয়ার আপনারা চাইলে নিতে পারেন এবং সেলার ও দারাজকে অনেক ধন্যবাদ ।,অসাধারণ সাউন্ড একদম ক্লিয়ার আপনারা চাইলে নিতে পারেন সেলার ও দারাজকে ধন্যবাদ,Positive,Product Quality,,product_quality_positive,product_quality_positive
46470548577231,মোটামুটি ভালো একবার চার্জ দিয়ে ১:৫৫ মিনিট চলে আর তিন থেকে চার বার কেস থেকে চার্জ করা যায় 😩,মোটামুটি ভালো একবার চার্জ দিয়ে ১ ৫৫ মিনিট চলে তিন চার কেস চার্জ যায়,Neutral,Product Quality,,product_quality_neutral,product_quality_neutral
54070453477231,"প্রোডাক্টটা মোটামুটি ভালো এই বাজেটের মধ্যে ভালোই

ডেলিভারি মেন ও ভালোই",প্রোডাক্টটা মোটামুটি ভালো বাজেটের মধ্যে ভালোই ডেলিভারি মেন ও ভালোই,Positive,Delivery;Price;Product Quality,,delivery_positive;price_positive;product_quality_neutral,delivery_positive#price_positive#product_quality_neutral
46918933177231,প্রোডাক্টটা অনেক ভালো সাউন্ড কোয়ালিটি অনেক ভালো আপনারা চাইলে নিতে পারেন,প্রোডাক্টটা ভালো সাউন্ড কোয়ালিটি ভালো আপনারা চাইলে নিতে পারেন,Positive,Product Quality,,product_quality_positive,product_quality_positive
52180364977231,"ধন্যবাদ খুব অল্প সময়ে আপনাদে প্রডাক্ট  হাতে পেয়ে আমি অনেক খুশি,",ধন্যবাদ খুব অল্প সময়ে আপনাদে প্রডাক্ট হাতে পেয়ে আমি খুশি,Positive,Delivery,,delivery_positive,delivery_positive
45980795077231,"আলহামদুলিল্লাহ ভালো একটি প্রোডাক্ট হাতে পাইছি...? 
প্রোডাক্টটি দ্রুত আমার হাতে পাইছি আলহামদুলিল্লাহ সেলার কে ধন্যবাদ 🥰🥰",আলহামদুলিল্লাহ ভালো প্রোডাক্ট হাতে পাইছি প্রোডাক্টটি দ্রুত হাতে পাইছি আলহামদুলিল্লাহ সেলার ধন্যবাদ,Positive,Delivery;Product Quality,,delivery_positive;product_quality_positive,delivery_positive#product_quality_positive
47492629377231,খুব ভালো একটা প্রোডাক্ট আমার কাছে খুব ভালো লেগেছে🥰,খুব ভালো একটা প্রোডাক্ট কাছে খুব ভালো লেগেছে,Positive,Product Quality,,product_quality_positive,product_quality_positive
47836287977231,আমার মনের মতো পাইছি এটা অনেক সময় চাজ থাকে,মনের পাইছি এটা সময় চাজ,Positive,Product Quality,,product_quality_positive,product_quality_positive
48199439677231,"ভালো সার্ভিস দিচ্ছে, আপনারা নিতে পারেন",ভালো সার্ভিস দিচ্ছে আপনারা নিতে পারেন,Positive,Product Quality,,product_quality_positive,product_quality_positive
47469183277231,"অনেক ভালো প্রোডাক্ট,,
 সবাই চাইলে সেটা দিতে পারেন",ভালো প্রোডাক্ট সবাই চাইলে সেটা দিতে পারেন,Positive,Product Quality,,product_quality_positive,product_quality_positive
45940119177231,এই দামে মোটামুটি ভালোই। দুই ঘন্টা একটানা চার্জ থাকে।কয়েকবার চার্জ দেয়া যায় বক্স থেকে। একটি এয়ারবাড চার্জ দিতে ৯ পারসেন্ট চার্জ শেষ হয়।,দামে মোটামুটি ভালোই দুই ঘন্টা একটানা চার্জ কয়েকবার চার্জ দেয়া যায় বক্স এয়ারবাড চার্জ দিতে ৯ পারসেন্ট চার্জ শেষ হয়,Neutral,Price;Product Quality,,price_neutral;product_quality_neutral,price_neutral#product_quality_neutral
47324127777231,"খুব ভালো সুন্দর সাউন্ড সেই
দাম অনুযায়ী প্রোডাক্ট ভালো",খুব ভালো সুন্দর সাউন্ড সেই দাম অনুযায়ী প্রোডাক্ট ভালো,Positive,Price;Product Quality,,price_positive;product_quality_positive,price_positive#product_quality_positive
47552230277231,আলহামদুলিল্লাহ দাম হিসাবে প্রোডাক্টা অনেক ভালো,আলহামদুলিল্লাহ দাম হিসাবে প্রোডাক্টা ভালো,Positive,Price;Product Quality,,price_positive;product_quality_positive,price_positive#product_quality_positive
47574521877231,"জেটা চায়েছি ঠিক সেটাই পেয়েছি আনেক ভালো  ।
☺😌☺",জেটা চায়েছি ঠিক সেটাই পেয়েছি আনেক ভালো,Positive,Product Quality,,product_quality_positive,product_quality_positive
47721562577231,ধন্যবাদ সেলারকে শর্ট টাইমে ডেলিভারি দেওয়ার জন্য,ধন্যবাদ সেলারকে শর্ট টাইমে ডেলিভারি দেওয়ার,Positive,Delivery,,delivery_positive,delivery_positive
53596475177231,এত কম দামের ভিতরে খুব ভালো একটা প্রোডাক্ট পেয়েছি ভালোই চলছে,এত দামের ভিতরে খুব ভালো একটা প্রোডাক্ট পেয়েছি ভালোই চলছে,Positive,Price;Product Quality,,price_positive;product_quality_positive,price_positive#product_quality_positive
54558261777231,এটা ভালো কিন্তু বেশি একটা ভালো না চাইলে আপনারা নিতে পারেন👍🏻,এটা ভালো একটা ভালো চাইলে আপনারা নিতে পারেন,Neutral,Product Quality,,product_quality_neutral,product_quality_neutral
45256532477231,অনেক ভালো একটি প্রোডাক্ট আপনারা সবাই নিতে পারেন আমিও নিয়েছি,ভালো প্রোডাক্ট আপনারা সবাই নিতে পারেন আমিও নিয়েছি,Positive,Product Quality,,product_quality_positive,product_quality_positive
50456975177231,আলহামদুলিল্লাহ ব্লুটুথ টা অনেক ভালো পেয়েছি খুবি ভালো পোডাক্ট,আলহামদুলিল্লাহ ব্লুটুথ টা ভালো পেয়েছি খুবি ভালো পোডাক্ট,Positive,Product Quality,,product_quality_positive,product_quality_positive
53060478977231,"১ টা হেডফোন ভালো আরেকটা খুবই বাজে, অটো ডিসকানেকটেড হয়ে যায়।",১ টা হেডফোন ভালো আরেকটা খুবই বাজে অটো ডিসকানেকটেড হয়ে যায়,Negative,Product Quality,Product Quality,product_quality_negative,product_quality_negative
45988502077231,"অনেক ভালো,, ছবিতে যেমন দেখছিলাম তেমন পাইছি৷ 
ধন্যবাদ, সেলার ভাইকে সঠিক পণ্য দেওয়ার জন্য ❤️",ভালো ছবিতে দেখছিলাম পাইছি৷ ধন্যবাদ সেলার ভাইকে সঠিক পণ্য দেওয়ার,Positive,Product Quality,,product_quality_positive,product_quality_positive
50410477377231,"যেমনটা চেয়েছি তেমনটা পেয়েছি, অনেক ভালো সাউন্ড কোয়ালিটি",যেমনটা চেয়েছি তেমনটা পেয়েছি ভালো সাউন্ড কোয়ালিটি,Positive,Product Quality,,product_quality_positive,product_quality_positive
47403137677231,দাম অনুসারে মোটামুটি চলে। আরো ভালো আশা করছিলাম।,দাম অনুসারে মোটামুটি চলে আরো ভালো আশা করছিলাম,Neutral,Price;Product Quality,,price_neutral;product_quality_neutral,price_neutral#product_quality_neutral
47892063777231,অফারে কিনেছিলাম। ভালোই পড়েছে আমারটা।,অফারে কিনেছিলাম ভালোই পড়েছে আমারটা,Positive,Product Quality,,product_quality_positive,product_quality_positive
54881627777231,দুই সপ্তাহ মতো ব্যবহার করতেছি এখন পর্যন্ত ভালই মনে হচ্ছে,দুই সপ্তাহ ব্যবহার করতেছি পর্যন্ত ভালই মনে,Positive,Product Quality,,product_quality_positive,product_quality_positive
45475034577231,অনেক ভালো মানের একটা প্রোডাক্ট এন্ড সেলার এর ব্যবহার অনেক ভালো প্রোডাক্টটা পার্সলেও পেয়েছি সময়ের আগে ভালো লাগলো কোয়ালিটি অনেক ভালো এন্ড হেবি লাউড সাউন্ড অনেক ভালই লাগতেছে বেলু ফর মানি,ভালো মানের একটা প্রোডাক্ট এন্ড সেলার এর ব্যবহার ভালো প্রোডাক্টটা পার্সলেও পেয়েছি সময়ের আগে ভালো লাগলো কোয়ালিটি ভালো এন্ড হেবি লাউড সাউন্ড ভালই লাগতেছে বেলু ফর মানি,Positive,Delivery;Price;Product Quality;Seller Service,,seller_service_positive;delivery_positive;price_positive;product_quality_positive,seller_service_positive#delivery_positive#price_positive#product_quality_positive
47534947077231,"প্রডাক্ট হাতে পেয়েছি, দাম অনুযায়ী প্রডাক্টের মান ভাল।",প্রডাক্ট হাতে পেয়েছি দাম অনুযায়ী প্রডাক্টের মান ভাল,Positive,Price;Product Quality,,price_positive;product_quality_positive,price_positive#product_quality_positive
46182203677231,সেলার কে ধন্যবাদ। যেমন দেখছি টিক তেমন টাই পাইছি।আলহামদুলিল্লাহ সব কিছু টিকটাক।❤️❤️,সেলার ধন্যবাদ দেখছি টিক টাই পাইছি আলহামদুলিল্লাহ টিকটাক,Positive,Product Quality,,product_quality_positive,product_quality_positive
53209905277231,অবেক ভালো ছিল আপানারা নিতে পারেন সেলার অনেক ভালো ছিল,অবেক ভালো আপানারা নিতে পারেন সেলার ভালো,Positive,Product Quality;Seller Service,,seller_service_positive;product_quality_positive,seller_service_positive#product_quality_positive
46922741477231,ওভার অল অনেক ভালো একটা প্রডাক্ট।অনেক ভালো চার্জ থাকে ।,ওভার অল ভালো একটা প্রডাক্ট ভালো চার্জ,Positive,Product Quality,,product_quality_positive,product_quality_positive
46950374277231,এক দম বাজে তার মানে হলো আসল মালটা দেয় নাই কপি মাল দিছে,এক দম বাজে মানে হলো আসল মালটা দেয় নাই কপি মাল দিছে,Negative,Product Quality,Product Quality,product_quality_negative,product_quality_negative
47221905677231,আলহামদুলিল্লাহ কম দামে ভালো প্রডাক্ট পেয়েছি,আলহামদুলিল্লাহ দামে ভালো প্রডাক্ট পেয়েছি,Positive,Price;Product Quality,,price_positive;product_quality_positive,price_positive#product_quality_positive
47561925177231,"অনেক ভালো প্রোডাক্ট , ধন্যবাদ দারাজ",ভালো প্রোডাক্ট ধন্যবাদ দারাজ,Positive,Product Quality,,product_quality_positive,product_quality_positive
47579378577231,খুব ভালো সাউন্ড।।।। খুব ভালো।।।,খুব ভালো সাউন্ড খুব ভালো,Positive,Product Quality,,product_quality_positive,product_quality_positive
47948048177231,কম দাম হিসাবে খুবই ভালো,দাম হিসাবে খুবই ভালো,Positive,Product Quality,,product_quality_positive,product_quality_positive
52871563777231,আলহামদুলিল্লাহ সব কিছু ভালোই আছে চাইলে নিতে পারেন,আলহামদুলিল্লাহ ভালোই চাইলে নিতে পারেন,Positive,Product Quality,,product_quality_positive,product_quality_positive
45964215377231,"ডেলিভারি ডেট এর আগেই পেয়ে গেছি প্রোডাক্টটা খুবই ভালো। 
আপনারাও চাইলে নিতে পারেন",ডেলিভারি ডেট এর আগেই পেয়ে গেছি প্রোডাক্টটা খুবই ভালো আপনারাও চাইলে নিতে পারেন,Positive,Delivery;Product Quality,,delivery_positive;product_quality_positive,delivery_positive#product_quality_positive
45970854477231,"প্রোডাক্টটি অনেক ভালো সকলে নিতে পারেন🥰🥰🥰।
ডেলিভারি সার্ভিস ও যথেষ্ট ভালো ছিলো।",প্রোডাক্টটি ভালো সকলে নিতে পারেন ডেলিভারি সার্ভিস ও যথেষ্ট ভালো ছিলো,Positive,Delivery;Product Quality,,delivery_positive;product_quality_positive,delivery_positive#product_quality_positive
54971263277231,ভালো নিতে পারেন । তবে বেশীক্ষণ কানে না রাখা ভালো।,ভালো নিতে পারেন বেশীক্ষণ কানে রাখা ভালো,Positive,Product Quality,,product_quality_positive,product_quality_positive
47120296577231,আলহামদুলিল্লাহ ভালো ছিলো সাউন্ড কোয়ালিটি ও ভালো😊,আলহামদুলিল্লাহ ভালো ছিলো সাউন্ড কোয়ালিটি ও ভালো,Positive,Product Quality,,product_quality_positive,product_quality_positive
47217292377231,"দাম অনুযায়ী ভাল ছিল, আপনারা চাইলে নিতে পারেন।",দাম অনুযায়ী ভাল আপনারা চাইলে নিতে পারেন,Positive,Price;Product Quality,,price_positive;product_quality_positive,price_positive#product_quality_positive
47478777477231,দাম অনুযায়ী মোটামুটি ঠিকই আছে,দাম অনুযায়ী মোটামুটি ঠিকই,Neutral,Price;Product Quality,,price_neutral;product_quality_neutral,price_neutral#product_quality_neutral
47441168677231,"খুব সুন্দর সাউন্ড কোয়ালিটি
 ঠিক আছে",খুব সুন্দর সাউন্ড কোয়ালিটি ঠিক,Positive,Product Quality,,product_quality_positive,product_quality_positive
47118270077231,একদম বাজে প্রোডাক্ট কেউ কিনবেন না 😤😤😤😤,একদম বাজে প্রোডাক্ট কেউ কিনবেন,Negative,Product Quality,Product Quality,product_quality_negative,product_quality_negative
42769618777231,অল্প বাজেটে ভালো জিনিস আপনারা সবাই নিতে পারেন,অল্প বাজেটে ভালো জিনিস আপনারা সবাই নিতে পারেন,Positive,Price;Product Quality,,price_positive;product_quality_positive,price_positive#product_quality_positive
42831638477231,আলহামদুলিল্লাহ খুব ভালো কোলিটি আপনারা চায়লে নিতে পারেন।,আলহামদুলিল্লাহ খুব ভালো কোলিটি আপনারা চায়লে নিতে পারেন,Positive,Product Quality,,product_quality_positive,product_quality_positive
53466960577231,"পণ্যটি ভালো, যেমনটা চেয়েছিলাম তেমনটা পেয়েছি",পণ্যটি ভালো যেমনটা চেয়েছিলাম তেমনটা পেয়েছি,Positive,Product Quality,,product_quality_positive,product_quality_positive
46787373077231,দুইদিন না যাইতেই এক কানের টা নষ্ট হয়ে গেছে 😡😡😡😡,দুইদিন যাইতেই এক কানের টা নষ্ট হয়ে,Negative,Product Quality,Product Quality,product_quality_negative,product_quality_negative
47264138477231,"ভালো প্রডাক্ট
সবাই নিতে পারেন",ভালো প্রডাক্ট সবাই নিতে পারেন,Positive,Product Quality,,product_quality_positive,product_quality_positive
52812481277231,একটা খুবই সুন্দর আপনারা চাইলে নিতে পারেন।,একটা খুবই সুন্দর আপনারা চাইলে নিতে পারেন,Positive,Product Quality,,product_quality_positive,product_quality_positive
45002170577231,"এত কম টাকায় ভালো একটা জিনিস ।এলইডি ডিসপ্লে 🥰খুবই ভালো ।  যেরকম দেখেছিলাম তেমনটাই পেয়েছি ।
আপনারা ১০০% নিশ্চিতভাবে নিতে পারেন এর চাইতে ভালো আর পাইবেন না 
কিন্তু মোবাইল সমস্যার জন্য কারো কাছে একটু সাউন্ড কম মনে হতে পারে । অন্য একটা মোবাইলে লাগলে তখন সাউন্ড বুঝবেন কতটা ভালো 🥰",এত টাকায় ভালো একটা জিনিস এলইডি ডিসপ্লে খুবই ভালো যেরকম দেখেছিলাম তেমনটাই পেয়েছি আপনারা ১০০ নিশ্চিতভাবে নিতে পারেন এর চাইতে ভালো পাইবেন মোবাইল সমস্যার কারো কাছে সাউন্ড মনে পারে একটা মোবাইলে লাগলে সাউন্ড বুঝবেন কতটা ভালো,Positive,Price;Product Quality,,price_positive;product_quality_positive,price_positive#product_quality_positive
44965266077231,আলহামদুলিল্লাহ। যেমনটা দেখছি ঠিক তেমনটাই পেয়েছি। অল্প টাকার ভিতরে খুব ভালো একটা ব্লুটুথ। আপনারা চাইলে নিতে পারেন। ধন্যবাদ দারাজ এবং সেলার ভাইকে।,আলহামদুলিল্লাহ যেমনটা দেখছি ঠিক তেমনটাই পেয়েছি অল্প টাকার ভিতরে খুব ভালো একটা ব্লুটুথ আপনারা চাইলে নিতে পারেন ধন্যবাদ দারাজ সেলার ভাইকে,Positive,Product Quality,,product_quality_positive,product_quality_positive
45000840977231,ভালোই আছে আমি আগে একটা নিয়ে ছিলাম আবার আর একটা নিলাম।তারিখের  আগে ডেলিভারি পেয়ে গেছে এটার জন্য সেলারকে ধন্যবাদ এবং ডেলিভারি ম্যান কে ধন্যবাদ।,ভালোই আমি আগে একটা নিয়ে ছিলাম একটা নিলাম তারিখের আগে ডেলিভারি পেয়ে এটার সেলারকে ধন্যবাদ ডেলিভারি ম্যান ধন্যবাদ,Positive,Delivery;Product Quality,,delivery_positive;product_quality_positive,delivery_positive#product_quality_positive
52358259477231,"মোটা মুটি ভালো আছে,,, চাইলে নিতে পারেন",মোটা মুটি ভালো চাইলে নিতে পারেন,Neutral,Product Quality,,product_quality_neutral,product_quality_neutral
54870671777231,দাম অনুযায়ী ভালোই। সাউন্ড কোয়ালিটিও ভালো,দাম অনুযায়ী ভালোই সাউন্ড কোয়ালিটিও ভালো,Positive,Price;Product Quality,,price_positive;product_quality_positive,price_positive#product_quality_positive
47045583877231,সব কিছু ঠিক আছে দাম অনুজায়ি ভালো 😊😊,ঠিক দাম অনুজায়ি ভালো,Positive,Price;Product Quality,,price_positive;product_quality_positive,price_positive#product_quality_positive
43938946077231,অসাধারণ প্রভাক্ট টি সবাই নিতে পারেন 100,অসাধারণ প্রভাক্ট টি সবাই নিতে পারেন 100,Positive,Product Quality,,product_quality_positive,product_quality_positive
52820606877231,অনেক ভালো একটি প্রোডাক্ট দামের তুলনায়,ভালো প্রোডাক্ট দামের তুলনায়,Positive,Price;Product Quality,,price_positive;product_quality_positive,price_positive#product_quality_positive
54922325877231,"রিভিউ  দেখে নিয়েছিলাম, ডান কানেরটা নষ্ট",রিভিউ দেখে নিয়েছিলাম ডান কানেরটা নষ্ট,Negative,Product Quality,Product Quality,product_quality_negative,product_quality_negative
44735391577231,আবারও অর্ডারে ভালো পন্য পেলাম।তবে ডেলিভারি সিস্টেম একবারেই ভালো না। চার্জ ও মিউজিক সিস্টেম ভালোই। একটি ইয়ার পডের বামটা একটু কম বাজতেছে মনে হচ্ছে। সব মিলিয়ে খারাপ না ভালোই।,আবারও অর্ডারে ভালো পন্য পেলাম ডেলিভারি সিস্টেম একবারেই ভালো চার্জ ও মিউজিক সিস্টেম ভালোই ইয়ার পডের বামটা বাজতেছে মনে মিলিয়ে খারাপ ভালোই,Neutral,Delivery;Product Quality,Delivery,delivery_negative;product_quality_positive,delivery_negative#product_quality_positive
44810807877231,"আলহামদুলিল্লাহ অনেক ভালো একটা প্রোডাক্ট প্যাকেজিং টা অনেক ভালো ছিল,  এটা সাউন্ড সিস্টেম টা অনেক অনেক ভালো,এখন দেখা যাক কত দিন ব্যবহার করতে পারি   নিঃসন্দেহে এ প্রোডাক্ট নিতে পারেন। সবাই",আলহামদুলিল্লাহ ভালো একটা প্রোডাক্ট প্যাকেজিং টা ভালো এটা সাউন্ড সিস্টেম টা ভালো দেখা যাক কত দিন ব্যবহার করতে পারি নিঃসন্দেহে এ প্রোডাক্ট নিতে পারেন সবাই,Positive,Packaging;Product Quality,,packaging_positive;product_quality_positive,packaging_positive#product_quality_positive
44740481677231,"সত্যিই অসাধারণ একটা প্রোডাক্ট 
দারাজ থেকে প্রথম কোনো কিছু নিলাম
আলহামদুলিল্লাহ সন্তুষ্ট 
আপনারা ও নিতে পারেন",সত্যিই অসাধারণ একটা প্রোডাক্ট দারাজ প্রথম নিলাম আলহামদুলিল্লাহ সন্তুষ্ট আপনারা ও নিতে পারেন,Positive,Product Quality,,product_quality_positive,product_quality_positive
44818518977231,সব কিছুই ঠিক ঠাক পাইছি। ডেলিভারি ডেটের আগেই পাইছি। কিন্তু আমার আগে আরেক জনের হাতে গিয়েছিলো প্যাকেট টা খোলা ছিলো।,কিছুই ঠিক ঠাক পাইছি ডেলিভারি ডেটের আগেই পাইছি আগে আরেক জনের হাতে গিয়েছিলো প্যাকেট টা খোলা ছিলো,Positive,Delivery;Product Quality,,delivery_positive;product_quality_positive,delivery_positive#product_quality_positive
44786694877231,প্রোডাক্টে আসলে অনেক সুন্দর এবং অনেক ভালো সেলারের ব্যাপারটা অনেক ভালো ছিল এবং ডেলিভারি ম্যান এর ব্যবহার খুব ভালো আপনারা যারা নিতে চান সবাই নিতে পারেন সমস্যা নাই ধন্যবাদ দার আজকে এত কম টাকা এত সুন্দর একটা প্রোডাক্ট দেওয়ার জন্য,প্রোডাক্টে আসলে সুন্দর ভালো সেলারের ব্যাপারটা ভালো ডেলিভারি ম্যান এর ব্যবহার খুব ভালো আপনারা যারা নিতে চান সবাই নিতে পারেন সমস্যা নাই ধন্যবাদ দার আজকে এত টাকা এত সুন্দর একটা প্রোডাক্ট দেওয়ার,Positive,Delivery;Price;Product Quality;Seller Service,,seller_service_positive;delivery_positive;price_positive;product_quality_positive,seller_service_positive#delivery_positive#price_positive#product_quality_positive
53629423777231,খুব সুন্দর কম টাকার ভেতর ভালো একটা ফোন,খুব সুন্দর টাকার ভেতর ভালো একটা ফোন,Positive,Price;Product Quality,,price_positive;product_quality_positive,price_positive#product_quality_positive
45898203277231,"এই মাত্র হতে পেলাম,,, যা ভাবছিলাম তার থেকে অনেক ভালো পেয়েছি,,ধন্যবাদ দারাজ,,",পেলাম ভাবছিলাম ভালো পেয়েছি ধন্যবাদ দারাজ,Positive,Product Quality,,product_quality_positive,product_quality_positive
52853577877231,অসাধারণ কাজ করছে অনেক ভালো প্রোডাক্ট,অসাধারণ কাজ করছে ভালো প্রোডাক্ট,Positive,Product Quality,,product_quality_positive,product_quality_positive
46467766177231,অনেক অনেক ভালো কোয়ালিটির এবং অনেক খন ধরে চার্জ টিকে,ভালো কোয়ালিটির খন ধরে চার্জ টিকে,Positive,Product Quality,,product_quality_positive,product_quality_positive
46400978177231,আলহামদুলিল্লাহ দাম অনুযায়ী প্রোডাক্ট এর মান অনেক ভালো,আলহামদুলিল্লাহ দাম অনুযায়ী প্রোডাক্ট এর মান ভালো,Positive,Price;Product Quality,,price_positive;product_quality_positive,price_positive#product_quality_positive
46411532577231,যেমনটা চেয়েছি   তেমনি পাইচি অনেক ভাল পন্ন ❤️❤️❤️❤️,যেমনটা চেয়েছি তেমনি পাইচি ভাল পন্ন,Positive,Product Quality,,product_quality_positive,product_quality_positive
54324365177231,চার্জ ওঠে না। নষ্ট প্রোডাক্ট দিছে।,চার্জ ওঠে নষ্ট প্রোডাক্ট দিছে,Negative,Product Quality,Product Quality,product_quality_negative,product_quality_negative
46072611277231,"চার্জ, সাউন্ড কোয়ালিটি ও দাম একদম ঠিক আছে৷ ব্যবহার করে মজা পাচ্ছি,",চার্জ সাউন্ড কোয়ালিটি ও দাম একদম ঠিক আছে৷ ব্যবহার মজা পাচ্ছি,Positive,Price;Product Quality,,price_positive;product_quality_positive,price_positive#product_quality_positive
46294872477231,আলহামদুলিল্লাহ সাউন্ড কোয়ালিটি ও চার্জ যথেষ্ট ভালো,আলহামদুলিল্লাহ সাউন্ড কোয়ালিটি ও চার্জ যথেষ্ট ভালো,Positive,Product Quality,,product_quality_positive,product_quality_positive
46005871777231,"অসাধারণ ভালো একটা জিনিস, ডেলিভারি ম্যানকে ধন্যবাদ।। ঠিক সময়ে পাইছি",অসাধারণ ভালো একটা জিনিস ডেলিভারি ম্যানকে ধন্যবাদ ঠিক সময়ে পাইছি,Positive,Delivery;Product Quality,,delivery_positive;product_quality_positive,delivery_positive#product_quality_positive
44378982877231,"আমি প্রথমে একটি অর্ডার করছিলাম এবং খুবই ভালো ফলাফল পেয়েছি। আমার বন্ধুরা আমারটা দেখে এই জিনিসটার প্রতি আকর্ষিত হয় এবং আমাকে টাকা দেয় অর্ডার করার জন্য এবং আমি দুইটা অর্ডার করেছি, ডেলিভারি তারিখের একদিন আগে হাতে পেয়েছি।ডেলিভারি ম্যান এর আচরণ খুবই বন্ধুত্বপূর্ণ। দারাজকে ধন্যবাদ এবং যিনি এটা সেল করেছেন তাকেও অনেক অনেক ধন্যবাদ।🥰🥰 সবশেষে একটাই কথা অসাধারণ জিনিসটা। 🫶🫶",আমি প্রথমে অর্ডার করছিলাম খুবই ভালো ফলাফল পেয়েছি বন্ধুরা আমারটা দেখে জিনিসটার আকর্ষিত হয় টাকা দেয় অর্ডার করার আমি দুইটা অর্ডার করেছি ডেলিভারি তারিখের একদিন আগে হাতে পেয়েছি ডেলিভারি ম্যান এর আচরণ খুবই বন্ধুত্বপূর্ণ দারাজকে ধন্যবাদ এটা সেল করেছেন তাকেও ধন্যবাদ সবশেষে একটাই কথা অসাধারণ জিনিসটা,Positive,Delivery;Product Quality,,delivery_positive;product_quality_positive,delivery_positive#product_quality_positive
44475729477231,দারাজ এবং সেলারকে অসংখ্য ধন্যবাদ সুন্দর একটি মনের মত প্রডাক্ট পাঠিয়ে দেওয়ার জন্য আমি যেমনটি চেয়েছি তেমনটি পেয়েছি।সব কিছু ঠিক ভাবে পেয়েছি আপনাদের আবারো ধন্যবাদ।,দারাজ সেলারকে অসংখ্য ধন্যবাদ সুন্দর মনের প্রডাক্ট পাঠিয়ে দেওয়ার আমি যেমনটি চেয়েছি তেমনটি পেয়েছি ঠিক ভাবে পেয়েছি আপনাদের আবারো ধন্যবাদ,Positive,Product Quality,,product_quality_positive,product_quality_positive
44364819477231,"আলহামদুলিল্লাহ। আমি এর আগে একটা নিয়েছিলাম অনেক ভালো হইছে, কিন্তু গ্রামে যাওয়ার পর আমার বোনের ছেলে সেটা নিয়ে গেছে। তাই ঢাকা এসেই আরেকটা অডার দেই। ভালো না হলে কি আরেকটা অডার দেই। তবে এবার ডেলিভারি অনেক তারাতাড়ি পাইছি। আপনারা নিশ্চিন্তে নিতে পারেন।",আলহামদুলিল্লাহ আমি এর আগে একটা নিয়েছিলাম ভালো হইছে গ্রামে যাওয়ার বোনের ছেলে সেটা নিয়ে তাই ঢাকা এসেই আরেকটা অডার দেই ভালো আরেকটা অডার দেই এবার ডেলিভারি তারাতাড়ি পাইছি আপনারা নিশ্চিন্তে নিতে পারেন,Positive,Delivery;Product Quality,,delivery_positive;product_quality_positive,delivery_positive#product_quality_positive
44349692277231,যতটা আশা করছি ততটা ভালো না।আশা করছি অর্জিনালটা পাবো বাট সেলার আমাকে কপি টা দিছে। এর আগে আমি এ মডেলের একটা ব্যবহার করছিলাম।আগেরটার তুলনায় এ টা অনেক হালকা ও সাউন্ড অনেক কম।বাট সে আশায় আমি ২ টা ওয়াডার করছিলাম।অবশেষ এ আমি পণ্য টা নিয়ে ঠকে গেলাম।,যতটা আশা করছি ততটা ভালো আশা করছি অর্জিনালটা পাবো বাট সেলার কপি টা দিছে এর আগে আমি এ মডেলের একটা ব্যবহার করছিলাম আগেরটার তুলনায় এ টা হালকা ও সাউন্ড বাট আশায় আমি ২ টা ওয়াডার করছিলাম অবশেষ এ আমি পণ্য টা নিয়ে ঠকে গেলাম,Negative,Product Quality,Product Quality,product_quality_negative,product_quality_negative
46406616577231,১৫ দিন ব্যবহারের পরে রিভিউ দিছি অনেক ভালো পণ্যটা,১৫ দিন ব্যবহারের রিভিউ দিছি ভালো পণ্যটা,Positive,Product Quality,,product_quality_positive,product_quality_positive
39713681777231,অনেক ভালো ছেলের সেলার ভাইয়ের ব্যবহার অনেক ভালো প্রোডাক্ট নিতে পারেন ধন্যবাদ,ভালো ছেলের সেলার ভাইয়ের ব্যবহার ভালো প্রোডাক্ট নিতে পারেন ধন্যবাদ,Positive,Product Quality;Seller Service,,seller_service_positive;product_quality_positive,seller_service_positive#product_quality_positive
44215534277231,সাউন্ড খুব একটা বেশি না।ফোনে কথা বলতে পারবেন তবে একটু জোড়ে কথা বলতে হবে। প্রাইজ অনুযায়ী এটা এভারেজ।তবে কান থেকে খুলে যায় বার বার।এই সমস্যা শুধু আমার হচ্ছে মনে হয়।,সাউন্ড খুব একটা ফোনে কথা বলতে পারবেন জোড়ে কথা বলতে প্রাইজ অনুযায়ী এটা এভারেজ কান খুলে যায় সমস্যা শুধু মনে হয়,Neutral,Price;Product Quality,,price_neutral;product_quality_neutral,price_neutral#product_quality_neutral
43935379277231,"পন্যটি অরিজিনাল নয়, কপি, কারন একই পন্য, যারা দুকান থেকে নিয়েছে তাদেরটার তুলনায় ১০গুন চার্জ কম টিকে, না হয় সেকেন্ড হেন্ড পন্য। দারাজের উপর থেকে বিশ্বাস উঠে গেল। খু্বই বাজে চার্জ টিকে, রিটার্ন দিতে চাইলাম,কিন্তু সার্বারে ইরর দেখায়।রিটার্ন নেয় না।",পন্যটি অরিজিনাল নয় কপি কারন একই পন্য যারা দুকান নিয়েছে তাদেরটার তুলনায় ১০গুন চার্জ টিকে হয় সেকেন্ড হেন্ড পন্য দারাজের উপর বিশ্বাস উঠে খু্বই বাজে চার্জ টিকে রিটার্ন দিতে চাইলাম সার্বারে ইরর দেখায় রিটার্ন নেয়,Negative,Product Quality,Product Quality,product_quality_negative,product_quality_negative
44343260877231,আসসালামু আলাইকুম প্রথমেই ডেলিভারি বয় কে ধন্যবাদ জানাই উনার ব্যবহার ও সার্ভিস খুবই ভালো এম টেন প্রোডাক্টে আমি এর আগেও নিয়েছি খুবই ভালো হয়েছে এবারও নিরাশ করে নাই ধন্যবাদ,আসসালামু আলাইকুম প্রথমেই ডেলিভারি বয় ধন্যবাদ জানাই উনার ব্যবহার ও সার্ভিস খুবই ভালো এম টেন প্রোডাক্টে আমি এর আগেও নিয়েছি খুবই ভালো হয়েছে এবারও নিরাশ নাই ধন্যবাদ,Positive,Delivery;Product Quality,,delivery_positive;product_quality_positive,delivery_positive#product_quality_positive
44324446377231,"আমি একমাস যাবত এটা ব্যবহার করছি। এখনো তেমন কোনো সমস্যা পাইনি। আমার হাত থেকে কয়েকবার পড়ে গেছে, পড়ে যাওয়া সত্ত্বেও এখনো চলছে। আর সাউন্ডটা 
ভালো।",আমি একমাস যাবত এটা ব্যবহার করছি এখনো সমস্যা পাইনি হাত কয়েকবার পড়ে পড়ে যাওয়া সত্ত্বেও এখনো চলছে সাউন্ডটা ভালো,Positive,Product Quality,,product_quality_positive,product_quality_positive
53977446877231,ভালোই চলে ধন্যবাদ দারাজ কে,ভালোই চলে ধন্যবাদ দারাজ,Positive,Product Quality,,product_quality_positive,product_quality_positive
45230978977231,"অনেক ভালো একটা প্রডাক্ট, চার্জ ও অনেক সময় থাকে, ডেলিভারি ম্যান অনেক ভালো।",ভালো একটা প্রডাক্ট চার্জ ও সময় ডেলিভারি ম্যান ভালো,Positive,Delivery;Product Quality,,delivery_positive;product_quality_positive,delivery_positive#product_quality_positive
47584531477231,ভাই আপনার প্রোডাক্ট এর মান একদম ভালো নয় দেখতে অরজিনাল হলেও ভিতরে মাল একদম ডুবলিকেট আমি আপনার কাছ থেকে আগে একবার একই পণ্য নিয়েছিলাম সেটা একদম অরিজিনাল ছিল কিন্তু এবারের অন্য একদম ডুব্লিকেট । দুইটি প্রোডাক্টের সাউন্ড এর মধ্যেও পার্থক্য রয়েছে ডুবলিকেট এর মধ্যেএকদম কম সাউন্ড । আশা করি ভবিষ্যতে আপনার প্রোডাক্টের মান উন্নত করবেন🙏🙏🙏,ভাই আপনার প্রোডাক্ট এর মান একদম ভালো নয় দেখতে অরজিনাল হলেও ভিতরে মাল একদম ডুবলিকেট আমি আপনার কাছ আগে একবার একই পণ্য নিয়েছিলাম সেটা একদম অরিজিনাল এবারের একদম ডুব্লিকেট দুইটি প্রোডাক্টের সাউন্ড এর মধ্যেও পার্থক্য রয়েছে ডুবলিকেট এর মধ্যেএকদম সাউন্ড আশা করি ভবিষ্যতে আপনার প্রোডাক্টের মান উন্নত করবেন,Negative,Product Quality,Product Quality,product_quality_negative,product_quality_negative
45986250877231,এই ফটোটা অনেক ভালো পাইছি যেরকম আশা করেছি সেরকমই পাইছি,ফটোটা ভালো পাইছি যেরকম আশা করেছি সেরকমই পাইছি,Positive,Product Quality,,product_quality_positive,product_quality_positive
46266313277231,খুব ভালো পূন্য  ডেলিভারী ম্যানের ব্যবহার ভালো,খুব ভালো পূন্য ডেলিভারী ম্যানের ব্যবহার ভালো,Positive,Delivery;Product Quality,,delivery_positive;product_quality_positive,delivery_positive#product_quality_positive
44105814277231,"১০০% সঠিক প্রোডাক্ট পেয়েছি, প্রাইস অনুযায়ী ইয়ার বাড গুলোর সাউন্ড কোয়ালিটি ও ব্যাটারি ব্যাকঅাপ বেশ ভালো। প্যাকেজিং ভালো ছিল এবং দ্রুত ডেলিভারী পেয়েছি। সেলারকে এবং দারাজকে অসংখ্য ধন্যবাদ।",১০০ সঠিক প্রোডাক্ট পেয়েছি প্রাইস অনুযায়ী ইয়ার বাড গুলোর সাউন্ড কোয়ালিটি ও ব্যাটারি ব্যাকঅাপ বেশ ভালো প্যাকেজিং ভালো দ্রুত ডেলিভারী পেয়েছি সেলারকে দারাজকে অসংখ্য ধন্যবাদ,Positive,Delivery;Packaging;Price;Product Quality,,delivery_positive;packaging_positive;price_positive;product_quality_positive,delivery_positive#packaging_positive#price_positive#product_quality_positive
44035898777231,"২:৩০ থেকে ৩ ঘন্টা চার্য থাকে আর বক্সের ১০০% চার্য করে নিলে কয়েক বার চার্য করা যাবে আশা করা যায়,, এতো কম বাজেটে সাউন্ড কোয়ালিটি ও ভালো দেখা যাচ্ছে,,  ডেলিভারি ম্যান ও খুব আন্তরিক ছিলেন 🥰🥰",২ ৩০ ৩ ঘন্টা চার্য বক্সের ১০০ চার্য নিলে কয়েক চার্য যাবে আশা যায় এতো বাজেটে সাউন্ড কোয়ালিটি ও ভালো দেখা যাচ্ছে ডেলিভারি ম্যান ও খুব আন্তরিক ছিলেন,Positive,Delivery;Price;Product Quality,,delivery_positive;price_positive;product_quality_positive,delivery_positive#price_positive#product_quality_positive
44763219477231,"প্রোডাক্টও অনুযায়ী দামটা অনেক কম কোয়ালিটি অনেক ভালো সবাই নিতে পারবেন,,, 👍👍👍👍",প্রোডাক্টও অনুযায়ী দামটা কোয়ালিটি ভালো সবাই নিতে পারবেন,Positive,Price;Product Quality,,price_positive;product_quality_positive,price_positive#product_quality_positive
45059804977231,আমি নিয়েছি মোটামুটি ভালো নিতে পারেন আজকে ১০ দিন ব্যবহার করার পর রিপোর্ট দিলাম।,আমি নিয়েছি মোটামুটি ভালো নিতে পারেন আজকে ১০ দিন ব্যবহার করার রিপোর্ট দিলাম,Neutral,Product Quality,,product_quality_neutral,product_quality_neutral
45418395777231,"যেমন চেয়ে ছিলাম ঠিক তেমনটাই পেয়েছি 
আপনার চাইলে নিতে পারেন",চেয়ে ছিলাম ঠিক তেমনটাই পেয়েছি আপনার চাইলে নিতে পারেন,Positive,Product Quality,,product_quality_positive,product_quality_positive
47516078077231,"ভালোই চার্জের দিক থেকে।
 প্রথম প্রথম তো ভালো লাগলো.. 
কিন্তু গানের বেজ হচ্ছে  না।
অটোটিউন বেশি।
যারা অটোটিউন পছন্দ করে তাদের জন্য ভালো।
পার্সোনাল রেটিং ৮/১০",ভালোই চার্জের দিক প্রথম প্রথম তো ভালো লাগলো গানের বেজ অটোটিউন যারা অটোটিউন পছন্দ ভালো পার্সোনাল রেটিং ৮ ১০,Positive,Product Quality,,product_quality_positive,product_quality_positive
43829462677231,দাম অনুযায়ী অনেক ভালো।। ডেলিভারি ও তাড়াতাড়ি পেয়েছি।  সাওন্ড কোয়ালিটি ও ভালো দাম অনুযায়ী। কেউ চাইলে নিতে পারেন।,দাম অনুযায়ী ভালো ডেলিভারি ও তাড়াতাড়ি পেয়েছি সাওন্ড কোয়ালিটি ও ভালো দাম অনুযায়ী কেউ চাইলে নিতে পারেন,Positive,Delivery;Price;Product Quality,,delivery_positive;price_positive;product_quality_positive,delivery_positive#price_positive#product_quality_positive
43831800477231,আলহামদুলিল্লাহ চার্জ ভালো সাউন্ড সিস্টেম ভালো মাইক্রোফোন এর কথা বলতে গেলে সমস্যা হচ্ছে বাকি সবকিছুই ভালো,আলহামদুলিল্লাহ চার্জ ভালো সাউন্ড সিস্টেম ভালো মাইক্রোফোন এর কথা বলতে সমস্যা বাকি সবকিছুই ভালো,Positive,Product Quality,,product_quality_positive,product_quality_positive
43911651277231,"ভালো প্রোডাক্ট,,, 
সাজেস্ট করার মতো,,,
ডেলিভারি ভাইয়ার ব্যবহার অতুলনীয়,,, 
ধন্যবাদ সেলার, ডেলিভারি ভাই আর দারাজ বাংলাদেশকে,,,",ভালো প্রোডাক্ট সাজেস্ট করার ডেলিভারি ভাইয়ার ব্যবহার অতুলনীয় ধন্যবাদ সেলার ডেলিভারি ভাই দারাজ বাংলাদেশকে,Positive,Delivery;Product Quality,,delivery_positive;product_quality_positive,delivery_positive#product_quality_positive
43768850277231,৩ দিন পর পেলাম। ডেলিভারি ম্যানও আন্তরিক ছিল।আমার আগের টার থেকে দ্রুত পেয়েছি। প্রডাক্টটি ভালই।দ্বিতীয় বার অর্ডারে সন্তুষ্ট। ধন্যবাদ দারাজ।,৩ দিন পেলাম ডেলিভারি ম্যানও আন্তরিক আগের টার দ্রুত পেয়েছি প্রডাক্টটি ভালই দ্বিতীয় অর্ডারে সন্তুষ্ট ধন্যবাদ দারাজ,Positive,Delivery;Product Quality,,delivery_positive;product_quality_positive,delivery_positive#product_quality_positive
43915331277231,ভাল লেগেছে।লাইটিং গুলো সুন্দর।দাম হিসেবে ভালই লেগেছে।কম দামে ভালই পণ্য টা।বক্স টা বড় একটু।সব মিলে কিনতে পারেন সবাই।,ভাল লেগেছে লাইটিং গুলো সুন্দর দাম হিসেবে ভালই লেগেছে দামে ভালই পণ্য টা বক্স টা বড় মিলে কিনতে পারেন সবাই,Positive,Price;Product Quality,,price_positive;product_quality_positive,price_positive#product_quality_positive
43885376277231,পন্যটি যেরকম চেয়েছিলাম ঠিক তেমন ই পেয়েছি... অল্প টাকায়   ভেতর এই রকম পন্য পাব ভাবতে পারিনি... আপনারা চাইলে নিতে পারেন.. ব্যাটারি লং টাইম সারভিস দেয়... সেলার ভাই কে ধন্যবাদ এবং সেলার ভাইয়ের জন্য শুভকামনা রইল...,পন্যটি যেরকম চেয়েছিলাম ঠিক ই পেয়েছি অল্প টাকায় ভেতর রকম পন্য পাব ভাবতে পারিনি আপনারা চাইলে নিতে পারেন ব্যাটারি লং টাইম সারভিস দেয় সেলার ভাই ধন্যবাদ সেলার ভাইয়ের শুভকামনা রইল,Positive,Product Quality,,product_quality_positive,product_quality_positive
43815095277231,এই প্রাইজে এত ভালো প্রোডাক্ট পাবো আশাই করিনি। ৬ থেকে সাড়ে ৬ ঘন্টা একটানা চালাইছি। খুব‌ই ভালো একটা প্রোডাক্ট।,প্রাইজে এত ভালো প্রোডাক্ট পাবো আশাই করিনি ৬ সাড়ে ৬ ঘন্টা একটানা চালাইছি খুবই ভালো একটা প্রোডাক্ট,Positive,Price;Product Quality,,price_positive;product_quality_positive,price_positive#product_quality_positive
46464644177231,হেডফোনটি ভালো আছে সবাই নিতে পারেন,হেডফোনটি ভালো সবাই নিতে পারেন,Positive,Product Quality,,product_quality_positive,product_quality_positive
46835912277231,খুব ভালো কেউ চাইলে নিতে পারেন,খুব ভালো কেউ চাইলে নিতে পারেন,Positive,Product Quality,,product_quality_positive,product_quality_positive
43697395977231,"আজকেই প্রোডাক্টা হাতে পেলাম 
সাউন্ড কোয়ালিটি দাম অনুযায়ী প্রোডাক্টটা ভালোই
সাউন্ড কোয়ালিটি দেয় আর ব্যাটারি ব্যাকআপ ও ২-৩ ঘণ্টার মতো আর বক্সে তিন থেকে চারবার চাষ করে চালানো যাবে
আসলেই দাম অনুযায়ী প্রোডাক্টটি খুবই ভালো",আজকেই প্রোডাক্টা হাতে পেলাম সাউন্ড কোয়ালিটি দাম অনুযায়ী প্রোডাক্টটা ভালোই সাউন্ড কোয়ালিটি দেয় ব্যাটারি ব্যাকআপ ও ২ ৩ ঘণ্টার বক্সে তিন চারবার চাষ চালানো যাবে আসলেই দাম অনুযায়ী প্রোডাক্টটি খুবই ভালো,Positive,Price;Product Quality,,price_positive;product_quality_positive,price_positive#product_quality_positive
43727969877231,১৫ দিনের মতো ব্যবহার করে রিভিউ দিচ্ছি। কমদামের মধ্যে এই বার্ডস গুলো অনেক সুন্দর। বার্ডস এর চার্জিং ব্যাকআপ ২-২.৫ ঘন্টা।আর বক্স থেকে চার্জ করা যায় তিন থেকে চার বার। কম দামের মধ্যে এটা সত্যিই অনেক ভালো। ধন্যবাদ সেলার কে ❤️,১৫ দিনের ব্যবহার রিভিউ দিচ্ছি কমদামের মধ্যে বার্ডস গুলো সুন্দর বার্ডস এর চার্জিং ব্যাকআপ ২ ২ ৫ ঘন্টা বক্স চার্জ যায় তিন চার দামের মধ্যে এটা সত্যিই ভালো ধন্যবাদ সেলার,Positive,Price;Product Quality,,price_positive;product_quality_positive,price_positive#product_quality_positive
43590726777231,এই পণ্য টি আজ হাতে পেয়েছি  সাউন্ড  কোয়ালিটিও ভালো। চার্জ সার্ভিস ও ভালো হবে ব্যবহার করে বুঝতে পারলাম। দাম ও ওনেক কম ।  আশা অনুরুপ  পেয়েছি  আলহামদুলিল্লাহ ।  ডেলিভারি ম্যান ও ওনেক ভালো,পণ্য টি আজ হাতে পেয়েছি সাউন্ড কোয়ালিটিও ভালো চার্জ সার্ভিস ও ভালো ব্যবহার বুঝতে পারলাম দাম ও ওনেক আশা অনুরুপ পেয়েছি আলহামদুলিল্লাহ ডেলিভারি ম্যান ও ওনেক ভালো,Positive,Delivery;Price;Product Quality,,delivery_positive;price_positive;product_quality_positive,delivery_positive#price_positive#product_quality_positive
44133453877231,আলহামদুলিল্লাহ যেমন প্রডাক্ট চেয়েছিলাম তেমনি পাইছি এবং এর সাউন্ড কোয়ালিটি মাশাল্লাহ অনেক ভালো,আলহামদুলিল্লাহ প্রডাক্ট চেয়েছিলাম তেমনি পাইছি এর সাউন্ড কোয়ালিটি মাশাল্লাহ ভালো,Positive,Product Quality,,product_quality_positive,product_quality_positive
44773969177231,পন্যের ডেলিভারিতে একটু দেরি হয়েছে কিন্তু দাম অনুযায়ী পন্যের মান ভালো লেগেছে।,পন্যের ডেলিভারিতে দেরি হয়েছে দাম অনুযায়ী পন্যের মান ভালো লেগেছে,Positive,Delivery;Product Quality,,delivery_neutral;product_quality_neutral;product_quality_positive,delivery_neutral#product_quality_neutral#product_quality_positive
44735831577231,ভালোই পন্য।চাইলে আপনারাও নিতে পারেন।কিন্তু ডেলিভারি সিস্টেম টা উন্নত করা উচিত।,ভালোই পন্য চাইলে আপনারাও নিতে পারেন ডেলিভারি সিস্টেম টা উন্নত উচিত,Neutral,Delivery;Product Quality,Delivery,delivery_negative;product_quality_positive,delivery_negative#product_quality_positive
43294847777231,প্রথমেয় বলি সেলার ভাইয়ের ব‍্যবহার অনেক ভালো এই মাত্র প্রোডাক্টটি হাতে পেলাম এক কথাই অসাধারণ আর দারাজ কে অসংখ্য ধন্যবাদ এতো ভালো একটা প্রোডাক্ট দেওয়ার জন্য,প্রথমেয় বলি সেলার ভাইয়ের ব্যবহার ভালো প্রোডাক্টটি হাতে পেলাম এক কথাই অসাধারণ দারাজ অসংখ্য ধন্যবাদ এতো ভালো একটা প্রোডাক্ট দেওয়ার,Positive,Product Quality;Seller Service,,seller_service_positive;product_quality_positive,seller_service_positive#product_quality_positive
43420294177231,"এই দামের মধ্যে প্রোডাক্টটি খুবই ভালো ছিল😍 সাউন্ড কোয়ালিটি ও অনেক ভালো 😍 আর ডেলিভারি ম্যান এর ব্যবহার ও খুবই ভালো ছিল , খুবই ফ্রেন্ডলি ছিল 😇😇 সেলার ও ডেলিভারি ম্যান কে অনেক ধন্যবাদ😇😇",দামের মধ্যে প্রোডাক্টটি খুবই ভালো সাউন্ড কোয়ালিটি ও ভালো ডেলিভারি ম্যান এর ব্যবহার ও খুবই ভালো খুবই ফ্রেন্ডলি সেলার ও ডেলিভারি ম্যান ধন্যবাদ,Positive,Delivery;Price;Product Quality,,delivery_positive;price_positive;product_quality_positive,delivery_positive#price_positive#product_quality_positive
43363111777231,"দাম অনুযায়ী প্রোডাক্ট খুবই ভালো 🔥🔥
যেকেউ নিতে পারেন। 💞💞
সেলার ভাইকে ধন্যবাদ।
আমি আর আমার বন্ধু ২জনে নিছি বন্ধুর টা ১০০% ওকে। আমারটায় শুধু একটু সমস্যা আছে,, উপরের গ্লাসটা মোটা, তাই বক্স ঢেকে রাখলে ডিসপ্লের লাইট দেখা যায় না। এজন্য রিটার্ন করেছি।",দাম অনুযায়ী প্রোডাক্ট খুবই ভালো যেকেউ নিতে পারেন সেলার ভাইকে ধন্যবাদ আমি বন্ধু ২জনে নিছি বন্ধুর টা ১০০ ওকে আমারটায় শুধু সমস্যা উপরের গ্লাসটা মোটা তাই বক্স ঢেকে রাখলে ডিসপ্লের লাইট দেখা যায় এজন্য রিটার্ন করেছি,Positive,Price;Product Quality,,price_positive;product_quality_positive,price_positive#product_quality_positive
43546833477231,প্রোডাক্টটা অনেক ভালো। দাম হিসেবে বেশ ভালই এর সাউন্ড। কিন্তু চার্জ কম থাকে । 🥰🥰🥰🥰 আপনারা চাইলে নিতে পারেন,প্রোডাক্টটা ভালো দাম হিসেবে বেশ ভালই এর সাউন্ড চার্জ আপনারা চাইলে নিতে পারেন,Positive,Price;Product Quality,,price_positive;product_quality_positive,price_positive#product_quality_positive
43348802277231,"এক কথায় অসাধারণ,🥰
এই দামে এত সুন্দর প্রোডাক্টস সত্যি অনেক ভালো লাগছে প্রোডাক্টস টা।

সেলার রেসপন্স ও অনেক ভালো,,,
🥰🥰🥰",এক কথায় অসাধারণ দামে এত সুন্দর প্রোডাক্টস সত্যি ভালো লাগছে প্রোডাক্টস টা সেলার রেসপন্স ও ভালো,Positive,Price;Product Quality;Seller Service,,seller_service_positive;price_positive;product_quality_positive,seller_service_positive#price_positive#product_quality_positive
43362177177231,"ধন্যবাদ,, দারাজ অনেক ভালো একটা প্রোডাক্টস দিবার জন্য,,, কম টাকায় ভালো প্রোডাক্টস,,,আমি আর একটি অর্ডার করছি",ধন্যবাদ দারাজ ভালো একটা প্রোডাক্টস দিবার টাকায় ভালো প্রোডাক্টস আমি অর্ডার করছি,Positive,Price;Product Quality,,price_positive;product_quality_positive,price_positive#product_quality_positive
45892105277231,প্রডাক্ট টা খুব ভালো। সাউন্ড কোয়ালিটি অনেক ভালো,প্রডাক্ট টা খুব ভালো সাউন্ড কোয়ালিটি ভালো,Positive,Product Quality,,product_quality_positive,product_quality_positive
44228396977231,আলহামদুলিল্লাহ যথা সময়ে ওর্ডার পেয়েছি। প্রডাক্ট যেমন আশা করেছিলাম তেমনি পেয়েছি।,আলহামদুলিল্লাহ যথা সময়ে ওর্ডার পেয়েছি প্রডাক্ট আশা করেছিলাম তেমনি পেয়েছি,Positive,Delivery;Product Quality,,delivery_positive;product_quality_positive,delivery_positive#product_quality_positive
44254580177231,আজকে হাতে পাইলাম এবং চেক করে দেখলাম খুবই ভালো। আপনারা সবাই নিশন্দেহে নিতে পারেন।,আজকে হাতে পাইলাম চেক দেখলাম খুবই ভালো আপনারা সবাই নিশন্দেহে নিতে পারেন,Positive,Product Quality,,product_quality_positive,product_quality_positive
46552004877231,খুবই ভালো চাইলে নিতে পারেন,খুবই ভালো চাইলে নিতে পারেন,Positive,Product Quality,,product_quality_positive,product_quality_positive
43089641577231,"আলহামদুলিল্লাহ, হাতে পেয়েছি,ডেলিভারি ম্যান এর ব্যাবহার খুব ভালো,পন্য খবেই ভালো,সাউন্ড  ক্লিয়ার।এত কম দামে ভালো পণ্য পেয়েছি।",আলহামদুলিল্লাহ হাতে পেয়েছি ডেলিভারি ম্যান এর ব্যাবহার খুব ভালো পন্য খবেই ভালো সাউন্ড ক্লিয়ার এত দামে ভালো পণ্য পেয়েছি,Positive,Delivery;Price;Product Quality,,delivery_positive;price_positive;product_quality_positive,delivery_positive#price_positive#product_quality_positive
42899928577231,এই দামে অনেক ভালো একাটা জিনিষ সবাই নিতে পরেন সাউন্ড কলেটি অনেক ভালো ডেলিবারি ভাইয়া টা অনেক ভালো 🥰🥰🥰,দামে ভালো একাটা জিনিষ সবাই নিতে পরেন সাউন্ড কলেটি ভালো ডেলিবারি ভাইয়া টা ভালো,Positive,Delivery;Price;Product Quality,,delivery_positive;price_positive;product_quality_positive,delivery_positive#price_positive#product_quality_positive
43087530377231,আলহামদুলিল্লাহ জিনিস মোটামুটি ভালো খারাপ না এই দামে আলহামদুলিল্লাহ ভালো জিনিস পাইছি প্রায় এক মাস চলাইলাম তারপর রিভিউ দিতেছি,আলহামদুলিল্লাহ জিনিস মোটামুটি ভালো খারাপ দামে আলহামদুলিল্লাহ ভালো জিনিস পাইছি প্রায় এক মাস চলাইলাম তারপর রিভিউ দিতেছি,Neutral,Price;Product Quality,,price_neutral;product_quality_neutral,price_neutral#product_quality_neutral
43098325477231,জাস্ট অসাধারণ একটি প্রোডাক্ট।  সেলারের রেসপন্স খুবই ভালো।  সাউন্ড কোয়ালিটি টা একটু কম। তবে এতো অল্প টাকায় এর চেয়ে বেশী আশা করা যায় না। ওভারঅল রিকমন্ডেড। ♥️,জাস্ট অসাধারণ প্রোডাক্ট সেলারের রেসপন্স খুবই ভালো সাউন্ড কোয়ালিটি টা এতো অল্প টাকায় এর চেয়ে বেশী আশা যায় ওভারঅল রিকমন্ডেড,Positive,Price;Product Quality;Seller Service,,seller_service_positive;price_positive;product_quality_positive,seller_service_positive#price_positive#product_quality_positive
43001596677231,"এই দামে এটা একটা ভাল পণ্য,  চার্জ ভাল থাকে, ,  খুব  তাড়াতাড়ি  হাতে পেয়েছি ,  ডেলিভারিত ভাইয়ের  ব্যাবহার খুব ভাল ছিল",দামে এটা একটা ভাল পণ্য চার্জ ভাল খুব তাড়াতাড়ি হাতে পেয়েছি ডেলিভারিত ভাইয়ের ব্যাবহার খুব ভাল,Positive,Delivery;Product Quality,,delivery_positive;product_quality_positive,delivery_positive#product_quality_positive
43018556877231,"একদম খারাপ না।
সাউন্ড একটু কম মনে হচ্ছে।

তবে 339 টাকা দিয়ে নেওয়া হয়েছে এবং ডেলিভারি চার্জ ফ্রি পড়েছে এজন্য ভালোই হয়েছে।",একদম খারাপ সাউন্ড মনে 339 টাকা দিয়ে নেওয়া হয়েছে ডেলিভারি চার্জ ফ্রি পড়েছে এজন্য ভালোই হয়েছে,Positive,Price;Product Quality,,price_positive;product_quality_neutral,price_positive#product_quality_neutral
43104486977231,"৩দিন ব্যবহার করে রিভিউ দিচ্ছি, আলহামদুলিল্লাহ অরিজিনাল পণ্যটি পেয়েছি, সাউন্ড কোয়ালিটি ব্যাটারি ব্যাকাপ দাম অনুযায়ী ঠিকঠাক আছে।",৩দিন ব্যবহার রিভিউ দিচ্ছি আলহামদুলিল্লাহ অরিজিনাল পণ্যটি পেয়েছি সাউন্ড কোয়ালিটি ব্যাটারি ব্যাকাপ দাম অনুযায়ী ঠিকঠাক,Positive,Price;Product Quality,,price_neutral;product_quality_positive,price_neutral#product_quality_positive
42992275677231,২ দিনের মাঝেই পেয়ে গেছি। প্রোডাক্টটি দাম অনুযায়ী খুব ভালো মনে হল। ৪ দিন ব্যবহার করে রিভিউ দিলাম। আপনারা নিতে পারেন।,২ দিনের মাঝেই পেয়ে গেছি প্রোডাক্টটি দাম অনুযায়ী খুব ভালো মনে হল ৪ দিন ব্যবহার রিভিউ দিলাম আপনারা নিতে পারেন,Positive,Delivery;Price;Product Quality,,delivery_positive;price_positive;product_quality_positive,delivery_positive#price_positive#product_quality_positive
42924482477231,২ দিন ব্যবহার করার পর রিবিউ দিলাম। ভালোই চার্জ বেকাপ দেয়। ১ বার চার্জ দিলে ইয়ার বাট ৭-৮ বার ফুল করা যায়। ইয়ারবাটে ৩-৪ ঘন্টা টানা গান শোনা যায়। চাইলো নিতে পারেন৷ সেলার কে ধন্যবাদ।,২ দিন ব্যবহার করার রিবিউ দিলাম ভালোই চার্জ বেকাপ দেয় ১ চার্জ দিলে ইয়ার বাট ৭ ৮ ফুল যায় ইয়ারবাটে ৩ ৪ ঘন্টা টানা গান শোনা যায় চাইলো নিতে পারেন৷ সেলার ধন্যবাদ,Positive,Product Quality,,product_quality_positive,product_quality_positive
43011686877231,১১-১১-২০২৩  অর্ডার  করেছি  আর হাতে পেয়েছি  ১৫-১১-২০২৩  এতো কম টাকায় এতো ভালো জিনিস খুব  কম পাওয়া  যায়  তবে এর চার্জ কতদিন ঠিকঠাক কাজ  করবে জানি না সেলার ভাই  বলেছেন  ৪ ঘন্টা  বক্স সহ ডারাজে এইটাই  প্রথম  অর্ডার  করেছি  যেমনটা  দেখেছি  তেমনটাই পেয়েছি  ধন্যবাদ  ডারাজকে🥰🥰,১১ ১১ ২০২৩ অর্ডার করেছি হাতে পেয়েছি ১৫ ১১ ২০২৩ এতো টাকায় এতো ভালো জিনিস খুব পাওয়া যায় এর চার্জ কতদিন ঠিকঠাক কাজ করবে জানি সেলার ভাই বলেছেন ৪ ঘন্টা বক্স সহ ডারাজে এইটাই প্রথম অর্ডার করেছি যেমনটা দেখেছি তেমনটাই পেয়েছি ধন্যবাদ ডারাজকে,Positive,Delivery;Price;Product Quality,,delivery_positive;price_positive;product_quality_positive,delivery_positive#price_positive#product_quality_positive
42838377077231,"প্রোডাক্ট খুবই ভালো।
সাউন্ড কোয়ালিটি ভালো,,, মাইক্রোফোন কোয়ালিটিও ভালো,,,
ওভারঅল গুড হেডফোন,,,",প্রোডাক্ট খুবই ভালো সাউন্ড কোয়ালিটি ভালো মাইক্রোফোন কোয়ালিটিও ভালো ওভারঅল গুড হেডফোন,Positive,Product Quality,,product_quality_positive,product_quality_positive
43206059577231,এখনও পর্যন্ত ভালো সার্ভিস দিচ্ছে। প্রডাক্ট কোয়ালিটি ভালো।চার্জ থাকে ভালোই। ইউজ করি কম।তবে চার্জিং প্লাগ টা একটু ভিতরে আর নরমাল। এটা একটু মজবুত হলে পুরো পারফেক্ট। দেখা যাক কত দিন টেকে,এখনও পর্যন্ত ভালো সার্ভিস দিচ্ছে প্রডাক্ট কোয়ালিটি ভালো চার্জ ভালোই ইউজ করি চার্জিং প্লাগ টা ভিতরে নরমাল এটা মজবুত পুরো পারফেক্ট দেখা যাক কত দিন টেকে,Positive,Product Quality,,product_quality_positive,product_quality_positive
42935576577231,"৩ দিন পর রিভিও দিলাম 
যতোটুকু  আশা করেছিলাম  তার থেকেও বেশি  পেয়েছি।
কারণ  বর্তমান  এর যেই বাজার  কোন  জায়গায় এতো কম মূল্যে দিতে পারবে না।
(ধন্যবাদ সেলার কে)",৩ দিন রিভিও দিলাম যতোটুকু আশা করেছিলাম থেকেও পেয়েছি বর্তমান এর যেই বাজার জায়গায় এতো মূল্যে দিতে পারবে ধন্যবাদ সেলার,Positive,Price;Product Quality,,price_positive;product_quality_positive,price_positive#product_quality_positive
42919760277231,আচ্ছা একটা করার রিভিউ দি প্রোডাক্টটি খুবই সুন্দর পার্সোনালি আমার খুবই ভালো লেগেছে আপনারা চাইলে ট্রাই করতে পারেন ধন্যবাদ দারাজকে এবং সেলার কে,আচ্ছা একটা করার রিভিউ দি প্রোডাক্টটি খুবই সুন্দর পার্সোনালি খুবই ভালো লেগেছে আপনারা চাইলে ট্রাই করতে পারেন ধন্যবাদ দারাজকে সেলার,Positive,Product Quality,,product_quality_positive,product_quality_positive
45291834577231,প্রোডাক্টটা অনেক ভালো। আপনারা নিতে চাইলে নিতে পারেন।,প্রোডাক্টটা ভালো আপনারা নিতে চাইলে নিতে পারেন,Positive,Product Quality,,product_quality_positive,product_quality_positive
45735605677231,"খুব সুন্দর একটি প্রোডাক্ট 🥰
ধন্যবাদ দারাজ 💥",খুব সুন্দর প্রোডাক্ট ধন্যবাদ দারাজ,Positive,Product Quality,,product_quality_positive,product_quality_positive
44059228977231,মোটামুটি খারাপ না দাম হিসেবে চলে ভাউচার দিয়ে অনেক কম পড়ছে ধন্যবাদ সেলাকে। 💚🥀,মোটামুটি খারাপ দাম হিসেবে চলে ভাউচার দিয়ে পড়ছে ধন্যবাদ সেলাকে,Neutral,Price;Product Quality,,price_neutral;product_quality_neutral,price_neutral#product_quality_neutral
42605871477231,খুব ভালো লেগেছে। সাউন্ড কোয়ালিটি ভালো। আর কথা বলতেও সুবিধা। ব্যাবহার করেই রিভিউ দিলাম। প্রাইস অনুযায়ী এটা বেস্ট। ভ্যালু ফর মানি। ধন্যবাদ দারাজ এবং সেলারকে। প্যাকেজিং ৯/১০।,খুব ভালো লেগেছে সাউন্ড কোয়ালিটি ভালো কথা বলতেও সুবিধা ব্যাবহার করেই রিভিউ দিলাম প্রাইস অনুযায়ী এটা বেস্ট ভ্যালু ফর মানি ধন্যবাদ দারাজ সেলারকে প্যাকেজিং ৯ ১০,Positive,Packaging;Price;Product Quality,,packaging_positive;price_positive;product_quality_positive,packaging_positive#price_positive#product_quality_positive
42634677577231,"এই দামে এর থেকে ভালো প্রডাক্ট আর হয় না। 
২টাই বাজে। ভালো সাউন্ড পাওয়া যায়।
সেলার রাজু ভাইয়ের ব্যবহার ও ভালো",দামে এর ভালো প্রডাক্ট হয় ২টাই বাজে ভালো সাউন্ড পাওয়া যায় সেলার রাজু ভাইয়ের ব্যবহার ও ভালো,Positive,Price;Product Quality;Seller Service,,seller_service_positive;price_positive;product_quality_positive,seller_service_positive#price_positive#product_quality_positive
42696399877231,"⭐⭐⭐⭐⭐
একেবারে অসাধারণ বিল্ট কোয়ালিটি,
সাউন্ড কোয়ালিটি ভালো,
বডি ডিজাইন এক্সট্রিম কোয়ালিটি(একটু ভিন্ন মানে আরো ভালো),
প্যাকেজিং সুন্দর,
আলহামদুলিল্লাহ খুব ভালো জিনিস
নিতে পারেন 💯💯",একেবারে অসাধারণ বিল্ট কোয়ালিটি সাউন্ড কোয়ালিটি ভালো বডি ডিজাইন এক্সট্রিম কোয়ালিটি ভিন্ন মানে আরো ভালো প্যাকেজিং সুন্দর আলহামদুলিল্লাহ খুব ভালো জিনিস নিতে পারেন,Positive,Packaging;Product Quality,,packaging_positive;product_quality_positive,packaging_positive#product_quality_positive
42546110277231,"এক কথাই অসাধারণ ভাই, এমন ভালো জিনিস যদি দেয় আমার মতে সবাই নিতে পারেন ঠকবেন না ১০০% আমি আজকে হাতে পেলাম টানা তিনঘণ্টা চালানোর পর চার্জ শেষ হয়,  সব ঠিক ঠাক ছিলো, ধন্যবাদ দারাজকে",এক কথাই অসাধারণ ভাই ভালো জিনিস যদি দেয় মতে সবাই নিতে পারেন ঠকবেন ১০০ আমি আজকে হাতে পেলাম টানা তিনঘণ্টা চালানোর চার্জ শেষ হয় ঠিক ঠাক ছিলো ধন্যবাদ দারাজকে,Positive,Product Quality,,product_quality_positive,product_quality_positive
42698534377231,"এই ব্লুটুথ একেবারে বাজে প্রচুর শব্দ হয় কথা বলা অবস্থায় আমার কথা অন্যজন একেবারেই বোঝেনা প্রচুর শব্দ হয়
এরা ধুকা বাজ",ব্লুটুথ একেবারে বাজে প্রচুর শব্দ হয় কথা বলা অবস্থায় কথা অন্যজন একেবারেই বোঝেনা প্রচুর শব্দ হয় এরা ধুকা বাজ,Negative,Product Quality,Product Quality,product_quality_negative,product_quality_negative
43299753077231,এ বাজেটের মধ্যে আমি যেমন চেয়েছি ঠিক তেমনি পেয়েছি খুব ভালো এটা কেউ নিতে চায়লে নিতে পারেন।,এ বাজেটের মধ্যে আমি চেয়েছি ঠিক তেমনি পেয়েছি খুব ভালো এটা কেউ নিতে চায়লে নিতে পারেন,Positive,Price;Product Quality,,price_positive;product_quality_positive,price_positive#product_quality_positive
43907515777231,"আলহামদুলিল্লাহ, সাউন্ড কোয়ালিটি, চার্জার, কথাবলা সবকিছুই ভালো,  ধন্যবাদ দারাজকে।",আলহামদুলিল্লাহ সাউন্ড কোয়ালিটি চার্জার কথাবলা সবকিছুই ভালো ধন্যবাদ দারাজকে,Positive,Product Quality,,product_quality_positive,product_quality_positive
43662363377231,"একদমই বাজে দুইদিনেই নষ্ট হয়ে গেছে, চার্জ নিচ্ছেনা ডিজিটাল ডিসপ্লেও নষ্ট হয়ে গেছে।",একদমই বাজে দুইদিনেই নষ্ট হয়ে চার্জ নিচ্ছেনা ডিজিটাল ডিসপ্লেও নষ্ট হয়ে,Negative,Product Quality,Product Quality,product_quality_negative,product_quality_negative
42392663877231,আমার কাছে খুব ভালো লেগেছে। অনেক সুন্দর। যরা ব্লুটুথ হেডফোন নিবেন ভাবছেন তারা চোখ বুজে এটা নিতে পারেন।,কাছে খুব ভালো লেগেছে সুন্দর যরা ব্লুটুথ হেডফোন নিবেন ভাবছেন চোখ বুজে এটা নিতে পারেন,Positive,Product Quality,,product_quality_positive,product_quality_positive
42425394377231,"দাম অনুযায়ী ভালো। বিট একটু কম লাগলো।
বক্স ফুল চার্জ এ ২-৩ বার বার্ডস চার্জ দেয়া যায়।
১ বার চার্জ এ ফুল সাউন্ড এ ১ঘন্টা ৪৫মিন. থেকে ২  ঘন্টা চলে।সাউন্ড ভালো।
৩ দিন এ ডেলিভারি পাইছি।
ডেলিভারি ম্যান এর ব্যবহার ও অনেক ভালো ছিলো।",দাম অনুযায়ী ভালো বিট লাগলো বক্স ফুল চার্জ এ ২ ৩ বার্ডস চার্জ দেয়া যায় ১ চার্জ এ ফুল সাউন্ড এ ১ঘন্টা ৪৫মিন ২ ঘন্টা চলে সাউন্ড ভালো ৩ দিন এ ডেলিভারি পাইছি ডেলিভারি ম্যান এর ব্যবহার ও ভালো ছিলো,Positive,Delivery;Price;Product Quality,,delivery_positive;price_positive;product_quality_positive,delivery_positive#price_positive#product_quality_positive
42267798977231,সব মিলিয়ে সুন্দর একটা প্রোডাক্ট..... সাউন্ড কোয়ালিটি অনেক ভালো। সবাই নিতে পারেন। ধন্যবাদ দারাজ সেলার কে।,মিলিয়ে সুন্দর একটা প্রোডাক্ট সাউন্ড কোয়ালিটি ভালো সবাই নিতে পারেন ধন্যবাদ দারাজ সেলার,Positive,Product Quality,,product_quality_positive,product_quality_positive
42314853177231,"আলহামদুলিল্লাহ। কেনার আগে যেমন দেখেছি, তেমন ই হাতে পেয়েছি। অর্ডার করার ২ দিনের মধ্যেই ডেলিভারি পেয়েছি। সাউন্ড কোয়ালিটিও অনেক ভালো। দেখা যাক কতদিন চালাতে পারি।",আলহামদুলিল্লাহ কেনার আগে দেখেছি ই হাতে পেয়েছি অর্ডার করার ২ দিনের মধ্যেই ডেলিভারি পেয়েছি সাউন্ড কোয়ালিটিও ভালো দেখা যাক কতদিন চালাতে পারি,Positive,Delivery;Product Quality,,delivery_positive;product_quality_positive,delivery_positive#product_quality_positive
43044440677231,দাম অনুসারে ভাল পণ্য।  চার্জ একটু তাড়াতাড়ি চলে যায়। কিন্তু এই প্রাইসে এটা মানা যায়। সেটিসফাইড।,দাম অনুসারে ভাল পণ্য চার্জ তাড়াতাড়ি চলে যায় প্রাইসে এটা মানা যায় সেটিসফাইড,Positive,Price;Product Quality,,price_positive;product_quality_positive,price_positive#product_quality_positive
42835700077231,কম বাজেটের মধ্যে একটি ভালো প্রোডাক্ট পেয়েছি। আলহামদুলিল্লাহ। যা ভেবেছিলাম তার থেকে অনেক ভালো।,বাজেটের মধ্যে ভালো প্রোডাক্ট পেয়েছি আলহামদুলিল্লাহ ভেবেছিলাম ভালো,Positive,Price;Product Quality,,price_positive;product_quality_positive,price_positive#product_quality_positive
42981663977231,"সাউন্ড কোয়ালিটি খুব ভলো দেখতে অরিজিনাল মনে হয় আমার কাছে
তবে একটা ইয়ার বাড ডিলা বাট চলে",সাউন্ড কোয়ালিটি খুব ভলো দেখতে অরিজিনাল মনে হয় কাছে একটা ইয়ার বাড ডিলা বাট চলে,Positive,Product Quality,,product_quality_positive,product_quality_positive
44133330177231,"আমি বলবো ভালোই। চারজীং বেকাপ ভালোই। ডিসপ্লে একটু আগে পরে আসে, বেপার না।👍",আমি বলবো ভালোই চারজীং বেকাপ ভালোই ডিসপ্লে আগে আসে বেপার,Positive,Product Quality,,product_quality_positive,product_quality_positive
42265827777231,আলহামদুলিল্লাহ হাতে পেলাম। যেমনটি  চেয়েছিলাম তেমনটি পেয়েছি। এখন দেখার বিষয় চার্জ কেমন ব্যাকআপ দেয়।,আলহামদুলিল্লাহ হাতে পেলাম যেমনটি চেয়েছিলাম তেমনটি পেয়েছি দেখার বিষয় চার্জ কেমন ব্যাকআপ দেয়,Positive,Product Quality,,product_quality_positive,product_quality_positive
42531530577231,"আলহামদুলিল্লাহ্, ৩৪৫ টাকায় যথেষ্ট ভালো হয়েছে এবং সঠিক সময়ের মধ্যেই ডেলিভারী পেয়েছি।ধন্যবাদ দারাজ!",আলহামদুলিল্লাহ্ ৩৪৫ টাকায় যথেষ্ট ভালো হয়েছে সঠিক সময়ের মধ্যেই ডেলিভারী পেয়েছি ধন্যবাদ দারাজ,Positive,Delivery;Price;Product Quality,,delivery_positive;price_positive;product_quality_positive,delivery_positive#price_positive#product_quality_positive
46706923977231,"পন্যটি অনেক ভালো ভাবতেই পারিনাই দারাজ এতো ভালো একটি পন্য দিতে পারে এই প্রথম অনলাইনে কিছু অডার করছি অনেক টেনশনে ছিলাম কিন্তু দারাজ কে হামেসাই বিশ্বাস করা জাই,,ধন্যবাদ সেলার ভাই কে,, ধন্যবাদ দারাজ কে",পন্যটি ভালো ভাবতেই পারিনাই দারাজ এতো ভালো পন্য দিতে পারে প্রথম অনলাইনে অডার করছি টেনশনে ছিলাম দারাজ হামেসাই বিশ্বাস জাই ধন্যবাদ সেলার ভাই ধন্যবাদ দারাজ,Positive,Product Quality,,product_quality_positive,product_quality_positive
43305071277231,"আলহামদুলিল্লাহ খুব ভালো হয়েছে।
দারাজে আমি রেগুলার কাস্টমার
আপনারা নিতে পারেন",আলহামদুলিল্লাহ খুব ভালো হয়েছে দারাজে আমি রেগুলার কাস্টমার আপনারা নিতে পারেন,Positive,Product Quality,,product_quality_positive,product_quality_positive
43802668577231,বাজে প্রডাক্ট আওয়াজ এক দম ডাউন এর থেকে ১০০ টাকার হেড ফোন এ বেশি আওয়াজ আসবে,বাজে প্রডাক্ট আওয়াজ এক দম ডাউন এর ১০০ টাকার হেড ফোন এ আওয়াজ আসবে,Negative,Product Quality,Product Quality,product_quality_negative,product_quality_negative
43839972377231,"প্রডাক্ট ভালোই ছিলো, তবে একটা সমস্য কথা বলার সময় একটু জোরে কথা বলতে হয়।",প্রডাক্ট ভালোই ছিলো একটা সমস্য কথা বলার সময় জোরে কথা বলতে হয়,Positive,Product Quality,,product_quality_positive,product_quality_positive
42981759277231,"দাম অনুযায়ী পন্যটি অনেক ভালো, সবকিছু পারফেক্ট আছে
ধন্যবাদ সেলার এবং ডেলিভারি ভাইকে ।",দাম অনুযায়ী পন্যটি ভালো সবকিছু পারফেক্ট ধন্যবাদ সেলার ডেলিভারি ভাইকে,Positive,Price;Product Quality,,price_positive;product_quality_positive,price_positive#product_quality_positive
43689811977231,যেমন চাইছি তেমন পাইছি। আর ডেলিভারি ভাইয়ার ব্যবহারো ভালো ধন্যবাদ  দারাজ,চাইছি পাইছি ডেলিভারি ভাইয়ার ব্যবহারো ভালো ধন্যবাদ দারাজ,Positive,Delivery;Product Quality,,delivery_positive;product_quality_positive,delivery_positive#product_quality_positive
43732839977231,আপনারা নিঃসন্দে নিতে পারেন অরিজিনাল একটা ভালো প্রোডাক্ট ১০০ চার্জ ব্যাকাপ ১০০,আপনারা নিঃসন্দে নিতে পারেন অরিজিনাল একটা ভালো প্রোডাক্ট ১০০ চার্জ ব্যাকাপ ১০০,Positive,Product Quality,,product_quality_positive,product_quality_positive
41734273977231,এই দামে আমার কাছে বেস্ট একটি পণ্য মনে হচ্ছে। সত্যিই সব দিক দিয়ে ভালো লাগছে । ব্যাটারি ব্যাকআপও যথেষ্ট ভালো।🥰🥰,দামে কাছে বেস্ট পণ্য মনে সত্যিই দিক দিয়ে ভালো লাগছে ব্যাটারি ব্যাকআপও যথেষ্ট ভালো,Positive,Price;Product Quality,,price_positive;product_quality_positive,price_positive#product_quality_positive
41775579177231,আলহামদুলিল্লাহ্ অনেক বালোই পাইছি  আমি ১ সপ্তাহ পর রিবিউ দিলাম.অনেকটা বালোই পাইছি.সাউন্ড খুব সুন্দর.একটা সমস‍্যা মাঝে মাঝে একটু একটু কেটে যায়.কিন্তু তাতে সমস‍্যা হয়না অতোটা.সেলস ম‍্যানটাও বালো ছিলো সবাই নিতে পারেন.এই দামে অস্থির জিনিস,আলহামদুলিল্লাহ্ বালোই পাইছি আমি ১ সপ্তাহ রিবিউ দিলাম অনেকটা বালোই পাইছি সাউন্ড খুব সুন্দর একটা সমস্যা মাঝে মাঝে কেটে যায় তাতে সমস্যা হয়না অতোটা সেলস ম্যানটাও বালো ছিলো সবাই নিতে পারেন দামে অস্থির জিনিস,Positive,Price;Product Quality;Seller Service,,seller_service_positive;price_positive;product_quality_positive,seller_service_positive#price_positive#product_quality_positive
47925533077231,"অনেক ভালো একটা হেডফোন আমি আজকে প্রায় দুই তিন মাস পরে রিপ্লাই দিতেছি অনেক ভালো,, কেউ নিতে চাইলে  নিতে পারেন টকবেন না আশা করি",ভালো একটা হেডফোন আমি আজকে প্রায় দুই তিন মাস রিপ্লাই দিতেছি ভালো কেউ নিতে চাইলে নিতে পারেন টকবেন আশা করি,Positive,Product Quality,,product_quality_positive,product_quality_positive
42191488177231,দারাজ কে ধন্যবাদ  আমি যেমন চেয়েছিলাম তেমন পেয়েছি। আমার প্রোডাক্টটি অনেক ভালো।চার্জও ভালো থাকে,দারাজ ধন্যবাদ আমি চেয়েছিলাম পেয়েছি প্রোডাক্টটি ভালো চার্জও ভালো,Positive,Product Quality,,product_quality_positive,product_quality_positive
44381237977231,অনেক সুন্দর এবং ভালো প্রোডাক্ট চাইলে সবাই নিতে পারেন,সুন্দর ভালো প্রোডাক্ট চাইলে সবাই নিতে পারেন,Positive,Product Quality,,product_quality_positive,product_quality_positive
42750282077231,"খুব ভালা লাগছে প্রোডাক্টটা, সাথে আবার আরো ২ টা অর্ডার দিচি ধন্যবাদা দারাজ ও সেলারকে",খুব ভালা লাগছে প্রোডাক্টটা আরো ২ টা অর্ডার দিচি ধন্যবাদা দারাজ ও সেলারকে,Positive,Product Quality,,product_quality_positive,product_quality_positive
45096699777231,একমাস ব্যাবহার করলাম।ভালোই নিতে পারেন😍,একমাস ব্যাবহার করলাম ভালোই নিতে পারেন,Positive,Product Quality,,product_quality_positive,product_quality_positive
43851871077231,এমনি ভালো কিন্তু ওপরে কিসের যানি দাগ পরছে আপনার নিতে পারেন 🥺,এমনি ভালো ওপরে কিসের যানি দাগ পরছে আপনার নিতে পারেন,Positive,Product Quality,,product_quality_positive,product_quality_positive
45586453577231,অনেক ধন্যবাদ দারাজকে এই টুকুই,ধন্যবাদ দারাজকে টুকুই,Positive,Product Quality,,product_quality_positive,product_quality_positive
43839548577231,বেশি কিছু বললাম না খুবি ভালো একটা প্রোডাক আপনারা চাইলে নিতে পারেন,বললাম খুবি ভালো একটা প্রোডাক আপনারা চাইলে নিতে পারেন,Positive,Product Quality,,product_quality_positive,product_quality_positive
44327448677231,প্রোডাক্ট টা ভালো । চার্জ ভালো থাকে। চাইলে নিতে পারেন।,প্রোডাক্ট টা ভালো চার্জ ভালো চাইলে নিতে পারেন,Positive,Product Quality,,product_quality_positive,product_quality_positive
44555721177231,"খুবই সুন্দর প্রডাক্ট। 

নিশ্চিন্তে নিতে পারেন",খুবই সুন্দর প্রডাক্ট নিশ্চিন্তে নিতে পারেন,Positive,Product Quality,,product_quality_positive,product_quality_positive
43045753477231,"আলহামদুলিল্লাহ যেমন আশা করেছিলাম তেমনি পেয়েছি,,, এবং সেলার  অনেক ভালো ছিলো",আলহামদুলিল্লাহ আশা করেছিলাম তেমনি পেয়েছি সেলার ভালো ছিলো,Positive,Product Quality;Seller Service,,seller_service_positive;product_quality_positive,seller_service_positive#product_quality_positive
43164754177231,"সেলার ভালো না।
কেউ একজন রিটার্ন করেছে সেইটা আমাকে দিয়েছেন। এটা ছিলো নন মেগনেট।",সেলার ভালো কেউ একজন রিটার্ন করেছে সেইটা দিয়েছেন এটা ছিলো নন মেগনেট,Positive,Seller Service,,seller_service_positive,seller_service_positive
45023393277231,জিনিসটা খুব ভালো কিন্তু চার্জ কম থাকে,জিনিসটা খুব ভালো চার্জ,Positive,Product Quality,,product_quality_positive,product_quality_positive
41403285477231,"সবাই নিতে পারেন, অনেক ভালো পোডাক্ট, কম দামে পেলাম, দোকানে ৬০০ টাকা দাম, যেতা আমি ৩৭০ টাকা দিয়ে পেয়েছি। আমি খুব দ্রুত হাতে পেয়েছি।  ধন্যবাদ সেলার ও দারাজ কে।",সবাই নিতে পারেন ভালো পোডাক্ট দামে পেলাম দোকানে ৬০০ টাকা দাম যেতা আমি ৩৭০ টাকা দিয়ে পেয়েছি আমি খুব দ্রুত হাতে পেয়েছি ধন্যবাদ সেলার ও দারাজ,Positive,Delivery;Price;Product Quality,,delivery_positive;price_positive;product_quality_positive,delivery_positive#price_positive#product_quality_positive
41373333777231,"প্রডাক্টটা যখন প্রথমে হাতে পেলাম বক্সটা খুলে মন খারাপ হয়েছিলো তার কারণ একটা এয়ারবাড খারাপ ছিলো।সেলারকে নোটিফিকেশন পাঠালাম প্রডাক্টের বিবরণ দিয়ে তারা আমার সাথে একদিন পর যোগাযোগ করে জানায় তারা আমাকে আর একটি প্রডাক্ট রিপ্লেস পাঠাচ্ছে।
প্রথমে বিশ্বাস করতে চাইছিলামনা তার ঠিক একদিন পরে কুরিয়ার থেকে ফোন দিয়ে জানালো আমার নামে একটা পার্সেল আছে প্রডাক্টটা হাতে পেয়ে খুলে দেখি সত্যিই তারা রিপ্লেস পাঠিয়েছে।
এখন যেটা পেয়েছি সেটা সবকিছু খুবই ভালো আছে।
সেলারকে অসংখ্য ধন্যবাদ সেই সাথে দারাজকে ধন্যবাদ।",প্রডাক্টটা প্রথমে হাতে পেলাম বক্সটা খুলে মন খারাপ হয়েছিলো একটা এয়ারবাড খারাপ ছিলো সেলারকে নোটিফিকেশন পাঠালাম প্রডাক্টের বিবরণ দিয়ে একদিন যোগাযোগ জানায় প্রডাক্ট রিপ্লেস পাঠাচ্ছে প্রথমে বিশ্বাস করতে চাইছিলামনা ঠিক একদিন কুরিয়ার ফোন দিয়ে জানালো নামে একটা পার্সেল প্রডাক্টটা হাতে পেয়ে খুলে দেখি সত্যিই রিপ্লেস পাঠিয়েছে যেটা পেয়েছি সেটা সবকিছু খুবই ভালো সেলারকে অসংখ্য ধন্যবাদ সেই দারাজকে ধন্যবাদ,Positive,Product Quality,,product_quality_positive,product_quality_positive
41516754577231,"ভালোই।দাম অনুযায়ী পন্য ঠিক আছে।চায়লে নিতে পারেন।
বলছিলেন প্রডাক্ট দেখে নেওয়া যাবে।কিন্তু তা দেয়নি।তাই সেলার সাবিস এ ৩ টাই থাক।বাকি গুলায় বাড়াইয়া দিছি।",ভালোই দাম অনুযায়ী পন্য ঠিক চায়লে নিতে পারেন বলছিলেন প্রডাক্ট দেখে নেওয়া যাবে দেয়নি তাই সেলার সাবিস এ ৩ টাই থাক বাকি গুলায় বাড়াইয়া দিছি,Positive,Price;Product Quality;Seller Service,,seller_service_neutral;price_positive;product_quality_positive,seller_service_neutral#price_positive#product_quality_positive
54038058177231,মোটামুটি ভালো শুধু গান শোনার জন্য ভালো এটা গেমিং এর জন্য ভালো নয় সাউন্ড দেরিতে আসে,মোটামুটি ভালো শুধু গান শোনার ভালো এটা গেমিং এর ভালো নয় সাউন্ড দেরিতে আসে,Neutral,Product Quality,,product_quality_neutral,product_quality_neutral
44139058677231,ভালো আছে আপনারা সবাই নিতে পারেন!দারাজ কে ধন্যবাদ,ভালো আপনারা সবাই নিতে পারেন দারাজ ধন্যবাদ,Positive,Product Quality,,product_quality_positive,product_quality_positive
43992098277231,"মাঝে মাঝে কারন ছাড়াই অফ হয়ে যায়।
মোটামুটি ভালো। আহামরি না।",মাঝে মাঝে কারন ছাড়াই অফ হয়ে যায় মোটামুটি ভালো আহামরি,Neutral,Product Quality,,product_quality_neutral,product_quality_neutral
42813358677231,"মোটামুটি ঠিকঠাক, 
কিন্তু চার্জ একটু কম থাকে,
তবে ৩৪০ টাকায় ঠিকঠাকই❤️",মোটামুটি ঠিকঠাক চার্জ ৩৪০ টাকায় ঠিকঠাকই,Neutral,Price;Product Quality,,price_neutral;product_quality_neutral,price_neutral#product_quality_neutral
41262143677231,খারাপ বলা চলে না।মোটামুটি অনেক ভালো।এক হাতে ব্যবহার করার মত।আল্লাহ ভরসা দেখি কত দিন চলে।চার্জ মোটামুটি💔💔,খারাপ বলা চলে মোটামুটি ভালো এক হাতে ব্যবহার করার আল্লাহ ভরসা দেখি কত দিন চলে চার্জ মোটামুটি,Positive,Product Quality,,product_quality_positive,product_quality_positive
41264367277231,"আলহামদুলিল্লাহ, অনেক ভালো প্রোডাক্ট পেয়েছি। ধন্যবাদ দারাজকে যে কেউ নিতে পারেন। আসা করি দারাজ সবসময় এরকম পারফরম্যান্স করে যাবে।",আলহামদুলিল্লাহ ভালো প্রোডাক্ট পেয়েছি ধন্যবাদ দারাজকে যে কেউ নিতে পারেন আসা করি দারাজ সবসময় এরকম পারফরম্যান্স যাবে,Positive,Product Quality,,product_quality_positive,product_quality_positive
41285539177231,দামের তুলনায় যথেষ্ট ভালো। কোয়ালিটি ও ডিজাইন মনে ধরার মতো। কিন্তু চার্জ কম থাকে মনে হয়। চার্জ আরেকটু ভালো থাকলে ভালো হতো। তবে সহজেই কানেক্ট হয়।,দামের তুলনায় যথেষ্ট ভালো কোয়ালিটি ও ডিজাইন মনে ধরার চার্জ মনে হয় চার্জ আরেকটু ভালো থাকলে ভালো হতো সহজেই কানেক্ট হয়,Positive,Price;Product Quality,,price_positive;product_quality_positive,price_positive#product_quality_positive
41354608877231,ধন্যবাদ সেলারকে এত ভালো একটা প্রোডাক্ট দেওয়ার জন্য।এই দামে এর থেকে ভালো প্রোডাক্ট আশা করা যায় না। অনেক ভালো প্রোডাক্ট টা। সাউন্ড কোয়ালিটিও অনেক ভালো। ডেলিভারি ম্যানের ব্যাবহারও ভালো ছিল। আমি অনেক স্যাটিসফাইড,ধন্যবাদ সেলারকে এত ভালো একটা প্রোডাক্ট দেওয়ার দামে এর ভালো প্রোডাক্ট আশা যায় ভালো প্রোডাক্ট টা সাউন্ড কোয়ালিটিও ভালো ডেলিভারি ম্যানের ব্যাবহারও ভালো আমি স্যাটিসফাইড,Positive,Delivery;Price;Product Quality,,delivery_positive;price_positive;product_quality_positive,delivery_positive#price_positive#product_quality_positive
41274086577231,আলহামদুলিল্লাহ। সেলার এবং ডেলিভারি ম্যান দু জনকেই ধন্যবাদ খুব সুন্দর প্যাকেজিং  ও সুন্দর ভাবে পৌঁছাতে  দেওয়ার জন্য। ❤️,আলহামদুলিল্লাহ সেলার ডেলিভারি ম্যান দু জনকেই ধন্যবাদ খুব সুন্দর প্যাকেজিং ও সুন্দর ভাবে পৌঁছাতে দেওয়ার,Positive,Delivery;Packaging;Seller Service,,seller_service_positive;delivery_positive;packaging_positive,seller_service_positive#delivery_positive#packaging_positive
43407937077231,আলহামদুলিল্লাহ পোডাক টি ভালো পাইসি। চলেও ভালো। ধন্যবাদ সেলার ভাই।,আলহামদুলিল্লাহ পোডাক টি ভালো পাইসি চলেও ভালো ধন্যবাদ সেলার ভাই,Positive,Product Quality,,product_quality_positive,product_quality_positive
41687501177231,এখন পর্যন্ত তো ভালোই কাজ করছে মনে হয় ভালো আছে। আপনারা চাইলে নিতে পারেন দাম অনুযায়ী ঠিক আছে।,পর্যন্ত তো ভালোই কাজ করছে মনে হয় ভালো আপনারা চাইলে নিতে পারেন দাম অনুযায়ী ঠিক,Positive,Price;Product Quality,,price_neutral;product_quality_positive,price_neutral#product_quality_positive
43526549977231,"ভালো জিনিস।।এর আগেও একটা ব্যবহার করছি❤️
ব্যাটারী ব্যাকআপও ভালো",ভালো জিনিস এর আগেও একটা ব্যবহার করছি ব্যাটারী ব্যাকআপও ভালো,Positive,Product Quality,,product_quality_positive,product_quality_positive
43763668577231,"দ্রুত হাতে পেয়েছি, প্রোডাক্টটি ব্যাবহার করে ভাল লাগছে।",দ্রুত হাতে পেয়েছি প্রোডাক্টটি ব্যাবহার ভাল লাগছে,Positive,Delivery;Product Quality,,delivery_positive;product_quality_positive,delivery_positive#product_quality_positive
43857714777231,ডিলেভারি অনেক দূরত্ব পাইছি।  এবং প্রোডাক্ট টাও ভালো।,ডিলেভারি দূরত্ব পাইছি প্রোডাক্ট টাও ভালো,Positive,Delivery;Product Quality,,delivery_positive;product_quality_positive,delivery_positive#product_quality_positive
43002413177231,"বেস্ট কোয়ালিটি,,, অসম্ভব সুন্দর,,, অসংখ্য ধন্যবাদ সেলার ভাই কে,,,",বেস্ট কোয়ালিটি অসম্ভব সুন্দর অসংখ্য ধন্যবাদ সেলার ভাই,Positive,Product Quality,,product_quality_positive,product_quality_positive
41445129477231,সাত দিন ব্যাবহারের পর রিভিও দিচ্ছি এই দামে ঠিক আছে লাইভ ভাওচার ব্যাবহার করে ২২৯ টাকায় কিনেছি,সাত দিন ব্যাবহারের রিভিও দিচ্ছি দামে ঠিক লাইভ ভাওচার ব্যাবহার ২২৯ টাকায় কিনেছি,Neutral,Price;Product Quality,,price_neutral;product_quality_neutral,price_neutral#product_quality_neutral
49138156377231,প্রথমে তো ডেলিভারি দিতে দেরি হয়েছে তারপরে সমস্যা ব্লুটুথ এর সাউন্ড মোটামুটি তবে একটা সাউন্ড বেশি একটা সাউন্ড কম আর ব্লুটুথ ব্যবহার কইরা কথা বলা যায় না ডান কানে ব্লুটুথ দ্বারা কথা বলা যায় না সাউন্ড একেবারেই নাই,প্রথমে তো ডেলিভারি দিতে দেরি হয়েছে তারপরে সমস্যা ব্লুটুথ এর সাউন্ড মোটামুটি একটা সাউন্ড একটা সাউন্ড ব্লুটুথ ব্যবহার কইরা কথা বলা যায় ডান কানে ব্লুটুথ কথা বলা যায় সাউন্ড একেবারেই নাই,Negative,Delivery;Product Quality,Delivery;Product Quality,delivery_negative;product_quality_negative,delivery_negative#product_quality_negative
41381151177231,ধন্যবাদ সেলারকে। যে এত কম দামে এত সুন্দর একটি প্রোডাক্ট দেওয়ার জন্য। হেডফোনটি খুব সুন্দর হয়েছে।,ধন্যবাদ সেলারকে যে এত দামে এত সুন্দর প্রোডাক্ট দেওয়ার হেডফোনটি খুব সুন্দর হয়েছে,Positive,Price;Product Quality,,price_positive;product_quality_positive,price_positive#product_quality_positive
43578177177231,আপাতত সব ঠিক আছে কিছুদিন ব্যবহার করে আবার রিভিউ আপডেট দিব।,আপাতত ঠিক কিছুদিন ব্যবহার রিভিউ আপডেট দিব,Positive,Product Quality,,product_quality_positive,product_quality_positive
39691226277231,"ধন্যবাদ সেলার কে।  পোডাক্ট টা অনেক ভালো হয়েছে।  যদিও প্রথমত একটু সমস্যা ছিলো পরে কিছুদিনের মধ্যেই চেন্জ করে দিয়েছে🥰
আপনারা চাইলে পোডাক্ট টা নিতে পারেন 😊",ধন্যবাদ সেলার পোডাক্ট টা ভালো হয়েছে প্রথমত সমস্যা ছিলো কিছুদিনের মধ্যেই চেন্জ দিয়েছে আপনারা চাইলে পোডাক্ট টা নিতে পারেন,Positive,Product Quality,,product_quality_positive,product_quality_positive
40450240877231,"দামের তুলনায় প্রডাক্ট যথেষ্টই ভাল।খুচরা বাজারে ১৫০-২০০ টাকা বেশি দিয়ে কিনতে হবে।
চার্জও মোটামুটি ভালই টিকে। নিতে পারেন এই রং চায়ের দামে মালাই চা পাইবেন",দামের তুলনায় প্রডাক্ট যথেষ্টই ভাল খুচরা বাজারে ১৫০ ২০০ টাকা দিয়ে কিনতে চার্জও মোটামুটি ভালই টিকে নিতে পারেন রং চায়ের দামে মালাই চা পাইবেন,Positive,Price;Product Quality,,price_positive;product_quality_positive,price_positive#product_quality_positive
40891244877231,অনেক ভালো একটা জিনিস এক ভাবে ৬ ঘন্টা গান শুনেও চার্জ শেষ করতে পারি নাই আর বক্স কিনা ৫ দিন এখনও চার্জ দেওয়া লাগেনি সবাই চাইলে নিতে পারেন,ভালো একটা জিনিস এক ভাবে ৬ ঘন্টা গান শুনেও চার্জ শেষ করতে পারি নাই বক্স কিনা ৫ দিন এখনও চার্জ দেওয়া লাগেনি সবাই চাইলে নিতে পারেন,Positive,Product Quality,,product_quality_positive,product_quality_positive
40098318677231,ধন্যবাদ দারাজকে।ধন্যবাদ সেলার ভাইকে এত সুন্দর একটা পন্য দেওয়ার জন্য।।এত কম দামে এত সুন্দর একটা প্রোডাক্ট পাবো তা ভাবতেই পারিনি।❤️❤️,ধন্যবাদ দারাজকে ধন্যবাদ সেলার ভাইকে এত সুন্দর একটা পন্য দেওয়ার এত দামে এত সুন্দর একটা প্রোডাক্ট পাবো ভাবতেই পারিনি,Positive,Price;Product Quality,,price_positive;product_quality_positive,price_positive#product_quality_positive
40247607377231,"সময় মত ডেলিভারি দেওয়ার জন্য ধন্যবাদ।
মতামত: ডেলিভারি দেওয়ার পূর্বে রাইডাররা অন্ততপক্ষে দুই ঘণ্টা পূর্বে ফোন দিয়ে কনফার্ম করলে আরো ভালো হয়।",সময় ডেলিভারি দেওয়ার ধন্যবাদ মতামত ডেলিভারি দেওয়ার পূর্বে রাইডাররা অন্ততপক্ষে দুই ঘণ্টা পূর্বে ফোন দিয়ে কনফার্ম করলে আরো ভালো হয়,Positive,Delivery,,delivery_positive,delivery_positive
40069114077231,আলহামদুলিল্লাহ প্রোডাক্ট টি ভালো।আমি দুই সপ্তাহ ব্যবহার করে রিভিউ দিচ্ছি।এই দামে বেস্ট প্রোডাক্ট।আপনারাও চাইলে নিতে পারেন।ধন্যবাদ দারাজ ও সেলার ভাইকে।,আলহামদুলিল্লাহ প্রোডাক্ট টি ভালো আমি দুই সপ্তাহ ব্যবহার রিভিউ দিচ্ছি দামে বেস্ট প্রোডাক্ট আপনারাও চাইলে নিতে পারেন ধন্যবাদ দারাজ ও সেলার ভাইকে,Positive,Price;Product Quality,,price_positive;product_quality_positive,price_positive#product_quality_positive
46845814877231,হেডফোন টা খুবই তাড়াতাড়ি হাতে পেয়েছি সব কিছুই ভালো কিন্তু চার্জ  কম টেকে,হেডফোন টা খুবই তাড়াতাড়ি হাতে পেয়েছি কিছুই ভালো চার্জ টেকে,Positive,Delivery;Product Quality,,delivery_positive;product_quality_positive,delivery_positive#product_quality_positive
44757173477231,অনেক অনেক সুন্দর ভালো পন্য,সুন্দর ভালো পন্য,Positive,Product Quality,,product_quality_positive,product_quality_positive
43311795477231,"এই বাজেটে এর থেকে বেশি আশা করা যায় না, তবে ভালো লেগেছে",বাজেটে এর আশা যায় ভালো লেগেছে,Positive,Price;Product Quality,,price_positive;product_quality_positive,price_positive#product_quality_positive
43284766377231,হেডফোনটা অনেক ভালো।। কেউ চাইলে অবশ্যই নিতে পারেন🥰🥰,হেডফোনটা ভালো কেউ চাইলে অবশ্যই নিতে পারেন,Positive,Product Quality,,product_quality_positive,product_quality_positive
42066066077231,বেশ কয়েকদিন  চালানোর পরে বুঝতে পারলাম আসলে জিনিসটা ভালো সবাই নিতে পারেন,বেশ কয়েকদিন চালানোর বুঝতে পারলাম আসলে জিনিসটা ভালো সবাই নিতে পারেন,Positive,Product Quality,,product_quality_positive,product_quality_positive
47354275377231,"একে বারে ফালতু/
একদম ভালো না আমি নিয়ে আবার ফেরদ দিছি/
১ দিন ও চালাইতে পারি নাই/",একে বারে ফালতু একদম ভালো আমি নিয়ে ফেরদ দিছি ১ দিন ও চালাইতে পারি নাই,Negative,Product Quality,Product Quality,product_quality_negative,product_quality_negative
40987251277231,"ধন্যবাদ দারাজ কে,ভালো মানের ব্লুটুথ হেডফোন দেওয়ার জন্য, অনেক ভালো কম দামে, ভালো মানের প্রোডাক্ট",ধন্যবাদ দারাজ ভালো মানের ব্লুটুথ হেডফোন দেওয়ার ভালো দামে ভালো মানের প্রোডাক্ট,Positive,Price;Product Quality,,price_positive;product_quality_positive,price_positive#product_quality_positive
44233588377231,প্রডাক্ট টা ভালো ছিলো ধন্যবাদ আপনাদের,প্রডাক্ট টা ভালো ছিলো ধন্যবাদ আপনাদের,Positive,Product Quality,,product_quality_positive,product_quality_positive
42356962977231,খুব ভালো আমি আছি দুই সপ্তাহ পরে দিলাম দুই ঘণ্টার মতো ব্যাকআপ দেয়,খুব ভালো আমি আছি দুই সপ্তাহ দিলাম দুই ঘণ্টার ব্যাকআপ দেয়,Positive,Product Quality,,product_quality_positive,product_quality_positive
43221959477231,"পন্য ভাল, কিন্তু ডেলিভারি ম্যানের দায়িত্ব পালনে ব্যার্থ।",পন্য ভাল ডেলিভারি ম্যানের দায়িত্ব পালনে ব্যার্থ,Neutral,Delivery;Product Quality,Delivery,delivery_negative;product_quality_positive,delivery_negative#product_quality_positive
43705432377231,পণ্যটি অত্যন্ত ভালো আপনারা চাইলেও নিতে পারেন.. ❤️,পণ্যটি অত্যন্ত ভালো আপনারা চাইলেও নিতে পারেন,Positive,Product Quality,,product_quality_positive,product_quality_positive
40044199577231,অনেক ভালো। যেমন টা চেয়েছিলাম। পণ্য হাতে পেতে দেরি হলেও দারাজ চেষ্টা করেছে তারাতাড়ি দেওয়ার জন্য,ভালো টা চেয়েছিলাম পণ্য হাতে পেতে দেরি হলেও দারাজ চেষ্টা করেছে তারাতাড়ি দেওয়ার,Neutral,Delivery;Product Quality,Delivery,delivery_negative;product_quality_positive,delivery_negative#product_quality_positive
42230508777231,আলহামদুলিল্লাহ যেমনটা দেখানো হয়েছে তেমন ই পাইছি।  সাউন্ড টাউ ভাল।,আলহামদুলিল্লাহ যেমনটা দেখানো হয়েছে ই পাইছি সাউন্ড টাউ ভাল,Positive,Product Quality,,product_quality_positive,product_quality_positive
44057431377231,প্রোডাক্ট এর কোয়ালিটি মোটামুটি ভালো।,প্রোডাক্ট এর কোয়ালিটি মোটামুটি ভালো,Neutral,Product Quality,,product_quality_neutral,product_quality_neutral
44070917377231,অনেক ভালো কাজে দেয়। চাইলে নিতে পারেন,ভালো কাজে দেয় চাইলে নিতে পারেন,Positive,Product Quality,,product_quality_positive,product_quality_positive
42539291377231,ধন্যবাদ সেলার কে।ভালো ছিল পন্যটি প্যাকেজিং ও ভালো ছিল।,ধন্যবাদ সেলার ভালো পন্যটি প্যাকেজিং ও ভালো,Positive,Packaging;Product Quality,,packaging_positive;product_quality_positive,packaging_positive#product_quality_positive
41679407877231,"আলহামদুলিল্লাহকম দামে ভালো নিতে পারেন,,,, ডেলিভারি দিছে ভায়াটা খুব ভালো",আলহামদুলিল্লাহকম দামে ভালো নিতে পারেন ডেলিভারি দিছে ভায়াটা খুব ভালো,Positive,Delivery;Price;Product Quality,,delivery_positive;price_positive;product_quality_positive,delivery_positive#price_positive#product_quality_positive
41727360477231,দাম অনুযায়ী ভালো।একদিন ব্যবহার করলাম।কেমন হবে ব্যবহার করে দেখি।ধন্যবাদ।,দাম অনুযায়ী ভালো একদিন ব্যবহার করলাম কেমন ব্যবহার দেখি ধন্যবাদ,Positive,Product Quality,,product_quality_positive,product_quality_positive
43527688277231,দাম হিসেবে ভালো 👍কিন্তু বাক্সটা নরমাল।,দাম হিসেবে ভালো বাক্সটা নরমাল,Positive,Price;Product Quality,,price_positive;product_quality_positive,price_positive#product_quality_positive
43297948577231,যেমনটা চেয়েছি তেমনই পেয়েছি। চার্জও ভালো থাকে।,যেমনটা চেয়েছি তেমনই পেয়েছি চার্জও ভালো,Positive,Product Quality,,product_quality_positive,product_quality_positive
43527069077231,খুবই ভালো প্রোডাক্ট চাইলে আপনারও নিতে পারেন,খুবই ভালো প্রোডাক্ট চাইলে আপনারও নিতে পারেন,Positive,Product Quality,,product_quality_positive,product_quality_positive
41970144577231,"আলহামদুলিল্লাহ  দামের হারে আনেক ভালো পেয়েছি  এবং 
সাউন্ড  আনেক ভালো",আলহামদুলিল্লাহ দামের হারে আনেক ভালো পেয়েছি সাউন্ড আনেক ভালো,Positive,Price;Product Quality,,price_positive;product_quality_positive,price_positive#product_quality_positive
41395520777231,"প্রোডাক্ট টা এই দাম এ অনেক ভালো ,পিকচার এ দেখানো মতোই সেম প্রোডাক্ট পাইছি।",প্রোডাক্ট টা দাম এ ভালো পিকচার এ দেখানো মতোই সেম প্রোডাক্ট পাইছি,Positive,Price;Product Quality,,price_positive;product_quality_positive,price_positive#product_quality_positive
41459170277231,"এখন পর্যন্ত ঠিকঠাক ই আছে, কিছুদিন ব্যবহার করি, 
পরে আবার রিভিউ দিবো।❤️🌸",পর্যন্ত ঠিকঠাক ই কিছুদিন ব্যবহার করি রিভিউ দিবো,Positive,Product Quality,,product_quality_positive,product_quality_positive
43030141877231,"আলহামদুলিল্লাহ।
দাম অনুযায়ী ভালো প্রোডাক্ট।",আলহামদুলিল্লাহ দাম অনুযায়ী ভালো প্রোডাক্ট,Positive,Price;Product Quality,,price_positive;product_quality_positive,price_positive#product_quality_positive
43053149777231,অনেক ভালো একটি পন্য🖤 ধন্যবাদ সেলার ভাইকে🤍,ভালো পন্য ধন্যবাদ সেলার ভাইকে,Positive,Product Quality,,product_quality_positive,product_quality_positive
41736498977231,"অনেক সুন্দর, দুটা নিয়েছি,  চার্জ ও ভালো থাকে, অনেক সময় ব্যাকাপ দেই",সুন্দর দুটা নিয়েছি চার্জ ও ভালো সময় ব্যাকাপ দেই,Positive,Product Quality,,product_quality_positive,product_quality_positive
43639871177231,"পন্যটি অনেক ভালো হইছে আলহামদুলিল্লাহ,,",পন্যটি ভালো হইছে আলহামদুলিল্লাহ,Positive,Product Quality,,product_quality_positive,product_quality_positive
43668691577231,আলহামদুলিল্লাহ ভাল আপনারা নিতে পারেন,আলহামদুলিল্লাহ ভাল আপনারা নিতে পারেন,Positive,Product Quality,,product_quality_positive,product_quality_positive
40394024577231,"প্রোডাক্ট টি পাঁচ দিন ব্যাবহার করার পর রিভিউ দিলাম। ভালো আছে, কেউ চাইলে নিতে পারেন।",প্রোডাক্ট টি পাঁচ দিন ব্যাবহার করার রিভিউ দিলাম ভালো কেউ চাইলে নিতে পারেন,Positive,Product Quality,,product_quality_positive,product_quality_positive
42775976877231,প্রোডাক্টটা খুব ভালো আপনারা সবাই নিতে পারেন।।।,প্রোডাক্টটা খুব ভালো আপনারা সবাই নিতে পারেন,Positive,Product Quality,,product_quality_positive,product_quality_positive
48593482777231,এক কথায় সেলার এর ব্যবহার খুবই সুন্দর ৫ টা অর্ডার করছি চার্জ ও টিকে সুন্দর সাউন্ড কোয়ালিটিও ভালো দাম অনুযায়ী পোডাক্ট ভালো আছে প্যাকেটিং ভালো ছিলো কিন্তু দেওয়া আছে ব্লুটুথ থেকে চার্জ উঠে চার্জ কিন্তু উঠে না আর ডেলিভারিটা অনেক দেড়ি হয়ছে আসতে,এক কথায় সেলার এর ব্যবহার খুবই সুন্দর ৫ টা অর্ডার করছি চার্জ ও টিকে সুন্দর সাউন্ড কোয়ালিটিও ভালো দাম অনুযায়ী পোডাক্ট ভালো প্যাকেটিং ভালো ছিলো দেওয়া ব্লুটুথ চার্জ উঠে চার্জ উঠে ডেলিভারিটা দেড়ি হয়ছে আসতে,Positive,Delivery;Packaging;Price;Seller Service,Delivery,seller_service_positive;delivery_negative;packaging_positive;price_positive,seller_service_positive#delivery_negative#packaging_positive#price_positive
48644718877231,"আপনাদের সার্ভিসটা অনেক ভালো  আপনাদের প্রোডাক্ট আমি হাতে পাওয়ার পরেও আপনারা আমাকে ফোন দিয়ে জিজ্ঞাসা করছেন 
প্রোডাক্টটি কেমন সার্ভিস দিচ্ছে ইত্যাদি বিস্তারিত
ভালো লাগলো

আমার কাছে কেউ জিজ্ঞাসা করলে আমি এই ডিভাইসটা কিনতে চাই কোথা থেকে কিনব 

তাহলে আমি নিশ্চয়ই বলবো এই পেজ থেকে কিনো তাহলে ভালো হবে 

আপনাদের সার্ভিস আমি খুব আনন্দিত",আপনাদের সার্ভিসটা ভালো আপনাদের প্রোডাক্ট আমি হাতে পাওয়ার পরেও আপনারা ফোন দিয়ে জিজ্ঞাসা করছেন প্রোডাক্টটি কেমন সার্ভিস দিচ্ছে ইত্যাদি বিস্তারিত ভালো লাগলো কাছে কেউ জিজ্ঞাসা করলে আমি ডিভাইসটা কিনতে চাই কোথা কিনব তাহলে আমি নিশ্চয়ই বলবো পেজ কিনো তাহলে ভালো আপনাদের সার্ভিস আমি খুব আনন্দিত,Positive,Product Quality;Seller Service,,seller_service_positive;product_quality_positive,seller_service_positive#product_quality_positive
48631054877231,সাউন্ড কোয়ালিটি ভালো কিন্তু চার্জ টেনেটুনে এক ঘণ্টার বেশি থাকছে না এটা কষ্টদায়ক 💔 সাউন্ড আস্তে দিয়ে শুনলেও এক ঘণ্টার বেশি চার্জ থাকছে না তাছাড়া  বাকি সব ঠিকঠাক,সাউন্ড কোয়ালিটি ভালো চার্জ টেনেটুনে এক ঘণ্টার থাকছে এটা কষ্টদায়ক সাউন্ড আস্তে দিয়ে শুনলেও এক ঘণ্টার চার্জ থাকছে তাছাড়া বাকি ঠিকঠাক,Positive,Product Quality,,product_quality_positive,product_quality_positive
43521980677231,মোটামুটি ভালোই।চাইলে কিনতে পারেন😊,মোটামুটি ভালোই চাইলে কিনতে পারেন,Neutral,Product Quality,,product_quality_neutral,product_quality_neutral
43537981677231,খুব ভালো চাইলে আপনারাও নিতে পারেন,খুব ভালো চাইলে আপনারাও নিতে পারেন,Positive,Product Quality,,product_quality_positive,product_quality_positive
43327023277231,সব কিছু ঠিক আছে সমস্যা নাই 🙂🥀🥰,ঠিক সমস্যা নাই,Neutral,Product Quality,,product_quality_neutral,product_quality_neutral
42002824077231,আলহাদুলিল্লাহ যেমনটা আশা করছি তার চেয়ে অনেক ভালো,আলহাদুলিল্লাহ যেমনটা আশা করছি চেয়ে ভালো,Positive,Product Quality,,product_quality_positive,product_quality_positive
41977504477231,ভাই  ভাল জিনিস দেওয়ার জন  দনবাদ    সবাই  নিতে পারেন,ভাই ভাল জিনিস দেওয়ার জন দনবাদ সবাই নিতে পারেন,Positive,Product Quality,,product_quality_positive,product_quality_positive
43819906877231,খুব বাজে একটা পডাক নষ্ট ছিল,খুব বাজে একটা পডাক নষ্ট,Negative,Product Quality,Product Quality,product_quality_negative,product_quality_negative
41115480977231,আমার কাছে ভালো লেগেছে দাম হিসেবে ভালো।                         আমি আরো একটি কিব,কাছে ভালো লেগেছে দাম হিসেবে ভালো আমি আরো কিব,Positive,Price;Product Quality,,price_positive;product_quality_positive,price_positive#product_quality_positive
41399744877231,যেমনটি চেয়েছি তেমনটি পেয়েছি। দাম অনুযায়ী প্রোডাক্টটি অনেক ভালো।,যেমনটি চেয়েছি তেমনটি পেয়েছি দাম অনুযায়ী প্রোডাক্টটি ভালো,Positive,Price;Product Quality,,price_positive;product_quality_positive,price_positive#product_quality_positive
40303738277231,আলহামদুলিল্লাহ যেমন চেয়েছিলাম তেমনি পেয়েছি ডারাজ কে অনেক অনেক ধন্যবাদ,আলহামদুলিল্লাহ চেয়েছিলাম তেমনি পেয়েছি ডারাজ ধন্যবাদ,Positive,Product Quality,,product_quality_positive,product_quality_positive
42191729277231,ভাই ভালো একটি প্রোডাক্ট আপনারা চাইলে নিতে পারেন,ভাই ভালো প্রোডাক্ট আপনারা চাইলে নিতে পারেন,Positive,Product Quality,,product_quality_positive,product_quality_positive
42805447977231,"আলহামদুলিল্লাহ,যেমন চেয়েছি তেমন পাইছি দাম অনুযায়ী মোটামুটি ভালো",আলহামদুলিল্লাহ চেয়েছি পাইছি দাম অনুযায়ী মোটামুটি ভালো,Positive,Price;Product Quality,,price_neutral;product_quality_positive,price_neutral#product_quality_positive
41203429577231,"ধন্যবাদ সেলারকে,ভালো পন্য দেওয়ার জন্য,প্যাকেজিং খুব ভালো ছিল।",ধন্যবাদ সেলারকে ভালো পন্য দেওয়ার প্যাকেজিং খুব ভালো,Positive,Packaging;Product Quality,,packaging_positive;product_quality_positive,packaging_positive#product_quality_positive
41144507177231,ছবিতে যা আছে তাই দিয়েছে অসাধারণ একটি প্রোডাক্ট ধন্যবাদ দারাজ কে,ছবিতে তাই দিয়েছে অসাধারণ প্রোডাক্ট ধন্যবাদ দারাজ,Positive,Product Quality,,product_quality_positive,product_quality_positive
49458239477231,আলহামদুলিল্লাহ খুবই ভালো একটি প্রোডাক্ট নিতে চাইলে নিতে পারেন,আলহামদুলিল্লাহ খুবই ভালো প্রোডাক্ট নিতে চাইলে নিতে পারেন,Positive,Product Quality,,product_quality_positive,product_quality_positive
44215050977231,"প্রথমত ডেলিভারি ডেট এর আগেই পাইছি। কিন্তু এবার সন্তুষ্ট হইতে পারলাম না দারাজ থেকে কিছু কিনে।
#ভিতরের প্যাকেট টা খোলা ছিল,ঠিক ভাবে আটকানো হয় নাই।
#বাবল র‍্যাপার দিয়ে র‍্যাপ করে দেওয়া হয় নাই,সেফটি চেক করেন নাই মেয়বি।
#স্ক্রেচ এর দাগ ছিল 
#একটা বাডস এর লাইট শো করে+লিখা, আরেক্টায় একটু পর শো করে দাগ
#চার্জিং ক্যাবল নস্ট।ফোন এর চার্জার দিয়ে চার্জ দিতে হচ্ছে।
সাউন্ড ঠিক ঠাক আছে,কিন্তু বাম পাশের টা একটু কম লাগছে সাউন্ড।
দেখা যাক কয়দিন যায়☹️",প্রথমত ডেলিভারি ডেট এর আগেই পাইছি এবার সন্তুষ্ট হইতে পারলাম দারাজ কিনে ভিতরের প্যাকেট টা খোলা ঠিক ভাবে আটকানো হয় নাই বাবল র্যাপার দিয়ে র্যাপ দেওয়া হয় নাই সেফটি চেক করেন নাই মেয়বি স্ক্রেচ এর দাগ একটা বাডস এর লাইট শো লিখা আরেক্টায় শো দাগ চার্জিং ক্যাবল নস্ট ফোন এর চার্জার দিয়ে চার্জ দিতে সাউন্ড ঠিক ঠাক বাম পাশের টা লাগছে সাউন্ড দেখা যাক কয়দিন যায়,Negative,Delivery;Packaging;Product Quality,Packaging;Product Quality,delivery_positive;packaging_negative;product_quality_negative,delivery_positive#packaging_negative#product_quality_negative
44347978177231,এটা খুব বাজে লাম কেউ এটা কিনবেন না আমি দারাজের কাছ থেকে অনেক জিনিস নিয়েছি কিন্তু দারাজ আমাকে ঠকিয়েছে,এটা খুব বাজে লাম কেউ এটা কিনবেন আমি দারাজের কাছ জিনিস নিয়েছি দারাজ ঠকিয়েছে,Negative,Product Quality,Product Quality,product_quality_negative,product_quality_negative
44318652677231,"নষ্ট পণ্য। ইয়ারবাডস চার্জিং কেস থেকে চার্জ হয় না। বিক্রেতা চেক করে পাঠালে এমন হতো না।

রিটার্ন করে দিয়েছি। দারাজও রিফান্ড করে দিয়েছে। দারাজকে দ্রুত রিফান্ড করার জন্য ধন্যবাদ।",নষ্ট পণ্য ইয়ারবাডস চার্জিং কেস চার্জ হয় বিক্রেতা চেক পাঠালে হতো রিটার্ন দিয়েছি দারাজও রিফান্ড দিয়েছে দারাজকে দ্রুত রিফান্ড করার ধন্যবাদ,Negative,Product Quality,Product Quality,product_quality_negative,product_quality_negative
41429836577231,আলহামদুলিল্লাহ অনেক ভালো সাত দিন পর অনেক ভালো চলতেছে,আলহামদুলিল্লাহ ভালো সাত দিন ভালো চলতেছে,Positive,Product Quality,,product_quality_positive,product_quality_positive
42886734577231,ভাই দাম অনুযায়ী অনেক ভালো,ভাই দাম অনুযায়ী ভালো,Positive,Price;Product Quality,,price_positive;product_quality_positive,price_positive#product_quality_positive
40625955177231,আলহামদুলিল্লাহ মোটামুটি ভালোই আছে আপনারা নিতে পারেন কোন সমস্যা নাই,আলহামদুলিল্লাহ মোটামুটি ভালোই আপনারা নিতে পারেন সমস্যা নাই,Neutral,Product Quality,,product_quality_neutral,product_quality_neutral
41227711077231,"অনেক সুন্দর এবং সেলার ভাইয়াটা অনেক ভালো
ধন্যবাদ ভাই",সুন্দর সেলার ভাইয়াটা ভালো ধন্যবাদ ভাই,Positive,Product Quality;Seller Service,,seller_service_positive;product_quality_positive,seller_service_positive#product_quality_positive
44031040277231,"একটাতে চাজ থাকে,,,,
,,আর,একটাতে চাজ থাকে,না,,
,,,১টাটে,২ঘণ্টা
,,,,,আরকটা,১০,,মিনিট,,,,
,,,,,,,,,,,ফালতু,,জিনিস,,,,
,,,,,,,,,,,,,,,,,,,,,,,,,,",একটাতে চাজ একটাতে চাজ ১টাটে ২ঘণ্টা আরকটা ১০ মিনিট ফালতু জিনিস,Negative,Product Quality,Product Quality,product_quality_negative,product_quality_negative
44038618777231,"প্রোডাক্ট কোয়ালিটি মোটামুটি ভালো কিন্তু  সমস্যা একসাথে দুইটা  বাজে না সিঙ্গেল একটা করে বাজে খুবেই স্লো চার্জিং,",প্রোডাক্ট কোয়ালিটি মোটামুটি ভালো সমস্যা একসাথে দুইটা বাজে সিঙ্গেল একটা বাজে খুবেই স্লো চার্জিং,Neutral,Product Quality,,product_quality_neutral,product_quality_neutral
47289134577231,"মোটেও ভালো না😡 চার্জ থাকে না, আধা ঘন্টাও কথা বলতে পারিনা 😡😡",মোটেও ভালো চার্জ আধা ঘন্টাও কথা বলতে পারিনা,Negative,Product Quality,Product Quality,product_quality_negative,product_quality_negative
48707768377231,"খুবই সুন্দর। 
সব কিছুই ঠিকঠাক আছে।প্যাকেজিংও ভালো ছিলো।ডেলিভারিও ডেটের আগে পাইছি।",খুবই সুন্দর কিছুই ঠিকঠাক প্যাকেজিংও ভালো ছিলো ডেলিভারিও ডেটের আগে পাইছি,Positive,Delivery;Packaging;Product Quality,,delivery_positive;packaging_positive;product_quality_positive,delivery_positive#packaging_positive#product_quality_positive
47994154277231,প্রোডাক্ট কোয়ালিটি এভারেজ কিন্তু কেবল টা কাজ করে না কেবল টা নষ্ট। পরে আমার মোবাইলের চার্জার দিয়ে চার্জ দেওয়া লেগেছে।,প্রোডাক্ট কোয়ালিটি এভারেজ কেবল টা কাজ কেবল টা নষ্ট মোবাইলের চার্জার দিয়ে চার্জ দেওয়া লেগেছে,Neutral,Product Quality,,product_quality_neutral,product_quality_neutral
43854033877231,১৫.২০ দিন আগে আপনাদের এখান থেকে প্রোডাক্ট নিছিলাম অরজিনাল প্রোডাক্টটা দিয়েছিলেন আবার আরেকটা অর্ডার দিছি কিন্তু এইবার ডুবলিকেট ধরাই দিছেন  । একই জায়গা থেকে অর্ডার দিয়েছি কিন্তু আকাশ-পাতাল পার্থক্য,১৫ ২০ দিন আগে আপনাদের এখান প্রোডাক্ট নিছিলাম অরজিনাল প্রোডাক্টটা দিয়েছিলেন আরেকটা অর্ডার দিছি এইবার ডুবলিকেট ধরাই দিছেন একই জায়গা অর্ডার দিয়েছি আকাশ পাতাল পার্থক্য,Negative,Product Quality,Product Quality,product_quality_negative,product_quality_negative
43938509777231,"কেউ এই প্রোডাক্টটি নেবেন না এটা একদম বাজে। 😡😡😡😡 এটা ডান কানে শুনতে পারি কিন্তু বাম কানে শোনা যায় না। বাম কানে টা ফুল নষ্ট। এটা চার্য বেশিক্ষণ থাকে না। 😡😡😡এটা একদম বাজে প্রোডাক্ট। হাউ ফাউ টার্গুলো আমি পানিতে ফেললাম। তার থেকে আমি দোকান থেকে কিনলে লাভ করতাম😡😡😡😡 আমি প্রোডাক্টটা ব্যাক দিতে চাই। তারা বাড়ি এসে
 দিয়ে যাবে, কিন্তু বাড়ি থেকে নিয়ে যাবে না। 😡😡😡 আর আমাকে দারাজ কোম্পানি থেকে ফোন দিয়ে বলছে যে আমার এটা চেজ করে দেবে কিন্তু তারা তো আমাকে চেজ দিয় নাই আর কোনো ফোন দেয় না। 😡😡😡",কেউ প্রোডাক্টটি নেবেন এটা একদম বাজে এটা ডান কানে শুনতে পারি বাম কানে শোনা যায় বাম কানে টা ফুল নষ্ট এটা চার্য বেশিক্ষণ এটা একদম বাজে প্রোডাক্ট হাউ ফাউ টার্গুলো আমি পানিতে ফেললাম আমি দোকান কিনলে লাভ করতাম আমি প্রোডাক্টটা ব্যাক দিতে চাই বাড়ি এসে দিয়ে যাবে বাড়ি নিয়ে যাবে দারাজ কোম্পানি ফোন দিয়ে বলছে যে এটা চেজ দেবে তো চেজ দিয় নাই ফোন দেয়,Negative,Product Quality,Product Quality,product_quality_negative,product_quality_negative
43838186377231,"ভালো রিভিউ দেখে অর্ডার দিয়েছি। কিন্তু পণ্যটি পাওয়ার পর দেখি,ভালো সাউন্ড পাইছি । কিন্তু সবকিছু ঠিক থাকার পর চার্জ শেষ হয়ে গেছে চার্জ দিতে গিয়ে দেখি চার্জ কানেক্ট হচ্ছে না। এখন আমি কি করতে পারি?? খুব কষ্ট পেলাম 😭",ভালো রিভিউ দেখে অর্ডার দিয়েছি পণ্যটি পাওয়ার দেখি ভালো সাউন্ড পাইছি সবকিছু ঠিক থাকার চার্জ শেষ হয়ে চার্জ দিতে গিয়ে দেখি চার্জ কানেক্ট আমি করতে পারি খুব কষ্ট পেলাম,Positive,Product Quality,,product_quality_positive,product_quality_positive
41538152177231,আলহামদুলিল্লাহ মাল পাইছি দেখতে মোটামুটি ভালই।,আলহামদুলিল্লাহ মাল পাইছি দেখতে মোটামুটি ভালই,Neutral,Product Quality,,product_quality_neutral,product_quality_neutral
40075111077231,"টাকা অনুযায়ী মোটামোটি ভালো,
চাইলে আপনারা নিতে পারেন",টাকা অনুযায়ী মোটামোটি ভালো চাইলে আপনারা নিতে পারেন,Neutral,Price;Product Quality,,price_neutral;product_quality_neutral,price_neutral#product_quality_neutral
40279373377231,মালটা অনেক ভালো সাউন্ড কোয়ালিটিও ভালো২ ঘন্টা শোনা যায়,মালটা ভালো সাউন্ড কোয়ালিটিও ভালো২ ঘন্টা শোনা যায়,Positive,Product Quality,,product_quality_positive,product_quality_positive
40424565877231,খুবই ভালো জিনিস সবাই নিতে পারেন। সেলার ও খুব ভালো লোক।,খুবই ভালো জিনিস সবাই নিতে পারেন সেলার ও খুব ভালো লোক,Positive,Product Quality;Seller Service,,seller_service_positive;product_quality_positive,seller_service_positive#product_quality_positive
40367854677231,মোটামুটি ভালো কিন্তু বাডস গুলোতে ২ ঘন্টার বেশি চার্জ থাকেনা,মোটামুটি ভালো বাডস গুলোতে ২ ঘন্টার চার্জ থাকেনা,Neutral,Product Quality,,product_quality_neutral,product_quality_neutral
43589408777231,"ভালো রিভিউ দেখে অর্ডার দিয়েছি। কিন্তু পণ্যটি পাওয়ার পর দেখি, একটা সাইড কানেক্ট হলে, অন্য আরেকটা সাইট কানেক্ট হয় না। আবার অন্য আরেকটি কানেক্ট হলে, আরেকটি সাইট কানেক্ট হয় না। মোটকথা দুইটা সাইট একসাথে কানেক্ট করতে পারিনা। খুব কষ্ট পেলাম 😭",ভালো রিভিউ দেখে অর্ডার দিয়েছি পণ্যটি পাওয়ার দেখি একটা সাইড কানেক্ট আরেকটা সাইট কানেক্ট হয় আরেকটি কানেক্ট আরেকটি সাইট কানেক্ট হয় মোটকথা দুইটা সাইট একসাথে কানেক্ট করতে পারিনা খুব কষ্ট পেলাম,Negative,Product Quality,Product Quality,product_quality_negative,product_quality_negative
41333828277231,আলহমদুলিল্লাহ পেয়ে গেছি। দাম হিসেবে ভালই,আলহমদুলিল্লাহ পেয়ে গেছি দাম হিসেবে ভালই,Positive,Price;Product Quality,,price_positive;product_quality_positive,price_positive#product_quality_positive
53565702849018,"সেলারকে মেসেজ দিয়ে কোন রিপ্লাই পাইনি,
এছাড়া বাদবাকি সব কিছু ভালই,
চাইলে নিতে পারেন, এই বাজেটে এ হেডফোনটাই সেরা,
আমি ৫৩৫ টাকায় জিনিস অফারে ডেলিভারি সহ ৪৫২ টাকায় পেয়েছি, 
পোস্ট অফিসে ডেলিভারি নিছি,
 শুধু গাড়ি ভাড়ার ২০ টাকা খরচ গেছে,
এখন দেখা যাক হেডফোনটা কতদিন ঠিকে যেহেতু চাইনিজ প্রোডাক্ট।",সেলারকে মেসেজ দিয়ে রিপ্লাই পাইনি এছাড়া বাদবাকি ভালই চাইলে নিতে পারেন বাজেটে এ হেডফোনটাই সেরা আমি ৫৩৫ টাকায় জিনিস অফারে ডেলিভারি সহ ৪৫২ টাকায় পেয়েছি পোস্ট অফিসে ডেলিভারি নিছি শুধু গাড়ি ভাড়ার ২০ টাকা খরচ দেখা যাক হেডফোনটা কতদিন ঠিকে চাইনিজ প্রোডাক্ট,Positive,Price;Product Quality;Seller Service,Seller Service,seller_service_negative;price_positive;product_quality_positive,seller_service_negative#price_positive#product_quality_positive
54224251849018,"প্রোডাক্টটির কোয়ালিটি ভালো,। কালারের কোয়ালিটি অনেক ভালো,। প্রথম প্রথম যারা পড়বেন তাদের কানে টাইট হতে পারে,। তবে অভ্যস্ত হয়ে গেলে,। টাইট ঠিক হয়ে যাবে,। সাউন্ড কোয়ালিটি ও ভালো,। মেমোরি কার্ড সাপোর্ট করে। চার্জিং পোর্ট হিসাবে টাইপ সি পেলে ভালো হতো। চার্জিং ব্যাকআপ ভালো।",প্রোডাক্টটির কোয়ালিটি ভালো কালারের কোয়ালিটি ভালো প্রথম প্রথম যারা পড়বেন কানে টাইট পারে অভ্যস্ত হয়ে টাইট ঠিক হয়ে যাবে সাউন্ড কোয়ালিটি ও ভালো মেমোরি কার্ড সাপোর্ট চার্জিং পোর্ট হিসাবে টাইপ সি পেলে ভালো হতো চার্জিং ব্যাকআপ ভালো,Positive,Product Quality,,product_quality_positive,product_quality_positive
54670900549018,দোকানে দাম বেশি চাই কিন্তু এখানে অনেক কম। এত কম টাকার মধ্যে এতো ভালো জিনিস চিন্তাই করা যায় না আমি পাঁচ মাস ব্যবহার করে দিচ্ছি এই পর্যন্ত একটা সমস্যাও ফিল করিনি সর্বোচ্চ পাঁচ থেকে ছয় মিটার পর্যন্ত এর রেঞ্জ। অনেক ভালো এটা। কোন প্রমোট করার জন্য বলছি না আসলেই অনেক ভালো ব্যবহার করে বলছি নিজের অভিজ্ঞতা থেকে। চাইলে কিনতে পারেন অনেক ভালো ‌,দোকানে দাম চাই এত টাকার মধ্যে এতো ভালো জিনিস চিন্তাই যায় আমি পাঁচ মাস ব্যবহার দিচ্ছি পর্যন্ত একটা সমস্যাও ফিল করিনি সর্বোচ্চ পাঁচ ছয় মিটার পর্যন্ত এর রেঞ্জ ভালো এটা প্রমোট করার বলছি আসলেই ভালো ব্যবহার বলছি নিজের অভিজ্ঞতা চাইলে কিনতে পারেন ভালো,Positive,Price;Product Quality,,price_positive;product_quality_positive,price_positive#product_quality_positive
50270491049018,"অনেক ভালো,,, সাউণ্ড আমার জন্য আরো একটু বেস্ট প্রয়োজন,, কিন্তু এ বাজেটের মধ্যে খুব ভালো,,, প্যাকিংটা ও অনেক সুন্দর করে দিয়েছে,,, আপনারা চাইলে কিনতে পারেন,,,",ভালো সাউণ্ড আরো বেস্ট প্রয়োজন এ বাজেটের মধ্যে খুব ভালো প্যাকিংটা ও সুন্দর দিয়েছে আপনারা চাইলে কিনতে পারেন,Positive,Packaging;Product Quality,,packaging_positive;product_quality_positive,packaging_positive#product_quality_positive
54353116349018,এমনটা পাইছি বাসা করে অর্ডার করছিলাম কিন্তু যা পাইলাম এটার জন্য প্রস্তুত ছিলাম না একতো পাইছি আট দিন পরে তাও আবার এইটা ভাবা যায়,এমনটা পাইছি বাসা অর্ডার করছিলাম পাইলাম এটার প্রস্তুত ছিলাম একতো পাইছি আট দিন তাও এইটা ভাবা যায়,Negative,Delivery;Product Quality,Delivery;Product Quality,delivery_negative;product_quality_negative,delivery_negative#product_quality_negative
52144117549018,"দাম হিসেবে গড়ে তো অনেক ভালো আপনারা চোখ বন্ধ করে নিতে পারেন হেডফোনটি অনেক ভালো। 
 থ্যাংক ইউ ফর ইয়োর সার্ভিস ডেলিভারি ম্যান ভালো ছিল।
 এর থেকে ভালো কোন বেস্ট প্রোডাক্ট ছিল না আমার কাছে",দাম হিসেবে গড়ে তো ভালো আপনারা চোখ বন্ধ নিতে পারেন হেডফোনটি ভালো থ্যাংক ইউ ফর ইয়োর সার্ভিস ডেলিভারি ম্যান ভালো এর ভালো বেস্ট প্রোডাক্ট কাছে,Positive,Delivery;Price;Product Quality,,delivery_positive;price_positive;product_quality_positive,delivery_positive#price_positive#product_quality_positive
53468457549018,"আমার মনে হচ্ছে দাম হিসেবে ভালোই নিতে পারেন 
ধন্যবাদ আর ডেলিভারিতে কোনো সমস্যা না-ই ঠিক আছে নিতে পারেন 😀🥰",মনে দাম হিসেবে ভালোই নিতে পারেন ধন্যবাদ ডেলিভারিতে সমস্যা ই ঠিক নিতে পারেন,Positive,Delivery;Price;Product Quality,,delivery_positive;price_positive;product_quality_positive,delivery_positive#price_positive#product_quality_positive
54321069649018,অনেক ভালো কলেটির প্রোডাক্ট এটি। আমি অল্পদিনেই প্রডাক্টি পেয়ে গেছি সেলার কে অনেক ধন্যবাদ এত কম দামে এত সুন্দর একটি হেডফোন সেল করার জন্য।,ভালো কলেটির প্রোডাক্ট এটি আমি অল্পদিনেই প্রডাক্টি পেয়ে গেছি সেলার ধন্যবাদ এত দামে এত সুন্দর হেডফোন সেল করার,Positive,Delivery;Price;Product Quality,,delivery_positive;price_positive;product_quality_positive,delivery_positive#price_positive#product_quality_positive
55103624849018,"সাউন্ড কোয়ালিটি খুবই বাজে, আমার দেড়শ টাকার ইয়ারফোনের সাউন্ড এর থেকে ভালো ব্যাজ একদমই নেই বললে চলে ফালতু টাকা নষ্ট করলাম 😭😭😭",সাউন্ড কোয়ালিটি খুবই বাজে দেড়শ টাকার ইয়ারফোনের সাউন্ড এর ভালো ব্যাজ একদমই নেই বললে চলে ফালতু টাকা নষ্ট করলাম,Negative,Product Quality,Product Quality,product_quality_negative,product_quality_negative
53459688549018,দাম অনুযায়ী অনেক সুন্দর প্রোডাক্ট । প্রিমিয়াম এবং কোয়ালিটি সম্পন্ন প্রোডাক্ট,দাম অনুযায়ী সুন্দর প্রোডাক্ট প্রিমিয়াম কোয়ালিটি সম্পন্ন প্রোডাক্ট,Positive,Price;Product Quality,,price_positive;product_quality_positive,price_positive#product_quality_positive
54633642349018,প্রোডাক্টটি আমি হাতে পেয়েছি । ব্যবহার করে অনেক আনন্দিত। ধন্যবাদ দারাজ কোম্পানি।,প্রোডাক্টটি আমি হাতে পেয়েছি ব্যবহার আনন্দিত ধন্যবাদ দারাজ কোম্পানি,Positive,Product Quality,,product_quality_positive,product_quality_positive
53324038849018,"সবকিছু ঠিকঠাক ছিলো এবং কোয়ালিটি ভালো..আলহামদুলিল্লাহ।
ধন্যবাদ সেলার ভাইয়াকে।",সবকিছু ঠিকঠাক ছিলো কোয়ালিটি ভালো আলহামদুলিল্লাহ ধন্যবাদ সেলার ভাইয়াকে,Positive,Product Quality,,product_quality_positive,product_quality_positive
49073337049018,জিনিসটা অনেক ভালো স্পিকার অনেক ভালো ৫০০ টাকাই হিসেবে অনেক ভালো জিনিস সেলসম্যানের ব্যবহার অনেক ভালো,জিনিসটা ভালো স্পিকার ভালো ৫০০ টাকাই হিসেবে ভালো জিনিস সেলসম্যানের ব্যবহার ভালো,Positive,Price;Product Quality,,price_positive;product_quality_positive,price_positive#product_quality_positive
54493787049018,প্রাইজ অনুযায়ী ঠিক আছে!  সাউন্ড কোয়ালিটি আরেকটু ভালো করা যেতে পারতো,প্রাইজ অনুযায়ী ঠিক সাউন্ড কোয়ালিটি আরেকটু ভালো যেতে পারতো,Neutral,Price;Product Quality,,price_neutral;product_quality_neutral,price_neutral#product_quality_neutral
55074730149018,খুব ভালো যেটা চাইছিলাম ওইটাই পাইছি এবং সাউন্ড কোয়ালিটিও খুব ভালো☺️,খুব ভালো যেটা চাইছিলাম ওইটাই পাইছি সাউন্ড কোয়ালিটিও খুব ভালো,Positive,Product Quality,,product_quality_positive,product_quality_positive
52588230749018,খুবই ভালো একটা প্রোডাক্ট যেমনটা চেয়েছিলাম ঠিক তেমনটাই পেয়েছি,খুবই ভালো একটা প্রোডাক্ট যেমনটা চেয়েছিলাম ঠিক তেমনটাই পেয়েছি,Positive,Product Quality,,product_quality_positive,product_quality_positive
50000421549018,"প্রোডাক্টটি ভালো কিন্তু,অর্ডার দেওয়ার বিশ দিন পরে হাতে 
পেয়েছি।",প্রোডাক্টটি ভালো অর্ডার দেওয়ার বিশ দিন হাতে পেয়েছি,Neutral,Delivery;Product Quality,Delivery,delivery_negative;product_quality_positive,delivery_negative#product_quality_positive
54858387349018,"হ্যাডফোনটি যেমনটা চেয়েছি তেমন পেয়েছি... 
দারাজকে ধন্যবাদ",হ্যাডফোনটি যেমনটা চেয়েছি পেয়েছি দারাজকে ধন্যবাদ,Positive,Product Quality,,product_quality_positive,product_quality_positive
50370356049018,"আলহামদুলিল্লাহ 🎉🥰🥰ভালোই ছিলো,,,,, নিতে পারেন🎧🎧",আলহামদুলিল্লাহ ভালোই ছিলো নিতে পারেন,Positive,Product Quality,,product_quality_positive,product_quality_positive
53304086649018,মোটামুটি তবে  এইটা পরলে প্রচুর কান বেথা করে।,মোটামুটি এইটা পরলে প্রচুর কান বেথা,Neutral,Product Quality,,product_quality_neutral,product_quality_neutral
52541504249018,"মোটামোটি ভালোই, চাইলে আপনারাও নিতে পারেন৷",মোটামোটি ভালোই চাইলে আপনারাও নিতে পারেন৷,Neutral,Product Quality,,product_quality_neutral,product_quality_neutral
54590999649018,আলহামদুলিহ অনেক ভালো আপনারা নিতে পারেন,আলহামদুলিহ ভালো আপনারা নিতে পারেন,Positive,Product Quality,,product_quality_positive,product_quality_positive
54795004649018,আলহামদুলিল্লাহ অনেক ভালো সবাই নিতে পারেন,আলহামদুলিল্লাহ ভালো সবাই নিতে পারেন,Positive,Product Quality,,product_quality_positive,product_quality_positive
54319444949018,অনেক সুন্দর যেটা দেখছিলাম ওইটাই পাইছি,সুন্দর যেটা দেখছিলাম ওইটাই পাইছি,Positive,Product Quality,,product_quality_positive,product_quality_positive
52696750549018,আলহামদুলিল্লাহ ভালো সবে ওয়াটার করবেন,আলহামদুলিল্লাহ ভালো সবে ওয়াটার করবেন,Positive,Product Quality,,product_quality_positive,product_quality_positive
51587723849018,সাউন্ড কোয়ালিটি ভালো না।সাউন্ড কম আসে,সাউন্ড কোয়ালিটি ভালো সাউন্ড আসে,Negative,Product Quality,Product Quality,product_quality_negative,product_quality_negative
52189667049018,আর কিছু বলবো না ১০০ যে ১০০❤️‍🩹🥀🥀📌,বলবো ১০০ যে ১০০,Positive,Product Quality,,product_quality_positive,product_quality_positive
53608339549018,কম দামে খারাপ না। মেয়ে বেজায় খুশি।,দামে খারাপ মেয়ে বেজায় খুশি,Neutral,Price;Product Quality,,price_neutral;product_quality_neutral,price_neutral#product_quality_neutral
54685960249018,আশা অনরুপ হয়নায় চাজ থাকে ২-৩ ঘন্টা।,আশা অনরুপ হয়নায় চাজ ২ ৩ ঘন্টা,Negative,Product Quality,Product Quality,product_quality_negative,product_quality_negative
52364082449018,এই মাএ হাতে পাইলাম দারুণ একটা জিনিস,মাএ হাতে পাইলাম দারুণ একটা জিনিস,Positive,Product Quality,,product_quality_positive,product_quality_positive
52699534949018,ডেলিভারি সহ ৬৬২ টাকায় খারাপ না।,ডেলিভারি সহ ৬৬২ টাকায় খারাপ,Neutral,Price;Product Quality,,price_neutral;product_quality_neutral,price_neutral#product_quality_neutral
45530591149018,ভাই ছাইলে আপনা রা নি তে পারেন আমি বিগত তিন দিন  দরে ব্যবহার করছি  ভালো ওই,ভাই ছাইলে আপনা রা নি তে পারেন আমি বিগত তিন দিন দরে ব্যবহার করছি ভালো,Positive,Product Quality,,product_quality_positive,product_quality_positive
53584248249018,আনেক ভালো নিতে পারেন সবাই,আনেক ভালো নিতে পারেন সবাই,Positive,Product Quality,,product_quality_positive,product_quality_positive
54636815749018,এটি অনেক ভালো একটি পন্য,এটি ভালো পন্য,Positive,Product Quality,,product_quality_positive,product_quality_positive
49003113549018,অনেক অনেক ভালো মানের একটা প্রোডাক্ট🥰🥰🥰,ভালো মানের একটা প্রোডাক্ট,Positive,Product Quality,,product_quality_positive,product_quality_positive
54987803349018,মোটামুটি সব ঠিকই ছিল বাট কানের ওখানে যে ফর্ম  ওটা কাপড়ের দিয়েছে ওখানে ফর্ম এর ছবি দেওয়া ছিল আর ওপরের নেটের মতন ফোঁটা ফোঁটা একটা দেওয়া ছিল বাট এখানে প্লাস্টিক দেওয়া আছে।  ১০ এর মধ্যে ৬ দেওয়া যায়।,মোটামুটি ঠিকই বাট কানের ওখানে যে ফর্ম ওটা কাপড়ের দিয়েছে ওখানে ফর্ম এর ছবি দেওয়া ওপরের নেটের মতন ফোঁটা ফোঁটা একটা দেওয়া বাট প্লাস্টিক দেওয়া ১০ এর মধ্যে ৬ দেওয়া যায়,Neutral,Product Quality,,product_quality_neutral,product_quality_neutral
48930262749018,কোয়ালিটি খুব বাজে সাউন্ড খুব আস্তে আসে আর কি রকম জানে জিন জিন আওয়াজ হচ্ছে 😠😠,কোয়ালিটি খুব বাজে সাউন্ড খুব আস্তে আসে রকম জানে জিন জিন আওয়াজ,Negative,Product Quality,Product Quality,product_quality_negative,product_quality_negative
54387856749018,আপনারা নিঃসন্দে নিতে পারেন প্রোডাক্টটি আসলে অনেক ভালো। মোটামুটি দুই তিন সপ্তাহ ইউজ করার পরও বুঝতে পারছি এটা অনেক ভালোই যারা নিতে পারেন চার্জার সার্ভিস ভালো দেয়,আপনারা নিঃসন্দে নিতে পারেন প্রোডাক্টটি আসলে ভালো মোটামুটি দুই তিন সপ্তাহ ইউজ করার পরও বুঝতে পারছি এটা ভালোই যারা নিতে পারেন চার্জার সার্ভিস ভালো দেয়,Positive,Product Quality,,product_quality_positive,product_quality_positive
53470090749018,এই দামে এত সুন্দর একটি হেডফোন দেবার জন্য  দারাজকে ধন্যবাদ ডেলিভারি ম্যান এর ব্যবহার ও অনেক ভালো ছিল,দামে এত সুন্দর হেডফোন দেবার দারাজকে ধন্যবাদ ডেলিভারি ম্যান এর ব্যবহার ও ভালো,Positive,Delivery;Price;Product Quality,,delivery_positive;price_positive;product_quality_positive,delivery_positive#price_positive#product_quality_positive
52695740249018,যদিও চার্জ একটু লাস্টিং কম করে সব মিলিয়ে অনেক ভালো। কোয়ালিটি অনেক ভালো। নিতে পারেন যাদের প্রয়োজন।,চার্জ লাস্টিং মিলিয়ে ভালো কোয়ালিটি ভালো নিতে পারেন যাদের প্রয়োজন,Positive,Product Quality,,product_quality_positive,product_quality_positive
53975126049018,"আলহামদুলিল্লাহ, জিনিসটা অনেক ভালো, যদিও ফম টা অনেক শক্ত তারপরে দাম হিসেবে ঠিক আছে। যদি আপনারা কিনতে চান কিনতে পারেন। সাউন্ড কোয়ালিটি নরমাল, অতটাও ভালো না, কিন্তু দাম হিসেবে ঠিক আছে।",আলহামদুলিল্লাহ জিনিসটা ভালো ফম টা শক্ত তারপরে দাম হিসেবে ঠিক যদি আপনারা কিনতে চান কিনতে পারেন সাউন্ড কোয়ালিটি নরমাল অতটাও ভালো দাম হিসেবে ঠিক,Positive,Price;Product Quality,,price_neutral;product_quality_positive,price_neutral#product_quality_positive
52138847749018,"অত্যন্ত মানসম্মত প্রোডাক্ট 
দাম অনুযায়ী যে রকম ভেবেছিলাম তারচেয়ে অনেক ভালো। 
ডেলিভারি ম্যানের ব্যাবহারও অত্যন্ত ভালো ছিল, ব্যাক্তিগত কাজে একটু ব্যাস্ত ছিলাম বলে রিসিভ করতে দেরি হলেও তিনি ধৈর্য ধরে অপেক্ষা করেছিলেন।
চাইলে নিতে পারেন ঠকবেন না।",অত্যন্ত মানসম্মত প্রোডাক্ট দাম অনুযায়ী যে রকম ভেবেছিলাম তারচেয়ে ভালো ডেলিভারি ম্যানের ব্যাবহারও অত্যন্ত ভালো ব্যাক্তিগত কাজে ব্যাস্ত ছিলাম বলে রিসিভ করতে দেরি হলেও ধৈর্য ধরে অপেক্ষা করেছিলেন চাইলে নিতে পারেন ঠকবেন,Positive,Delivery;Price;Product Quality,,delivery_positive;price_positive;product_quality_positive,delivery_positive#price_positive#product_quality_positive
51249252949018,ছবি দেখে ভাবছিলাম অনেক ভাল হবে (স্টিল বডি মনে করসিলাম) ......কিন্তু খুব নিম্নমানের একটা পণ্য।  বডি + সাউন্ড.. সব নিম্নমানের।  হেডফোন একবার হাত থেকে পোরলেই ভেঙ্গে যাবে।খুব নিম্নমানের প্লাস্টিক।,ছবি দেখে ভাবছিলাম ভাল স্টিল বডি মনে করসিলাম খুব নিম্নমানের একটা পণ্য বডি সাউন্ড নিম্নমানের হেডফোন একবার হাত পোরলেই ভেঙ্গে যাবে খুব নিম্নমানের প্লাস্টিক,Negative,Product Quality,Product Quality,product_quality_negative,product_quality_negative
50465917449018,এটা ভালোনা বাটান কাজ করেনা  ছাউন কলিটি একটুও ভালোনা তার উপর প্রথমে তো এটা কানেক্ট হছিলোনা এট আমার দারাজ থেকে কেনা সবচে খারাপ পোডাক। দারাজ থেকে আমি আনেক কিছু কিনেছি কিন্তু এরকম হইনি আমার সাথে। একদম ফালতু 😡😡😡,এটা ভালোনা বাটান কাজ করেনা ছাউন কলিটি একটুও ভালোনা উপর প্রথমে তো এটা কানেক্ট হছিলোনা এট দারাজ কেনা সবচে খারাপ পোডাক দারাজ আমি আনেক কিনেছি এরকম হইনি একদম ফালতু,Negative,Product Quality,Product Quality,product_quality_negative,product_quality_negative
54616665549018,"মাশাল্লাহ রেট হিসেবে খুব ভালো পাইচি চেলারের ব্যাবহার ও অনেক ভালো চিলো।প্রোডাক টা সবাই নিতে পারেন আমি নিশ্চিত 
ভালো প্রোডাক পাবেন সাউন্ড কোয়ালিটি অনেক সুন্দর",মাশাল্লাহ রেট হিসেবে খুব ভালো পাইচি চেলারের ব্যাবহার ও ভালো চিলো প্রোডাক টা সবাই নিতে পারেন আমি নিশ্চিত ভালো প্রোডাক পাবেন সাউন্ড কোয়ালিটি সুন্দর,Positive,Price;Product Quality;Seller Service,,seller_service_positive;price_positive;product_quality_positive,seller_service_positive#price_positive#product_quality_positive
55125828449018,"ফালতু একটা হেডফোন।
চার্জিং ক্যাবল নেই। চার্জিং ইন্ডিকেটর নেই। সাইজে ছোট।
যেগুলো ভালো রিভিউ সেগুলো সব ওনাদের সাজানো রিভিউ।
কেউ কিনবেন না।
৫* দিলাম যাতে রিভিউ উপরে থাকে সবাই সাবধান হতে পারেন।",ফালতু একটা হেডফোন চার্জিং ক্যাবল নেই চার্জিং ইন্ডিকেটর নেই সাইজে ছোট যেগুলো ভালো রিভিউ সেগুলো ওনাদের সাজানো রিভিউ কেউ কিনবেন ৫ দিলাম রিভিউ উপরে সবাই সাবধান পারেন,Negative,Product Quality,Product Quality,product_quality_negative,product_quality_negative
54799869649018,"মোটা মোটামুটি ভালো আচে  চাইলে নিতে পারেন 
 সাউন্ড ঠিক আচে বাট কলে কথা বললে শুনা জায়না।",মোটা মোটামুটি ভালো আচে চাইলে নিতে পারেন সাউন্ড ঠিক আচে বাট কলে কথা বললে শুনা জায়না,Neutral,Product Quality,,product_quality_neutral,product_quality_neutral
52369761849018,ওনেক ভালো প্রোডাক্ট আপনারা নিতে পারেন ট্রাই করে দেখেছি এত সাউন্ড এত ভালো কোয়ালিটি,ওনেক ভালো প্রোডাক্ট আপনারা নিতে পারেন ট্রাই দেখেছি এত সাউন্ড এত ভালো কোয়ালিটি,Positive,Product Quality,,product_quality_positive,product_quality_positive
55087544249018,আলহামদুলিল্লাহ খুব ভালো হইছে জেমন টা চাইছি তেমনি পাইছি সব কিছু মিলে আলহামদুলিল্লাহ,আলহামদুলিল্লাহ খুব ভালো হইছে জেমন টা চাইছি তেমনি পাইছি মিলে আলহামদুলিল্লাহ,Positive,Product Quality,,product_quality_positive,product_quality_positive
52689528649018,একদম বাজে কোয়ালিটি বাজে এবং সাউন্ড বাজে আমিতো ঐদিন ব্যবহার করার পর ভেঙে গেছে,একদম বাজে কোয়ালিটি বাজে সাউন্ড বাজে আমিতো ঐদিন ব্যবহার করার ভেঙে,Negative,Product Quality,Product Quality,product_quality_negative,product_quality_negative
50413553349018,একদম ফালতু একটা জিনিস। বাটন নষ্ট। কেউ কিনিয়েন না ঠকে জাবেন পরে আমাকে বলিয়েন না,একদম ফালতু একটা জিনিস বাটন নষ্ট কেউ কিনিয়েন ঠকে জাবেন বলিয়েন,Negative,Product Quality,Product Quality,product_quality_negative,product_quality_negative
53105980049018,"ফালতু, সাউন্ড একেবারে কম ঠিক মতো গানও শুনা যায় না। দাম হিসেবে একেবারে ফালতু ।",ফালতু সাউন্ড একেবারে ঠিক গানও শুনা যায় দাম হিসেবে একেবারে ফালতু,Negative,Product Quality,Product Quality,product_quality_negative,product_quality_negative
54131324949018,ফালতু একটা প্রোডাক্ট ভিতরে ভাঙা ছিলো। কিন্তু সাউন্ড সিস্টেমে মোটামুটি ভালো,ফালতু একটা প্রোডাক্ট ভিতরে ভাঙা ছিলো সাউন্ড সিস্টেমে মোটামুটি ভালো,Negative,Product Quality,Product Quality,product_quality_negative,product_quality_negative
52487473749018,"জিনিস টা ঠিক আছে দাম টা বেশি....
ডেলিভারি খরচ টা অনেক বেশি 😡😡😡😡😡😡",জিনিস টা ঠিক দাম টা ডেলিভারি খরচ টা,Neutral,Price;Product Quality,Price,price_negative;product_quality_positive,price_negative#product_quality_positive
52314304149018,"ওভারঅল দাম অনুযায়ী সব কিছু ঠিকাছে,, চাইলে সবাই নিতে পারেন ১০/৯ 👍👍💝",ওভারঅল দাম অনুযায়ী ঠিকাছে চাইলে সবাই নিতে পারেন ১০ ৯,Positive,Price;Product Quality,,price_positive;product_quality_positive,price_positive#product_quality_positive
52423297649018,কানে দেওয়ার সময় ভেঙে যাবে এমন অবস্থা। আমার কাছে ছোট লাগে এটা। 😅,কানে দেওয়ার সময় ভেঙে যাবে অবস্থা কাছে ছোট লাগে এটা,Negative,Product Quality,Product Quality,product_quality_negative,product_quality_negative
53079765449018,দেরিতে পেয়েছি কিন্তু ভালো চাইলে আপনার নিতে পারেন,দেরিতে পেয়েছি ভালো চাইলে আপনার নিতে পারেন,Neutral,Delivery;Product Quality,Delivery,delivery_negative;product_quality_positive,delivery_negative#product_quality_positive
54522528849018,অতটাও ভালো না হালকা কিন্তু বাজেটের মধ্যে বেস্ট,অতটাও ভালো হালকা বাজেটের মধ্যে বেস্ট,Positive,Price;Product Quality,,price_positive;product_quality_neutral,price_positive#product_quality_neutral
54346168149018,এই হেডফোনটা ভালো না এক কানে শোনা যায় না,হেডফোনটা ভালো এক কানে শোনা যায়,Negative,Product Quality,Product Quality,product_quality_negative,product_quality_negative
51845475449018,"পণ্যটি সত্যিই অসাধারণ, সেলারকে ধন্যবাদ",পণ্যটি সত্যিই অসাধারণ সেলারকে ধন্যবাদ,Positive,Product Quality,,product_quality_positive,product_quality_positive
49295486049018,"অসাধারণ, সাউন্ড কোয়ালিটি অনেক ভালো, দশে দশ দিলাম????",অসাধারণ সাউন্ড কোয়ালিটি ভালো দশে দশ দিলাম,Positive,Product Quality,,product_quality_positive,product_quality_positive
52067621649018,মোটামুটি দাম আরো কম হওয়া দরকার,মোটামুটি দাম আরো হওয়া দরকার,Negative,Price;Product Quality,Price,price_negative;product_quality_neutral,price_negative#product_quality_neutral
49032990449018,সুন্দর প্রোডাক্ট নিতে পারেন। চার্জ ভালোই থাকে।,সুন্দর প্রোডাক্ট নিতে পারেন চার্জ ভালোই,Positive,Product Quality,,product_quality_positive,product_quality_positive
49022930949018,জিনিসটা ভালো আমার কাছে ভালই লাগছে কিন্তু এর সাউন্ড কোয়ালিটি টা একটু খারাপ আর একটু বেশি সাউন্ড থাকলে ভালো হতো বাট পুরোপুরি জিনিসটা আমার কাছে অনেক ভালো লাগছে,জিনিসটা ভালো কাছে ভালই লাগছে এর সাউন্ড কোয়ালিটি টা খারাপ সাউন্ড থাকলে ভালো হতো বাট পুরোপুরি জিনিসটা কাছে ভালো লাগছে,Positive,Product Quality,,product_quality_positive,product_quality_positive
54017628249018,চার্জ কম থাকে। আর সম্পূর্ণ কান ঢাকা যায় না। ফলে কানে চাপ লাগে। পরে একটু ব্যাথা করে। গ্রীষ্মের সময় ব্যবহার করা কষ্টকর। খুব তাড়াতাড়ি কান গরম হয়ে যায়। আমার এই হল্য অভিজ্ঞতা ।,চার্জ সম্পূর্ণ কান ঢাকা যায় কানে চাপ লাগে ব্যাথা গ্রীষ্মের সময় ব্যবহার কষ্টকর খুব তাড়াতাড়ি কান গরম হয়ে যায় হল্য অভিজ্ঞতা,Negative,Product Quality,Product Quality,product_quality_negative,product_quality_negative
50861496749018,সেলার একটি নষ্ট প্রোডাক্ট কিভাবে দিতে পারলো? এমনটা আশা করিনি।,সেলার নষ্ট প্রোডাক্ট দিতে পারলো এমনটা আশা করিনি,Negative,Product Quality,Product Quality,product_quality_negative,product_quality_negative
54561808649018,অনেক সুন্দর একটি প্রোডাক্ট নিতে পারেন,সুন্দর প্রোডাক্ট নিতে পারেন,Positive,Product Quality,,product_quality_positive,product_quality_positive
46182884825820,"আমি প্রথমে ভাবছিলাম যে ওয়াডার টা ক্যানসেল করে দেই ,মনে হয় ভালো হবে না প্রোডাক্টটা ,কিন্তু ডেলিভারি পাওয়ার পরে ৪ ঘন্টা চালানোর পর রিভিউ দিচ্ছি আমি সত্যিই বিশ্বাস করতে পারতেছি না এত সুন্দর একটা জিনিস আমি পেয়েছি এই বাজেটে এর থেকে ভালো আর কোন কিছুই হয় না !
 ধন্যবাদ দারাজ আপনাকে অনেক তাড়াতাড়ি পেয়েছি জিনিসটা আর ডেলিভারি বয়,
 ভাই ভাইয়ার ব্যবহার অনেক ভালো ধন্যবাদ ভাইয়া ইনশাআল্লাহ আবার দেখা হবে",আমি প্রথমে ভাবছিলাম যে ওয়াডার টা ক্যানসেল দেই মনে হয় ভালো প্রোডাক্টটা ডেলিভারি পাওয়ার ৪ ঘন্টা চালানোর রিভিউ দিচ্ছি আমি সত্যিই বিশ্বাস করতে পারতেছি এত সুন্দর একটা জিনিস আমি পেয়েছি বাজেটে এর ভালো কিছুই হয় ধন্যবাদ দারাজ আপনাকে তাড়াতাড়ি পেয়েছি জিনিসটা ডেলিভারি বয় ভাই ভাইয়ার ব্যবহার ভালো ধন্যবাদ ভাইয়া ইনশাআল্লাহ দেখা,Positive,Delivery;Price;Product Quality,,delivery_positive;price_positive;product_quality_positive,delivery_positive#price_positive#product_quality_positive
45883155125820,"আলহামদুলিল্লাহ, 
অনলাইন কেনাকাটায় সবসময়ই অবিশ্বাস ও সন্দেহ কাজ করত, এরপর ঝুকি নিয়ে পণ্যটি কিনলাম, 
মাশাআল্লাহ পণ্যটি যেমন চেয়েছিলাম তেমনই পেয়েছি, যথেষ্ট সন্তোষজনক, 
ডেলিভারি ম্যানের ব্যাবহার মাশাআল্লাহ অনেক সুন্দর ছিলো, 
ধন্যবাদ দারাজ টিম কে",আলহামদুলিল্লাহ অনলাইন কেনাকাটায় সবসময়ই অবিশ্বাস ও সন্দেহ কাজ করত এরপর ঝুকি নিয়ে পণ্যটি কিনলাম মাশাআল্লাহ পণ্যটি চেয়েছিলাম তেমনই পেয়েছি যথেষ্ট সন্তোষজনক ডেলিভারি ম্যানের ব্যাবহার মাশাআল্লাহ সুন্দর ছিলো ধন্যবাদ দারাজ টিম,Positive,Delivery;Product Quality,,delivery_positive;product_quality_positive,delivery_positive#product_quality_positive
48012107725820,প্রোডাক্টটা অনেক ভালো। কিন্তু একটা নষ্ট। এর সাথে ইউএসবি ক্যাবল দেয় নাই। যেটা দিয়ে চার্জ দিতে হয়। আপনারা চাইলে নিতে পারেন। সবগুলো প্রোডাক্ট তো আর একরকম হয় না তাই আমি এটা রিটার্ন করতে চাচ্ছি,প্রোডাক্টটা ভালো একটা নষ্ট এর ইউএসবি ক্যাবল দেয় নাই যেটা দিয়ে চার্জ দিতে হয় আপনারা চাইলে নিতে পারেন সবগুলো প্রোডাক্ট তো একরকম হয় তাই আমি এটা রিটার্ন করতে চাচ্ছি,Positive,Product Quality,,product_quality_positive,product_quality_positive
45606972825820,আমার কাছে ভালোই লাগছে।দাম অনুযায়ী ঠিক আছে।মোটামুটি এক চার্জে ৩ ঘণ্টা চালানো যাবে।আপনারা চাইলে নিতে পারেন।,কাছে ভালোই লাগছে দাম অনুযায়ী ঠিক মোটামুটি এক চার্জে ৩ ঘণ্টা চালানো যাবে আপনারা চাইলে নিতে পারেন,Positive,Price;Product Quality,,price_neutral;product_quality_positive,price_neutral#product_quality_positive
45975296025820,প্রোডাক্টটা ভালো ছিল কিন্তু প্যাকেজিং ভালো ছিল না,প্রোডাক্টটা ভালো প্যাকেজিং ভালো,Neutral,Packaging;Product Quality,Packaging,packaging_negative;product_quality_positive,packaging_negative#product_quality_positive
51925335725820,"দাম অনুযায়ী জিনিসটা ভালোই। চার্জ ব্যাকআপ  ভালোই দিচ্ছে খারাপ না, দাম অনুযায়ী জিনিসটা স্যাটিসফাইড আছে, আমি সন্তুষ্ট",দাম অনুযায়ী জিনিসটা ভালোই চার্জ ব্যাকআপ ভালোই দিচ্ছে খারাপ দাম অনুযায়ী জিনিসটা স্যাটিসফাইড আমি সন্তুষ্ট,Positive,Price;Product Quality,,price_positive;product_quality_positive,price_positive#product_quality_positive
49844040225820,"প্রোডাক্ট কি হাতে পেলাম ,
আলহামদুলিল্লাহ অনেক ভালো 
১ চার্জ এ ২ ঘন্টা ব্যবহার করছি 
সাউন্ড কোয়ালিটি অনেক ভালো",প্রোডাক্ট হাতে পেলাম আলহামদুলিল্লাহ ভালো ১ চার্জ এ ২ ঘন্টা ব্যবহার করছি সাউন্ড কোয়ালিটি ভালো,Positive,Product Quality,,product_quality_positive,product_quality_positive
49919780025820,"দাম অনুযায়ী ভালো বলা যায়,
আমি ৩ সপ্তাহ ব্যবহার করে যা বুঝলাম।

- সমস্যা হলো"" চার্জ ব্যাকআপ অল্প এবং কানে রেখে হাত লাগলে সমস্যা হয়!",দাম অনুযায়ী ভালো বলা যায় আমি ৩ সপ্তাহ ব্যবহার বুঝলাম সমস্যা হলো চার্জ ব্যাকআপ অল্প কানে রেখে হাত লাগলে সমস্যা হয়,Positive,Price;Product Quality,,price_positive;product_quality_positive,price_positive#product_quality_positive
52692836425820,প্রডাক্ট ভালো কিন্ত কালোটা অর্ডার করে সাদা পেয়েছি। যে কালার অর্ডার করেছি সেই কালার দেয়া উচিত ছিল।,প্রডাক্ট ভালো কিন্ত কালোটা অর্ডার সাদা পেয়েছি যে কালার অর্ডার করেছি সেই কালার দেয়া উচিত,Positive,Product Quality,,product_quality_positive,product_quality_positive
49668477725820,প্যাকেজিং টা ভালো ছিলো না কারন প্যাকেট টির অবস্থা ভালো না কিন্তু এয়ারপডটা ভালো কোনো সমস্যা নেই 👌,প্যাকেজিং টা ভালো ছিলো কারন প্যাকেট টির অবস্থা ভালো এয়ারপডটা ভালো সমস্যা নেই,Neutral,Packaging;Product Quality,Packaging,packaging_negative;product_quality_positive,packaging_negative#product_quality_positive
48729888925820,"সবকিছু ঠিক আছে, প্রোডাক্ট অনেক ভালো। কিন্তু চার্জ তাড়াতাড়ি কমে যায়! চার্জের বিষয়টা বাদ দিলে জিনিসটা খুবই ভালো। এরপরও এ প্রাইস পয়েন্ট এ এটা ভালো।",সবকিছু ঠিক প্রোডাক্ট ভালো চার্জ তাড়াতাড়ি কমে যায় চার্জের বিষয়টা বাদ দিলে জিনিসটা খুবই ভালো এরপরও এ প্রাইস পয়েন্ট এ এটা ভালো,Positive,Price;Product Quality,,price_positive;product_quality_positive,price_positive#product_quality_positive
51227725725820,এমনিতে ভালো কিন্তু মাজে মাজে সাউন্ড এ সমস্যা করে,এমনিতে ভালো মাজে মাজে সাউন্ড এ সমস্যা,Positive,Product Quality,,product_quality_positive,product_quality_positive
49297836125820,দেখতে খুব ভালোই লাগছে এখন ব্যবহার করে দেখতে হবে সাউন্ড কোয়ালিটি কেমন,দেখতে খুব ভালোই লাগছে ব্যবহার দেখতে সাউন্ড কোয়ালিটি কেমন,Positive,Product Quality,,product_quality_positive,product_quality_positive
47332902425820,ছবিতে যেমন দেখেছি তেমন পাইনি। দেখলাম ওয়ানপ্লাসের এখন দেখি শুধুই জিরো। আবার চেক করে দেখি একটা বাজে একটা বাজে না।। প্রোডাক্ট খুব বাজে কেউ নেবেন না।,ছবিতে দেখেছি পাইনি দেখলাম ওয়ানপ্লাসের দেখি শুধুই জিরো চেক দেখি একটা বাজে একটা বাজে প্রোডাক্ট খুব বাজে কেউ নেবেন,Negative,Product Quality,Product Quality,product_quality_negative,product_quality_negative
48993580125820,খারাপ না ভালই আছে অনেকক্ষণ চলছে,খারাপ ভালই অনেকক্ষণ চলছে,Positive,Product Quality,,product_quality_positive,product_quality_positive
46279607125820,"আমি গতকাল এটি ক্রয় করি। দাম অনুযায়ী একদম বাজে প্রডাক্ট, সাউন্ড কোয়ালিটি একদম বাজে আর ঝিন ঝিন করে একটা শব্দ আসছে,, আশা করি নি এরকম নষ্ট একটা প্রডাক্ট দিবে 😢",আমি গতকাল এটি ক্রয় করি দাম অনুযায়ী একদম বাজে প্রডাক্ট সাউন্ড কোয়ালিটি একদম বাজে ঝিন ঝিন একটা শব্দ আসছে আশা করি নি এরকম নষ্ট একটা প্রডাক্ট দিবে,Negative,Price;Product Quality,Price;Product Quality,price_negative;product_quality_negative,price_negative#product_quality_negative
45956587825820,একদম বাজে মাল দিছে এটা কখনো আশা করিনি দারাজের কাছ থেকে আমার মন থেকে দারাজ অনেকটাই উঠে গেল প্রোডাক্টি রিটার্ন দিয়ে দিব,একদম বাজে মাল দিছে এটা আশা করিনি দারাজের কাছ মন দারাজ অনেকটাই উঠে প্রোডাক্টি রিটার্ন দিয়ে দিব,Negative,Product Quality,Product Quality,product_quality_negative,product_quality_negative
46077616225820,"আমি কালার চাইছি একটা আর পাইছি আরেকটা 😔😔 কিন্তু ব্লুটুথটা আলহামদুলিল্লাহ অনেক ভালো 🖤 আপনারা চাইলে নিতে পারেন,ঠকবেন না ইনশাআল্লাহ 🥰",আমি কালার চাইছি একটা পাইছি আরেকটা ব্লুটুথটা আলহামদুলিল্লাহ ভালো আপনারা চাইলে নিতে পারেন ঠকবেন ইনশাআল্লাহ,Positive,Product Quality,,product_quality_positive,product_quality_positive
45993033825820,আমার কাছে ভালো লাগছে। আপনারা চাইলে নিতে পারেন। ডেলিভারির সময় ৪ দিন লাগছে। ডেলিভারি ম্যান অনেক ভালো আমাকে চা খাওয়াতে চাইছিলো😌,কাছে ভালো লাগছে আপনারা চাইলে নিতে পারেন ডেলিভারির সময় ৪ দিন লাগছে ডেলিভারি ম্যান ভালো চা খাওয়াতে চাইছিলো,Positive,Delivery;Product Quality,,delivery_positive;product_quality_positive,delivery_positive#product_quality_positive
46326000625820,অর্ডার দিয়ে ছিলাম কালো টা আর দিলেন নেভি ব্লু। দেখতে ভালোই লাগছে। সাউন্ড কোয়ালিটি অনেক ভালো,অর্ডার দিয়ে ছিলাম কালো টা নেভি ব্লু দেখতে ভালোই লাগছে সাউন্ড কোয়ালিটি ভালো,Positive,Product Quality,,product_quality_positive,product_quality_positive
45905877525820,অনেক ভালো একটি প্রোডাক্ট ইউজ করে অনেক ভালো লাগতেছে । চার্জও মোটামুটি অনেক ভালো যায়।ধন্যবাদ ডেলিভারি ম্যান ভাইকে তার ব্যবহার অনেক সুন্দর।😍😍🤟👍✅,ভালো প্রোডাক্ট ইউজ ভালো লাগতেছে চার্জও মোটামুটি ভালো যায় ধন্যবাদ ডেলিভারি ম্যান ভাইকে ব্যবহার সুন্দর,Positive,Delivery;Product Quality,,delivery_positive;product_quality_positive,delivery_positive#product_quality_positive
46229764225820,প্রোডাক্ট এর কোয়ালিটি একদম খারাপ।সাউন্ড কোয়ালিটি ও খারাপ । আপনারা কেউ প্রোডাক্টটি নিবেন না ।,প্রোডাক্ট এর কোয়ালিটি একদম খারাপ সাউন্ড কোয়ালিটি ও খারাপ আপনারা কেউ প্রোডাক্টটি নিবেন,Negative,Product Quality,Product Quality,product_quality_negative,product_quality_negative
46397680625820,জিনিসটা কিন্তু ভালো দেই না কিন্তুু নষ্ট জিনিস দিছেন দারাজ খালি পাবলিকের টাকা চিনে,জিনিসটা ভালো দেই কিন্তুু নষ্ট জিনিস দিছেন দারাজ খালি পাবলিকের টাকা চিনে,Negative,Product Quality,Product Quality,product_quality_negative,product_quality_negative
46776535425820,অর্ডার করলাম একটা দিলো আরেকটা।  তাও আবার কালার ও ভিন্ন। এইটা তো প্রো ৬ না।,অর্ডার করলাম একটা দিলো আরেকটা তাও কালার ও ভিন্ন এইটা তো প্রো ৬,Negative,Product Quality,Product Quality,product_quality_negative,product_quality_negative
45764776525820,দারাজের দেওয়া সব মাল খারাপ আগেও দিয়েছি একটি আরফোট ভিতরে ব্যাটারি চার্জ থাকে না লুয়া দিয়ে ওয়েট বাড়ানো আর এখন যেটা অর্ডার দিছি ইয়ারফুট ১ ঘন্টা ২০ মিনিট বাজি আর বক্স থেকে একবার চার্জ দেওয়া যায় দেখে দিতে পারেন,দারাজের দেওয়া মাল খারাপ আগেও দিয়েছি আরফোট ভিতরে ব্যাটারি চার্জ লুয়া দিয়ে ওয়েট বাড়ানো যেটা অর্ডার দিছি ইয়ারফুট ১ ঘন্টা ২০ মিনিট বাজি বক্স একবার চার্জ দেওয়া যায় দেখে দিতে পারেন,Negative,Product Quality,Product Quality,product_quality_negative,product_quality_negative
45718033725820,"চাইছি একটা দিছে আরেকটা, এই হল বাংলাদেশের অনলাইন সর্বোচ্চ সফল বিজনেস দ্বারাজের অবস্থা, আমি খুবই হতাশ",চাইছি একটা দিছে আরেকটা হল বাংলাদেশের অনলাইন সর্বোচ্চ সফল বিজনেস দ্বারাজের অবস্থা আমি খুবই হতাশ,Negative,Product Quality,Product Quality,product_quality_negative,product_quality_negative
46176888625820,"অনেক ভালো,,, শুধু চার্জ একটু কম থাকে,,,আর সব দিক দিয়ে পারফেক্ট 🫠🫠",ভালো শুধু চার্জ দিক দিয়ে পারফেক্ট,Positive,Product Quality,,product_quality_positive,product_quality_positive
46283462425820,দাম অনুযায়ী পণ্য ঠিক আসে কেউ নিতে চাইলে নিতে পারেন।,দাম অনুযায়ী পণ্য ঠিক আসে কেউ নিতে চাইলে নিতে পারেন,Neutral,Price;Product Quality,,price_neutral;product_quality_neutral,price_neutral#product_quality_neutral
45996074125820,পন্য টা বেশি ভালো মানের না চার্জ ৩০ মিনিট এর বেশি জায় না,পন্য টা ভালো মানের চার্জ ৩০ মিনিট এর জায়,Negative,Product Quality,Product Quality,product_quality_negative,product_quality_negative
45039419825820,খুব বাজে পোডাক্ট। চাজ হয় না। পারলে ০ স্টার দিতাাম,খুব বাজে পোডাক্ট চাজ হয় পারলে ০ স্টার দিতাাম,Negative,Product Quality,Product Quality,product_quality_negative,product_quality_negative
46186191525820,এই এয়ারপোর্টটা যতটুক ভাবছিলাম ততটুক না এয়ারপোর্ট সর্বোচ্চ গেলে ১ ঘন্টা যায় ১ ঘন্টা ভালোভাবে যায় না ৪৫ মিনিট যায় এর বেশি যায় না আমি মনে করেছিলাম এই এয়ারপোর্টটা অনেক ভালো কিন্তু না এরপর এয়ারপোর্টটা এত ভালো না আমি রিভিউ দেখে ভাবছিলাম যে এই এয়ারপোর্টটা অনেক ভালো কিন্তু ততটা ভালো না।,এয়ারপোর্টটা যতটুক ভাবছিলাম ততটুক এয়ারপোর্ট সর্বোচ্চ ১ ঘন্টা যায় ১ ঘন্টা ভালোভাবে যায় ৪৫ মিনিট যায় এর যায় আমি মনে করেছিলাম এয়ারপোর্টটা ভালো এরপর এয়ারপোর্টটা এত ভালো আমি রিভিউ দেখে ভাবছিলাম যে এয়ারপোর্টটা ভালো ততটা ভালো,Negative,Product Quality,Product Quality,product_quality_negative,product_quality_negative
51166546925820,"অর্ডার দিয়েছি কালো আর ডেলিভারি দিয়েছে সাদা😡
সাউন্ড কোয়ালিটি এতো বাজে, যে কিনার পরে মনে হচ্ছে নিজেই নিজেকে গালি দেই😡😡",অর্ডার দিয়েছি কালো ডেলিভারি দিয়েছে সাদা সাউন্ড কোয়ালিটি এতো বাজে যে কিনার মনে নিজেই নিজেকে গালি দেই,Negative,Product Quality,Product Quality,product_quality_negative,product_quality_negative
52549968825820,"বাজে একটা পোডাক্ট ভালো না, অডার দিছি একটা দিছে অন্যটা। 
সাউন্ড কোয়ালিটি একদমই বাজে। একটা নস্টো ছিল।😭😭",বাজে একটা পোডাক্ট ভালো অডার দিছি একটা দিছে অন্যটা সাউন্ড কোয়ালিটি একদমই বাজে একটা নস্টো,Negative,Product Quality,Product Quality,product_quality_negative,product_quality_negative
50103672625820,ভাই প্রোডাক্টটা নষ্ট এইসব আলতু ফালতু প্রোডাক্ট কেউ নিবেন না রিফান্ড করার চেষ্টা করছি তাও নাই না শুধু একদিন ইউজ করছি তাতেই নষ্ট হয়ে গেছে,ভাই প্রোডাক্টটা নষ্ট আলতু ফালতু প্রোডাক্ট কেউ নিবেন রিফান্ড করার চেষ্টা করছি তাও নাই শুধু একদিন ইউজ করছি তাতেই নষ্ট হয়ে,Negative,Product Quality,Product Quality,product_quality_negative,product_quality_negative
52755696925820,"দারাজে অর্ডার করা সবচাইতে বাজে অভিজ্ঞতা আমার এই পণ্যটি ক্রয় করে হলো,,, আমি অর্ডার করেছিলাম কালো কালার আমাকে সাদা কালার দিছে, সাউন্ড কোয়ালিটি তেমন লাউড না,,,  কালো কালারের টা পেলে হয়তোবা একটু সন্তুষ্ট লাগতো,,,",দারাজে অর্ডার সবচাইতে বাজে অভিজ্ঞতা পণ্যটি ক্রয় হলো আমি অর্ডার করেছিলাম কালো কালার সাদা কালার দিছে সাউন্ড কোয়ালিটি লাউড কালো কালারের টা পেলে হয়তোবা সন্তুষ্ট লাগতো,Negative,Product Quality,Product Quality,product_quality_negative,product_quality_negative
46208287425820,"কোয়ালিটি খারাপ না তবে বক্সের ঢাকনা টা ঢিল ছুটে যাবার সম্ভবনা আছে। সাথে চার্জ ব্যাকআপটা খুব বেশি নয় 🖤।
এভারেজ প্রোডাক্ট",কোয়ালিটি খারাপ বক্সের ঢাকনা টা ঢিল ছুটে যাবার সম্ভবনা চার্জ ব্যাকআপটা খুব নয় এভারেজ প্রোডাক্ট,Neutral,Product Quality,,product_quality_neutral,product_quality_neutral
48807799825820,"এই প্রোডাক্টটা মোটামুটি ভালো, তবে আমি জেইটা নিছি ওইটাতে একটাতে সাউন্ড কম হয় আর একটা ঠিক আছে",প্রোডাক্টটা মোটামুটি ভালো আমি জেইটা নিছি ওইটাতে একটাতে সাউন্ড হয় একটা ঠিক,Neutral,Product Quality,,product_quality_neutral,product_quality_neutral
52074146325820,ভাই নষ্ট একটা জিনিস দিয়ে দিলেন প্যাকেটটা ছিঁড়ে ফেলেছি রিটার্ন টাও দিতে পারলাম না,ভাই নষ্ট একটা জিনিস দিয়ে প্যাকেটটা ছিঁড়ে ফেলেছি রিটার্ন টাও দিতে পারলাম,Negative,Product Quality,Product Quality,product_quality_negative,product_quality_negative
49430768825820,ফালতু জঘন্য একটা প্রডাক্ট 😡 বার বার নিজে নিজে ডিসকানেক্ট হয়ে যায়!  খুবই বিরক্তিকর,ফালতু জঘন্য একটা প্রডাক্ট ডিসকানেক্ট হয়ে যায় খুবই বিরক্তিকর,Negative,Product Quality,Product Quality,product_quality_negative,product_quality_negative
48718370725820,"খুবই বাজে পোডাক্ট চার্জ ১ ঘন্টাও থাকে না 
আমার সাউন্ড কোয়ালিটি খুবই খারাপ 
আবার ডান পাশের টা সাউন্ড নাই বললেই চলে",খুবই বাজে পোডাক্ট চার্জ ১ ঘন্টাও সাউন্ড কোয়ালিটি খুবই খারাপ ডান পাশের টা সাউন্ড নাই বললেই চলে,Negative,Product Quality,Product Quality,product_quality_negative,product_quality_negative
48730044225820,একবারে ফালতু।সাউন্ড কোওয়ালিটি খুবি জঘন্য।বাজার থেকে দেখে কিনুন নিরাপদ থাকুন।প্রতারনার শিকার হওয়ার দরকার কি।একটু অলসতা করে ১০০০টাকা বাশ খাইলাম।,একবারে ফালতু সাউন্ড কোওয়ালিটি খুবি জঘন্য বাজার দেখে কিনুন নিরাপদ থাকুন প্রতারনার শিকার হওয়ার দরকার অলসতা ১০টাকা বাশ খাইলাম,Negative,Product Quality,Product Quality,product_quality_negative,product_quality_negative
49360848925820,হেডফোনটা অনেক ভালো কিন্তু আসতে অনেক দেরি হয়েছে প্রায় ১৫ দিন লেগে গেছে।,হেডফোনটা ভালো আসতে দেরি হয়েছে প্রায় ১৫ দিন লেগে,Neutral,Delivery;Product Quality,Delivery,delivery_negative;product_quality_positive,delivery_negative#product_quality_positive
53475065825820,অনেক ধন্যবাদ। অনেক ভালো প্রডাক্ট। আপনার ও নিতে পারেন,ধন্যবাদ ভালো প্রডাক্ট আপনার ও নিতে পারেন,Positive,Product Quality,,product_quality_positive,product_quality_positive
47836137925820,"দাম অনুযায়ী সাউন্ড কোয়ালিটি খুব ভালো।🥰
 ডেলিভারিও খুব দ্রুতই পেয়ে গিয়েছিলাম। 
সমস্যা হলো অর্ডার দিয়েছি কালো রঙের দিয়েছে সাদা।😡",দাম অনুযায়ী সাউন্ড কোয়ালিটি খুব ভালো ডেলিভারিও খুব দ্রুতই পেয়ে গিয়েছিলাম সমস্যা হলো অর্ডার দিয়েছি কালো রঙের দিয়েছে সাদা,Positive,Delivery;Price;Product Quality,,delivery_positive;price_positive;product_quality_positive,delivery_positive#price_positive#product_quality_positive
46411010625820,"৫দিন নরমাল ইউজ করেছি, এই দামে ভালোই",৫দিন নরমাল ইউজ করেছি দামে ভালোই,Positive,Price;Product Quality,,price_positive;product_quality_positive,price_positive#product_quality_positive
48816400225820,বেশি ভালো পড়ে নাই কথা বললে আওয়াজ শব্দ হয়,ভালো পড়ে নাই কথা বললে আওয়াজ শব্দ হয়,Negative,Product Quality,Product Quality,product_quality_negative,product_quality_negative
47728295725820,সেই ভাই সেই অস্থির ভাই জেনেবেন সে খুবই লাভবান হবেন এত কম টাকায় এত ভাল প্রোডাক্ট কেউ দিবে না দারাজ কে অসংখ্য ধন্যবাদ অসংখ্য ধন্যবাদ ছেলের ভাইকে,সেই ভাই সেই অস্থির ভাই জেনেবেন খুবই লাভবান এত টাকায় এত ভাল প্রোডাক্ট কেউ দিবে দারাজ অসংখ্য ধন্যবাদ অসংখ্য ধন্যবাদ ছেলের ভাইকে,Positive,Price;Product Quality,,price_positive;product_quality_positive,price_positive#product_quality_positive
48402600025820,"যেমনটা ভাবছিলাম তেমন ভালো না
একদম বাজে হেডফোন 
চাজ থাকেনা মাঝে মাঝে বন্ধ হয়ে যায়",যেমনটা ভাবছিলাম ভালো একদম বাজে হেডফোন চাজ থাকেনা মাঝে মাঝে বন্ধ হয়ে যায়,Negative,Product Quality,Product Quality,product_quality_negative,product_quality_negative
50013774925820,মোটামুটি সাউন্ড কোয়ালিটি খুবই খারাপ,মোটামুটি সাউন্ড কোয়ালিটি খুবই খারাপ,Negative,Product Quality,Product Quality,product_quality_negative,product_quality_negative
49951826125820,মোটামুটি ভালো। কম দামে নিতে পারেন।,মোটামুটি ভালো দামে নিতে পারেন,Positive,Price;Product Quality,,price_positive;product_quality_positive,price_positive#product_quality_positive
48993007625820,যেমন টা দেখানো হয়েছে তেমন টা পেয়েছি ।  ৩ ঘন্টা মত ব্যবহার করা যায় 💝,টা দেখানো হয়েছে টা পেয়েছি ৩ ঘন্টা ব্যবহার যায়,Positive,Product Quality,,product_quality_positive,product_quality_positive
50234481125820,খুবি বাজে।  ১০০ টাকর পণ্য,খুবি বাজে ১০০ টাকর পণ্য,Negative,Product Quality,Product Quality,product_quality_negative,product_quality_negative
49463409025820,মোটামুটি ভালো অপনারা নিতে পারেন,মোটামুটি ভালো অপনারা নিতে পারেন,Neutral,Product Quality,,product_quality_neutral,product_quality_neutral
49369188925820,এটায়ো খুব ভালো ছিলো সাউন্ড ভালো হয়,এটায়ো খুব ভালো ছিলো সাউন্ড ভালো হয়,Positive,Product Quality,,product_quality_positive,product_quality_positive
49423592225820,ভালো নাহ বিট কম হয়,ভালো নাহ বিট হয়,Negative,Product Quality,Product Quality,product_quality_negative,product_quality_negative
46183899325820,প্রোডাক্ট ঠিক ঠাক ছিলো তবে সাথে কোন কিছুই দেয় নি প্লাস সাউন্ড কোয়ালিটি তেমন না দাম অনুযায়ী প্রোডাক্ট আরো ভালো হওয়ার কথা ছিল। ডেলিভারি মেন আন্তরিক ছিল। না কেনার জন্য পরামর্শ দিবো।,প্রোডাক্ট ঠিক ঠাক ছিলো কিছুই দেয় নি প্লাস সাউন্ড কোয়ালিটি দাম অনুযায়ী প্রোডাক্ট আরো ভালো হওয়ার কথা ডেলিভারি মেন আন্তরিক কেনার পরামর্শ দিবো,Positive,Delivery;Price;Product Quality,,delivery_positive;price_neutral;product_quality_neutral,delivery_positive#price_neutral#product_quality_neutral
46064717025820,"আলহামদুলিল্লাহ, অনেক ভালো একটা প্রোডাক্ট,  সাউন্ড কোয়ালিটি ও ভালো, বক্স সহ পাঠানো উচিত ছিল, পেকেজিং টা ভালো হয়নি????",আলহামদুলিল্লাহ ভালো একটা প্রোডাক্ট সাউন্ড কোয়ালিটি ও ভালো বক্স সহ পাঠানো উচিত পেকেজিং টা ভালো হয়নি,Neutral,Packaging;Product Quality,Packaging,packaging_negative;product_quality_positive,packaging_negative#product_quality_positive
45981775125820,"এমনিতে কুয়ালিটি খুব ভালো ,কিন্তু আমি চাইছিলাম নেভি ব্লু কালার ,আমাকে পাঠাইছে কমলা কালার। সেলার এর এমন ব্যাবহার খুবই দুঃখজনক।🥲😢",এমনিতে কুয়ালিটি খুব ভালো আমি চাইছিলাম নেভি ব্লু কালার পাঠাইছে কমলা কালার সেলার এর ব্যাবহার খুবই দুঃখজনক,Positive,Product Quality,,product_quality_positive,product_quality_positive
48305454425820,দাম অনুযায়ী প্রোডাক্ট এর কোয়ালিটি ও সাউন্ড ভালো,দাম অনুযায়ী প্রোডাক্ট এর কোয়ালিটি ও সাউন্ড ভালো,Positive,Product Quality,,product_quality_positive,product_quality_positive
47553448325820,একটা কোয়ালিটি তেমন একটা ভালো না। সাউন্ড কোয়ালিটি খুব বাজে।,একটা কোয়ালিটি একটা ভালো সাউন্ড কোয়ালিটি খুব বাজে,Negative,Product Quality,Product Quality,product_quality_negative,product_quality_negative
49103193325820,দাম অনু যাই অনেক ভালো,দাম অনু যাই ভালো,Positive,Price;Product Quality,,price_positive;product_quality_positive,price_positive#product_quality_positive
46479895125820,ভালোই খারাপ না নিতে পারেন,ভালোই খারাপ নিতে পারেন,Positive,Product Quality,,product_quality_positive,product_quality_positive
46078188425820,"একে বারে ফালতু 🤬 পকেটে ফোন রাখলে কিছুই শোনা জায় না 😣🤬
বাহিরে একট টুকুও চালানো জায় না",একে বারে ফালতু পকেটে ফোন রাখলে কিছুই শোনা জায় বাহিরে একট টুকুও চালানো জায়,Negative,Product Quality,Product Quality,product_quality_negative,product_quality_negative
46899967225820,সব চেয়ে বাজে একটা জিনিস এরকম জানলে কিনতাম না একটু পর পর লাইন চলে যায় কেনো?????,চেয়ে বাজে একটা জিনিস এরকম জানলে কিনতাম লাইন চলে যায় কেনো,Negative,Product Quality,Product Quality,product_quality_negative,product_quality_negative
46609262825820,"খুব খারাপ এইটা স্পর্শ করার আগেই খুলে যায়, দেখায় একরকম দিয়েছে আরেক রকম😡😡😡😡😡",খুব খারাপ এইটা স্পর্শ করার আগেই খুলে যায় দেখায় একরকম দিয়েছে আরেক রকম,Negative,Product Quality,Product Quality,product_quality_negative,product_quality_negative
46589948525820,তেমন একটা খারাপ না দাম অনুযায়ী ভালোই।,একটা খারাপ দাম অনুযায়ী ভালোই,Positive,Price;Product Quality,,price_positive;product_quality_neutral,price_positive#product_quality_neutral
46047761625820,"ডেলিভাবি ম্যান ফালতু।
কথা বার্তা সুন্দর না।",ডেলিভাবি ম্যান ফালতু কথা বার্তা সুন্দর,Negative,Delivery,Delivery,delivery_negative,delivery_negative
46406341425820,"১টা বাজে আর একটা বাজেনা, ফালতু জিনিস",১টা বাজে একটা বাজেনা ফালতু জিনিস,Negative,Product Quality,Product Quality,product_quality_negative,product_quality_negative
51002643525820,মোটামুটি ভালো খুব ভালো তা নয়। সাউন্ড কম বললেই চলে,মোটামুটি ভালো খুব ভালো নয় সাউন্ড বললেই চলে,Positive,Product Quality,,product_quality_neutral;product_quality_positive,product_quality_neutral#product_quality_positive
46080554325820,দাম হিসাবে পণ্য মোটামুটি ঠিক আছে।,দাম হিসাবে পণ্য মোটামুটি ঠিক,Neutral,Price;Product Quality,,price_neutral;product_quality_neutral,price_neutral#product_quality_neutral
48690789925820,মাঝেমধ্যে ডিসকানেকটেড হয়ে যায়। এটা হতাশ করলো। মোটামুটি ভালোই,মাঝেমধ্যে ডিসকানেকটেড হয়ে যায় এটা হতাশ করলো মোটামুটি ভালোই,Neutral,Product Quality,,product_quality_neutral,product_quality_neutral
46025004225820,দাম হিসাবে ভালোই। খারাপ না,দাম হিসাবে ভালোই খারাপ,Positive,Price;Product Quality,,price_positive;product_quality_positive,price_positive#product_quality_positive
46367890425820,খুব বেশি মন মত হলো না।,খুব মন হলো,Neutral,Product Quality,,product_quality_neutral,product_quality_neutral
50940566925820,"কোয়ালিটি একদমই ভালো না,খুবই বাজে আবার চার্জ ও থাকে না ঠিকমতো,,, এটা কেনা মানে টাকা নষ্ট",কোয়ালিটি একদমই ভালো খুবই বাজে চার্জ ও ঠিকমতো এটা কেনা মানে টাকা নষ্ট,Negative,Product Quality,Product Quality,product_quality_negative,product_quality_negative
48786262125820,একটু ও ভালো না। দুই টা অর্ডার করেছিলাম। একটা ও ভালো দেয় নাই। দুই টা ই নষ্ট ছিল ।,ও ভালো দুই টা অর্ডার করেছিলাম একটা ও ভালো দেয় নাই দুই টা ই নষ্ট,Negative,Product Quality,Product Quality,product_quality_negative,product_quality_negative
48237517625820,একদম ভালো না। আপনারা কেউ নিবেন না। বাঝে প্রোডাক্ট। পুরো টাকাটাই পানিতে ভেসে গেলো। এরোকম ফালতু প্রোডাক্ট কেউ নিবেন না। 😡😡,একদম ভালো আপনারা কেউ নিবেন বাঝে প্রোডাক্ট পুরো টাকাটাই পানিতে ভেসে গেলো এরোকম ফালতু প্রোডাক্ট কেউ নিবেন,Negative,Product Quality,Product Quality,product_quality_negative,product_quality_negative
46209302825820,"মোটামুটি ভালো ছিলো পন্য 
টি",মোটামুটি ভালো ছিলো পন্য টি,Neutral,Product Quality,,product_quality_neutral,product_quality_neutral
47178251725820,"মানলাম টাকা কম এই জন্য এইটা কি দিসস
না আছে আওয়াজ আর না আছে বডি 
হাত দিতেই ভয় হয় ভেঙ্গে যাবে এমন অবস্থা 
আর প্যাকেজিং এর কথা আর নাই বললাম 
২ টাকার পলিথিনে 
কেউ নিবেন না ভুলে ও",মানলাম টাকা এইটা দিসস আওয়াজ বডি হাত দিতেই ভয় হয় ভেঙ্গে যাবে অবস্থা প্যাকেজিং এর কথা নাই বললাম ২ টাকার পলিথিনে কেউ নিবেন ভুলে ও,Negative,Packaging;Product Quality,Packaging;Product Quality,packaging_negative;product_quality_negative,packaging_negative#product_quality_negative
50142092225820,দুইটা এয়ারবারের কোয়ালিটি ভালো না চার  পিকআপ থাকে না,দুইটা এয়ারবারের কোয়ালিটি ভালো চার পিকআপ,Negative,Product Quality,Product Quality,product_quality_negative,product_quality_negative
50171879725820,এই প্রোডাক্টটা  ভালো  না  এটা তে  চার্জ থাকে না,প্রোডাক্টটা ভালো এটা তে চার্জ,Negative,Product Quality,Product Quality,product_quality_negative,product_quality_negative
46430299225820,"একপাশের নষ্ট হেডফোন দিয়েছে, রিটার্ন না দিয়ে আবার সেটাই পাঠিয়েছে, এই প্রথম দারাজ থেকে কিনে প্রতারিত হলাম",একপাশের নষ্ট হেডফোন দিয়েছে রিটার্ন দিয়ে সেটাই পাঠিয়েছে প্রথম দারাজ কিনে প্রতারিত হলাম,Negative,Product Quality,Product Quality,product_quality_negative,product_quality_negative
52020684525820,মোটামুটি চলছে। প্রোডাক্ট এর মান অতটা ভালো না।,মোটামুটি চলছে প্রোডাক্ট এর মান অতটা ভালো,Neutral,Product Quality,,product_quality_neutral,product_quality_neutral
49582648125820,দেখে যতোটা ভালো মনে করে ছিলাম ততোটা ভালো না।,দেখে যতোটা ভালো মনে ছিলাম ততোটা ভালো,Negative,Product Quality,Product Quality,product_quality_negative,product_quality_negative
46228188625820,একদম ফালতু একটি প্রোডাক্ট। অর্ডার করেছিলাম একটা পাইছি অন্য আরেকটা। এই প্রোডাক্টের কোয়ালিটি অনেক খারাপ। দারাজ থেকে আমি এটা আশা করি নাই।,একদম ফালতু প্রোডাক্ট অর্ডার করেছিলাম একটা পাইছি আরেকটা প্রোডাক্টের কোয়ালিটি খারাপ দারাজ আমি এটা আশা করি নাই,Negative,Product Quality,Product Quality,product_quality_negative,product_quality_negative
48093995325820,এই এয়ার বাট টি খুবই খারাপ ৩ দিন চলার পর এখন আর চলে নাহ চার্জ হয় বাট কাজ করে নাহ,এয়ার বাট টি খুবই খারাপ ৩ দিন চলার চলে নাহ চার্জ হয় বাট কাজ নাহ,Negative,Product Quality,Product Quality,product_quality_negative,product_quality_negative
46324620125820,আমি এ-র আগেও নিয়েছি ওগুলো দামোদর কমে ছিলো কিন্তু জিনিস ভালো ছিলো এখন দামো বেশি জিনিস ও ভালো না,আমি এ র আগেও নিয়েছি ওগুলো দামোদর কমে ছিলো জিনিস ভালো ছিলো দামো জিনিস ও ভালো,Negative,Price;Product Quality,Price;Product Quality,price_negative;product_quality_negative,price_negative#product_quality_negative
46237110425820,একটা ঠিক আছে।অন্যটা অন হয়না।দারাজ থেকে আগেও অনেক কিছু কিনেছি।ঠকি নি।আজকে নষ্ট জিনিস দিল আমাকে।,একটা ঠিক অন্যটা অন হয়না দারাজ আগেও কিনেছি ঠকি নি আজকে নষ্ট জিনিস,Negative,Product Quality,Product Quality,product_quality_negative,product_quality_negative
48231469425820,এমনিতে মোটামুটি ভালো ছিল কিন্তু চার্জ খুবই কম থাকে,এমনিতে মোটামুটি ভালো চার্জ খুবই,Neutral,Product Quality,,product_quality_neutral,product_quality_neutral
47478788225820,তেমন ভালো না মাজে মধ্যে ডিস কানেক্ট হয়ে যায় চাজ থাকে না,ভালো মাজে মধ্যে ডিস কানেক্ট হয়ে যায় চাজ,Negative,Product Quality,Product Quality,product_quality_negative,product_quality_negative
46306717325820,পন্যের লোক টা ভালোই লাগছে কিন্তু চার্জ থাকে কম …...,পন্যের লোক টা ভালোই লাগছে চার্জ,Positive,Product Quality,,product_quality_positive,product_quality_positive
46375731225820,মোটামটি ভালো। তবে সাউন্ড কলেটি তেমন ভালো না ❌,মোটামটি ভালো সাউন্ড কলেটি ভালো,Neutral,Product Quality,,product_quality_neutral,product_quality_neutral
47581075525820,চেয়েছি গ্রীন কালার দিছে সাদা।,চেয়েছি গ্রীন কালার দিছে সাদা,Negative,Product Quality,Product Quality,product_quality_negative,product_quality_negative
46083194725820,মুটামুটি ভালো আহামরি কিছু নাহ,মুটামুটি ভালো আহামরি নাহ,Neutral,Product Quality,,product_quality_neutral,product_quality_neutral
54405649270849,এগুলো জিনিস কখনো দ্বারাজ থেকে কেউ নিবেন না কেননা যদি কেউ প্রথম নিয়ে থাকেন দেখবেন সেও কোনো না কোনো ধোঁকা খাইছেন পরবর্তীতে নিলে তো বুঝিনি যেমন ধরেন জুয়া খেললে যেমন প্রথম প্রথম দান বেশি পাওয়া যায় সেম এরাও একই কাজ করে আমি আর জীবনে দারাজ থেকে জিনিস নিচ্ছি না একেবারে মন উঠে গেছে যদি নিতেও হয় বাজার থেকে কিনে নেব অনেক ভালো দুই টাকা বেশি লাগুক,এগুলো জিনিস দ্বারাজ কেউ নিবেন কেননা যদি কেউ প্রথম নিয়ে দেখবেন সেও ধোঁকা খাইছেন পরবর্তীতে নিলে তো বুঝিনি ধরেন জুয়া খেললে প্রথম প্রথম দান পাওয়া যায় সেম এরাও একই কাজ আমি জীবনে দারাজ জিনিস নিচ্ছি একেবারে মন উঠে যদি নিতেও হয় বাজার কিনে নেব ভালো দুই টাকা লাগুক,Negative,Product Quality,Product Quality,product_quality_negative,product_quality_negative
53115801970849,"প্রডাক্টটি সব দিক হতে ঠিক ঠাক আছে! তবে বাম দিকে ইয়ার পডটির চার্জার লাইন পায় না গেটিজ দিয়ে লাইন পাওয়াতে হয়,যা খুব দুঃখজনক! আবার চার্জার কেবলটাও নষ্ট! তাছাড়া প্রডাক্টটি ভালো চলছে চার্জিং ব্যাকাপ প্রায় ৩ঘন্টা ৩৩ মিনিট ফুল সাউন্ডে শুনেছি আরো বেশি যেতে পারে চার্জ! সাউন্ড খুবই ক্রিপি তবে ১২০০/= টাকা প্রডাক্টের সাথে তুলনা করা যেতে পারে। ওভারঅল মার্ক আমি ১০-এ ৬ দিবো! তবে ক্রয় কারী রা অবশ্যই বেজ সিংটিং করে শুনবেন চিকন সাউন্ড অনেক বেশি!",প্রডাক্টটি দিক ঠিক ঠাক বাম দিকে ইয়ার পডটির চার্জার লাইন পায় গেটিজ দিয়ে লাইন পাওয়াতে হয় খুব দুঃখজনক চার্জার কেবলটাও নষ্ট তাছাড়া প্রডাক্টটি ভালো চলছে চার্জিং ব্যাকাপ প্রায় ৩ঘন্টা ৩৩ মিনিট ফুল সাউন্ডে শুনেছি আরো যেতে পারে চার্জ সাউন্ড খুবই ক্রিপি ১২০০ টাকা প্রডাক্টের তুলনা যেতে পারে ওভারঅল মার্ক আমি ১০ এ ৬ দিবো ক্রয় কারী রা অবশ্যই বেজ সিংটিং শুনবেন চিকন সাউন্ড,Neutral,Product Quality,,product_quality_neutral,product_quality_neutral
51395128570849,"হেডফোনটা হাতে পেয়েছি প্যাকেট নতুনের মত প্যাকেট করা চার্জ নাই যার কারণে চালিয়ে দেখতে পারি নাই তবে প্রোডাক্ট কি কোয়ালিটি খুব সুন্দর 
আপনার চাইলে নিতে পারেন এবং দারাজ কে অসংখ্য অসংখ্য অসংখ্য ধন্যবাদ",হেডফোনটা হাতে পেয়েছি প্যাকেট নতুনের প্যাকেট চার্জ নাই যার কারণে চালিয়ে দেখতে পারি নাই প্রোডাক্ট কোয়ালিটি খুব সুন্দর আপনার চাইলে নিতে পারেন দারাজ অসংখ্য অসংখ্য অসংখ্য ধন্যবাদ,Positive,Packaging;Product Quality,,packaging_positive;product_quality_positive,packaging_positive#product_quality_positive
52662536470849,ভালো ছিলো কিন্তু ডেলিভারি চার্জ বেশি ফ্রী ডেলিভারি কথা বলে ছবি দেওয়া ছিল কিন্তু চার্জ অনেক বেশি নিয়েছে,ভালো ছিলো ডেলিভারি চার্জ ফ্রী ডেলিভারি কথা বলে ছবি দেওয়া চার্জ নিয়েছে,Positive,Product Quality,,product_quality_positive,product_quality_positive
52431765070849,দাম অনুযায়ী ভিতরের বিল্ড কোয়ালিটি খারাপ না। বাইরের লুকিং বেশ ভালো। সুন্দরভাবে কাজ করছে। সেলার ভাই ও ডেলিভারি ম্যান ভাই অনেক ভালো ছিল। দ্রুত সময়ে হাতে পেয়েছি।,দাম অনুযায়ী ভিতরের বিল্ড কোয়ালিটি খারাপ বাইরের লুকিং বেশ ভালো সুন্দরভাবে কাজ করছে সেলার ভাই ও ডেলিভারি ম্যান ভাই ভালো দ্রুত সময়ে হাতে পেয়েছি,Positive,Delivery;Price;Product Quality;Seller Service,,seller_service_positive;delivery_positive;price_positive;product_quality_positive,seller_service_positive#delivery_positive#price_positive#product_quality_positive
49785893970849,"অসংখ্য অসংখ্য ধন্যবাদ দারজ কখনো আসা করিনি এত সুন্দর জিনিস পাবো সাউন্ড কোয়ালিটি অনেক ক্লিয়ার 
খুব খুশি ধন্যবাদ সেলার ভাই সেলার ভাইয়ের ব্যাবহার খুব ভালো",অসংখ্য অসংখ্য ধন্যবাদ দারজ আসা করিনি এত সুন্দর জিনিস পাবো সাউন্ড কোয়ালিটি ক্লিয়ার খুব খুশি ধন্যবাদ সেলার ভাই সেলার ভাইয়ের ব্যাবহার খুব ভালো,Positive,Product Quality;Seller Service,,seller_service_positive;product_quality_positive,seller_service_positive#product_quality_positive
50912624070849,"সব কিছু ঠিক আছে কিন্তু পাওয়ার ব্যাংক এ চার্জ টা অনেক তাড়াতাড়ি শেষ হয়ে যায় 🙂
তার পর জিনিস টা ভাল",ঠিক পাওয়ার ব্যাংক এ চার্জ টা তাড়াতাড়ি শেষ হয়ে যায় জিনিস টা ভাল,Positive,Product Quality,,product_quality_positive,product_quality_positive
54749399770849,যা দেখেছিলাম তাই পেয়েছি। ধন্যবাদ সেলার ভাইকে। এত সুন্দর জিনিস দেওয়ার জন্য।💖💖💖💖💖💖🌹🌹🌹🌹🌹,দেখেছিলাম তাই পেয়েছি ধন্যবাদ সেলার ভাইকে এত সুন্দর জিনিস দেওয়ার,Positive,Product Quality,,product_quality_positive,product_quality_positive
53205329670849,আলহামদুলিল্লাহ এমনিতে সব দিক দিয়ে ভালো বাট যেকোণ একটা শুনতে হয় দুইটা এক সাথে শুনা যায় না,আলহামদুলিল্লাহ এমনিতে দিক দিয়ে ভালো বাট যেকোণ একটা শুনতে হয় দুইটা এক শুনা যায়,Positive,Product Quality,,product_quality_positive,product_quality_positive
51250185670849,"খুবই বাজে বাম সাইডের পুস কখনো সাউন্ড আবার হয় না, বাম সাইডে পুস নস্ট।আর দারাজ থেকে কিনব না",খুবই বাজে বাম সাইডের পুস সাউন্ড হয় বাম সাইডে পুস নস্ট দারাজ কিনব,Negative,Product Quality,Product Quality,product_quality_negative,product_quality_negative
49784647670849,"আলহামদুলিল্লাহ এয়ার বার্ডটা অনেক ভালো, 
সাউন্ড কোয়ালিটি অনেক সুন্দর, এখন দেখা যাক কতদিন টিকে",আলহামদুলিল্লাহ এয়ার বার্ডটা ভালো সাউন্ড কোয়ালিটি সুন্দর দেখা যাক কতদিন টিকে,Positive,Product Quality,,product_quality_positive,product_quality_positive
54277003570849,"আলহামদুলিল্লাহ।  ভালো পাইছি, এত কম বাজেটে যা দিছে ভালোই খারাপ না। সব কিছুই ঠিক ঠাক আছে।",আলহামদুলিল্লাহ ভালো পাইছি এত বাজেটে দিছে ভালোই খারাপ কিছুই ঠিক ঠাক,Positive,Price;Product Quality,,price_positive;product_quality_positive,price_positive#product_quality_positive
54402973570849,"জিনিস টা অস্থির 
কিন্তু সমস্যা একটাই ফোনে কথা বলা যায় না 
আর সব কিছু ঠিক ঠাক আছে",জিনিস টা অস্থির সমস্যা একটাই ফোনে কথা বলা যায় ঠিক ঠাক,Positive,Product Quality,,product_quality_positive,product_quality_positive
49394726570849,অন্যটা খুবই সুন্দর হয়েছে ডেলিভারি ম্যান ধন্যবাদ বাড়িতে সবাই কিনতে পারেন সাউন্ড কোয়ালিটি খুব ভালো,অন্যটা খুবই সুন্দর হয়েছে ডেলিভারি ম্যান ধন্যবাদ বাড়িতে সবাই কিনতে পারেন সাউন্ড কোয়ালিটি খুব ভালো,Positive,Delivery;Product Quality,,delivery_positive;product_quality_positive,delivery_positive#product_quality_positive
52215029570849,খুব বাজে কলিটি একটা  জিনিস নিছি চার্জিং কাবল নস্ট দিছে মনটাই খারাপ হয়ে  গেছে 😭,খুব বাজে কলিটি একটা জিনিস নিছি চার্জিং কাবল নস্ট দিছে মনটাই খারাপ হয়ে,Negative,Product Quality,Product Quality,product_quality_negative,product_quality_negative
49312541570849,দাম হিসাবে যেমনটা আশা করেছিলাম তার থেকে 100 গুন ভালো আপনারা নির্দ্বিধায় নিতে পারেন খুব সুন্দর একটা প্রোডাক্ট,দাম হিসাবে যেমনটা আশা করেছিলাম 100 গুন ভালো আপনারা নির্দ্বিধায় নিতে পারেন খুব সুন্দর একটা প্রোডাক্ট,Positive,Price;Product Quality,,price_positive;product_quality_positive,price_positive#product_quality_positive
50730450570849,ফালতু ডান কানের টা চলে না চার্জ হয় সব কিছুই ওকে দেখায় কিন্তূ সাউন্ড নাই 😡,ফালতু ডান কানের টা চলে চার্জ হয় কিছুই ওকে দেখায় কিন্তূ সাউন্ড নাই,Negative,Product Quality,Product Quality,product_quality_negative,product_quality_negative
49715617170849,অনেক দিন চালানোর পর রিভিউ দিলাম ভালো এখোনো চলতেছে কোনো সমস্যা নাই সবাই নিতে পারেন।,দিন চালানোর রিভিউ দিলাম ভালো এখোনো চলতেছে সমস্যা নাই সবাই নিতে পারেন,Positive,Product Quality,,product_quality_positive,product_quality_positive
52113552870849,আলহামদুলিল্লাহ ৭৫০ টাকায় এই তিনটা জিনিস ভালই একটা জিনিসও খারাপ আসে নাই,আলহামদুলিল্লাহ ৭৫০ টাকায় তিনটা জিনিস ভালই একটা জিনিসও খারাপ আসে নাই,Positive,Product Quality,,product_quality_positive,product_quality_positive
49311793270849,"আলহামদুলিল্লাহ প্রডাক্টি ভালোই ধন্যবাদ সেলার কে,,কিন্ত হঠাৎ করে আপনারা আগের দাম চেইঞ্জ করলেন কেনো ভাই,,,আমি কিছু প্রডাক্ট কার্ট এ রেখেছিলাম সেগুলো উধাও হয়ে গেলো কেনো??",আলহামদুলিল্লাহ প্রডাক্টি ভালোই ধন্যবাদ সেলার কিন্ত হঠাৎ আপনারা আগের দাম চেইঞ্জ করলেন কেনো ভাই আমি প্রডাক্ট কার্ট এ রেখেছিলাম সেগুলো উধাও হয়ে গেলো কেনো,Positive,Product Quality,,product_quality_positive,product_quality_positive
49312246070849,কেনার ১০-১২ দিন পর রিভিউ দিচ্ছি।এই দামে আমার কাছে খুবই ভালো লেগেছে।চার্জে যথেষ্ট পরিমান যায়।খু্বই ভালো।,কেনার ১০ ১২ দিন রিভিউ দিচ্ছি দামে কাছে খুবই ভালো লেগেছে চার্জে যথেষ্ট পরিমান যায় খু্বই ভালো,Positive,Price;Product Quality,,price_positive;product_quality_positive,price_positive#product_quality_positive
49577126070849,এইটা খুব ভালো ৩ মাস ব্যাবহার করে রিভিউ দিলাম খুব ভালো সাউন্ড কোয়ালিটি সবাই নিতে পারেন,এইটা খুব ভালো ৩ মাস ব্যাবহার রিভিউ দিলাম খুব ভালো সাউন্ড কোয়ালিটি সবাই নিতে পারেন,Positive,Product Quality,,product_quality_positive,product_quality_positive
49311687770849,আলহামদুলিল্লাহ যেমন চেয়েছিলাম তার থেকেও ভালো সব যেমন সাউন্ড তেমন চার্জ থাকে দুইটা একসঙ্গে চালাইলে আড়াই ঘন্টা যায়,আলহামদুলিল্লাহ চেয়েছিলাম থেকেও ভালো সাউন্ড চার্জ দুইটা একসঙ্গে চালাইলে আড়াই ঘন্টা যায়,Positive,Product Quality,,product_quality_positive,product_quality_positive
49311781670849,খুবই ভালো যতবার কিনেছি অনেক ভালই পেয়েছি কিন্তু এইবার পাওয়ার ব্যাংকের যে ব্যাটারিটা এইটা একটু দুর্বল আলহামদুলিল্লাহ যদি কেউ নিতে চান  নিতে পারেন চার্জ 2 ঘন্টা বেশি থাকে না সাউন্ট কোয়ালিটি অনেক ভালো,খুবই ভালো যতবার কিনেছি ভালই পেয়েছি এইবার পাওয়ার ব্যাংকের যে ব্যাটারিটা এইটা দুর্বল আলহামদুলিল্লাহ যদি কেউ নিতে চান নিতে পারেন চার্জ 2 ঘন্টা সাউন্ট কোয়ালিটি ভালো,Positive,Product Quality,,product_quality_positive,product_quality_positive
49429057070849,দাম হিসাবে খারাপ না। তবে চার্জ ৩+ ঘন্টা থাকে। লেখা ছিল ৫ ঘন্টা। ৩ দিন পর রিভিউ দিলাম।,দাম হিসাবে খারাপ চার্জ ৩ ঘন্টা লেখা ৫ ঘন্টা ৩ দিন রিভিউ দিলাম,Positive,Price;Product Quality,,price_positive;product_quality_positive,price_positive#product_quality_positive
49412388870849,একমাস ইউস করার পর রিভিউ দিচ্ছি আলহামদুলিল্লাহ ভালই চার্জ দুই থেকে তিন দিন থাকে,একমাস ইউস করার রিভিউ দিচ্ছি আলহামদুলিল্লাহ ভালই চার্জ দুই তিন দিন,Positive,Product Quality,,product_quality_positive,product_quality_positive
52703518570849,দারাজ কে অনেক ধন্যবাদ  কম দামে ভালো একটা ব্লুটুথ কিনতে পারছি,দারাজ ধন্যবাদ দামে ভালো একটা ব্লুটুথ কিনতে পারছি,Positive,Price;Product Quality,,price_positive;product_quality_positive,price_positive#product_quality_positive
49311846570849,এটার সাউন্ড কোয়ালিটি অনেক সুন্দর। পার্সোনালি আমার অনেক পছন্দ হইছে কিন্তু এর সঙ্গে যে ক‍্যাবলটা দেওয়া হয় চার্জে দেওয়ার জন্য সেই ক‍্যাবলটা আমার নষ্ট দিয়েছে। আমি অন‍্য একটা ক‍্যাবল দিয়ে চার্জে দিচ্ছি। এছাড়া সবকিছু পারফেক্ট।,এটার সাউন্ড কোয়ালিটি সুন্দর পার্সোনালি পছন্দ হইছে এর যে ক্যাবলটা দেওয়া হয় চার্জে দেওয়ার সেই ক্যাবলটা নষ্ট দিয়েছে আমি একটা ক্যাবল দিয়ে চার্জে দিচ্ছি এছাড়া সবকিছু পারফেক্ট,Positive,Product Quality,,product_quality_positive,product_quality_positive
49311219070849,আলহামদুলিল্লাহ  ৩ দিন ব্যাবহার করে রিভিউ  দিলাম অনেক সুন্দর   একটু দেরিতে প্রোডাক্ট পাইছি  কিন্তু  ভালো প্রোডাক্ট  আপনার সবাই নিতে পারেন,আলহামদুলিল্লাহ ৩ দিন ব্যাবহার রিভিউ দিলাম সুন্দর দেরিতে প্রোডাক্ট পাইছি ভালো প্রোডাক্ট আপনার সবাই নিতে পারেন,Neutral,Delivery;Product Quality,Delivery,delivery_negative;product_quality_positive,delivery_negative#product_quality_positive
49311242670849,যেমনটা আশা করেছিলাম তেমনটাই পেয়েছি। অর্ডার করার আগে একটু সন্দেহ ছিল কিন্তু হাতে পাওয়ার পর দেখলাম সব ঠিকই আছে। নির্দিষ্ট সময়ের মধ্যে ডেলিভারি পেয়েছি। প্যাকেজিং ও ভালো ছিল। আপনারা নিতেই পারেন নিঃসন্দেহে।,যেমনটা আশা করেছিলাম তেমনটাই পেয়েছি অর্ডার করার আগে সন্দেহ হাতে পাওয়ার দেখলাম ঠিকই নির্দিষ্ট সময়ের মধ্যে ডেলিভারি পেয়েছি প্যাকেজিং ও ভালো আপনারা নিতেই পারেন নিঃসন্দেহে,Positive,Delivery;Packaging;Product Quality,,delivery_positive;packaging_positive;product_quality_positive,delivery_positive#packaging_positive#product_quality_positive
49311522270849,প্রোডাক্ট আলহামদুলিল্লাহ ভালো চাইলে নিতে পারেন এই দামের মধ্যে ঠিক আছে কিন্তু ব্যাটারি ব্যাকআপ আর একটু বেশি হলে ভালো হতো,প্রোডাক্ট আলহামদুলিল্লাহ ভালো চাইলে নিতে পারেন দামের মধ্যে ঠিক ব্যাটারি ব্যাকআপ ভালো হতো,Positive,Price;Product Quality,,price_positive;product_quality_positive,price_positive#product_quality_positive
49313300270849,প্রোডাক্ট ভালো চার্জিং  ব্যকআপ দাম অনুযায়ী ভালো   কিন্তু প্যাকেজিং এর অবস্থা খুব খারাপ   ডেলিভারি ম্যান প্রোডাক্ট দিতে লেট করছে অনেক,প্রোডাক্ট ভালো চার্জিং ব্যকআপ দাম অনুযায়ী ভালো প্যাকেজিং এর অবস্থা খুব খারাপ ডেলিভারি ম্যান প্রোডাক্ট দিতে লেট করছে,Neutral,Delivery;Packaging;Price;Product Quality,Delivery;Packaging,delivery_negative;packaging_negative;price_positive;product_quality_positive,delivery_negative#packaging_negative#price_positive#product_quality_positive
49394927370849,আলহামদুলিল্লাহ অনেক ভালো মনের পণ্য আপনারা জেনে নিতে পারেন। চার্জ ভালো যায় ❤️,আলহামদুলিল্লাহ ভালো মনের পণ্য আপনারা জেনে নিতে পারেন চার্জ ভালো যায়,Positive,Product Quality,,product_quality_positive,product_quality_positive
49311435770849,প্রোডাক্ট খুবই ভাল ছিল আপনারা নিতে পারেন। দশ দিন পর রিভিউ দিচ্ছি। চার্জ ব্যাকআপ ভালো আছে।,প্রোডাক্ট খুবই ভাল আপনারা নিতে পারেন দশ দিন রিভিউ দিচ্ছি চার্জ ব্যাকআপ ভালো,Positive,Product Quality,,product_quality_positive,product_quality_positive
53017154370849,এই প্রোডাক্ট অনেক ভালো আপনার চাইলে নিতে পারেন,প্রোডাক্ট ভালো আপনার চাইলে নিতে পারেন,Positive,Product Quality,,product_quality_positive,product_quality_positive
53429371470849,খুব বেশি টা ভালো না দুই ঘন্টা চার্জ টিকে না,খুব টা ভালো দুই ঘন্টা চার্জ টিকে,Negative,Product Quality,Product Quality,product_quality_negative,product_quality_negative
54299510470849,"মুটামুটি ভালো আছে চাইলে নিতে পারেন 
আপনারা",মুটামুটি ভালো চাইলে নিতে পারেন আপনারা,Neutral,Product Quality,,product_quality_neutral,product_quality_neutral
50785048870849,প্রোডাক্টটি খুবই ভালো কিন্তু চার্জ কম টিকে,প্রোডাক্টটি খুবই ভালো চার্জ টিকে,Positive,Product Quality,,product_quality_positive,product_quality_positive
49311134670849,"আলহামদুলিল্লাহ, যথেষ্ট ভালো আছে তবে ফুল চার্জ এয়ারবাড সর্বোচ্চ 2 বার চার্জ করা যায় যা অনেক কম । চাইলে নিতে পড়েন  ।",আলহামদুলিল্লাহ যথেষ্ট ভালো ফুল চার্জ এয়ারবাড সর্বোচ্চ 2 চার্জ যায় চাইলে নিতে পড়েন,Positive,Product Quality,,product_quality_positive,product_quality_positive
49311044170849,১০দিন ইউজ করার পর রিভিউ দিলাম ভাই অনেক ভালো চার্জিং এর রাজা সাউন্ড কোয়ালিটি অনেক ভালো ৩২০ টাকা হিসেবে অনেক ভালো  লাভ ইউ সেলার ভাইকে,১০দিন ইউজ করার রিভিউ দিলাম ভাই ভালো চার্জিং এর রাজা সাউন্ড কোয়ালিটি ভালো ৩২০ টাকা হিসেবে ভালো লাভ ইউ সেলার ভাইকে,Positive,Price;Product Quality,,price_positive;product_quality_positive,price_positive#product_quality_positive
49311572570849,দাম হিসাবে ঠিকই আছে। এই টাকার মধ্যে এটাই বেষ্ট।কপি প্রোডাক্ট হিসাবে মোটামুটি ভালোই আছে।,দাম হিসাবে ঠিকই টাকার মধ্যে এটাই বেষ্ট কপি প্রোডাক্ট হিসাবে মোটামুটি ভালোই,Neutral,Price;Product Quality,,price_neutral;product_quality_neutral,price_neutral#product_quality_neutral
49312266670849,আলহামদুলিল্লাহ খুবই ভালো একটি প্রোডাক্টস পেয়েছি ধন্যবাদ দাস এবং সেলার ভাইকে,আলহামদুলিল্লাহ খুবই ভালো প্রোডাক্টস পেয়েছি ধন্যবাদ দাস সেলার ভাইকে,Positive,Product Quality,,product_quality_positive,product_quality_positive
49342873670849,আলহামদুলিল্লাহ অনেক অনেক ভালো এত কম দামে এত ভালো হবে ভাবতেও পারি নাই,আলহামদুলিল্লাহ ভালো এত দামে এত ভালো ভাবতেও পারি নাই,Positive,Price;Product Quality,,price_positive;product_quality_positive,price_positive#product_quality_positive
49313304370849,প্রোডাক্ট হাতে পেয়েছি। দামেও এটা কম। ওভার অল প্রোডাক্টটি ভালো।,প্রোডাক্ট হাতে পেয়েছি দামেও এটা ওভার অল প্রোডাক্টটি ভালো,Positive,Price;Product Quality,,price_positive;product_quality_positive,price_positive#product_quality_positive
53502503470849,বাজার থেকে কম দামে পেয়েছি মান ও ভালো আছে,বাজার দামে পেয়েছি মান ও ভালো,Positive,Price;Product Quality,,price_positive;product_quality_positive,price_positive#product_quality_positive
52694620470849,ভালো লেগেছে যে রকম দেখেছি তেমন পেয়েছি,ভালো লেগেছে যে রকম দেখেছি পেয়েছি,Positive,Product Quality,,product_quality_positive,product_quality_positive
50251363270849,ভালো সবাই নিতে পরেন। এই দামে ভালো পন্য,ভালো সবাই নিতে পরেন দামে ভালো পন্য,Positive,Price;Product Quality,,price_positive;product_quality_positive,price_positive#product_quality_positive
49310182170849,"পার্সেল টি গতকাল হাতে পেলাম,কাল থেকে ব্যবহার করতেছি,দাম অনুযায়ী প্রডাক্ট টা অনেক ভাল,চার্জ ও মোটামুটি ভাল থাকে,আপনারা প্রডাক্ট টি নিতে পারেন।",পার্সেল টি গতকাল হাতে পেলাম কাল ব্যবহার করতেছি দাম অনুযায়ী প্রডাক্ট টা ভাল চার্জ ও মোটামুটি ভাল আপনারা প্রডাক্ট টি নিতে পারেন,Positive,Price;Product Quality,,price_positive;product_quality_positive,price_positive#product_quality_positive
49311372770849,প্রোডাক্টটি ভালো কিন্তু গেমের জন্য না গেম খেলতে গেলে নেট সাউন্ড আসে ১সেকেন্ড লেট আসে গান বা ভিডিও মুভি দেখার জন্য একটি ভালো একটা প্রোডাক্ট।,প্রোডাক্টটি ভালো গেমের গেম খেলতে নেট সাউন্ড আসে ১সেকেন্ড লেট আসে গান ভিডিও মুভি দেখার ভালো একটা প্রোডাক্ট,Positive,Product Quality,,product_quality_positive,product_quality_positive
49311750070849,খুবই ভালো ভাবে প্যাকেজিং হয়ে এসেছে। কোয়ালিটি সম্পন্ন প্রোডাক্ট। কিন্তু চার্জ একটু বেশি থাকলে ভালো হতো। কিন্তু দাম অনুযায়ী খুবই ভালো। সবাই নিতে পারেন।,খুবই ভালো ভাবে প্যাকেজিং হয়ে এসেছে কোয়ালিটি সম্পন্ন প্রোডাক্ট চার্জ থাকলে ভালো হতো দাম অনুযায়ী খুবই ভালো সবাই নিতে পারেন,Positive,Packaging;Price;Product Quality,,packaging_positive;price_positive;product_quality_positive,packaging_positive#price_positive#product_quality_positive
49311841670849,আলহামদুলিল্লাহ অনেক ভালো একটা প্রডাক্ট। সাউণ্ড কোয়ালিটি ভালো সবাই নিতে পারেন।,আলহামদুলিল্লাহ ভালো একটা প্রডাক্ট সাউণ্ড কোয়ালিটি ভালো সবাই নিতে পারেন,Positive,Product Quality,,product_quality_positive,product_quality_positive
49311285070849,সবকিছুই ঠিক আছে সময়ের আগেই ডেলিভারি পেয়েছি। প্রথমবার একটা কিনেছিলাম কিন্তু বেশিদিন যায়নি। দ্বিতীয়বার আবার কিনলাম এটা  দেখি কতদিন যায় 🙂,সবকিছুই ঠিক সময়ের আগেই ডেলিভারি পেয়েছি প্রথমবার একটা কিনেছিলাম বেশিদিন যায়নি দ্বিতীয়বার কিনলাম এটা দেখি কতদিন যায়,Positive,Delivery;Product Quality,,delivery_positive;product_quality_positive,delivery_positive#product_quality_positive
49311917070849,"আলহামদুল্লিহ অনেক সুন্দর ক্লিয়ার সাউন্ড কোয়ালিটি,চার্জ ব্যাকআপ ও দারুন। ৩ দিনে ডেলিভারি পেলাম।প্রথম বার দারাজ থেকে অর্ডার এত সুন্দর প্রডাক্ট পাবো ভাবিনি।",আলহামদুল্লিহ সুন্দর ক্লিয়ার সাউন্ড কোয়ালিটি চার্জ ব্যাকআপ ও দারুন ৩ দিনে ডেলিভারি পেলাম প্রথম দারাজ অর্ডার এত সুন্দর প্রডাক্ট পাবো ভাবিনি,Positive,Delivery;Product Quality,,delivery_positive;product_quality_positive,delivery_positive#product_quality_positive
49310683070849,"দাম অনুযায়ী প্রডাক্টটি খুবই ভালো, চার্জ ও ভালোই থাকে...নিতে পারেন, । বাট ডেলিভারি সার্বিস টা ভালো লাগেনাই, প্রডাক্টটি যখন হাতে পাই তখন পুরো প্যাকেট টা চাপ খেয়ে বাকা হয়েছিলো, এতে প্রডাক্টটি নষ্ট হয়েও যেতে পারতো, তাই আপনাদের উচিত আরো সাবধানতার  সাথে ডেলিভারি দেওয়া...",দাম অনুযায়ী প্রডাক্টটি খুবই ভালো চার্জ ও ভালোই নিতে পারেন বাট ডেলিভারি সার্বিস টা ভালো লাগেনাই প্রডাক্টটি হাতে পাই পুরো প্যাকেট টা চাপ খেয়ে বাকা হয়েছিলো এতে প্রডাক্টটি নষ্ট হয়েও যেতে পারতো তাই আপনাদের উচিত আরো সাবধানতার ডেলিভারি দেওয়া,Positive,Delivery;Price;Product Quality,Delivery,delivery_negative;price_positive;product_quality_positive,delivery_negative#price_positive#product_quality_positive
49311066070849,অনেকে বলে যে দারাজের পণ্য ভালো না তবে দেখলাম খারাপ না আমি একটি ব্লুটুথ দারাজ থেকে নিয়েছি সাউন্ড কোয়ালিটি প্রাইজ অনুযায়ী  আলহামদুলিল্লাহ ভালই আপনারা চাইলেও দারাজ এর মত বিশ্বস্ত অ্যাপ থেকে পণ্য নিতে পারেন,অনেকে বলে যে দারাজের পণ্য ভালো দেখলাম খারাপ আমি ব্লুটুথ দারাজ নিয়েছি সাউন্ড কোয়ালিটি প্রাইজ অনুযায়ী আলহামদুলিল্লাহ ভালই আপনারা চাইলেও দারাজ এর বিশ্বস্ত অ্যাপ পণ্য নিতে পারেন,Positive,Price;Product Quality,,price_positive;product_quality_positive,price_positive#product_quality_positive
49311256270849,"আলহামদুলিল্লাহ, ধন্যবাদ দারাজকে ধন্যবাদ ডেলিভারি ম্যানকে, তিন দিনের মধ্যে হাতে পাইছি🥰🥰",আলহামদুলিল্লাহ ধন্যবাদ দারাজকে ধন্যবাদ ডেলিভারি ম্যানকে তিন দিনের মধ্যে হাতে পাইছি,Positive,Delivery,,delivery_positive,delivery_positive
49311546770849,মাশাআল্লাহ পণ্যের কোয়ালিটি যথেষ্ট ভালো।ইচ্ছে হলে নিতে পারেন।আশা করি এদামে ঠকবেন না।,মাশাআল্লাহ পণ্যের কোয়ালিটি যথেষ্ট ভালো ইচ্ছে নিতে পারেন আশা করি এদামে ঠকবেন,Positive,Price;Product Quality,,price_positive;product_quality_positive,price_positive#product_quality_positive
49312523470849,দাম অনুযায়ী ভালো আছে তবে একটু চার্জ কম যায় নিতে পারেন সবাই।,দাম অনুযায়ী ভালো চার্জ যায় নিতে পারেন সবাই,Positive,Price;Product Quality,,price_positive;product_quality_positive,price_positive#product_quality_positive
49310295970849,"আলহামদুলিল্লাহ ২ টা অর্ডার করে ছিলাম দুই টাই অনেক ভালো দাম হিসাবে পণ্যটা অনেক ভালো, আমি একদিন পরেই হাতে পেয়েছি ধন্যবাদ",আলহামদুলিল্লাহ ২ টা অর্ডার ছিলাম দুই টাই ভালো দাম হিসাবে পণ্যটা ভালো আমি একদিন পরেই হাতে পেয়েছি ধন্যবাদ,Positive,Delivery;Price;Product Quality,,delivery_positive;price_positive;product_quality_positive,delivery_positive#price_positive#product_quality_positive
49310373470849,"সব ঠিকঠাক আছে কিন্তু চার্জ কম থাকে, তবে ভালো চলে, আপনারা নিতে পারেন, আমার কাছে এর সাউন্ড কোয়ালিটি খুব ভালো লেগেছে, ধন্যবাদ",ঠিকঠাক চার্জ ভালো চলে আপনারা নিতে পারেন কাছে এর সাউন্ড কোয়ালিটি খুব ভালো লেগেছে ধন্যবাদ,Positive,Product Quality,,product_quality_positive,product_quality_positive
49310180570849,আলহামদুলিল্লাহ। দাম অনুযায়ী অনেক ভালো।এত কম টাকায় এত ভালো প্রডাক্ট পাবো ভাবতেও পারি নি।কিন্তু ডেলিভারি করতে সময়টা একটু বেশি লাগছে।৫ -৬ দিন সময় লাগছে।আর ডেলিভারি ম্যান অনেক ভালো তাহার ব্যবহার ও অনেক ভালো। ডেলিভারি ম্যান কে অনেক অনেক ধন্যবাদ।,আলহামদুলিল্লাহ দাম অনুযায়ী ভালো এত টাকায় এত ভালো প্রডাক্ট পাবো ভাবতেও পারি নি ডেলিভারি করতে সময়টা লাগছে ৫ ৬ দিন সময় লাগছে ডেলিভারি ম্যান ভালো তাহার ব্যবহার ও ভালো ডেলিভারি ম্যান ধন্যবাদ,Positive,Delivery;Price;Product Quality,Delivery,delivery_negative;price_positive;product_quality_positive,delivery_negative#price_positive#product_quality_positive
49310733470849,"পুরাই আগুন😊, বেস ওওও সেই সাউন্ড ওওও সেই আপনারা সবাই নিতে পারেন অনেক ভালো আমি ৩দিন এর মধ্যে পেয়ে গেছি, আর সেলার ভাই কে বলতে চাই যে ভাই পেকেজিং টা ভালো করবেন একটু ভাই।",পুরাই আগুন বেস ও সেই সাউন্ড ও সেই আপনারা সবাই নিতে পারেন ভালো আমি ৩দিন এর মধ্যে পেয়ে গেছি সেলার ভাই বলতে চাই যে ভাই পেকেজিং টা ভালো করবেন ভাই,Positive,Delivery;Packaging;Product Quality,Packaging,delivery_positive;packaging_negative;product_quality_positive,delivery_positive#packaging_negative#product_quality_positive
49312048070849,বেষ্ট সাউন্ড কোয়ালিটি;  অনেক ভালো একটি প্রডাক্ট ;দারাজকে অনেক ধন্যবাদ,বেষ্ট সাউন্ড কোয়ালিটি ভালো প্রডাক্ট দারাজকে ধন্যবাদ,Positive,Product Quality,,product_quality_positive,product_quality_positive
49312078670849,এক কথায় অসাধারণ। হাতে পেতে এক মাসের মত লেগেছে। যাইহোক  জিনিসটা অনেক ভালো।,এক কথায় অসাধারণ হাতে পেতে এক মাসের লেগেছে যাইহোক জিনিসটা ভালো,Neutral,Delivery;Product Quality,Delivery,delivery_negative;product_quality_positive,delivery_negative#product_quality_positive
49312214670849,যেমন চেয়েছিলাম তেমনি পাইছি আলহামদুলিল্লাহ অনেক ভালো সবাই নিতে পারেন,চেয়েছিলাম তেমনি পাইছি আলহামদুলিল্লাহ ভালো সবাই নিতে পারেন,Positive,Product Quality,,product_quality_positive,product_quality_positive
49312610770849,আলহামদুলিল্লাহ অনেক ভালো প্রোডাক্ট আপনারা চাইলে নিতে পারেন যেমন চেয়েছি তেমন আছে প্রত্যেকটা তিন ঘন্টা করে ব্যাকআপ দেয় আর ব্যাংক থেকে ছয় বার চার্জ করা যায় সব মিলিয়ে এক  দুই দিন যায় 👍👍,আলহামদুলিল্লাহ ভালো প্রোডাক্ট আপনারা চাইলে নিতে পারেন চেয়েছি প্রত্যেকটা তিন ঘন্টা ব্যাকআপ দেয় ব্যাংক ছয় চার্জ যায় মিলিয়ে এক দুই দিন যায়,Positive,Product Quality,,product_quality_positive,product_quality_positive
49312431170849,এক সপ্তাহ পর রিভিউ দিলাম অনেক সুন্দর একটা প্রোডাক্ট। আপনারা চাইলে নিতে পারেন অনেক ভালো,এক সপ্তাহ রিভিউ দিলাম সুন্দর একটা প্রোডাক্ট আপনারা চাইলে নিতে পারেন ভালো,Positive,Product Quality,,product_quality_positive,product_quality_positive
49310373970849,"ধন্যবাদ সেলারকে সব কিছু টিকটাক পেয়েছি,,দেখি কয় দিন চলে কেমন চার্জ টিকে",ধন্যবাদ সেলারকে টিকটাক পেয়েছি দেখি কয় দিন চলে কেমন চার্জ টিকে,Positive,Product Quality,,product_quality_positive,product_quality_positive
49312203970849,আলহামদুলিল্লাহ প্রোডাক্ট ভালো তবে চার্জ থাকে একটু কম।,আলহামদুলিল্লাহ প্রোডাক্ট ভালো চার্জ,Positive,Product Quality,,product_quality_positive,product_quality_positive
49310392370849,"এই দামে সেরা,অনেকেই বাজে মন্তব্য করেছেন আসলে তারা এর কি খারাপ দিকটা দেখছে আমার মাথায় আসেনা,জিনিস ভালো মোটামুটি ১০/৮ পাবার মতো,আপনারা চাইলে নিতে পারেন 👍",দামে সেরা অনেকেই বাজে মন্তব্য করেছেন আসলে এর খারাপ দিকটা দেখছে মাথায় আসেনা জিনিস ভালো মোটামুটি ১০ ৮ পাবার আপনারা চাইলে নিতে পারেন,Positive,Price;Product Quality,,price_positive;product_quality_positive,price_positive#product_quality_positive
49312326370849,এই বাজেটে এর থেকে ভালো ইয়ারপড পাওয়া সম্ভব না। সাউন্ড কোয়ালিটি যথেষ্ট ভালো চার্জ মোটামুটি।,বাজেটে এর ভালো ইয়ারপড পাওয়া সম্ভব সাউন্ড কোয়ালিটি যথেষ্ট ভালো চার্জ মোটামুটি,Positive,Product Quality,,product_quality_positive,product_quality_positive
49394388870849,"খুব ভালো,,, আপনারা নিতে পারেন।",খুব ভালো আপনারা নিতে পারেন,Positive,Product Quality,,product_quality_positive,product_quality_positive
49310650270849,খুব ভালো একটা প্রডাক্ট দামে ও কম দ্রুত পেয়ে গেলাম। আপনার ও নিশ্চিন্তে নিতে পারেন,খুব ভালো একটা প্রডাক্ট দামে ও দ্রুত পেয়ে গেলাম আপনার ও নিশ্চিন্তে নিতে পারেন,Positive,Delivery;Price;Product Quality,,delivery_positive;price_positive;product_quality_positive,delivery_positive#price_positive#product_quality_positive
49312305070849,"আলহামদুলিল্লাহ প্রডাক্ট টা অনেক ভালো, চার্জ ভালো থাকে,৪দিন পর রিবিউ দুলাম,",আলহামদুলিল্লাহ প্রডাক্ট টা ভালো চার্জ ভালো ৪দিন রিবিউ দুলাম,Positive,Product Quality,,product_quality_positive,product_quality_positive
49524860470849,কম দামের ভিতরে খুব সুন্দর একটি প্রোডাক্ট সবাই নিতে পারেন।,দামের ভিতরে খুব সুন্দর প্রোডাক্ট সবাই নিতে পারেন,Positive,Price;Product Quality,,price_positive;product_quality_positive,price_positive#product_quality_positive
49311812870849,জাস্ট অসাধারণ। ❤️ আরো ৩ টা অর্ডার দিয়েছি।,জাস্ট অসাধারণ আরো ৩ টা অর্ডার দিয়েছি,Positive,Product Quality,,product_quality_positive,product_quality_positive
49312090370849,এক কথায় অসাধারণ একটা জিনিস এবং খুব তারা তারি ডেলিভারি পাইছি।,এক কথায় অসাধারণ একটা জিনিস খুব তারি ডেলিভারি পাইছি,Positive,Delivery;Product Quality,,delivery_positive;product_quality_positive,delivery_positive#product_quality_positive
49310696870849,আপনাদের ছার্বিস ও প্রোডাক্ট ২ টোই ভালো ধন্যবাদ 🤍,আপনাদের ছার্বিস ও প্রোডাক্ট ২ টোই ভালো ধন্যবাদ,Positive,Product Quality;Seller Service,,seller_service_positive;product_quality_positive,seller_service_positive#product_quality_positive
49312040170849,"সবাই নিতে পারেন খুব সুন্দর, ফোনটা দেওয়া ছিল ঠিক তেমনটাই পেয়েছি",সবাই নিতে পারেন খুব সুন্দর ফোনটা দেওয়া ঠিক তেমনটাই পেয়েছি,Positive,Product Quality,,product_quality_positive,product_quality_positive
49311574370849,এই দামে এই জিনিস টা ওনেক ভালো কিন্তূ চার্জে টা একটু কম থাকে,দামে জিনিস টা ওনেক ভালো কিন্তূ চার্জে টা,Positive,Price;Product Quality,,price_positive;product_quality_positive,price_positive#product_quality_positive
49311647370849,দাম অপেক্ষা অনেক অনেক ভালো। আর ডেলিভারি সার্ভিস ও অনেক ভালো ছিলো🥰,দাম অপেক্ষা ভালো ডেলিভারি সার্ভিস ও ভালো ছিলো,Positive,Delivery;Price;Product Quality,,delivery_positive;price_positive;product_quality_positive,delivery_positive#price_positive#product_quality_positive
49311888170849,আসতে একটু লেইট হইছে দাম অনুযায়ী  পন্য খোব ভাল,আসতে লেইট হইছে দাম অনুযায়ী পন্য খোব ভাল,Positive,Delivery;Price;Product Quality,Delivery,delivery_negative;price_positive;product_quality_positive,delivery_negative#price_positive#product_quality_positive
49312002270849,"মাশাআল্লাহ খুব ভালো পরেছে, আপনারা চাইলে নিঃসন্দেহে নিতে পারেন👌",মাশাআল্লাহ খুব ভালো পরেছে আপনারা চাইলে নিঃসন্দেহে নিতে পারেন,Positive,Product Quality,,product_quality_positive,product_quality_positive
49311525970849,"এই দামে এক কথায় অসাধারণ, ভাবতেও পারিনি এইরকম এত সুন্দর হবে।",দামে এক কথায় অসাধারণ ভাবতেও পারিনি এইরকম এত সুন্দর,Positive,Price;Product Quality,,price_positive;product_quality_positive,price_positive#product_quality_positive
49311545370849,অনেক ভালো একটা এয়ার বাডস।।।সবাই নিতে পারেন।,ভালো একটা এয়ার বাডস সবাই নিতে পারেন,Positive,Product Quality,,product_quality_positive,product_quality_positive
49311801970849,"এই প্রাইজ  এর মধ্যে বেস্ট হবে এটা নিতে পারেন,,",প্রাইজ এর মধ্যে বেস্ট এটা নিতে পারেন,Positive,Price;Product Quality,,price_positive;product_quality_positive,price_positive#product_quality_positive
49310831570849,"দ্বিতীয় বার নিলাম,এই দামে সেরা,চোঁখ বন্ধ করে নিতে পারেন😎👍",দ্বিতীয় নিলাম দামে সেরা চোঁখ বন্ধ নিতে পারেন,Positive,Price;Product Quality,,price_positive;product_quality_positive,price_positive#product_quality_positive
49312230170849,পন্যোটি খারাপ বাম কানের টা বাজে আর ডান কানের টা বাজে না,পন্যোটি খারাপ বাম কানের টা বাজে ডান কানের টা বাজে,Negative,Product Quality,Product Quality,product_quality_negative,product_quality_negative
49310546270849,ভালোই আছে বেশ খুবই সুন্দর আপনারা সবাই কিনতে পারেন,ভালোই বেশ খুবই সুন্দর আপনারা সবাই কিনতে পারেন,Positive,Product Quality,,product_quality_positive,product_quality_positive
49311780970849,এক কথায় ১০ এ ১০👍,এক কথায় ১০ এ ১০,Positive,Product Quality,,product_quality_positive,product_quality_positive
49311636970849,খুব ভালো প্রোডাক্ট অল্প দামে,খুব ভালো প্রোডাক্ট অল্প দামে,Positive,Price;Product Quality,,price_positive;product_quality_positive,price_positive#product_quality_positive
49312335270849,হেট ফোন টা আনে ভালো দেখতে যেমন তেমনি সাউন্ড  হেব্বি,হেট ফোন টা আনে ভালো দেখতে তেমনি সাউন্ড হেব্বি,Positive,Product Quality,,product_quality_positive,product_quality_positive
49311081070849,দাম হিসেবে অনেক ভালো পণ্য। 320টাকায় নেওয়া,দাম হিসেবে ভালো পণ্য 320টাকায় নেওয়া,Positive,Price;Product Quality,,price_positive;product_quality_positive,price_positive#product_quality_positive
49311794270849,মোটামুটি। তবে চার্জে সন্তুষ্ট না আমি,মোটামুটি চার্জে সন্তুষ্ট আমি,Neutral,Product Quality,,product_quality_neutral,product_quality_neutral
49311365770849,ভালো মানের একটা প্রোডাক্ট একদিন চাজ দিলে তিন-চার দিন যায়,ভালো মানের একটা প্রোডাক্ট একদিন চাজ দিলে তিন চার দিন যায়,Positive,Product Quality,,product_quality_positive,product_quality_positive
49312366470849,"মোটামুটি ভালো,, বাজারে প্রায় একই দামে পাওয়া যায়।।",মোটামুটি ভালো বাজারে প্রায় একই দামে পাওয়া যায়,Neutral,Price;Product Quality,,price_neutral;product_quality_neutral,price_neutral#product_quality_neutral
49311556070849,ভালোই চলছে...যা চাইছি তাই পাইছি❤️❤️,ভালোই চলছে চাইছি তাই পাইছি,Positive,Product Quality,,product_quality_positive,product_quality_positive
49311754870849,সবকিছু মিলাই অনেক ভালো আলহামদুলিল্লাহ,সবকিছু মিলাই ভালো আলহামদুলিল্লাহ,Positive,Product Quality,,product_quality_positive,product_quality_positive
49310991270849,জিনের দাম অনুযাই খুব ভালো কেউ নিতে চাইলে নিতে  পারেন 🥰🥰,জিনের দাম অনুযাই খুব ভালো কেউ নিতে চাইলে নিতে পারেন,Positive,Price;Product Quality,,price_positive;product_quality_positive,price_positive#product_quality_positive
49310692170849,সবাই নিতে পারেন প্রোডাক্টটি ভালো,সবাই নিতে পারেন প্রোডাক্টটি ভালো,Positive,Product Quality,,product_quality_positive,product_quality_positive
49310682670849,"ভালোই আছে,চাইলে আপনারা নিতে পারেন।",ভালোই চাইলে আপনারা নিতে পারেন,Positive,Product Quality,,product_quality_positive,product_quality_positive
49311707870849,"যেমন দেখেছি তেমনই পাইছি, খুব ভালো প্রোডাক্ট টি",দেখেছি তেমনই পাইছি খুব ভালো প্রোডাক্ট টি,Positive,Product Quality,,product_quality_positive,product_quality_positive
49312010570849,অনেক ভালো প্রোডাক্ট। চাইলে সবাই নিতে পারেন,ভালো প্রোডাক্ট চাইলে সবাই নিতে পারেন,Positive,Product Quality,,product_quality_positive,product_quality_positive
49310796970849,এই দামে খুবই ভালো পন্য।,দামে খুবই ভালো পন্য,Positive,Product Quality,,product_quality_positive,product_quality_positive
49311443570849,ভালো আছে সবাই নিতে পারেন,ভালো সবাই নিতে পারেন,Positive,Product Quality,,product_quality_positive,product_quality_positive
49311395170849,মাশাল্লাহ্ অনেক সুন্দর একটি পোডাক,মাশাল্লাহ্ সুন্দর পোডাক,Positive,Product Quality,,product_quality_positive,product_quality_positive
49311221570849,দাম হিসাবে অনেক সুন্দর জিনিস,দাম হিসাবে সুন্দর জিনিস,Positive,Price;Product Quality,,price_positive;product_quality_positive,price_positive#product_quality_positive
53284251570849,অনেক ভালো ছিল প্রডাক্ট কিন্তু এখন আমার কাছে নেই ছবিটি দিতে পারলাম না কারণ ওটা আমার ফ্রেন্ড এর কাছে আছে,ভালো প্রডাক্ট কাছে নেই ছবিটি দিতে পারলাম ওটা ফ্রেন্ড এর কাছে,Positive,Product Quality,,product_quality_positive,product_quality_positive
51983960570849,"সাউন্ড কোয়ালিটি একদম বাজে । চার্জ থাকেনা 
টাচ ঠিক মতো কাজ করে না। চার্জে দিয়ে রাখলে সারাদিনই চার্জ ওঠে। তাও চলে না",সাউন্ড কোয়ালিটি একদম বাজে চার্জ থাকেনা টাচ ঠিক কাজ চার্জে দিয়ে রাখলে সারাদিনই চার্জ ওঠে তাও চলে,Negative,Product Quality,Product Quality,product_quality_negative,product_quality_negative
54427619970849,ভাল প্রোডাক্ট আপনারা চাইলে সবাই নিতে পারেন চার্জ খুব ভালো টেকতেছি বাট ভালই আছে নিতে পারেন সবাই আপনারা প্রোডাক্ট দেখতে  যেরকম ওর থেকে হাজারগুন বেশি ভালো আর দেরি না করে সবাই নিয়ে ফেলুন জলদি আর ডেলিভারি বয় কে ধন্যবাদ প্রোডাক্টটা তাড়াতাড়ি দেওয়ার জন্য,ভাল প্রোডাক্ট আপনারা চাইলে সবাই নিতে পারেন চার্জ খুব ভালো টেকতেছি বাট ভালই নিতে পারেন সবাই আপনারা প্রোডাক্ট দেখতে যেরকম ওর হাজারগুন ভালো দেরি সবাই নিয়ে ফেলুন জলদি ডেলিভারি বয় ধন্যবাদ প্রোডাক্টটা তাড়াতাড়ি দেওয়ার,Positive,Delivery;Product Quality,,delivery_positive;product_quality_positive,delivery_positive#product_quality_positive
51140689770849,পুরো ফালতু একটি প্রোডাক্ট। ভিতরে একটা ছিল আর একটা ছিল না। বক্সের ছবির সাথে প্রোডাক্ট এর কোন মিল নেই । প্যাকেজিং এর অবস্থাও একদম বাজে। এসব তো ১০০ টাকা করে ফুটপাতে পাওয়া যায়। দারাজের থেকে এটা আশা করিনি। এই সেলার এর কাছ থেকে কেউ নিবেন না।,পুরো ফালতু প্রোডাক্ট ভিতরে একটা একটা বক্সের ছবির প্রোডাক্ট এর মিল নেই প্যাকেজিং এর অবস্থাও একদম বাজে এসব তো ১০০ টাকা ফুটপাতে পাওয়া যায় দারাজের এটা আশা করিনি সেলার এর কাছ কেউ নিবেন,Negative,Packaging;Product Quality,Packaging;Product Quality,packaging_negative;product_quality_negative,packaging_negative#product_quality_negative
50487395070849,"খুব বাজে একটা প্রোডাক্ট, আমাকে নষ্ট ইয়ারফোন দিয়েছে, রিটার্ন করতে গেলে নানান কাহিনী, ভুলেও কেউ নিবেন না",খুব বাজে একটা প্রোডাক্ট নষ্ট ইয়ারফোন দিয়েছে রিটার্ন করতে নানান কাহিনী ভুলেও কেউ নিবেন,Negative,Product Quality,Product Quality,product_quality_negative,product_quality_negative
52573632570849,দেখতে সবকিছু ভালো হলেও চার্জ হতে অনেক দেরি হয় এবং কানেক্ট হয় না। চার্জ হলেও অটোমেটিক বন্ধ হয়ে যায় আরো অনেক ধরনের সমস্যা দেখা দিচ্ছে। যতটুকু এক্সপেক্ট করেছিলাম তার কিছুই পেলাম না। যদি কেউ কিনতে চান তাহলে আর একটু উন্নত মানের কোয়ালিটি দেখে কিনুন দুই টাকা বেশি দিয়ে হলেও সবকিছু ঠিকঠাক পাবেন আশা করি।,দেখতে সবকিছু ভালো হলেও চার্জ দেরি হয় কানেক্ট হয় চার্জ হলেও অটোমেটিক বন্ধ হয়ে যায় আরো ধরনের সমস্যা দেখা দিচ্ছে যতটুকু এক্সপেক্ট করেছিলাম কিছুই পেলাম যদি কেউ কিনতে চান তাহলে উন্নত মানের কোয়ালিটি দেখে কিনুন দুই টাকা দিয়ে হলেও সবকিছু ঠিকঠাক পাবেন আশা করি,Negative,Product Quality,Product Quality,product_quality_negative,product_quality_negative
54411410470849,"মাশাআল্লাহ, আলহামদুলিল্লাহ, ইনটেক প্যাকেট, সাউন্ড কোয়ালিটি অনেক ভালো, চার্জ ওকে, অসাধারণ একটা ইয়ারফোনে। ধন্যবাদ সেলারকে, ধন্যবাদ দারাজকে।",মাশাআল্লাহ আলহামদুলিল্লাহ ইনটেক প্যাকেট সাউন্ড কোয়ালিটি ভালো চার্জ ওকে অসাধারণ একটা ইয়ারফোনে ধন্যবাদ সেলারকে ধন্যবাদ দারাজকে,Positive,Packaging;Product Quality,,packaging_positive;product_quality_positive,packaging_positive#product_quality_positive
52164367870849,খুবই সুন্দর একটা প্রোডাক্ট আমি গত কালকে হাতে পেয়েছি  সাউন্ড সিস্টেমটা অনেক ভালো ধন্যবাদ দারাজ।,খুবই সুন্দর একটা প্রোডাক্ট আমি গত কালকে হাতে পেয়েছি সাউন্ড সিস্টেমটা ভালো ধন্যবাদ দারাজ,Positive,Product Quality,,product_quality_positive,product_quality_positive
50495841270849,আলহামদুলিল্লাহ দাম অনুযায়ী ভালো ১ দিন পরে বলছি ব্যবহার করে।আমাদের এলাকার সেলার টা অনেক ভালো,আলহামদুলিল্লাহ দাম অনুযায়ী ভালো ১ দিন বলছি ব্যবহার এলাকার সেলার টা ভালো,Positive,Price;Product Quality;Seller Service,,seller_service_positive;price_positive;product_quality_positive,seller_service_positive#price_positive#product_quality_positive
49524670770849,একদম বাজে একটা পন্য দিছে।নষ্ট দিয়ে গেছে।পরে আবার আমি রিটার্ন মেসেজ দিয়েছি তাও আবার না করে দিছে।টাকা দিয়ে কিনেছি তাহলে নষ্ট দিবে কেন।আবার রিটার্ন  ও নিবে না।,একদম বাজে একটা পন্য দিছে নষ্ট দিয়ে আমি রিটার্ন মেসেজ দিয়েছি তাও দিছে টাকা দিয়ে কিনেছি তাহলে নষ্ট দিবে রিটার্ন ও নিবে,Negative,Product Quality,Product Quality,product_quality_negative,product_quality_negative
54996560070849,"নষ্ট চালু হয়না চার্জও হয়না আমি রির্টন করব, আপনারা কেও নিয়েন না এরা নষ্ট জিনিসই দেয়",নষ্ট চালু হয়না চার্জও হয়না আমি রির্টন করব আপনারা কেও নিয়েন এরা নষ্ট জিনিসই দেয়,Negative,Product Quality,Product Quality,product_quality_negative,product_quality_negative
49312346370849,ইউজ করার পরে ভিডিওটা দেখছি অনেক ভালো একটা ব্লুটুথ চার্জার পিন টাইপ সি তিন থেকে চার ঘন্টা চলে ভালো চাইলে নিতে পারেন,ইউজ করার ভিডিওটা দেখছি ভালো একটা ব্লুটুথ চার্জার পিন টাইপ সি তিন চার ঘন্টা চলে ভালো চাইলে নিতে পারেন,Positive,Product Quality,,product_quality_positive,product_quality_positive
49858607970849,আলহামদুলিল্লাহ সাউন্ড কোয়ালিটি এবং বিল্ড কোয়ালিটি অনেক ভালো সবাই নিতে পারেন,আলহামদুলিল্লাহ সাউন্ড কোয়ালিটি বিল্ড কোয়ালিটি ভালো সবাই নিতে পারেন,Positive,Product Quality,,product_quality_positive,product_quality_positive
53213692470849,কেউ নিবেন না এটা খুব বাজে পডাক্ট এই পডাক্ট নিলে লছ হবে এটার সমস্যার ওভাব নাই,কেউ নিবেন এটা খুব বাজে পডাক্ট পডাক্ট নিলে লছ এটার সমস্যার ওভাব নাই,Negative,Product Quality,Product Quality,product_quality_negative,product_quality_negative
49312229370849,ফালতু একটা প্রোডাক্ট একটা কানেক্ট হয় আরেকটা হয় না এগুলো মানুষের প্রতারণা করা নেট সমস্যা কারণে ফেরত ও দিতে পারতেছি না😡,ফালতু একটা প্রোডাক্ট একটা কানেক্ট হয় আরেকটা হয় এগুলো মানুষের প্রতারণা নেট সমস্যা কারণে ফেরত ও দিতে পারতেছি,Negative,Product Quality,Product Quality,product_quality_negative,product_quality_negative
49311916470849,প্রডাক্ট পেযেছি প্রায় ১ মাস আগে। এই এক মাস ব্যবহার করে বুঝলাম খুবই ভালো প্রডাক্টটি। ১মাস ব্যাবহার করার পর আজ রিভিউ দিলাম।,প্রডাক্ট পেযেছি প্রায় ১ মাস আগে এক মাস ব্যবহার বুঝলাম খুবই ভালো প্রডাক্টটি ১মাস ব্যাবহার করার আজ রিভিউ দিলাম,Positive,Product Quality,,product_quality_positive,product_quality_positive
49394278270849,পণ্য ভালো পাইছি। কিন্তু আগের বার সব ঠিকই ছিল। আমাকে শুধু চার্জারটা দেওয়া হয় নাই।,পণ্য ভালো পাইছি আগের ঠিকই শুধু চার্জারটা দেওয়া হয় নাই,Positive,Product Quality,,product_quality_positive,product_quality_positive
51232924270849,প্রোডাক্টটা অনেক ভালো নিতে পারেন কিন্তু একটু বড় সাইজ হয়ে যায়,প্রোডাক্টটা ভালো নিতে পারেন বড় সাইজ হয়ে যায়,Positive,Product Quality,,product_quality_positive,product_quality_positive
50978592970849,বাজেট বিবেচনা ঠিক আছে কিন্তু চার্জ আর একটু ভালো থাকলে ভালো হতো,বাজেট বিবেচনা ঠিক চার্জ ভালো থাকলে ভালো হতো,Neutral,Price;Product Quality,,price_neutral;product_quality_neutral,price_neutral#product_quality_neutral
49312469570849,ভালো ❤️ ৩৩০ টাকা হিসেবে দারুন ❤️আপনারা চাইলে নিতে পারেন শাওন মোটামুটি ভালো 🫣 মোহাম্মদ জুবায়েদ 🫣🫶,ভালো ৩৩০ টাকা হিসেবে দারুন আপনারা চাইলে নিতে পারেন শাওন মোটামুটি ভালো মোহাম্মদ জুবায়েদ,Positive,Price;Product Quality,,price_positive;product_quality_positive,price_positive#product_quality_positive
49312172870849,আলহামদুলিল্লাহ। প্রডাক্ট কোয়ালিটি ভালো। সাউন্ড কোয়ালিটি ভালো। ব্যাটারি চার্জ অনেক ক্ষন থাকে। সেলার কে ধন্যবাদ।,আলহামদুলিল্লাহ প্রডাক্ট কোয়ালিটি ভালো সাউন্ড কোয়ালিটি ভালো ব্যাটারি চার্জ ক্ষন সেলার ধন্যবাদ,Positive,Product Quality,,product_quality_positive,product_quality_positive
54768386870849,অসাধারণ। এবার দিয়ে আমি পরপর দুইবার অর্ডার করে রিসিভ করেছি।,অসাধারণ এবার দিয়ে আমি পরপর দুইবার অর্ডার রিসিভ করেছি,Positive,Product Quality,,product_quality_positive,product_quality_positive
54925835070849,"বেশি ভালো না, ব্যাটারীতে চার্জ থাকে না, না নেওয়াই ভালো হবে",ভালো ব্যাটারীতে চার্জ নেওয়াই ভালো,Negative,Product Quality,Product Quality,product_quality_negative,product_quality_negative
49311172970849,দারাজে অর্ডার করলে ডেলিভারি দিতে অনেক সময় লাগে এই কারণেই ভালো লাগেনা কিছু অর্ডার দিতে,দারাজে অর্ডার করলে ডেলিভারি দিতে সময় লাগে কারণেই ভালো লাগেনা অর্ডার দিতে,Negative,Delivery,Delivery,delivery_negative,delivery_negative
49312065770849,সম্পূর্ণ বাজে প্রডাক্ট। ৭ দিন ব্যবহার করছি তারপর নষ্ট হয়ে গেছে। কেউ নিয়েন না।,সম্পূর্ণ বাজে প্রডাক্ট ৭ দিন ব্যবহার করছি তারপর নষ্ট হয়ে কেউ নিয়েন,Negative,Product Quality,Product Quality,product_quality_negative,product_quality_negative
51436394970849,"মূল্য অনুযায়ী প্রডাক্ট মুটামুটি ভালোই,  চাইলে নিতে পারেন।",মূল্য অনুযায়ী প্রডাক্ট মুটামুটি ভালোই চাইলে নিতে পারেন,Neutral,Price;Product Quality,,price_neutral;product_quality_neutral,price_neutral#product_quality_neutral
51387176470849,পণ্যটা ভালোই ।আপনারা চাইলে নিতে পারেন। সবকিছু ঠিকঠাক ছিল,পণ্যটা ভালোই আপনারা চাইলে নিতে পারেন সবকিছু ঠিকঠাক,Positive,Product Quality,,product_quality_positive,product_quality_positive
49729902170849,আলহামদুলিল্লাহ প্রোডাক্টটা অনেক ভালো যারা নিতে চান নিতে পারেন,আলহামদুলিল্লাহ প্রোডাক্টটা ভালো যারা নিতে চান নিতে পারেন,Positive,Product Quality,,product_quality_positive,product_quality_positive
52915525470849,বাটপারের দল একটা দিছ আমারে চার্জ থাকে না ৫ মিনিট ও,বাটপারের দল একটা দিছ আমারে চার্জ ৫ মিনিট ও,Negative,Product Quality,Product Quality,product_quality_negative,product_quality_negative
53559206770849,ওয়ালেট দাম অনুযায়ী ভালোই। মাত্রই রিসিভ করেছি। ❣️,ওয়ালেট দাম অনুযায়ী ভালোই মাত্রই রিসিভ করেছি,Positive,Price;Product Quality,,price_positive;product_quality_positive,price_positive#product_quality_positive
49311484570849,যেমন ভাবছিলাম তেমন ই পেয়েছি। কিন্তু ব্যাটারি ব্যাকআপ আর একটু লং টাইম দরকার ছিল। দাম হিসেবে সাউন্ড কোয়ালিটি অনেক ভাল। সবাই নিতে পারেন। ধন্যবাদ সেলার কে।,ভাবছিলাম ই পেয়েছি ব্যাটারি ব্যাকআপ লং টাইম দরকার দাম হিসেবে সাউন্ড কোয়ালিটি ভাল সবাই নিতে পারেন ধন্যবাদ সেলার,Positive,Price;Product Quality,,price_positive;product_quality_positive,price_positive#product_quality_positive
54778488570849,এটা একটুও ভালো না চাজ থাকে এটা আমি রিটান করতে চাই,এটা একটুও ভালো চাজ এটা আমি রিটান করতে চাই,Negative,Product Quality,Product Quality,product_quality_negative,product_quality_negative
51516336370849,ভালই তবে চার্জ ২ ঘন্টার বেশি থাকে...  নিতেরপারেন,ভালই চার্জ ২ ঘন্টার নিতেরপারেন,Positive,Product Quality,,product_quality_positive,product_quality_positive
51598290170849,"ফালতু একটা প্রডাক্ট ভাই,, চার্জ খুবই কম থাকে।",ফালতু একটা প্রডাক্ট ভাই চার্জ খুবই,Negative,Product Quality,Product Quality,product_quality_negative,product_quality_negative
54313929370849,এটা সবচেয়ে ভালো পোর্টার এটা নিউজ নিতে পারেন,এটা সবচেয়ে ভালো পোর্টার এটা নিউজ নিতে পারেন,Positive,Product Quality,,product_quality_positive,product_quality_positive
49311026270849,ভাইরে ভাই এত সুন্দর আমি বলে বুঝাতে পারব না সেই চার্জে টিকসই এবং অত্যন্ত সুন্দর সাউন্ড কোয়ালিটি অসম্ভব সুন্দর থ্যাংক ইউ জানাচ্ছি দারাজ,ভাইরে ভাই এত সুন্দর আমি বলে বুঝাতে পারব সেই চার্জে টিকসই অত্যন্ত সুন্দর সাউন্ড কোয়ালিটি অসম্ভব সুন্দর থ্যাংক ইউ জানাচ্ছি দারাজ,Positive,Product Quality,,product_quality_positive,product_quality_positive
50087390070849,ভালো প্রোডাক্ট আমি পেয়েছি। আওয়াজ ও ঠিক আছে,ভালো প্রোডাক্ট আমি পেয়েছি আওয়াজ ও ঠিক,Positive,Product Quality,,product_quality_positive,product_quality_positive
50278131370849,অসাধারণ একটা জিনিস চাইলে আপনারও নিতে পারেন,অসাধারণ একটা জিনিস চাইলে আপনারও নিতে পারেন,Positive,Product Quality,,product_quality_positive,product_quality_positive
49312221870849,খুব ভালো প্রোডাক্ট সবাই নিতে পারেন চার্জ মোটামুটি ভাল থাকে এই দাম অনুযায়ী,খুব ভালো প্রোডাক্ট সবাই নিতে পারেন চার্জ মোটামুটি ভাল দাম অনুযায়ী,Positive,Price;Product Quality,,price_positive;product_quality_positive,price_positive#product_quality_positive
49312628070849,"চাজ ভালো যায় না,ঘ্যার ঘ্যার শব্দ হয়,এক কথায় ভালো না,খুব বাজে",চাজ ভালো যায় ঘ্যার ঘ্যার শব্দ হয় এক কথায় ভালো খুব বাজে,Negative,Product Quality,Product Quality,product_quality_negative,product_quality_negative
49311560170849,"প্রোডাক্টটা অনেক ভালো ছিল ডেলিভারি ও খুব তাড়াতাড়ি পাইছি সব মিলিয়ে আলহামদুলিল্লাহ,,, 🥰🥰",প্রোডাক্টটা ভালো ডেলিভারি ও খুব তাড়াতাড়ি পাইছি মিলিয়ে আলহামদুলিল্লাহ,Positive,Delivery;Product Quality,,delivery_positive;product_quality_positive,delivery_positive#product_quality_positive
49798687070849,এক দম বাজে নষ্ট প্রোডাক্ট দেওয়া হয়েছে,এক দম বাজে নষ্ট প্রোডাক্ট দেওয়া হয়েছে,Negative,Product Quality,Product Quality,product_quality_negative,product_quality_negative
51628334770849,আলহামদুলিল্লাহ অনেক ভালো সবাই নিতে পারে,আলহামদুলিল্লাহ ভালো সবাই নিতে পারে,Positive,Product Quality,,product_quality_positive,product_quality_positive
51304803970849,"ভালোই নিতে পারেন প্যাকেজিং ও ভালো ছিল ,",ভালোই নিতে পারেন প্যাকেজিং ও ভালো,Positive,Packaging;Product Quality,,packaging_positive;product_quality_positive,packaging_positive#product_quality_positive
51875855670849,ঠিক যেমন টা চেয়েছি তেমনটা পেয়েছি 🥰🥰,ঠিক টা চেয়েছি তেমনটা পেয়েছি,Positive,Product Quality,,product_quality_positive,product_quality_positive
53566671870849,"গুড প্রোডাক্ট, সবাই নিতে পারেন 😊😊😊",গুড প্রোডাক্ট সবাই নিতে পারেন,Positive,Product Quality,,product_quality_positive,product_quality_positive
52851370970849,আলহামদুলিল্লাহ ভালো  সবাই নিতে পারেন,আলহামদুলিল্লাহ ভালো সবাই নিতে পারেন,Positive,Product Quality,,product_quality_positive,product_quality_positive
51651482270849,অনেক ভালো প্রোডাক্ট নতুন মাল পেয়েছি,ভালো প্রোডাক্ট নতুন মাল পেয়েছি,Positive,Product Quality,,product_quality_positive,product_quality_positive
49633692170849,এই দামের মধ্যে ভালো তবে চার্জ বেশি থাকে না,দামের মধ্যে ভালো চার্জ,Positive,Price;Product Quality,,price_positive;product_quality_positive,price_positive#product_quality_positive
49311220470849,ভালো ২ সাপ্তাহ ব্যবহার করলাম মোটামুটি ভালো চার্জ একটু কম থাকে নিতে পারেন সবাই 🖐️,ভালো ২ সাপ্তাহ ব্যবহার করলাম মোটামুটি ভালো চার্জ নিতে পারেন সবাই,Neutral,Product Quality,,product_quality_neutral,product_quality_neutral
49311215470849,খুব ভালো প্রডাক ওডার দেয়ার দুইদিব পর হাতে পেয়ে ছি ডেলিভারি ম্যান  খুব ভালো আচারন করে ছে😊😊😊,খুব ভালো প্রডাক ওডার দেয়ার দুইদিব হাতে পেয়ে ছি ডেলিভারি ম্যান খুব ভালো আচারন ছে,Positive,Delivery;Product Quality,,delivery_positive;product_quality_positive,delivery_positive#product_quality_positive
49538301170849,মোটামুটি ভালোই আপনারা চাইলে নিতে পারেন,মোটামুটি ভালোই আপনারা চাইলে নিতে পারেন,Neutral,Product Quality,,product_quality_neutral,product_quality_neutral
52891069670849,আলহামদুলিল্লাহ সব কিছু টিক ছিলো।,আলহামদুলিল্লাহ টিক ছিলো,Positive,Product Quality,,product_quality_positive,product_quality_positive
49312303670849,"কয়েকদিন ব্যাবহার করার পরে রিভিউ দিচ্ছি,মোটামুটি ভালোই।",কয়েকদিন ব্যাবহার করার রিভিউ দিচ্ছি মোটামুটি ভালোই,Neutral,Product Quality,,product_quality_neutral,product_quality_neutral
54361968270849,খুব খাফার মাল দিছে চার্জ ঠিকে না,খুব খাফার মাল দিছে চার্জ ঠিকে,Negative,Product Quality,Product Quality,product_quality_negative,product_quality_negative
50637565070849,এক কথায় অসাধারণ সবাই নিতে পারেন,এক কথায় অসাধারণ সবাই নিতে পারেন,Positive,Product Quality,,product_quality_positive,product_quality_positive
49312199970849,ডেলিভারি ভাইয়ার ব্যবহার ছিল বরাবরের মতো অসাধারণ ❤️❤️,ডেলিভারি ভাইয়ার ব্যবহার বরাবরের অসাধারণ,Positive,Delivery,,delivery_positive,delivery_positive
49444197470849,খুবই ভালো একটা প্রোডাক্ট সবাই নিতে পারেন,খুবই ভালো একটা প্রোডাক্ট সবাই নিতে পারেন,Positive,Product Quality,,product_quality_positive,product_quality_positive
49310395770849,একটা সাত দিন ব্যবহার করেছি মোটামুটি রেজাল ভালো। আর একটা নিয়েছি দেখা যাক কি হয়,একটা সাত দিন ব্যবহার করেছি মোটামুটি রেজাল ভালো একটা নিয়েছি দেখা যাক হয়,Positive,Product Quality,,product_quality_positive,product_quality_positive
53647015370849,এগুলা ভালো না কেউ নিবেন না,এগুলা ভালো কেউ নিবেন,Negative,Product Quality,Product Quality,product_quality_negative,product_quality_negative
49311877270849,"ডেলিভারি ম্যান ভাইয়াকে অসংখ্য ধন্যবাদ জানাই, প্রডাক্ট খুব ভালো ছিলো",ডেলিভারি ম্যান ভাইয়াকে অসংখ্য ধন্যবাদ জানাই প্রডাক্ট খুব ভালো ছিলো,Positive,Product Quality,,product_quality_positive,product_quality_positive
49311493170849,"আলহামদুলিল্লাহ অনেক ভালো প্রোডাক্ট,, আপনারা সবাই নিতে পারেন",আলহামদুলিল্লাহ ভালো প্রোডাক্ট আপনারা সবাই নিতে পারেন,Positive,Product Quality,,product_quality_positive,product_quality_positive
49313204070849,অসাধারণ একটা জিনিস সাউন্ড কোয়ালিটি ও অসাধারণ,অসাধারণ একটা জিনিস সাউন্ড কোয়ালিটি ও অসাধারণ,Positive,Product Quality,,product_quality_positive,product_quality_positive
49311805170849,দাম হিসেবে অনেক ভালো ছিলো।  চার্জ টা একটু বেশি সময় থাকলে ভালো হতো।  আপনারা নিতে পারেন।,দাম হিসেবে ভালো ছিলো চার্জ টা সময় থাকলে ভালো হতো আপনারা নিতে পারেন,Positive,Price;Product Quality,,price_positive;product_quality_positive,price_positive#product_quality_positive
49310783170849,প্রাই এক মাস ব্যবহার করে রিভিউ দিলাম।অনেক ভালো। আপনারা চাইলে নিতে পারেন।,প্রাই এক মাস ব্যবহার রিভিউ দিলাম ভালো আপনারা চাইলে নিতে পারেন,Positive,Product Quality,,product_quality_positive,product_quality_positive
49474318470849,জঘন্য। এক ঘন্টাও চার্জ থাকে না।,জঘন্য এক ঘন্টাও চার্জ,Negative,Product Quality,Product Quality,product_quality_negative,product_quality_negative
49312533670849,একদিন ব্যবহার করলাম ভালই বুঝলাম। সাউন্ড কোয়ালিটি খুবই ভালো,একদিন ব্যবহার করলাম ভালই বুঝলাম সাউন্ড কোয়ালিটি খুবই ভালো,Positive,Product Quality,,product_quality_positive,product_quality_positive
49394390970849,"এভারেজ, বিল্ড কোয়ালিটি কিছুটা নরমাল",এভারেজ বিল্ড কোয়ালিটি কিছুটা নরমাল,Neutral,Product Quality,,product_quality_neutral,product_quality_neutral
49312204870849,"সময় মতো হাতে পেয়েছি, এবং চার্জ ও যায় ভালো।",সময় হাতে পেয়েছি চার্জ ও যায় ভালো,Positive,Delivery;Product Quality,,delivery_positive;product_quality_positive,delivery_positive#product_quality_positive
49312632170849,ভালো প্রোডাক্ট ডেলিভারি বয় একদম বাজে,ভালো প্রোডাক্ট ডেলিভারি বয় একদম বাজে,Neutral,Delivery;Product Quality,Delivery,delivery_negative;product_quality_positive,delivery_negative#product_quality_positive
49310798170849,খুবই ভাল পন্য। সেলার এর ব্যবহার ও ভাল। যে কেউ চাইলে নিতে পারেন।,খুবই ভাল পন্য সেলার এর ব্যবহার ও ভাল যে কেউ চাইলে নিতে পারেন,Positive,Product Quality;Seller Service,,seller_service_positive;product_quality_positive,seller_service_positive#product_quality_positive
49311217870849,খুব ভালো একটা প্রডাক্ট এই দামে।আপনারা নিতে পারেন,খুব ভালো একটা প্রডাক্ট দামে আপনারা নিতে পারেন,Positive,Price;Product Quality,,price_positive;product_quality_positive,price_positive#product_quality_positive
49310982470849,মোটামুটি ভালো ছিল। আওয়াজ এত বেশি হয় না। ডেলিভারি ম্যান  মোটামুটি ভালো ছিল,মোটামুটি ভালো আওয়াজ এত হয় ডেলিভারি ম্যান মোটামুটি ভালো,Neutral,Delivery;Product Quality,,delivery_neutral;product_quality_neutral,delivery_neutral#product_quality_neutral
49311641270849,"কম টাকায় ভালো একটা প্রোডাক্ট।  সাউন্ড ও ভালো,",টাকায় ভালো একটা প্রোডাক্ট সাউন্ড ও ভালো,Positive,Price;Product Quality,,price_positive;product_quality_positive,price_positive#product_quality_positive
49311395970849,অনেক সুন্দর একটা প্রোডাক্ট। জাস্ট ওয়াও 😍🥰🥰🫰🫰,সুন্দর একটা প্রোডাক্ট জাস্ট ওয়াও,Positive,Product Quality,,product_quality_positive,product_quality_positive
49312216370849,"ভালো ,                      ‘‘ দাম অনুযায়ী  ভালো ‘‘",ভালো দাম অনুযায়ী ভালো,Positive,Price;Product Quality,,price_positive;product_quality_positive,price_positive#product_quality_positive
49311056070849,ভাইএমোন একটা মাল দিছেন চার্জ থাকেনা,ভাইএমোন একটা মাল দিছেন চার্জ থাকেনা,Negative,Product Quality,Product Quality,product_quality_negative,product_quality_negative
49311349370849,অনেক সুন্দর হয়েছে যা চাই ছি তাই পাইছি,সুন্দর হয়েছে চাই ছি তাই পাইছি,Positive,Product Quality,,product_quality_positive,product_quality_positive
49311283870849,ভালো পণ্য। সবাই নিতে পারেন  🥰,ভালো পণ্য সবাই নিতে পারেন,Positive,Product Quality,,product_quality_positive,product_quality_positive
49311940570849,আলহামদুলিল্লাহ কম দামে ভালো চলছে,আলহামদুলিল্লাহ দামে ভালো চলছে,Positive,Price;Product Quality,,price_positive;product_quality_positive,price_positive#product_quality_positive
49310390570849,"দারুণ একটা প্রোডাক্ট,  বেশ পছন্দ হয়েছে",দারুণ একটা প্রোডাক্ট বেশ পছন্দ হয়েছে,Positive,Product Quality,,product_quality_positive,product_quality_positive
49312183570849,"বেস্ট ছিল,, যেমনটি চাইছি, ঠিক তেমনটি পাইছি",বেস্ট যেমনটি চাইছি ঠিক তেমনটি পাইছি,Positive,Product Quality,,product_quality_positive,product_quality_positive
49311462470849,অনেক ভালো। আপনারা চাইলে নিতে পারেন।,ভালো আপনারা চাইলে নিতে পারেন,Positive,Product Quality,,product_quality_positive,product_quality_positive
49311437570849,দাম অনুযায়ী খুবই ভালো নিতে পারেন,দাম অনুযায়ী খুবই ভালো নিতে পারেন,Positive,Price;Product Quality,,price_positive;product_quality_positive,price_positive#product_quality_positive
49311468170849,ভালোই যার প্রয়োজন নিতে পারেন,ভালোই যার প্রয়োজন নিতে পারেন,Positive,Product Quality,,product_quality_positive,product_quality_positive
49312716670849,আলহামদুলিল্লাহ অনেক ভালো যেমনটা চেয়েছি তেমনি পেয়েছি এ দামের মধ্যে এটাই সেরা,আলহামদুলিল্লাহ ভালো যেমনটা চেয়েছি তেমনি পেয়েছি এ দামের মধ্যে এটাই সেরা,Positive,Price;Product Quality,,price_positive;product_quality_positive,price_positive#product_quality_positive
49311437670849,সত্যি কথা বলতে ডেলিভারি ম্যানটা অনেক ভালো ছিল ❤️❤️❤️,সত্যি কথা বলতে ডেলিভারি ম্যানটা ভালো,Positive,Delivery,,delivery_positive,delivery_positive
49311172770849,আমি নিয়েছি এই দামে সবথেকে ভালো প্রডাক্ট 🤩🤩,আমি নিয়েছি দামে সবথেকে ভালো প্রডাক্ট,Positive,Price;Product Quality,,price_positive;product_quality_positive,price_positive#product_quality_positive
49310599270849,দাম হিসেবে অনেক ভাল। সাউন্ড ও ভাল। ধন্যবাদ সেলার।,দাম হিসেবে ভাল সাউন্ড ও ভাল ধন্যবাদ সেলার,Positive,Price;Product Quality,,price_positive;product_quality_positive,price_positive#product_quality_positive
49311054470849,প্রোডাক্টটি অসাধারণ ছিল যারা  নিতে চান নিতে পারেন,প্রোডাক্টটি অসাধারণ যারা নিতে চান নিতে পারেন,Positive,Product Quality,,product_quality_positive,product_quality_positive
49311244270849,খুব ভালো প্রডাক্ট। সাউন্ড খুব ভালো।,খুব ভালো প্রডাক্ট সাউন্ড খুব ভালো,Positive,Product Quality,,product_quality_positive,product_quality_positive
49310763070849,এটা যে রকম দেখেছি সে রকমি পাইছি 🥰❤️🥰,এটা যে রকম দেখেছি রকমি পাইছি,Positive,Product Quality,,product_quality_positive,product_quality_positive
49312634570849,খুব ভালো সাউন্ড ও ভালো।  নিতে পারেন সবাই,খুব ভালো সাউন্ড ও ভালো নিতে পারেন সবাই,Positive,Product Quality,,product_quality_positive,product_quality_positive
49312626070849,খুবই ভালো আপনারা নিতে চাইলে নিতে পারেন।,খুবই ভালো আপনারা নিতে চাইলে নিতে পারেন,Positive,Product Quality,,product_quality_positive,product_quality_positive
49311697370849,খুবই ভালো নিতে পারেন সবাই।।,খুবই ভালো নিতে পারেন সবাই,Positive,Product Quality,,product_quality_positive,product_quality_positive
49312328970849,খারাপ না ভালোই। কেউ চাইলে নিতে পারেন।,খারাপ ভালোই কেউ চাইলে নিতে পারেন,Positive,Product Quality,,product_quality_positive,product_quality_positive
49310594370849,কম টাকায় এ‌টি অ‌নেক ভাল পন্য,টাকায় এটি ভাল পন্য,Positive,Price;Product Quality,,price_positive;product_quality_positive,price_positive#product_quality_positive
49312010070849,আশানুরূপ হিসেবে প্রোডাক্টটা বেশ ভালো।,আশানুরূপ হিসেবে প্রোডাক্টটা বেশ ভালো,Positive,Product Quality,,product_quality_positive,product_quality_positive
49310662170849,ভালোই বোর্ডের চার্জ একটু কম যায় তারপরও ভালো,ভালোই বোর্ডের চার্জ যায় তারপরও ভালো,Positive,Product Quality,,product_quality_positive,product_quality_positive
49311908370849,মোটামুটি ভালো।  তবে সাউন্ড তুলনামূলক কম,মোটামুটি ভালো সাউন্ড তুলনামূলক,Neutral,Product Quality,,product_quality_neutral,product_quality_neutral
53159571670849,প্রোডাক্টটা মোটামুটি ভালই। তবে সাউন্ড একটু কম। সাউন্ড ছাড়া সবই ঠিক আছে।,প্রোডাক্টটা মোটামুটি ভালই সাউন্ড সাউন্ড ছাড়া সবই ঠিক,Neutral,Product Quality,,product_quality_neutral,product_quality_neutral
49312012170849,যা চেয়েছি তাই দিয়েছে ধন্যবাদ,চেয়েছি তাই দিয়েছে ধন্যবাদ,Positive,Product Quality,,product_quality_positive,product_quality_positive
51900200770849,"মোটামুটি ভালো, ৩ টা কিনেছিলাম দুইটা ভালো একটা এক-কানে কম শুনায়",মোটামুটি ভালো ৩ টা কিনেছিলাম দুইটা ভালো একটা এক কানে শুনায়,Neutral,Product Quality,,product_quality_neutral,product_quality_neutral
49310674870849,খুব খুব ভালো সবাই নিতে পারেন,খুব খুব ভালো সবাই নিতে পারেন,Positive,Product Quality,,product_quality_positive,product_quality_positive
49310477670849,খুব ভাল জিনিস সবাই নিতে পারেন,খুব ভাল জিনিস সবাই নিতে পারেন,Positive,Product Quality,,product_quality_positive,product_quality_positive
49311198270849,প্রাইস অনুযায়ী যথেষ্ট ভালো।। ধন্যবাদ,প্রাইস অনুযায়ী যথেষ্ট ভালো ধন্যবাদ,Positive,Price;Product Quality,,price_positive;product_quality_positive,price_positive#product_quality_positive
49730033670849,"বাজে প্রোডাক্ট,  প্রথম দিন থেকেই এক কান নষ্ট,  অন্য কানে চার্জ থাকে সর্বোচ্চ ৫-৭ মিনিট। 

এই প্রোডাক্ট থেকে দূরে থাকার পরামর্শ",বাজে প্রোডাক্ট প্রথম দিন থেকেই এক কান নষ্ট কানে চার্জ সর্বোচ্চ ৫ ৭ মিনিট প্রোডাক্ট দূরে থাকার পরামর্শ,Negative,Product Quality,Product Quality,product_quality_negative,product_quality_negative
51505259070849,ভালো না একটিতে সাউন্ড আসে আরেকটিতে আসে না। ওরা নষ্ট হয়ে জাওয়া প্রোডাক্ট ধরিয়ে দিবে ইলেক্ট্রনিক প্রোডাক্ট ওর্ডার করলে।,ভালো একটিতে সাউন্ড আসে আরেকটিতে আসে ওরা নষ্ট হয়ে জাওয়া প্রোডাক্ট ধরিয়ে দিবে ইলেক্ট্রনিক প্রোডাক্ট ওর্ডার করলে,Negative,Product Quality,Product Quality,product_quality_negative,product_quality_negative
54508648070849,"একটা কাজ করে,,,, আর একটা কাজ করে না,,,
কাজ টা ভাল করেন নাই,,,,
এমন টা মনে করছিলাম না,,,,",একটা কাজ একটা কাজ কাজ টা ভাল করেন নাই টা মনে করছিলাম,Negative,Product Quality,Product Quality,product_quality_negative,product_quality_negative
50728460370849,প্যাকেজি এর অবস্থা খুবই বাজে।আর প্রডাক্টের কথা আর কি আর বলবো।খুবই হতাশ,প্যাকেজি এর অবস্থা খুবই বাজে প্রডাক্টের কথা বলবো খুবই হতাশ,Negative,Packaging;Product Quality,Packaging;Product Quality,packaging_negative;product_quality_negative,packaging_negative#product_quality_negative
49763905670849,"প্রোডাক্ট টা হাতে পেয়ে খুবই হতাশ,,,ডান পাশের হেড ফোন নষ্ট।",প্রোডাক্ট টা হাতে পেয়ে খুবই হতাশ ডান পাশের হেড ফোন নষ্ট,Negative,Product Quality,Product Quality,product_quality_negative,product_quality_negative
51071060770849,কোয়ালিটি ভালো না। চার্জ অনেক কম থাকে,কোয়ালিটি ভালো চার্জ,Negative,Product Quality,Product Quality,product_quality_negative,product_quality_negative
51085648370849,"ভালোনা,  একটা চলে, আরেকটা চলছেনা",ভালোনা একটা চলে আরেকটা চলছেনা,Negative,Product Quality,Product Quality,product_quality_negative,product_quality_negative
49903998070849,দাম অনুযায়ী ঠিক আছে। কেউ চাইলে নিতে পারেন।,দাম অনুযায়ী ঠিক কেউ চাইলে নিতে পারেন,Neutral,Price;Product Quality,,price_neutral;product_quality_neutral,price_neutral#product_quality_neutral
49791970970849,ছবির সাথে ১০০% বাস্তবের মিল! ৩৩০ টাকা দিয়ে ক্রয় করেছি! চার্জিং কোয়ালিটি খুব ভালো লং টাইম চলে  এই  ইয়ার বাটএর বক্স দিয়ে  মোবাইল ফোন চার্জ করা যায়!আমি অনেক ধরনের ইয়ারবাট ইউজ করেছি  এই দামে আমার দেখা বেস্ট ইয়ার বাট!চাইলে আপনারা নিতে পারেন!,ছবির ১০০ বাস্তবের মিল ৩৩০ টাকা দিয়ে ক্রয় করেছি চার্জিং কোয়ালিটি খুব ভালো লং টাইম চলে ইয়ার বাটএর বক্স দিয়ে মোবাইল ফোন চার্জ যায় আমি ধরনের ইয়ারবাট ইউজ করেছি দামে দেখা বেস্ট ইয়ার বাট চাইলে আপনারা নিতে পারেন,Positive,Price;Product Quality,,price_positive;product_quality_positive,price_positive#product_quality_positive
49792344470849,মোটামুটি ভালোই আছে দাম অনুযায়ী,মোটামুটি ভালোই দাম অনুযায়ী,Neutral,Price;Product Quality,,price_neutral;product_quality_neutral,price_neutral#product_quality_neutral
51971415490425,"অনেক ভাল একটি প্রোডাক্ট।। চোখ বন্ধ করে অর্ডার করতে পারেন, সাউন্ড কোয়ার্ট কোয়ালিটি যথেষ্ট ভালো এবং কমফোর্টেবল।সেলার ভাই টা অনেক ভালো দেখে শুনে জিনিস দেন। দারাজে এমন সেলার পাওয়াই জানা খুবই। ওনি অনেক ভালো সবাই নিশ্চিতনতে অর্ডার করতে পারেন।",ভাল প্রোডাক্ট চোখ বন্ধ অর্ডার করতে পারেন সাউন্ড কোয়ার্ট কোয়ালিটি যথেষ্ট ভালো কমফোর্টেবল সেলার ভাই টা ভালো দেখে শুনে জিনিস দেন দারাজে সেলার পাওয়াই জানা খুবই ওনি ভালো সবাই নিশ্চিতনতে অর্ডার করতে পারেন,Positive,Product Quality;Seller Service,,seller_service_positive;product_quality_positive,seller_service_positive#product_quality_positive
51889270790425,ভাই কি জিনিস দিছো পুরা ১০০ তে ২০০ এই মাল নিয়ে কোনো কথা এই হবে না এই বাজেট এর মধ্যে এত ভালো জিনিস ভাবতে পারি নাই যেমন বিট তেমন চার্জিং ব্যাকআপ এক কথায় অসাধারণ। আর সেলার ভাইরে নিয়া ও কথা হবে না ভাই অনেক ভালো মানুষ ভালো জিনিস দেওয়ার জন্য ধন্যবাদ ভাই আসা করি আমাদের এই ভাবে ভালো জিনিস দিয়ে অনেক বড় হতে পারবেন।,ভাই জিনিস দিছো পুরা ১০০ তে ২০০ মাল নিয়ে কথা বাজেট এর মধ্যে এত ভালো জিনিস ভাবতে পারি নাই বিট চার্জিং ব্যাকআপ এক কথায় অসাধারণ সেলার ভাইরে নিয়া ও কথা ভাই ভালো মানুষ ভালো জিনিস দেওয়ার ধন্যবাদ ভাই আসা করি ভাবে ভালো জিনিস দিয়ে বড় পারবেন,Positive,Price;Product Quality;Seller Service,,seller_service_positive;price_positive;product_quality_positive,seller_service_positive#price_positive#product_quality_positive
53223003290425,আলহামদুলিল্লাহ প্রোডাক্ট এর মান খুবই ভালো সাউন্ড কোয়ালিটি একদম মনের মত ডেলিভারি পেয়েছি খুব কম সময়ে এবং একটি কথা না বললেই নয় সেলার এর ব্যবহার অমায়িক ধন্যবাদ সেলার ভাইয়াকে ❤️,আলহামদুলিল্লাহ প্রোডাক্ট এর মান খুবই ভালো সাউন্ড কোয়ালিটি একদম মনের ডেলিভারি পেয়েছি খুব সময়ে কথা বললেই নয় সেলার এর ব্যবহার অমায়িক ধন্যবাদ সেলার ভাইয়াকে,Positive,Delivery;Product Quality;Seller Service,,seller_service_positive;delivery_positive;product_quality_positive,seller_service_positive#delivery_positive#product_quality_positive
51397788290425,অসাধারণ একটি এয়ার বার্ডস আপনারা সবাই চোখ বন্ধ করে নিতে পারেন ধন্যবাদ দারাজ এত ভালো একটি প্রোডাক্ট দেওয়ার জন্য,অসাধারণ এয়ার বার্ডস আপনারা সবাই চোখ বন্ধ নিতে পারেন ধন্যবাদ দারাজ এত ভালো প্রোডাক্ট দেওয়ার,Positive,Product Quality,,product_quality_positive,product_quality_positive
52432229190425,"ঠিকঠাক মতো প্রোডাক্টি পেয়েছি। 
 সেলার অনেক ভালো এবং ঠিকঠাক প্রোডাক্টের দিয়েছে এবং আমার প্রোডাক্ট পছন্দ হয়েছে।",ঠিকঠাক প্রোডাক্টি পেয়েছি সেলার ভালো ঠিকঠাক প্রোডাক্টের দিয়েছে প্রোডাক্ট পছন্দ হয়েছে,Positive,Product Quality;Seller Service,,seller_service_positive;product_quality_positive,seller_service_positive#product_quality_positive
54350207190425,"আমার কাছে এই দামে পৃথিবীর সেরা কোয়ালিটির একটা প্রোডাক্ট।
এয়ার বাট টি আপনি নিঃস্বন্দেহে নিতে পারেন। চোখ বন্ধ করে নিন আশাকরি এই দামে সেরা প্রোডাক্ট আপনিও বলবেন।",কাছে দামে পৃথিবীর সেরা কোয়ালিটির একটা প্রোডাক্ট এয়ার বাট টি আপনি নিঃস্বন্দেহে নিতে পারেন চোখ বন্ধ নিন আশাকরি দামে সেরা প্রোডাক্ট আপনিও বলবেন,Positive,Price;Product Quality,,price_positive;product_quality_positive,price_positive#product_quality_positive
53217577990425,"প্যাকেজিং ভালো ছিলো সাউন্ড মোটামুটিভাবে ভালো ।
এন্ড লুকস প্রিমিয়াম ।
শুধু সাউন্ড বাড়ানো কমানো যায়না ওভারল ভালো আছে নেওয়া যায় ।",প্যাকেজিং ভালো ছিলো সাউন্ড মোটামুটিভাবে ভালো এন্ড লুকস প্রিমিয়াম শুধু সাউন্ড বাড়ানো কমানো যায়না ওভারল ভালো নেওয়া যায়,Positive,Packaging;Product Quality,,packaging_positive;product_quality_positive,packaging_positive#product_quality_positive
54574554890425,"সাইন্ড কোয়ালিটি  ভালো,আর সব চাইতে ভালো দিক হলো সেলার এর ব্যবহার, সব মিলিয়ে নেয়া যায় এমন একটি প্রডাক্ট",সাইন্ড কোয়ালিটি ভালো চাইতে ভালো দিক হলো সেলার এর ব্যবহার মিলিয়ে নেয়া যায় প্রডাক্ট,Positive,Product Quality;Seller Service,,seller_service_positive;product_quality_positive,seller_service_positive#product_quality_positive
52208899890425,সত্যি খুব ভালো... আপনারা সবাই নিতে পারেন । এই দামে এটাই বেস্ট । সাউন্ড কোয়ালিটি ১০/৯ .. ব্যাসটা ক্লিয়ার আছে .. ধন্যবাদ সেলার কে ❤️,সত্যি খুব ভালো আপনারা সবাই নিতে পারেন দামে এটাই বেস্ট সাউন্ড কোয়ালিটি ১০ ৯ ব্যাসটা ক্লিয়ার ধন্যবাদ সেলার,Positive,Price;Product Quality,,price_positive;product_quality_positive,price_positive#product_quality_positive
51500508890425,"তাই বলতে চাই সেলারের ব্যবহার খুবই ভালো। আর যদি প্রোডাক্ট এর কথা বলতে হয়... তাহলে এই দামে এরকম প্রোডাক্ট পাওয়া খুবই কঠিন ব্যাপার। দাম হিসেবে প্রোডাক্টটি অনেক প্রিমিয়াম এবং গর্জিয়াস। 
সাউন্ড কোয়ালিটি অনেক ভালো,কেউ যদি কল করে  কথাও অনেক স্পষ্ট শোনা যায়....
সর্বশেষে এই বলি... প্রোডাক্টও ভালো, তার পাশাপাশি সেলার আরো ভালো",তাই বলতে চাই সেলারের ব্যবহার খুবই ভালো যদি প্রোডাক্ট এর কথা বলতে হয় তাহলে দামে এরকম প্রোডাক্ট পাওয়া খুবই কঠিন ব্যাপার দাম হিসেবে প্রোডাক্টটি প্রিমিয়াম গর্জিয়াস সাউন্ড কোয়ালিটি ভালো কেউ যদি কল কথাও স্পষ্ট শোনা যায় সর্বশেষে বলি প্রোডাক্টও ভালো পাশাপাশি সেলার আরো ভালো,Positive,Price;Product Quality;Seller Service,,seller_service_positive;price_positive;product_quality_positive,seller_service_positive#price_positive#product_quality_positive
52412606190425,আগে একটা নেবার কারনে এবারের শপিং এক্সপেরিয়েন্সটা অসাধারণ ছিল।খুবই কোয়ালিটিফুল প্রোডাক্ট।সবাই নিয়ে ভাইটাকে সাহায্য করতে পারেন।তার ব্যাবসায়িক চিন্তা চেতনা ও ব্যাবহারে আমি মুগ্ধ।আল্লাহ তার ব্যাবসায় উত্তম জাজাহ দান করুক।,আগে একটা নেবার কারনে এবারের শপিং এক্সপেরিয়েন্সটা অসাধারণ খুবই কোয়ালিটিফুল প্রোডাক্ট সবাই নিয়ে ভাইটাকে সাহায্য করতে পারেন ব্যাবসায়িক চিন্তা চেতনা ও ব্যাবহারে আমি মুগ্ধ আল্লাহ ব্যাবসায় উত্তম জাজাহ দান করুক,Positive,Product Quality;Seller Service,,seller_service_positive;product_quality_positive,seller_service_positive#product_quality_positive
52349171990425,"মাশা-আল্লাহ! প্রোডাক্ট অনেক ভালো, সাউন্ড কোয়ালিটি, চার্জ ব্যাকআপ,সব দুর্দান্ত!  ম্যাট ফিনিস জন্য দেখতে আরো বেশি জোস!",মাশা আল্লাহ প্রোডাক্ট ভালো সাউন্ড কোয়ালিটি চার্জ ব্যাকআপ দুর্দান্ত ম্যাট ফিনিস দেখতে আরো জোস,Positive,Product Quality,,product_quality_positive,product_quality_positive
52381866190425,"আপনি দারাজে হাজারও সেলার পাবেন এবং যতটুকু অভিজ্ঞতা হয়েছে অধিকাংশ সময়ই প্রতারণার শিকার হবেন আপনি। হয়তো প্রডাক্ট নেওয়ার পরে/ প্যাকেজিং / সেলারের বিহ্যাব/ ডেলিভারি এই সময়গুলোর যেকোন একটিতে আপনি প্রতারণার শিকার হবেন। কিন্তু, এই সেলারের প্রডাক্ট কোয়ালিটি, বিহ্যাব, প্যাকেজিং সবকিছু আমি ১০০/১০০ দিবো। আপনারা যারা মিডল রেঞ্জের মধ্যে এয়ারবাডস খুঁজছেন তারা এখানথেকে নিঃসন্দেহে  নিতে পারেন।  ধন্যবাদ সেলারকে এবং দারাজকে",আপনি দারাজে হাজারও সেলার পাবেন যতটুকু অভিজ্ঞতা হয়েছে অধিকাংশ সময়ই প্রতারণার শিকার আপনি হয়তো প্রডাক্ট নেওয়ার প্যাকেজিং সেলারের বিহ্যাব ডেলিভারি সময়গুলোর যেকোন একটিতে আপনি প্রতারণার শিকার সেলারের প্রডাক্ট কোয়ালিটি বিহ্যাব প্যাকেজিং সবকিছু আমি ১০০ ১০০ দিবো আপনারা যারা মিডল রেঞ্জের মধ্যে এয়ারবাডস খুঁজছেন এখানথেকে নিঃসন্দেহে নিতে পারেন ধন্যবাদ সেলারকে দারাজকে,Positive,Packaging;Price;Product Quality;Seller Service,,seller_service_positive;packaging_positive;price_positive;product_quality_positive,seller_service_positive#packaging_positive#price_positive#product_quality_positive
51921925390425,"আলহামদুলিল্লাহ অনেক সুন্দর জিনিস 
এটার থেকেও আমার সব থেকে বেশি ভালো লাগছে ভাইয়ার কথা টা সে অনেক ভালো মনের মানুষ  💝
হেডফোনটা ভালোই সাউন্ড কোয়ালিটি ❤️",আলহামদুলিল্লাহ সুন্দর জিনিস এটার থেকেও ভালো লাগছে ভাইয়ার কথা টা ভালো মনের মানুষ হেডফোনটা ভালোই সাউন্ড কোয়ালিটি,Positive,Product Quality;Seller Service,,seller_service_positive;product_quality_positive,seller_service_positive#product_quality_positive
52418064690425,এই প্রাইজের মধ্যে মোটামুটি ভালোই বলা চলে।দেখতে অনেক প্রিমিয়াম।প্যাকেজিং মাশাআল্লাহ অনেক ভালো ছিল।❤️,প্রাইজের মধ্যে মোটামুটি ভালোই বলা চলে দেখতে প্রিমিয়াম প্যাকেজিং মাশাআল্লাহ ভালো,Positive,Packaging;Price;Product Quality,,packaging_positive;price_neutral;product_quality_neutral,packaging_positive#price_neutral#product_quality_neutral
53978386390425,"এই প্রাইজে এতো ভালো কোয়ালিটির একটা ইয়ারবাডস পাবো, ভাবি নাই। সেলার ভাইয়াকে খুব বেশি ধন্যবাদ। অনেক অনেক অনেক ভালো। রিকমন্ডেড। সাউন্ড কোয়ালিটি অসাধারণ।",প্রাইজে এতো ভালো কোয়ালিটির একটা ইয়ারবাডস পাবো ভাবি নাই সেলার ভাইয়াকে খুব ধন্যবাদ ভালো রিকমন্ডেড সাউন্ড কোয়ালিটি অসাধারণ,Positive,Price;Product Quality,,price_positive;product_quality_positive,price_positive#product_quality_positive
52264267990425,"ওভারঅল গুড এয়ারপডস এই বাজেটে,কয়েকঘন্টার ইউজে তাই মনে হচ্ছে। হাতে নিলেই প্রিমিয়াম ফিল আসে,এক্সপার্ট কেউ না হলে দেখে বুজতেই পারবে না এটা কপি প্রোডাক্ট। প্যাকেজিং,বক্স,এয়াপডস কেস সবকিছুই প্রিমিয়াম লেভেলের,আরেকটা কথা না বললেই নয় সেটা হলো সেলারের বিহেভ টু গুড। আমার পার্সোনাল রেটি হলোঃ 

বিল্ড কোয়ালিটিঃ ১০/১০
সাউন্ড  কোয়ালিটিঃ ৮/১০

এখন ইউজ করে দেখি কতদিন ঠিকঠাক চলে।",ওভারঅল গুড এয়ারপডস বাজেটে কয়েকঘন্টার ইউজে তাই মনে হাতে নিলেই প্রিমিয়াম ফিল আসে এক্সপার্ট কেউ দেখে বুজতেই পারবে এটা কপি প্রোডাক্ট প্যাকেজিং বক্স এয়াপডস কেস সবকিছুই প্রিমিয়াম লেভেলের আরেকটা কথা বললেই নয় সেটা হলো সেলারের বিহেভ টু গুড পার্সোনাল রেটি হলোঃ বিল্ড কোয়ালিটিঃ ১০ ১০ সাউন্ড কোয়ালিটিঃ ৮ ১০ ইউজ দেখি কতদিন ঠিকঠাক চলে,Positive,Packaging;Price;Product Quality;Seller Service,,seller_service_positive;packaging_positive;price_positive;product_quality_positive,seller_service_positive#packaging_positive#price_positive#product_quality_positive
51898336990425,"অনেক ভাল একটি প্রোডাক্ট।। চোখ বন্ধ করে অর্ডার করতে পারেন,সাউন্ড কোয়ার্ট কোয়ালিটি  যথেষ্ট ভালো এবং কমফোর্টেবল। যাদের বাজেট ১০০০ টাকার মধ্যে তাদের জন্য এটি হতে পারে একটি বেস্ট  চয়েস। ১৫০০ থেকে ২০০০ টাকা খরচ করে আপনি যে কমফোর্ট এন্ড যে সাউন্ড কোয়ালিটি পাবেন সেম কোয়ালিটি এবং কমফোর্ট এই  প্রোডাক্টটিতে  পাবেন (কিন্তু কলের জন্য এটি পারফেক্ট না)।সেলার  ভাইয়ের কথা না বললেই না হয়, আই থিংক উনি দারাজের মধ্যে একজন বেস্ট সোলার।",ভাল প্রোডাক্ট চোখ বন্ধ অর্ডার করতে পারেন সাউন্ড কোয়ার্ট কোয়ালিটি যথেষ্ট ভালো কমফোর্টেবল যাদের বাজেট ১০ টাকার মধ্যে এটি পারে বেস্ট চয়েস ১৫০০ ২০ টাকা খরচ আপনি যে কমফোর্ট এন্ড যে সাউন্ড কোয়ালিটি পাবেন সেম কোয়ালিটি কমফোর্ট প্রোডাক্টটিতে পাবেন কলের এটি পারফেক্ট সেলার ভাইয়ের কথা বললেই হয় আই থিংক উনি দারাজের মধ্যে একজন বেস্ট সোলার,Positive,Product Quality;Seller Service,,seller_service_positive;product_quality_positive,seller_service_positive#product_quality_positive
50891587590425,"আলহামদুলিল্লাহ খুব ভালো প্রোডাক্ট, অরিজিনাল প্রোডাক্ট, বিক্রেতা  যথেষ্ট পরিমাণ হেল্প করেছেন, প্রথমে একটা নিয়ে ব্যবহার করায় পরবর্তীতে আরো তিনটি অর্ডার করেছি যথা সময়ে ডেলিভারি পেয়েছি",আলহামদুলিল্লাহ খুব ভালো প্রোডাক্ট অরিজিনাল প্রোডাক্ট বিক্রেতা যথেষ্ট পরিমাণ হেল্প করেছেন প্রথমে একটা নিয়ে ব্যবহার করায় পরবর্তীতে আরো তিনটি অর্ডার করেছি যথা সময়ে ডেলিভারি পেয়েছি,Positive,Delivery;Product Quality;Seller Service,,seller_service_positive;delivery_positive;product_quality_positive,seller_service_positive#delivery_positive#product_quality_positive
50819565190425,"খুবই ভালো প্রোডাক্ট, এই প্রাইযে এমন ভালো প্রোডাক্ট পাওয়া মুশকিল, কোন প্রশ্ন ছাড়াই অর্ডার করে দেওয়া যায়, এই শপ এর ওনার খুবই ভালো ব্যবহার একদম যথেষ্ট ভালো প্রোডাক্ট দেয়ার চেষ্টা করে ব্যবহার খুব ভালো প্রোডাক্টটিও খুবই ভালো। এমন প্রটেক্ট পাওয়া মুশকিল অনলাইনে জগতে",খুবই ভালো প্রোডাক্ট প্রাইযে ভালো প্রোডাক্ট পাওয়া মুশকিল প্রশ্ন ছাড়াই অর্ডার দেওয়া যায় শপ এর ওনার খুবই ভালো ব্যবহার একদম যথেষ্ট ভালো প্রোডাক্ট দেয়ার চেষ্টা ব্যবহার খুব ভালো প্রোডাক্টটিও খুবই ভালো প্রটেক্ট পাওয়া মুশকিল অনলাইনে জগতে,Positive,Product Quality;Seller Service,,seller_service_positive;product_quality_positive,seller_service_positive#product_quality_positive
51562509190425,"এই প্রাইজের মধ্যে চমৎকার আইটেম, যথেষ্ট  লাউড এবং বেজ, ভালোই আছে, কিন্তু আজো আমি বুঝতে পারতেছি না একই প্রোডাক্ট আরো কমে কিভাবে পেলাম, এবং দুটোর পার্থক্য আজও ধরতে পারতেছি না",প্রাইজের মধ্যে চমৎকার আইটেম যথেষ্ট লাউড বেজ ভালোই আজো আমি বুঝতে পারতেছি একই প্রোডাক্ট আরো কমে পেলাম দুটোর পার্থক্য আজও ধরতে পারতেছি,Positive,Price;Product Quality,,price_positive;product_quality_positive,price_positive#product_quality_positive
52379807890425,"আপনি দারাজে হাজারও সেলার পাবেন এবং যতটুকু অভিজ্ঞতা হয়েছে অধিকাংশ সময়ই প্রতারণার শিকার হবেন আপনি। হয়তো প্রডাক্ট নেওয়ার পরে/ প্যাকেজিং / সেলারের বিহ্যাব/ ডেলিভারি এই সময়গুলোর যেকোন একটিতে আপনি প্রতারণার শিকার হবেন। কিন্তু, এই সেলারের প্রডাক্ট কোয়ালিটি, বিহ্যাব, প্যাকেজিং সবকিছু আমি ১০০/১০০ দিবো। আপনারা যারা মিডল রেঞ্জের মধ্যে এয়ারবাডস খুঁজছেন তারা এখানথেকে নিঃসন্দেহে নিতে পারেন। ধন্যবাদ সেলারকে এবং দারাজকে..আমি ৭ দিন ব্যবহার করার পর রিভিউ দিচ্ছি...",আপনি দারাজে হাজারও সেলার পাবেন যতটুকু অভিজ্ঞতা হয়েছে অধিকাংশ সময়ই প্রতারণার শিকার আপনি হয়তো প্রডাক্ট নেওয়ার প্যাকেজিং সেলারের বিহ্যাব ডেলিভারি সময়গুলোর যেকোন একটিতে আপনি প্রতারণার শিকার সেলারের প্রডাক্ট কোয়ালিটি বিহ্যাব প্যাকেজিং সবকিছু আমি ১০০ ১০০ দিবো আপনারা যারা মিডল রেঞ্জের মধ্যে এয়ারবাডস খুঁজছেন এখানথেকে নিঃসন্দেহে নিতে পারেন ধন্যবাদ সেলারকে দারাজকে আমি ৭ দিন ব্যবহার করার রিভিউ দিচ্ছি,Positive,Packaging;Product Quality;Seller Service,,seller_service_positive;packaging_positive;product_quality_positive,seller_service_positive#packaging_positive#product_quality_positive
54549744790425,খুবই সুন্দর একটি প্রোডাক্ট এবং এর প্যাকেজিং খুবই ভালো ছিল বলতে গেলে এক কথায় অসাধারণ এবং এয়ার বার্ডস দুটি থেকে খুব ভালো বেশ সাউন্ড পাওয়া যায় যারা বেশ লাভার আছেন তারা নিয়ে খুব মজা পাবেন এবং সেলারও অনেক আন্তরিক ডেলিভারি মেন ও খুব ভালো ছিল। দুই দিনের ভিতরে ডেলিভারি পেয়েছি।,খুবই সুন্দর প্রোডাক্ট এর প্যাকেজিং খুবই ভালো বলতে এক কথায় অসাধারণ এয়ার বার্ডস দুটি খুব ভালো বেশ সাউন্ড পাওয়া যায় যারা বেশ লাভার আছেন নিয়ে খুব মজা পাবেন সেলারও আন্তরিক ডেলিভারি মেন ও খুব ভালো দুই দিনের ভিতরে ডেলিভারি পেয়েছি,Positive,Delivery;Packaging;Product Quality;Seller Service,,seller_service_positive;delivery_positive;packaging_positive;product_quality_positive,seller_service_positive#delivery_positive#packaging_positive#product_quality_positive
54587306590425,খুবই ভালো একটি প্রোডাক্ট 🥰🥰🥰সবাই নিতে পারেন সাউন্ড কোয়ালিটি পার্কে বিড ও পারফেক্ট হবে আপনার ভালো ফোন হলে ওএটা থেকে কন্ট্রোল করতে পারবেন ডাবল বিড করা যায়😍🥳,খুবই ভালো প্রোডাক্ট সবাই নিতে পারেন সাউন্ড কোয়ালিটি পার্কে বিড ও পারফেক্ট আপনার ভালো ফোন ওএটা কন্ট্রোল করতে পারবেন ডাবল বিড যায়,Positive,Product Quality,,product_quality_positive,product_quality_positive
51552493790425,সাউন্ড কোয়ালিটি এবং ব্যাটারি বেকআপ অসাধারন। ৭-৮ ঘন্টার মতো চার্জ থাকে। নয়েজ ক্যান্সেলেসনও মোটামুটি ভালোই কাজ করে। এই প্রাইচ রেঞ্জে এই এয়ারপড অবশ্যই রেকমেন্ড করা যায়। সেলারের ব্যবহারও খুবই ভালো ছিল। কেউ এই প্রাইচ রেঞ্জে নিতে চাইলে অবশ্যই নিতে পারেন😊।,সাউন্ড কোয়ালিটি ব্যাটারি বেকআপ অসাধারন ৭ ৮ ঘন্টার চার্জ নয়েজ ক্যান্সেলেসনও মোটামুটি ভালোই কাজ প্রাইচ রেঞ্জে এয়ারপড অবশ্যই রেকমেন্ড যায় সেলারের ব্যবহারও খুবই ভালো কেউ প্রাইচ রেঞ্জে নিতে চাইলে অবশ্যই নিতে পারেন,Positive,Price;Product Quality;Seller Service,,seller_service_positive;price_positive;product_quality_positive,seller_service_positive#price_positive#product_quality_positive
53739420190425,আলহামদুলিল্লাহ প্রোডাক্টটা যেমন চাইছিলাম ঠিক ঐরকমই পাইছি শুধু আমার কাছে একটা সমস্যা হয় অনেক। কানে দিয়ে শুয়ে থাকলে সাইটে চাপ লেগে লাইন বন্ধ হয়ে যায় বা অফ হয়ে যায় এরকম তাছাড়া অন্য কোন সমস্যা পাই নাই এখন কয়দিন ইউজ করার পরে দেখা যাবে ব্যাটারি ব্যাকআপ কেমন পাওয়া যায় তবে ইনশাআল্লাহ আশা করি ভালো কিছু পাব।,আলহামদুলিল্লাহ প্রোডাক্টটা চাইছিলাম ঠিক ঐরকমই পাইছি শুধু কাছে একটা সমস্যা হয় কানে দিয়ে শুয়ে থাকলে সাইটে চাপ লেগে লাইন বন্ধ হয়ে যায় অফ হয়ে যায় এরকম তাছাড়া সমস্যা পাই নাই কয়দিন ইউজ করার দেখা যাবে ব্যাটারি ব্যাকআপ কেমন পাওয়া যায় ইনশাআল্লাহ আশা করি ভালো পাব,Positive,Product Quality,,product_quality_positive,product_quality_positive
51968242490425,"দাম হিসেবে সাউন্ড কোয়ালিটি বেস্ট🤞
যথেষ্ট পরিমাণ চার্জ থাকে। তিন দিন ধরে ইউজ করেছি এখনো চার্জ দেওয়া লাগে নাই😃
সেলার ভাইয়ার ব্যবহার খুবই ভালো❤️❤️",দাম হিসেবে সাউন্ড কোয়ালিটি বেস্ট যথেষ্ট পরিমাণ চার্জ তিন দিন ধরে ইউজ করেছি এখনো চার্জ দেওয়া লাগে নাই সেলার ভাইয়ার ব্যবহার খুবই ভালো,Positive,Price;Product Quality;Seller Service,,seller_service_positive;price_positive;product_quality_positive,seller_service_positive#price_positive#product_quality_positive
52698467890425,"প্রোডাক্ট টা সত্যি অনেক ভালো,, দাম অনুযায়ী সত্যি অনেক বেশি অসাধারণ,, এর সাউন্ড কোয়ালিটি অনেক ভালো,, যেমনটা চেয়েছিলাম ঠিক তেমনটাই পেয়েছি,,",প্রোডাক্ট টা সত্যি ভালো দাম অনুযায়ী সত্যি অসাধারণ এর সাউন্ড কোয়ালিটি ভালো যেমনটা চেয়েছিলাম ঠিক তেমনটাই পেয়েছি,Positive,Price;Product Quality,,price_positive;product_quality_positive,price_positive#product_quality_positive
52665512590425,"আলহামদুলিল্লাহ্ 🥰
খুব সুন্দর একটা প্রোডাক্ট পেয়েছি৷ সাউন্ড কোয়ালিটি খুবই ভালো।  চার্জ ব্যাকআপ কেমন দিবে সেটা সেটা যদিও এখন বলা যাচ্ছে না।  তবে ২/৩ ঘন্টার এক্সপেরিয়েন্স থেকে ভালোই হবে আশা করছি, ইংশা-আল্লাহ্। 
সেলার ভাইয়ের বন্ধুসুলভ আচরনে কৃতজ্ঞতা প্রকাশ করছি। এর আগেও অনেক অর্ডার করছি ভাই, আপনার মত কাউকে পাইনি। আল্লাহ সুবহানাহুয়া তা'য়ালা আপনার কর্মে বারাকাহ দান করুক। 🙏
দারাজকেও ধন্যবাদ দ্রুততার সাথে ডেলিভেরি দেওয়ার জন্য।",আলহামদুলিল্লাহ্ খুব সুন্দর একটা প্রোডাক্ট পেয়েছি৷ সাউন্ড কোয়ালিটি খুবই ভালো চার্জ ব্যাকআপ কেমন দিবে সেটা সেটা বলা যাচ্ছে ২ ৩ ঘন্টার এক্সপেরিয়েন্স ভালোই আশা করছি ইংশা আল্লাহ্ সেলার ভাইয়ের বন্ধুসুলভ আচরনে কৃতজ্ঞতা প্রকাশ করছি এর আগেও অর্ডার করছি ভাই আপনার কাউকে পাইনি আল্লাহ সুবহানাহুয়া য়ালা আপনার কর্মে বারাকাহ দান করুক দারাজকেও ধন্যবাদ দ্রুততার ডেলিভেরি দেওয়ার,Positive,Delivery;Product Quality;Seller Service,,seller_service_positive;delivery_positive;product_quality_positive,seller_service_positive#delivery_positive#product_quality_positive
54393459890425,"সত্যি বলতে প্রোডাক্টটি খারাপ বলা যাবে না ভালোই আছে❤️
তবে আমি সবচেয়ে খুশি হয়েছি পেকেজিং নিয়ে।🙂 পলি দিয়ে খুব সুন্দর করে পেকেজিং করা হয়েছে এতে পন্যের কোন ক্ষতি হবে না এটা সিওর❤️ তবে যদি আপনি এক কানে দিয়ে ভলিউম বারিয়ে দেন তাহলে ভিটগুলো একটু ক্যেন ক্যেন করে তবে ভলিউম কমিয়ে দিলে বা দুইটা কানে দিলে ভালোই লাগে❤️
৮/১০ রেটিং দিলাম🫰🏻",সত্যি বলতে প্রোডাক্টটি খারাপ বলা যাবে ভালোই আমি সবচেয়ে খুশি হয়েছি পেকেজিং নিয়ে পলি দিয়ে খুব সুন্দর পেকেজিং হয়েছে এতে পন্যের ক্ষতি এটা সিওর যদি আপনি এক কানে দিয়ে ভলিউম বারিয়ে দেন তাহলে ভিটগুলো ক্যেন ক্যেন ভলিউম কমিয়ে দিলে দুইটা কানে দিলে ভালোই লাগে ৮ ১০ রেটিং দিলাম,Positive,Packaging;Product Quality,,packaging_positive;product_quality_positive,packaging_positive#product_quality_positive
53685691990425,"এই প্রাইজের মধ্যে চমৎকার আইটেম, যথেষ্ট লাউড এবং বেজ, প্যাকেজিং ভালো ছিল,  এবং খুব তাড়াতাড়ি ডেলিভারি পেয়েছি।",প্রাইজের মধ্যে চমৎকার আইটেম যথেষ্ট লাউড বেজ প্যাকেজিং ভালো খুব তাড়াতাড়ি ডেলিভারি পেয়েছি,Positive,Delivery;Packaging;Price;Product Quality,,delivery_positive;packaging_positive;price_positive;product_quality_positive,delivery_positive#packaging_positive#price_positive#product_quality_positive
54060346790425,"প্রোডাক্টটা একদম পারফেক্ট ছিলো। সাউন্ড কোয়ালিটি খুব ভালো, বেস ক্লিয়ার। কানে ভালোভাবে ফিট হয়।

সেলার ভাইয়ের ব্যবহার অসাধারণ ছিলো — রেসপন্স খুব ফাস্ট, ধৈর্য ধরে সব বুঝিয়ে দিয়েছেন। ডেলিভারিও টাইমলি পেয়েছি।

দাম অনুযায়ী কোয়ালিটি একদম টপ লেভেল। খুবই সন্তুষ্ট। রিকমেন্ডেড!",প্রোডাক্টটা একদম পারফেক্ট ছিলো সাউন্ড কোয়ালিটি খুব ভালো বেস ক্লিয়ার কানে ভালোভাবে ফিট হয় সেলার ভাইয়ের ব্যবহার অসাধারণ ছিলো রেসপন্স খুব ফাস্ট ধৈর্য ধরে বুঝিয়ে দিয়েছেন ডেলিভারিও টাইমলি পেয়েছি দাম অনুযায়ী কোয়ালিটি একদম টপ লেভেল খুবই সন্তুষ্ট রিকমেন্ডেড,Positive,Delivery;Price;Product Quality;Seller Service,,seller_service_positive;delivery_positive;price_positive;product_quality_positive,seller_service_positive#delivery_positive#price_positive#product_quality_positive
52493734490425,"প্রডাক্টি হাতে পাওয়ার ৭ দিন পরে রিভিউ দিতে আসছি, কারন আমি না ব্যবহার করে রিভিউ দেবো না ভাবছিলাম, আসলে অল্প টাকাই এতো ভালো এবং অরিজিনাল একটা প্রডাক্ট পাবো ভাবতে পারিনি,, চার্জও ভালোই থাকে, সব মিলিয়ে অনেক সুন্দর।",প্রডাক্টি হাতে পাওয়ার ৭ দিন রিভিউ দিতে আসছি কারন আমি ব্যবহার রিভিউ দেবো ভাবছিলাম আসলে অল্প টাকাই এতো ভালো অরিজিনাল একটা প্রডাক্ট পাবো ভাবতে পারিনি চার্জও ভালোই মিলিয়ে সুন্দর,Positive,Price;Product Quality,,price_positive;product_quality_positive,price_positive#product_quality_positive
51632883590425,সত্যি চমৎকার একটা প্রোডাক্ট.. প্রিমিয়াম লুক আর অসাধারণ সাউন্ড কোয়ালিটি.. সেলার কে ধন্যবাদ জানাই.. তার ব্যাবহারে আমি মুগ্ধ.. তার জন্য শুভকামনা রইল.. সততার সাথে সাথে ব্যাবসা করলে আপনি অবশ্যই সফল হবেন..,সত্যি চমৎকার একটা প্রোডাক্ট প্রিমিয়াম লুক অসাধারণ সাউন্ড কোয়ালিটি সেলার ধন্যবাদ জানাই ব্যাবহারে আমি মুগ্ধ শুভকামনা রইল সততার ব্যাবসা করলে আপনি অবশ্যই সফল,Positive,Product Quality;Seller Service,,seller_service_positive;product_quality_positive,seller_service_positive#product_quality_positive
54350887890425,এয়ারপোর্টটা ভালো তবে এয়ারপোর্ট টা খুললে আওয়াজ একদম অল্প হয় আমার বন্ধুর একটা আছে ওটার আওয়াজ অনেক বেশি হয় দুটা একই হইতে পারে এটা ডুবলিকেট তবে সাউন্ড কোয়ালিটি মোটামুটি আপনার নিতে পারেন,এয়ারপোর্টটা ভালো এয়ারপোর্ট টা খুললে আওয়াজ একদম অল্প হয় বন্ধুর একটা ওটার আওয়াজ হয় দুটা একই হইতে পারে এটা ডুবলিকেট সাউন্ড কোয়ালিটি মোটামুটি আপনার নিতে পারেন,Positive,Product Quality,,product_quality_positive,product_quality_positive
52352944390425,আলহামদুলিল্লাহ  খুব ভালো একটা প্রোডাক্ট।  যেমনটা আশা করছিলাম ঠিক তেমনটাই পেলাম।  বি:দ্র: ডেলিভারি ম্যান এর ব্যবহারটা খুব ভালো ছিলো। ওভারঅল আলহামদুলিল্লাহ 🫶,আলহামদুলিল্লাহ খুব ভালো একটা প্রোডাক্ট যেমনটা আশা করছিলাম ঠিক তেমনটাই পেলাম বি দ্র ডেলিভারি ম্যান এর ব্যবহারটা খুব ভালো ছিলো ওভারঅল আলহামদুলিল্লাহ,Positive,Delivery;Product Quality,,delivery_positive;product_quality_positive,delivery_positive#product_quality_positive
54039618990425,সেলার নিতান্তই ভদ্র। প্রতিটি তথ্য দেয়ার জন্য চেষ্টা করেছে। সঠিক প্রডাক্ট টি দিয়েছে। কোয়ালিটি এই দামে খুবই ভালো। দেখা যাক কতদিন যায়। পরবর্তীতে আবারো নিতে পারি অফারে কম দাম পেলে। এবার 600 এর মত পড়ছে ক্যাশব্যাকসহ।,সেলার নিতান্তই ভদ্র প্রতিটি তথ্য দেয়ার চেষ্টা করেছে সঠিক প্রডাক্ট টি দিয়েছে কোয়ালিটি দামে খুবই ভালো দেখা যাক কতদিন যায় পরবর্তীতে আবারো নিতে পারি অফারে দাম পেলে এবার 600 এর পড়ছে ক্যাশব্যাকসহ,Positive,Price;Product Quality;Seller Service,,seller_service_positive;price_positive;product_quality_positive,seller_service_positive#price_positive#product_quality_positive
54065650090425,"প্রথমে ধন্যবাদ জানাই সেলার ভাইয়া কে । তার  ওনার রেসপন্স টা সত্যিই আমায় মুগ্ধ করছে । ডেলিভারি ম্যান ভাই ও অনেক ভালো ।
আর প্রডাক্ট এর প্যাকেজিং টা অনেক সুন্দর ছিলো ❤️
আর প্রোডাক্ট ও অরিজিনাল ছিলো এই দামে অনেক সুন্দর সাউন্ড কোয়ালিটি 😍
কিন্তু দুঃখের বিষয় হলো আমার ফোনের সমস্যার কারণে সাউন্ড আটকে আটকে যাচ্ছে কিন্তু অন্য ফোনে আবার অনেক সুন্দর চলতেছে কোনো সমস্যা ছাড়া । 
সেলার ভাইয়ার সাথে এই বিষয় নিয়েও কথা বলছি ওনি যথেষ্ট হেল্প করছে যদিও আমার ফোনে সাপোর্ট করতেছে না তবুও ওনি অনেকটা আশ্বাস দিছেন এই সমস্যার সমাধান দেওয়ার জন্য 
আপনারা চাইলে নিতে পারেন এই এয়ারবার্ডস টা অনেক সুন্দর কোয়ালিটি আর অনেক সুন্দর সাউন্ড 😍❤️",প্রথমে ধন্যবাদ জানাই সেলার ভাইয়া ওনার রেসপন্স টা সত্যিই আমায় মুগ্ধ করছে ডেলিভারি ম্যান ভাই ও ভালো প্রডাক্ট এর প্যাকেজিং টা সুন্দর ছিলো প্রোডাক্ট ও অরিজিনাল ছিলো দামে সুন্দর সাউন্ড কোয়ালিটি দুঃখের বিষয় হলো ফোনের সমস্যার কারণে সাউন্ড আটকে আটকে যাচ্ছে ফোনে সুন্দর চলতেছে সমস্যা ছাড়া সেলার ভাইয়ার বিষয় নিয়েও কথা বলছি ওনি যথেষ্ট হেল্প করছে ফোনে সাপোর্ট করতেছে ওনি অনেকটা আশ্বাস দিছেন সমস্যার সমাধান দেওয়ার আপনারা চাইলে নিতে পারেন এয়ারবার্ডস টা সুন্দর কোয়ালিটি সুন্দর সাউন্ড,Positive,Delivery;Packaging;Price;Product Quality;Seller Service,,seller_service_positive;delivery_positive;packaging_positive;price_positive;product_quality_positive,seller_service_positive#delivery_positive#packaging_positive#price_positive#product_quality_positive
52425745090425,"আলহামদুলিল্লাহ! প্রথমেই বলতে হবে সেলারের ব্যবহার আসলে খুবই ভালো মাশাআল্লাহ!প্রোডাক্টটি প্রিমিয়ামনেস আছে হাতে এবং ওয়েট ফুল লাগে। সাউন্ড কোয়ালিটি খুবই ভালো লাগলো এই প্রাইস অনুযায়ী। এখন দেখা যাক ব্যাটারির ব্যাকআপ মিলিয়ে কত দিন যায়! প্রাথমিক অবস্থায় মনে হচ্ছে বক্সের চার্জসহ সারাদিন চলে যাবে।

সেলার এর জন্য দোয়া রইলো!",আলহামদুলিল্লাহ প্রথমেই বলতে সেলারের ব্যবহার আসলে খুবই ভালো মাশাআল্লাহ প্রোডাক্টটি প্রিমিয়ামনেস হাতে ওয়েট ফুল লাগে সাউন্ড কোয়ালিটি খুবই ভালো লাগলো প্রাইস অনুযায়ী দেখা যাক ব্যাটারির ব্যাকআপ মিলিয়ে কত দিন যায় প্রাথমিক অবস্থায় মনে বক্সের চার্জসহ সারাদিন চলে যাবে সেলার এর দোয়া রইলো,Positive,Price;Product Quality;Seller Service,,seller_service_positive;price_positive;product_quality_positive,seller_service_positive#price_positive#product_quality_positive
50585550790425,"প্রোডাক্ট কাল হাতে পেয়েছি, একদিন ইউজ করে রিভিউ দিলাম। আলহামদুলিল্লাহ দাম অনুযায়ী অনেক ভালো প্রোডাক্ট, ধন্যবাদ।",প্রোডাক্ট কাল হাতে পেয়েছি একদিন ইউজ রিভিউ দিলাম আলহামদুলিল্লাহ দাম অনুযায়ী ভালো প্রোডাক্ট ধন্যবাদ,Positive,Price;Product Quality,,price_positive;product_quality_positive,price_positive#product_quality_positive
52302054490425,আলহামদুলিল্লাহ! প্রথমেই বলতে হবে সেলারের ব্যবহার আসলে খুবই ভালো মাশাআল্লাহ! দুই দিনে ডেলিভারি পেয়েছি! প্রোডাক্টটি প্রিমিয়ামনেস আছে হাতে এবং ওয়েট ফুল লাগে। সাউন্ড কোয়ালিটি খুবই ভালো লাগলো এই প্রাইস অনুযায়ী। এখন দেখা যাক ব্যাটারির ব্যাকআপ মিলিয়ে কত দিন যায়! প্রাথমিক অবস্থায় মনে হচ্ছে বক্সের চার্জসহ সারাদিন চলে যাবে। সেলার এর জন্য দোয়া রইলো!,আলহামদুলিল্লাহ প্রথমেই বলতে সেলারের ব্যবহার আসলে খুবই ভালো মাশাআল্লাহ দুই দিনে ডেলিভারি পেয়েছি প্রোডাক্টটি প্রিমিয়ামনেস হাতে ওয়েট ফুল লাগে সাউন্ড কোয়ালিটি খুবই ভালো লাগলো প্রাইস অনুযায়ী দেখা যাক ব্যাটারির ব্যাকআপ মিলিয়ে কত দিন যায় প্রাথমিক অবস্থায় মনে বক্সের চার্জসহ সারাদিন চলে যাবে সেলার এর দোয়া রইলো,Positive,Delivery;Price;Product Quality;Seller Service,,seller_service_positive;delivery_positive;price_positive;product_quality_neutral;product_quality_positive,seller_service_positive#delivery_positive#price_positive#product_quality_neutral#product_quality_positive
53714030990425,"প্রোডাক্ট ঠিক আছে, কোনো অভিযোগ নেই। কিন্তু নয়েস কেন্সেলেশন টা একটু সমস্যা, কল এ কথা বলার সময় ভয়েস ঠিক মতো যায় না। 
চার্জ ৬/৭ ঘন্টা থাকে যদি টুকটাক ব্যবহার করা হয়। রাফ ব্যবহার করলে ৩ ঘন্টা + থাকে।
চার্জ হতেও বেশি সময় নেয় না। বক্স এবং অন্যান্য জিনিস ঠিকঠাক আছে। 

আপনারা নিতে পারেন।",প্রোডাক্ট ঠিক অভিযোগ নেই নয়েস কেন্সেলেশন টা সমস্যা কল এ কথা বলার সময় ভয়েস ঠিক যায় চার্জ ৬ ৭ ঘন্টা যদি টুকটাক ব্যবহার হয় রাফ ব্যবহার করলে ৩ ঘন্টা চার্জ হতেও সময় নেয় বক্স অন্যান্য জিনিস ঠিকঠাক আপনারা নিতে পারেন,Positive,Product Quality,,product_quality_positive,product_quality_positive
51631528790425,"খুবই ভালো একটা এয়ার পড। প্রোডাক্ট এন্ড প্যাকেজিং খুবই চমৎকার, সাউণ্ড কোয়ালিটিও বেশ ভালো, হাতে ধরতেও চমৎকার একটা প্রিমিয়াম ফিল দেয়, আসলে এই দামে এতো ভালো পড আমি চিন্তাই করি নাই, ডেলিভারি অনেক দ্রুত পেয়েছি, সেলার অবশ্যই রেকমেনডেড",খুবই ভালো একটা এয়ার পড প্রোডাক্ট এন্ড প্যাকেজিং খুবই চমৎকার সাউণ্ড কোয়ালিটিও বেশ ভালো হাতে ধরতেও চমৎকার একটা প্রিমিয়াম ফিল দেয় আসলে দামে এতো ভালো পড আমি চিন্তাই করি নাই ডেলিভারি দ্রুত পেয়েছি সেলার অবশ্যই রেকমেনডেড,Positive,Delivery;Packaging;Price;Product Quality;Seller Service,,seller_service_positive;delivery_positive;packaging_positive;price_positive;product_quality_positive,seller_service_positive#delivery_positive#packaging_positive#price_positive#product_quality_positive
52651784790425,"৫/৩/২০২৫তারিখে অর্ডার করছি ৬/৩/২০২৫ তারিখে হাতে পাইছি,,, আলহামদুলিল্লাহ ১ দিন পর এই পাইছি অনেক ভালো একটা জিনিস,,, একদম অরজিনাল,,, কিন্তুুু বেজ একটু বেশি। 🥰🥰🥰🥰🥰",৫ ৩ ২০২৫তারিখে অর্ডার করছি ৬ ৩ ২০২৫ তারিখে হাতে পাইছি আলহামদুলিল্লাহ ১ দিন পাইছি ভালো একটা জিনিস একদম অরজিনাল বেজ,Positive,Delivery;Product Quality,,delivery_positive;product_quality_positive,delivery_positive#product_quality_positive
52501401390425,"মাশাআল্লাহ, অসাধারণ কোয়ালিটি কালার খুব সুন্দর, খুব ভালো চার্জ থাকে, সাউন্ড কোয়ালিটি ও ভালো। সবাই নিতে পারেন।",মাশাআল্লাহ অসাধারণ কোয়ালিটি কালার খুব সুন্দর খুব ভালো চার্জ সাউন্ড কোয়ালিটি ও ভালো সবাই নিতে পারেন,Positive,Product Quality,,product_quality_positive,product_quality_positive
52311379490425,"আলহামদুলিল্লাহ।আমার খুব ভালো লেগেছে। 
এটার ভালো দিক গুলো। 
১☞দেখতে খুব সুন্দর এবং হাতে নিলেই শান্তি অনুভব হয়।সত্যি  অরিজিনাল। 
২☞সাউন্ড কোয়ালিটি অসাধারন। 
৩☞ চার্জ থাকে অস্থির। 
৪☞কথা বলে খুব আরাম।
💯খারাপ দিক💯
১☞ কেবল টার দুই মাথা একই রকম।
সর্বশেষ ডেলিভারি ম্যান শাহিন ভাইকে ধন্যবাদ হাসিমুখে কথা বলার জন্য। 
ধন্যবাদ দারাজ।",আলহামদুলিল্লাহ খুব ভালো লেগেছে এটার ভালো দিক গুলো ১ দেখতে খুব সুন্দর হাতে নিলেই শান্তি অনুভব হয় সত্যি অরিজিনাল ২ সাউন্ড কোয়ালিটি অসাধারন ৩ চার্জ অস্থির ৪ কথা বলে খুব আরাম খারাপ দিক ১ কেবল টার দুই মাথা একই রকম সর্বশেষ ডেলিভারি ম্যান শাহিন ভাইকে ধন্যবাদ হাসিমুখে কথা বলার ধন্যবাদ দারাজ,Positive,Delivery;Product Quality,,delivery_positive;product_quality_positive,delivery_positive#product_quality_positive
52359988690425,"দাম অনুযায়ী প্রোডাক্ট যথেষ্ট ভালোই বলা যায়।আমি প্রায় ১ সপ্তাহ যাবত ব্যাবহার করছি,আমার কাছে ভালোই মনে হচ্ছে।সবচাইতে বড় কথা এটার ব্যাটারি ব্যাকআপ যথেষ্ট কোয়ালিটিপুল।👌",দাম অনুযায়ী প্রোডাক্ট যথেষ্ট ভালোই বলা যায় আমি প্রায় ১ সপ্তাহ যাবত ব্যাবহার করছি কাছে ভালোই মনে সবচাইতে বড় কথা এটার ব্যাটারি ব্যাকআপ যথেষ্ট কোয়ালিটিপুল,Positive,Price;Product Quality,,price_positive;product_quality_positive,price_positive#product_quality_positive
51687506190425,আলহামদুলিল্লাহ আজকেই হাতে পেলাম সাউন্ড কোয়ালিটি আলহামদুলিল্লাহ সেলার ভাইয়ের ব্যাবহার আলহামদুলিল্লাহ রাইডার ও খুব ভালো ছিলো সব কিছু মিলিয়ে আমার ১০০ তে ২০০ দিতে ইচ্ছে করছে আলহামদুলিল্লাহ অনেক ভালো প্রোডাক্ট। চাইলে আপনারাও নিতে পারেন,আলহামদুলিল্লাহ আজকেই হাতে পেলাম সাউন্ড কোয়ালিটি আলহামদুলিল্লাহ সেলার ভাইয়ের ব্যাবহার আলহামদুলিল্লাহ রাইডার ও খুব ভালো ছিলো মিলিয়ে ১০০ তে ২০০ দিতে ইচ্ছে করছে আলহামদুলিল্লাহ ভালো প্রোডাক্ট চাইলে আপনারাও নিতে পারেন,Positive,Delivery;Product Quality;Seller Service,,seller_service_positive;delivery_positive;product_quality_positive,seller_service_positive#delivery_positive#product_quality_positive
52422129990425,"মাশাল্লাহ এ অল্প দামের মধ্যে এই প্রোডাক্টসটা এত ভালো পাব কখনো ভাবতেই পারি নাই। সাউন্ড কোয়ালিটি অনেক দারুন, চার্জিং ব্যাকআপ মাশাল্লাহ আরো ভালো,  তাই আপনারা সকলেই প্রোডাক্টস  টা নিতে পারেন। 
দারাজের ডেলিভারি ম্যানের ব্যবহার ও অত্যন্ত ভালো",মাশাল্লাহ এ অল্প দামের মধ্যে প্রোডাক্টসটা এত ভালো পাব ভাবতেই পারি নাই সাউন্ড কোয়ালিটি দারুন চার্জিং ব্যাকআপ মাশাল্লাহ আরো ভালো তাই আপনারা সকলেই প্রোডাক্টস টা নিতে পারেন দারাজের ডেলিভারি ম্যানের ব্যবহার ও অত্যন্ত ভালো,Positive,Delivery;Price;Product Quality,,delivery_positive;price_positive;product_quality_positive,delivery_positive#price_positive#product_quality_positive
50187299990425,"আলহামদুলিল্লাহ 
প্রোডাক্ট টা ১০০% অরিজিনাল 
ভাবছিলাম কোনও রিভিউ নাই নিব কি না কিন্তু সেলার অনেক ভালো ছিলো 
ধন্যবাদ সেলারকে",আলহামদুলিল্লাহ প্রোডাক্ট টা ১০০ অরিজিনাল ভাবছিলাম কোনও রিভিউ নাই নিব সেলার ভালো ছিলো ধন্যবাদ সেলারকে,Positive,Product Quality;Seller Service,,seller_service_positive;product_quality_positive,seller_service_positive#product_quality_positive
53036121890425,"মোটামুটি ভালো ছিল তবে কথা বলার সময় একটু প্রবলেম করে 
আমি বেশিরভাগই নিয়েছিলাম কথা বলার জন্য কিন্তু কথা বলার সময় দেখা যাচ্ছে ডিসকানেক্ট হয়ে যায় এ বিষয়টি খুব দুঃখজনক",মোটামুটি ভালো কথা বলার সময় প্রবলেম আমি বেশিরভাগই নিয়েছিলাম কথা বলার কথা বলার সময় দেখা যাচ্ছে ডিসকানেক্ট হয়ে যায় এ বিষয়টি খুব দুঃখজনক,Neutral,Product Quality,,product_quality_neutral,product_quality_neutral
55137043590425,"খুবি চমৎকার একটি প্রোডাক্ট, সেই সাউণ্ড, ধন্যবাদ সেলার ভাইকে,ভালোবাসা অবিরাম ভাই,এ রকম কথার সাথে কাজে মিল রাকবেন,ইনশাআল্লাহ, সবার ভালোবাসা পাবেন👌👌🥰🥰😍দেখা যাক চার্জ কেমন থাকে?",খুবি চমৎকার প্রোডাক্ট সেই সাউণ্ড ধন্যবাদ সেলার ভাইকে ভালোবাসা অবিরাম ভাই এ রকম কথার কাজে মিল রাকবেন ইনশাআল্লাহ সবার ভালোবাসা পাবেন দেখা যাক চার্জ কেমন,Positive,Product Quality,,product_quality_positive,product_quality_positive
52058721990425,আলহামদুলিল্লাহ সব ঠিকঠাক আপনার চোখ বন্ধ করে নিতে পারেন আমি নিজেই পাঁচটা নিয়েছি এক কথায় অসাধারণ,আলহামদুলিল্লাহ ঠিকঠাক আপনার চোখ বন্ধ নিতে পারেন আমি নিজেই পাঁচটা নিয়েছি এক কথায় অসাধারণ,Positive,Product Quality,,product_quality_positive,product_quality_positive
51821721490425,ভালো একটা পূর্ণ  অনেক সুন্দর চার্য ভালো এয়ারপোর্টটা অনেক ভালো লাগছে আপনারা নিঃসন্দে নিতে পারেন।,ভালো একটা পূর্ণ সুন্দর চার্য ভালো এয়ারপোর্টটা ভালো লাগছে আপনারা নিঃসন্দে নিতে পারেন,Positive,Product Quality,,product_quality_positive,product_quality_positive
54011751090425,"প্রথম ভাবছিলাম যে ভালো হবে না এখন দেখি অনেক ভালো অনেক কোয়ালিটি ফুল, আপনারা চাইলে নিতে পারেন।",প্রথম ভাবছিলাম যে ভালো দেখি ভালো কোয়ালিটি ফুল আপনারা চাইলে নিতে পারেন,Positive,Product Quality,,product_quality_positive,product_quality_positive
51751799490425,কি বলবো ওনেক ওনেক ভালো  সবাই নিতে পারেন  আমি ২ টা নিছি আপনারে চোখ বন্ধ  করে নিতে পারেন ❤️❤️❤️,বলবো ওনেক ওনেক ভালো সবাই নিতে পারেন আমি ২ টা নিছি আপনারে চোখ বন্ধ নিতে পারেন,Positive,Product Quality,,product_quality_positive,product_quality_positive
52541933490425,প্রোডাক্ট টি অসাধারণ। সবচেয়ে ভালো লেগেছে প্রোডাক্টটির প্যাকেজিং দেখে। আর কোয়ালিটি ও দারুন।,প্রোডাক্ট টি অসাধারণ সবচেয়ে ভালো লেগেছে প্রোডাক্টটির প্যাকেজিং দেখে কোয়ালিটি ও দারুন,Positive,Packaging;Product Quality,,packaging_positive;product_quality_positive,packaging_positive#product_quality_positive
52102048390425,আলহামদুলিল্লাহ যেমন চেয়েছি তেমন পেয়েছি খুব ভালো প্রোডাক্ট সবাই নিতে পারেন ধন্যবাদ দারাজ,আলহামদুলিল্লাহ চেয়েছি পেয়েছি খুব ভালো প্রোডাক্ট সবাই নিতে পারেন ধন্যবাদ দারাজ,Positive,Product Quality,,product_quality_positive,product_quality_positive
52474632590425,"দাম অনুযায়ী প্রোডাক্ট ভালো, তবে কল কোয়ালিটি এভারেজ বলা যায়...সাউন্ড কোয়ালিটি ভালো",দাম অনুযায়ী প্রোডাক্ট ভালো কল কোয়ালিটি এভারেজ বলা যায় সাউন্ড কোয়ালিটি ভালো,Positive,Price;Product Quality,,price_positive;product_quality_positive,price_positive#product_quality_positive
52043752290425,সাউন্ড কোয়ালিটি বেশ ভালো ছিলো।বেস লাভারদের জন্য অনেক ভালো একটা প্রডাক্ট হবে।,সাউন্ড কোয়ালিটি বেশ ভালো ছিলো বেস লাভারদের ভালো একটা প্রডাক্ট,Positive,Product Quality,,product_quality_positive,product_quality_positive
54990874690425,"অনেক সুন্দর একটা এওয়ার্ড খুব ভালো সাউন্ড কোয়ালিটি 
আমি এটাকে দেব 9/10",সুন্দর একটা এওয়ার্ড খুব ভালো সাউন্ড কোয়ালিটি আমি এটাকে দেব 9 10,Positive,Product Quality,,product_quality_positive,product_quality_positive
52677758790425,প্রোডাক্ট টি ভালো। সাউন্ড কোয়ালিটি ও ভালো। চাইলে আপনারা ও নিতে পারেন 😊,প্রোডাক্ট টি ভালো সাউন্ড কোয়ালিটি ও ভালো চাইলে আপনারা ও নিতে পারেন,Positive,Product Quality,,product_quality_positive,product_quality_positive
54649771990425,"এত খারাপ কেনো এখন চার্জ হয় না ,কেউ কিনবেন না , ২ দিন পর আর চার্জ হয় না",এত খারাপ কেনো চার্জ হয় কেউ কিনবেন ২ দিন চার্জ হয়,Negative,Product Quality,Product Quality,product_quality_negative,product_quality_negative
51975760690425,অসাধারণ একটা প্রোডাক্ট। হাতে নিলে একটা প্রিমিয়াম ফিলিং পাওয়া যায়।,অসাধারণ একটা প্রোডাক্ট হাতে নিলে একটা প্রিমিয়াম ফিলিং পাওয়া যায়,Positive,Product Quality,,product_quality_positive,product_quality_positive
53481738490425,আলহামদুলিল্লাহ আনেক ভাল একটা প্রডাক্ট। সবাই নিতে পারেন আমি সন্তুষ্ট।,আলহামদুলিল্লাহ আনেক ভাল একটা প্রডাক্ট সবাই নিতে পারেন আমি সন্তুষ্ট,Positive,Product Quality,,product_quality_positive,product_quality_positive
52381378590425,দাম অনুযায়ী এয়ারপডটি যথেষ্ট ভালো। একটু প্রিমিয়াম ভাইব পাওয়া যায়।,দাম অনুযায়ী এয়ারপডটি যথেষ্ট ভালো প্রিমিয়াম ভাইব পাওয়া যায়,Positive,Price;Product Quality,,price_positive;product_quality_positive,price_positive#product_quality_positive
52292320090425,"দেখে ভালোই মনে হলো, ব্যবহার করলে বোঝা যাবে।
প্যাকেটিং ভালোই ছিল",দেখে ভালোই মনে হলো ব্যবহার করলে বোঝা যাবে প্যাকেটিং ভালোই,Positive,Packaging;Product Quality,,packaging_positive;product_quality_positive,packaging_positive#product_quality_positive
53728582890425,"ভাই অসাধারণ একটা প্রডাক্ট আমি আরো একটা অডার দিবো
ইনশাআল্লাহ",ভাই অসাধারণ একটা প্রডাক্ট আমি আরো একটা অডার দিবো ইনশাআল্লাহ,Positive,Product Quality,,product_quality_positive,product_quality_positive
52142753690425,আলহামদুলিল্লাহ হাতে পেলাম বিল্ড কোয়ালিটি খুব ভালো ❤️‍🔥,আলহামদুলিল্লাহ হাতে পেলাম বিল্ড কোয়ালিটি খুব ভালো,Positive,Product Quality,,product_quality_positive,product_quality_positive
50898613590425,আলহামদুলিল্লাহ যেরকমটা চেয়েছি ঠিক সেরকম টা পেয়েছি,আলহামদুলিল্লাহ যেরকমটা চেয়েছি ঠিক সেরকম টা পেয়েছি,Positive,Product Quality,,product_quality_positive,product_quality_positive
52082547390425,অনেক ভালো প্রোডাক্ট সবাই নিতে পারবেন কোনো সমস্যা নেই,ভালো প্রোডাক্ট সবাই নিতে পারবেন সমস্যা নেই,Positive,Product Quality,,product_quality_positive,product_quality_positive
52275692090425,কোয়ালিটি সম্পূন্ন পন্য। সেলার খুব আন্তরিক। ধন্যবাদ।,কোয়ালিটি সম্পূন্ন পন্য সেলার খুব আন্তরিক ধন্যবাদ,Positive,Product Quality;Seller Service,,seller_service_positive;product_quality_positive,seller_service_positive#product_quality_positive
53178147690425,দাম হিসেবে অনেক ভালো ছিল।আপনারা চাইলে নিতে পারেন।,দাম হিসেবে ভালো আপনারা চাইলে নিতে পারেন,Positive,Product Quality,,product_quality_positive,product_quality_positive
52338422390425,খুবই ভালো সাউণ্ড। আমার পছন্দ হয়েছে। ধন্যবাদ,খুবই ভালো সাউণ্ড পছন্দ হয়েছে ধন্যবাদ,Positive,Product Quality,,product_quality_positive,product_quality_positive
55129230690425,অনেক সুন্দর প্রোডাক্ট। নিতে পারেন আপনারা,সুন্দর প্রোডাক্ট নিতে পারেন আপনারা,Positive,Product Quality,,product_quality_positive,product_quality_positive
52386935490425,ভালো একটা পন্য পেয়েছি ধন্যবাদ সেলার কে,ভালো একটা পন্য পেয়েছি ধন্যবাদ সেলার,Positive,Product Quality,,product_quality_positive,product_quality_positive
52534287090425,যথেষ্ট পরিমাণ এ সাউন্ড কোয়ালিটি ভালো,যথেষ্ট পরিমাণ এ সাউন্ড কোয়ালিটি ভালো,Positive,Product Quality,,product_quality_positive,product_quality_positive
52391426390425,"বাজেটে সেরা প্রোডাক্ট, প্যাকেজিং, ডেলিভারি আর সাউন্ড কোয়ালিটি সবই একদম আশা অতিক্রম করেছে। 
প্যাকেজিং: ১০/১০
সাউন্ড কোয়ালিটি: ৯/১০
বিল্ড কোয়ালিটি: ১০/১০

বাজেটে বেস্ট এইটাই। ধন্যবাদ সেলারকে 🔥",বাজেটে সেরা প্রোডাক্ট প্যাকেজিং ডেলিভারি সাউন্ড কোয়ালিটি সবই একদম আশা অতিক্রম করেছে প্যাকেজিং ১০ ১০ সাউন্ড কোয়ালিটি ৯ ১০ বিল্ড কোয়ালিটি ১০ ১০ বাজেটে বেস্ট এইটাই ধন্যবাদ সেলারকে,Positive,Delivery;Packaging;Price;Product Quality,,delivery_positive;packaging_positive;price_positive;product_quality_positive,delivery_positive#packaging_positive#price_positive#product_quality_positive
51760428890425,অনেক ভালো —কম দামে ভালো প্রোডাক্ট,ভালো দামে ভালো প্রোডাক্ট,Positive,Price;Product Quality,,price_positive;product_quality_positive,price_positive#product_quality_positive
54260141314268,"চাইলাম কি দিলো কি দারাজ এর কাছে একটা আশা করি নাই 

আর কনো দিন দারাজ থেকে কিছু অডার করবো নাহ",চাইলাম দিলো দারাজ এর কাছে একটা আশা করি নাই কনো দিন দারাজ অডার করবো নাহ,Negative,Product Quality,Product Quality,product_quality_negative,product_quality_negative
50531004114268,আলহামদুলিল্লাহ ভালো পোটাক যেমন চেয়েছি  তেমন পেয়েছি চাই লে আপনারাও নিতে পাড়েন ❤️❤️🇧🇩,আলহামদুলিল্লাহ ভালো পোটাক চেয়েছি পেয়েছি চাই লে আপনারাও নিতে পাড়েন,Positive,Product Quality,,product_quality_positive,product_quality_positive
54220765614268,প্রোডাক্টটি এতো ভালো না কিন্তু সাউন্ড কোয়ালিটি ভালো প্যাকেটটা দেখি চার্জ কতক্ষণ থাকে,প্রোডাক্টটি এতো ভালো সাউন্ড কোয়ালিটি ভালো প্যাকেটটা দেখি চার্জ কতক্ষণ,Negative,Product Quality,Product Quality,product_quality_negative,product_quality_negative
50003759014268,আলহামদুলিল্লাহ অনেক ভালো মনের এয়ারপোর্ট পাইছি সেলার কে অনেক ধন্যবাদ অনেক চার্জ থাকে,আলহামদুলিল্লাহ ভালো মনের এয়ারপোর্ট পাইছি সেলার ধন্যবাদ চার্জ,Positive,Product Quality,,product_quality_positive,product_quality_positive
54175464414268,একদম বাজে ছিল অ্যাপেল ইয়ার বাস দিবে বলে টিডাব্লিউএস ধরাই দিছে এটা কখনো আশা করি নাই,একদম বাজে অ্যাপেল ইয়ার বাস দিবে বলে টিডাব্লিউএস ধরাই দিছে এটা আশা করি নাই,Negative,Product Quality,Product Quality,product_quality_negative,product_quality_negative
54363895814268,"কেউ নিয়েন না, কারণ যেইটা দেইখা অর্ডার দিবেন, সেইটা দেয়না, আমারে দিছে আরেকটা, 😡",কেউ নিয়েন যেইটা দেইখা অর্ডার দিবেন সেইটা দেয়না আমারে দিছে আরেকটা,Negative,Product Quality,Product Quality,product_quality_negative,product_quality_negative
54105499214268,অনেক সুন্দর হয়েছে কোয়ালিটি অনেক সুন্দর মাশাল্লাহ সাউন্ডটা অনেক ভালো,সুন্দর হয়েছে কোয়ালিটি সুন্দর মাশাল্লাহ সাউন্ডটা ভালো,Positive,Product Quality,,product_quality_positive,product_quality_positive
54301256914268,অর্ডার করছি একটা আর দিছে আরেকটা এই প্রথম কিছু কিনে ঠকলাম নারাজ থেকে,অর্ডার করছি একটা দিছে আরেকটা প্রথম কিনে ঠকলাম নারাজ,Negative,Product Quality,Product Quality,product_quality_negative,product_quality_negative
52829745914268,খুব ভালো একটি ব্লুটু চাইলে আপনারা নিতে পারেন সাউন্ড কোয়ালিটি ও ভালো,খুব ভালো ব্লুটু চাইলে আপনারা নিতে পারেন সাউন্ড কোয়ালিটি ও ভালো,Positive,Product Quality,,product_quality_positive,product_quality_positive
54132105114268,মোটামুটি এই দামের মধ্যে চলে। চার্জ কেমন থাকবে এখনো বোঝা যাচ্ছে না।,মোটামুটি দামের মধ্যে চলে চার্জ কেমন এখনো বোঝা যাচ্ছে,Neutral,Price;Product Quality,,price_neutral;product_quality_neutral,price_neutral#product_quality_neutral
49014509714268,"প্রোডাক্টটা যথেষ্ট পরিমাণ ভাল ছিল। 
এত কম দামের মধ্যে এই প্রোডাক্ট পাওয়া খুবই অসম্ভব। দারাজ থেকে পেয়েছি। সাউন্ড কোয়ালিটিটা মোটামুটি আলহামদুলিল্লাহ। সত্যি কথা বলতে এই বাজেটের মধ্যে ভালো একটি এয়াপডস।🥰🥰🥰
সেলার ভাই টা খুবই। ভালো ছিল।",প্রোডাক্টটা যথেষ্ট পরিমাণ ভাল এত দামের মধ্যে প্রোডাক্ট পাওয়া খুবই অসম্ভব দারাজ পেয়েছি সাউন্ড কোয়ালিটিটা মোটামুটি আলহামদুলিল্লাহ সত্যি কথা বলতে বাজেটের মধ্যে ভালো এয়াপডস সেলার ভাই টা খুবই ভালো,Positive,Price;Product Quality;Seller Service,,seller_service_positive;price_positive;product_quality_positive,seller_service_positive#price_positive#product_quality_positive
52638078914268,মাশাল্লাহ খুব ভালো আপনারা চাইলে নিতে পারেন যারা বেজ পছন্দ করেন,মাশাল্লাহ খুব ভালো আপনারা চাইলে নিতে পারেন যারা বেজ পছন্দ করেন,Positive,Product Quality,,product_quality_positive,product_quality_positive
53819488414268,আলহামদুলিল্লাহ প্রোডাক্ট টি খুব ভালো ছিলো আপনারা ও নিতে পারেন,আলহামদুলিল্লাহ প্রোডাক্ট টি খুব ভালো ছিলো আপনারা ও নিতে পারেন,Positive,Product Quality,,product_quality_positive,product_quality_positive
52710382714268,দাম অনুযায়ী আমি জিনিসটা সঠিক পাইছি কোয়ালিটিটা অনেক ভালো,দাম অনুযায়ী আমি জিনিসটা সঠিক পাইছি কোয়ালিটিটা ভালো,Positive,Price;Product Quality,,price_positive;product_quality_positive,price_positive#product_quality_positive
54425363914268,এরা একটা বাটপার অর্ডার করি এক পণ্য দেয় আরেক পণ্য,এরা একটা বাটপার অর্ডার করি এক পণ্য দেয় আরেক পণ্য,Negative,Product Quality,Product Quality,product_quality_negative,product_quality_negative
52922422814268,"তেমন ভালো না,চার্জ এবং সাউন্ড কোয়ালিটিও ভালো না",ভালো চার্জ সাউন্ড কোয়ালিটিও ভালো,Negative,Product Quality,Product Quality,product_quality_negative,product_quality_negative
54528683114268,ধন্যবাদ দারাজকে অরিজিনাল প্রোডাক্ট দেয়ার জন্য।,ধন্যবাদ দারাজকে অরিজিনাল প্রোডাক্ট দেয়ার,Positive,Product Quality,,product_quality_positive,product_quality_positive
54317706614268,খুবই ভালো একটি প্রোড না নিশ্চিন্তে নিতে পারি,খুবই ভালো প্রোড নিশ্চিন্তে নিতে পারি,Positive,Product Quality,,product_quality_positive,product_quality_positive
50470251014268,প্রডাক্টটি অনেক ভালো। আপনারা চাইলে নিতে পারেন,প্রডাক্টটি ভালো আপনারা চাইলে নিতে পারেন,Positive,Product Quality,,product_quality_positive,product_quality_positive
54345746314268,কি অর্ডার দিলাম আর কি দিলো এইটা আসা করিনি 😢,অর্ডার দিলাম দিলো এইটা আসা করিনি,Negative,Product Quality,Product Quality,product_quality_negative,product_quality_negative
54170278814268,এই টাকায় এত ভালো জিনিস দারাজ থেকে কখনো পাইনি,টাকায় এত ভালো জিনিস দারাজ পাইনি,Positive,Price;Product Quality,,price_positive;product_quality_positive,price_positive#product_quality_positive
54661611614268,"খুবই ভালো লাগছে,,এই দামে ভালো একটি প্রডাক্ট",খুবই ভালো লাগছে দামে ভালো প্রডাক্ট,Positive,Price;Product Quality,,price_positive;product_quality_positive,price_positive#product_quality_positive
53989289714268,প্রোডাক্টি ভালো আছে।আপ্নারা নিতে পারেন।,প্রোডাক্টি ভালো আপ্নারা নিতে পারেন,Positive,Product Quality,,product_quality_positive,product_quality_positive
53747205714268,আপনারা নিতে পারেন দাম হিসেবে অনেক ভালো,আপনারা নিতে পারেন দাম হিসেবে ভালো,Positive,Price;Product Quality,,price_positive;product_quality_positive,price_positive#product_quality_positive
54553843114268,অসাধারন কেউ ঠকবেন না  নিতে পারেন 1234,অসাধারন কেউ ঠকবেন নিতে পারেন 1234,Positive,Product Quality,,product_quality_positive,product_quality_positive
54158692914268,এই বাজেট এ সেরা 💝 ধন্যবাদ।,বাজেট এ সেরা ধন্যবাদ,Positive,Price;Product Quality,,price_positive;product_quality_positive,price_positive#product_quality_positive
45631346114268,"আলহামদুলিল্লাহ প্রোডাক্ট টা ভালো ছিলো,এই দামের ভিতর যথেষ্ট 🖤",আলহামদুলিল্লাহ প্রোডাক্ট টা ভালো ছিলো দামের ভিতর যথেষ্ট,Positive,Price;Product Quality,,price_positive;product_quality_positive,price_positive#product_quality_positive
54423111814268,এত অল্প টাকা এত ভালো মানের জিনিস দেওয়ার জন্য দ্বারা আজকে ধন্যবাদ ডেলিভারি বয় আমার খুব পরিচিত ছিল,এত অল্প টাকা এত ভালো মানের জিনিস দেওয়ার আজকে ধন্যবাদ ডেলিভারি বয় খুব পরিচিত,Positive,Price;Product Quality,,price_positive;product_quality_positive,price_positive#product_quality_positive
52746251714268,"ভাই কেউ দযা করে এটা কিনবেন না , মোবাইলের সাথে সহজে কানেক্ট হয় না , চার্জ ও ভালো থাকে না ,হঠাৎ হঠাৎ বন্ধ হয়ে যায় 🤬🤬🤬🤬",ভাই কেউ দযা এটা কিনবেন মোবাইলের সহজে কানেক্ট হয় চার্জ ও ভালো হঠাৎ হঠাৎ বন্ধ হয়ে যায়,Negative,Product Quality,Product Quality,product_quality_negative,product_quality_negative
54286615714268,কি দেখে অর্ডার করলাম আর কি দিলেন।  এমন প্রতারণা আমার সাথে এই প্রথম হল দারাজে। ভিন্ন জিনিস দিছেন। চেক করে তো দিবেন এক কানে কানেক্টে হয় না। এমন প্রতারণা করে ব্যবসা করে কি লাভ?! আখেরাত বরবাদ হবে আপনার আমি আখেরাতে নিবো। দুনিয়াতে রিটার্নের যে সাত দিনের সময় ও পক্রিয়া আপনারা আমাকে দিছেন এই সময় আমার থাকলে দারাজে অর্ডার করতাম না।,দেখে অর্ডার করলাম প্রতারণা প্রথম হল দারাজে ভিন্ন জিনিস দিছেন চেক তো দিবেন এক কানে কানেক্টে হয় প্রতারণা ব্যবসা লাভ আখেরাত বরবাদ আপনার আমি আখেরাতে নিবো দুনিয়াতে রিটার্নের যে সাত দিনের সময় ও পক্রিয়া আপনারা দিছেন সময় থাকলে দারাজে অর্ডার করতাম,Negative,Product Quality,Product Quality,product_quality_negative,product_quality_negative
54332499814268,প্রথম ছবির টা দেখিয়ে। ফালতু প্রোডাক্ট দিছে।জানোয়ারের বাচ্চারা। ব্যাবসার নামে ফাজলামো করস।দেখালি কি দিলি কি।বাটপার সেলার,প্রথম ছবির টা দেখিয়ে ফালতু প্রোডাক্ট দিছে জানোয়ারের বাচ্চারা ব্যাবসার নামে ফাজলামো করস দেখালি দিলি বাটপার সেলার,Negative,Product Quality,Product Quality,product_quality_negative,product_quality_negative
54198772714268,"পণ্য দেখতে ভাল কিন্তু কোয়ালিটি একবারে বাজে,, ৩৫০ টাকা খরচ না করে যদি বাজার থেকে একটা ইয়ারফোন কেনা যায় আমার মনে হয় এর থেকে বেস্ট হবে,, দেখতে মোটামুটি মাশাল্লাহ খুবই ভালো কিন্তু সাউন্ড কোয়ালিটি সুন্দর একদম বাজে একটাও ধরতে পারেনা ভয়েস চেঞ্জ হয়ে যায় বহু ধরনের সমস্যা দেখা যায়",পণ্য দেখতে ভাল কোয়ালিটি একবারে বাজে ৩৫০ টাকা খরচ যদি বাজার একটা ইয়ারফোন কেনা যায় মনে হয় এর বেস্ট দেখতে মোটামুটি মাশাল্লাহ খুবই ভালো সাউন্ড কোয়ালিটি সুন্দর একদম বাজে একটাও ধরতে পারেনা ভয়েস চেঞ্জ হয়ে যায় বহু ধরনের সমস্যা দেখা যায়,Negative,Product Quality,Product Quality,product_quality_negative,product_quality_negative
54543059014268,ওভারঅল সবদিকেই ভালো নয়েজ ক্যান্সলেশন কাজ করে বেজ ভালো আছে কম দামের মধ্যে ভালো প্রোডাক্ট।,ওভারঅল সবদিকেই ভালো নয়েজ ক্যান্সলেশন কাজ বেজ ভালো দামের মধ্যে ভালো প্রোডাক্ট,Positive,Price;Product Quality,,price_positive;product_quality_positive,price_positive#product_quality_positive
54363782614268,অর্ডার দিছে একটা গেছে আরেকটা কেউ অর্ডার দিবেন না  দুইটা অর্ডার দিচ্ছি একটা দিছে  🤬🤬🤬🤬,অর্ডার দিছে একটা আরেকটা কেউ অর্ডার দিবেন দুইটা অর্ডার দিচ্ছি একটা দিছে,Negative,Product Quality,Product Quality,product_quality_negative,product_quality_negative
49017658914268,এখন পর্যন্ত ব্যবহার করে কোন সমস্যা ফিল করি নি চার্জ ও অনেক থাকে। ডেলিভারি ম্যান ভাই টা অনেক সুন্দর ব্যবহার ❤️❤️❤️,পর্যন্ত ব্যবহার সমস্যা ফিল করি নি চার্জ ও ডেলিভারি ম্যান ভাই টা সুন্দর ব্যবহার,Positive,Delivery;Product Quality,,delivery_positive;product_quality_positive,delivery_positive#product_quality_positive
54380644314268,অল্প টাকে ভালো একটা হেডফোন পেলাম আলহামদুলিল্লাহ এই ইয়া পোস্টে অনেক ভালো,অল্প টাকে ভালো একটা হেডফোন পেলাম আলহামদুলিল্লাহ ইয়া পোস্টে ভালো,Positive,Price;Product Quality,,price_positive;product_quality_positive,price_positive#product_quality_positive
54349699814268,অর্ডার করেছিলাম ১ম ছবি সাদা কালার টা দিয়েছেন ২য় ছবির টা। প্রতারনা করেছেন,অর্ডার করেছিলাম ১ম ছবি সাদা কালার টা দিয়েছেন ২য় ছবির টা প্রতারনা করেছেন,Negative,Product Quality,Product Quality,product_quality_negative,product_quality_negative
54134457414268,"মোটামুটি ভালো, যেমনটা দেখছিলাম তেমনটাই পাইছি। আপনারা চাইলে নিতে পারেন",মোটামুটি ভালো যেমনটা দেখছিলাম তেমনটাই পাইছি আপনারা চাইলে নিতে পারেন,Neutral,Product Quality,,product_quality_neutral,product_quality_neutral
54169078114268,যেমন দেখানো হয়েছে ঠিক তেমন না কিন্তু ভালোর মধ্যেই খুব একটা ভালো না,দেখানো হয়েছে ঠিক ভালোর মধ্যেই খুব একটা ভালো,Neutral,Product Quality,,product_quality_neutral,product_quality_neutral
54203453514268,প্রোডাক্টটি অনেক ভালো দাম অনুযায়ী সাউন্ড কোয়ালিটি অনেক ভালো আছে।,প্রোডাক্টটি ভালো দাম অনুযায়ী সাউন্ড কোয়ালিটি ভালো,Positive,Price;Product Quality,,price_positive;product_quality_positive,price_positive#product_quality_positive
54269466214268,"খুবই ভালো লাগল, দাম অনুযায়ী বেস্ট💝💝দারাজ মানেই কম দামে ভালো কিছু",খুবই ভালো লাগল দাম অনুযায়ী বেস্ট দারাজ মানেই দামে ভালো,Positive,Price;Product Quality,,price_positive;product_quality_positive,price_positive#product_quality_positive
54205906514268,"আলহামদুলিল্লাহ,,,
 সাউন্ড কোয়ালিটি আলহামদুলিল্লাহ অনেক ভালো,,",আলহামদুলিল্লাহ সাউন্ড কোয়ালিটি আলহামদুলিল্লাহ ভালো,Positive,Product Quality,,product_quality_positive,product_quality_positive
52755118014268,অনেক সুন্দর একটি প্রোডাক্ট সাউন্ড কোয়ালিটি অনেক ভালো,সুন্দর প্রোডাক্ট সাউন্ড কোয়ালিটি ভালো,Positive,Product Quality,,product_quality_positive,product_quality_positive
54722790214268,অনেক সুন্দর প্রোডাক্ট সাউন্ড কোয়ালিটি ফ্রেশ ছিল,সুন্দর প্রোডাক্ট সাউন্ড কোয়ালিটি ফ্রেশ,Positive,Product Quality,,product_quality_positive,product_quality_positive
54498647114268,এমনিতেই ভালো আছে কিন্তু আমাকে সব কিছু দেই নাই,এমনিতেই ভালো দেই নাই,Positive,Product Quality,,product_quality_positive,product_quality_positive
54198215914268,"একদম বাজে প্রোডাক্ট, কেউ নিয়েন না ভাইয়েরা🥲",একদম বাজে প্রোডাক্ট কেউ নিয়েন ভাইয়েরা,Negative,Product Quality,Product Quality,product_quality_negative,product_quality_negative
54091508814268,প্রোডাক্টটা ভালো পাইছি সেলার কে ধন্যবাদ,প্রোডাক্টটা ভালো পাইছি সেলার ধন্যবাদ,Positive,Product Quality,,product_quality_positive,product_quality_positive
55126516614268,"ফালতু, একটি ছেলে যে অন্য আরেকটি দিয়েছে",ফালতু ছেলে যে আরেকটি দিয়েছে,Negative,Product Quality,Product Quality,product_quality_negative,product_quality_negative
54002704414268,এটা খুবই ভালো চাইলে আপনারা নিতে পারেন,এটা খুবই ভালো চাইলে আপনারা নিতে পারেন,Positive,Product Quality,,product_quality_positive,product_quality_positive
54164159114268,মুটামুটি ভালোই আছে এই দাম অনুযায়ী 🥰🥰,মুটামুটি ভালোই দাম অনুযায়ী,Neutral,Price;Product Quality,,price_neutral;product_quality_neutral,price_neutral#product_quality_neutral
52757720614268,আলহামদুলিল্লাহ খুব ভালো একটা পোডাক..,আলহামদুলিল্লাহ খুব ভালো একটা পোডাক,Positive,Product Quality,,product_quality_positive,product_quality_positive
48957864814268,খুব একটা খারাপও না আরব ভালোও না...,খুব একটা খারাপও আরব ভালোও,Neutral,Product Quality,,product_quality_neutral,product_quality_neutral
54263483214268,"খুব খারাপ 
এক কানের টা বাজে না",খুব খারাপ এক কানের টা বাজে,Negative,Product Quality,Product Quality,product_quality_negative,product_quality_negative
54236823314268,এরা পণ্য দেখা একটা দে আর একটা,এরা পণ্য দেখা একটা দে একটা,Negative,Product Quality,Product Quality,product_quality_negative,product_quality_negative
54267588814268,পছন্দ করছি একটা দিছে আরেকটা,পছন্দ করছি একটা দিছে আরেকটা,Negative,Product Quality,Product Quality,product_quality_negative,product_quality_negative
54202766514268,খুব ভালো সবাই নিতে পারেন,খুব ভালো সবাই নিতে পারেন,Positive,Product Quality,,product_quality_positive,product_quality_positive
45539524214268,কম দামে এত সুন্দর একটি জিনিস পাইছি কি বলবো,দামে এত সুন্দর জিনিস পাইছি বলবো,Positive,Price;Product Quality,,price_positive;product_quality_positive,price_positive#product_quality_positive
44946864914268,"অনেক ভালো প্রডাক পেয়েছি, ধন্যবাদ দারাজ কে 🙃",ভালো প্রডাক পেয়েছি ধন্যবাদ দারাজ,Positive,Product Quality,,product_quality_positive,product_quality_positive
54176268314268,প্রোডাক্ট ভালো। কিন্তু চার্জার দেয় নাই। সাউন্ড কোয়ালিটি খুব ভালো। সবকিছু ভালো আছে,প্রোডাক্ট ভালো চার্জার দেয় নাই সাউন্ড কোয়ালিটি খুব ভালো সবকিছু ভালো,Positive,Product Quality,,product_quality_positive,product_quality_positive
49634747914268,দ্রুত ডেলিভারি দিয়ে গেলেও আমার ইয়ারবাডস এর একটি নষ্ট। কোন ভাবেই চার্জ করা যায় না যার ফলে সেটি চলেও না। শখ করে কেনা জিনিস এভাবে না ঠকালেও চলতো।খুব বাজে কোয়ালিটি। তার উপর দামটাও বেশী রাখা হইছে।,দ্রুত ডেলিভারি দিয়ে গেলেও ইয়ারবাডস এর নষ্ট ভাবেই চার্জ যায় যার সেটি চলেও শখ কেনা জিনিস এভাবে ঠকালেও চলতো খুব বাজে কোয়ালিটি উপর দামটাও বেশী রাখা হইছে,Negative,Delivery;Price;Product Quality,Price;Product Quality,delivery_positive;price_negative;product_quality_negative,delivery_positive#price_negative#product_quality_negative
53409922338794,"আলহামদুলিল্লাহ তিনটা অর্ডার করছিলাম আজকে হাতে পেয়েছি তিনটাই ভালো আছে এখন ব্যবহার করে দেখি কেমন চার্জ যায়। 
কিন্তু দুঃখের বিষয় হলো আমায় একটা গিফট দেওয়ার কথা ছিল সে গিফট আমি পাইনি 😥🥺",আলহামদুলিল্লাহ তিনটা অর্ডার করছিলাম আজকে হাতে পেয়েছি তিনটাই ভালো ব্যবহার দেখি কেমন চার্জ যায় দুঃখের বিষয় হলো আমায় একটা গিফট দেওয়ার কথা গিফট আমি পাইনি,Positive,Product Quality,,product_quality_positive,product_quality_positive
52606900938794,"এই তিনটা প্রডাক্ট অর্ডার করেছি,২টা মিনি রিচার্জেবল ফ্যান একটি ব্লুটুথ এয়ারফোন,আলহামদুলিল্লা খুব ভালো পেয়েছি ডেলিভারিও অনেকে ফাষ্ট পেয়েছি ২৪ ঘন্টারও কম সময়ে।ডেলিভারী ম্যান এর ব্যাবহারও সন্তোশ জনক ছিল।ডেলিভারী চার্জও ফ্রি ছিল।সব মিলিয়ে আমি সন্তুষ্ট,ধন্যবাদ দারাজকে।আসা করছি দারাজের এমন সার্ভিস অব্যাহত থাকবে।",তিনটা প্রডাক্ট অর্ডার করেছি ২টা মিনি রিচার্জেবল ফ্যান ব্লুটুথ এয়ারফোন আলহামদুলিল্লা খুব ভালো পেয়েছি ডেলিভারিও অনেকে ফাষ্ট পেয়েছি ২৪ ঘন্টারও সময়ে ডেলিভারী ম্যান এর ব্যাবহারও সন্তোশ জনক ডেলিভারী চার্জও ফ্রি মিলিয়ে আমি সন্তুষ্ট ধন্যবাদ দারাজকে আসা করছি দারাজের সার্ভিস অব্যাহত,Positive,Delivery;Product Quality,,delivery_positive;product_quality_positive,delivery_positive#product_quality_positive
53940075738794,"টাকা হিসেবে ভালো বাট কল করার পরে সাউন্ড কুয়ালিটি তে ১০ এ ৬ পাওয়ার মতো,, আর এমনিতে সাউন্ড কোয়ালিটি ভালো, ওভারঅল দাম হিসেবে ভালো, চাইলে নিতে পারেন,, আর ডেলিভারি দেওয়া ভাইটার ব্যাবহার অত্যান্ত ভালো,,,",টাকা হিসেবে ভালো বাট কল করার সাউন্ড কুয়ালিটি তে ১০ এ ৬ পাওয়ার এমনিতে সাউন্ড কোয়ালিটি ভালো ওভারঅল দাম হিসেবে ভালো চাইলে নিতে পারেন ডেলিভারি দেওয়া ভাইটার ব্যাবহার অত্যান্ত ভালো,Positive,Delivery;Price;Product Quality,,delivery_positive;price_positive;product_quality_positive,delivery_positive#price_positive#product_quality_positive
51900425438794,ডেলিভারি খুব ফাস্ট পাইসি বাট সবকিছুই ভালো কোয়ালিটির দিক দিয়েও ভালো বাট চার্জিংটা একটু কম মনে হয়েছে। বাজেট  হিসেবে ঠিক আছে,ডেলিভারি খুব ফাস্ট পাইসি বাট সবকিছুই ভালো কোয়ালিটির দিক দিয়েও ভালো বাট চার্জিংটা মনে হয়েছে বাজেট হিসেবে ঠিক,Positive,Delivery;Price;Product Quality,,delivery_positive;price_positive;product_quality_positive,delivery_positive#price_positive#product_quality_positive
52022416538794,আলহামদুলিল্লাহ খুবই ভালো হয়েছে ৩ঘন্টা প্লাস চার্জ থাকে একবার চার্জ করলে ৩বার ২টাকে চার্জ করা যায় এত কমদামে এরকম ভালো প্রডাক্ট পাব কখনো চিন্তা করি নাই আপনারা ও নিতে পারেন❤️❤️❤️❤️🇧🇩,আলহামদুলিল্লাহ খুবই ভালো হয়েছে ৩ঘন্টা প্লাস চার্জ একবার চার্জ করলে ৩বার ২টাকে চার্জ যায় এত কমদামে এরকম ভালো প্রডাক্ট পাব চিন্তা করি নাই আপনারা ও নিতে পারেন,Positive,Price;Product Quality,,price_positive;product_quality_positive,price_positive#product_quality_positive
51739549138794,"মাত্র ২২৫ টাকা ডেলিভারি চার্জ ৭ টাকা টোটাল ২৩২ টাকায় এই প্রোডাক্ট ভাবা যায় 
অসংখ্য ধন্যবাদ দারাজ বাংলাদেশকে",২২৫ টাকা ডেলিভারি চার্জ ৭ টাকা টোটাল ২৩২ টাকায় প্রোডাক্ট ভাবা যায় অসংখ্য ধন্যবাদ দারাজ বাংলাদেশকে,Positive,Product Quality,,product_quality_positive,product_quality_positive
52356336838794,"অনেক ভালো প্রোডাক্ট
রাইডার্স এর ব্যাবহার অনেক সুন্দর 
যেমনটি দেখেছি তেমনটাই পেয়েছি ধন্যবাদ দারাজকে",ভালো প্রোডাক্ট রাইডার্স এর ব্যাবহার সুন্দর যেমনটি দেখেছি তেমনটাই পেয়েছি ধন্যবাদ দারাজকে,Positive,Delivery;Product Quality,,delivery_positive;product_quality_positive,delivery_positive#product_quality_positive
53769485638794,খুব সুন্দর একটা ইয়ারফোন যারা যারা আমার এই রিভিউ দেখছেন আপনারা চাইলে এই অফারটি এবং এই ইয়ারফোনটি নিতে পারেন খুব সুন্দর একটা ইয়ারফোন ধন্যবাদ দারাজকে সময় মত এত সুন্দর একটা ইয়ারফোন দেওয়ার জন্য,খুব সুন্দর একটা ইয়ারফোন যারা যারা রিভিউ দেখছেন আপনারা চাইলে অফারটি ইয়ারফোনটি নিতে পারেন খুব সুন্দর একটা ইয়ারফোন ধন্যবাদ দারাজকে সময় এত সুন্দর একটা ইয়ারফোন দেওয়ার,Positive,Delivery;Product Quality,,delivery_positive;product_quality_positive,delivery_positive#product_quality_positive
53585847638794,আমি কিছুদিন ব্যবহার করে রিভিউ দিলাম মোটামুটি ভালোই একটা ইয়ারফোন কিছুটা ডিস্টার্ব দেয় তাছাড়া ভালোই কম দামের ভিতরে।,আমি কিছুদিন ব্যবহার রিভিউ দিলাম মোটামুটি ভালোই একটা ইয়ারফোন কিছুটা ডিস্টার্ব দেয় তাছাড়া ভালোই দামের ভিতরে,Positive,Price;Product Quality,,price_positive;product_quality_positive,price_positive#product_quality_positive
51904060238794,"আলহামদুলিল্লাহ, ঠিক ঠাকই পেয়েছি, প্যাকেট ও ঠিক ছিলো। সাউন্ড কোয়ালিটি একটু খারাপ লাগতে পারে, তবে দাম হিসেবে ঠিক ই আছে। চাইলে নিতে পারেন 😊",আলহামদুলিল্লাহ ঠিক ঠাকই পেয়েছি প্যাকেট ও ঠিক ছিলো সাউন্ড কোয়ালিটি খারাপ লাগতে পারে দাম হিসেবে ঠিক ই চাইলে নিতে পারেন,Positive,Packaging;Price;Product Quality,,packaging_positive;price_positive;product_quality_positive,packaging_positive#price_positive#product_quality_positive
54857457438794,👍চয়েচ হলো আমার নিত্যদিনের অনলাইনে জিনিস কিনার একমাত্র ই- কমার্স সাইট।অনেক ভালো পাইছি নিতে পারেন।চয়েচের মতো ফিচার আরো চাই!,চয়েচ হলো নিত্যদিনের অনলাইনে জিনিস কিনার একমাত্র ই কমার্স সাইট ভালো পাইছি নিতে পারেন চয়েচের ফিচার আরো চাই,Positive,Product Quality,,product_quality_positive,product_quality_positive
54655549638794,"""পার্সেলটা ঠিক সময়েই পেয়েছি। হেডফোনটা দারুণ! সাউন্ড কোয়ালিটি ভালো, ব্লুটুথ কানেকশনও স্মুথ। খুবই সন্তুষ্ট। ডেলিভারি ম্যান ভদ্র ও সময়মতো পার্সেল পৌঁছে দিয়েছেন। তার আচরণ ভালো ছিল। ধন্যবাদ!""😊",পার্সেলটা ঠিক সময়েই পেয়েছি হেডফোনটা দারুণ সাউন্ড কোয়ালিটি ভালো ব্লুটুথ কানেকশনও স্মুথ খুবই সন্তুষ্ট ডেলিভারি ম্যান ভদ্র ও সময়মতো পার্সেল পৌঁছে দিয়েছেন আচরণ ভালো ধন্যবাদ,Positive,Delivery;Product Quality,,delivery_positive;product_quality_positive,delivery_positive#product_quality_positive
53027215538794,"প্রডাক্ট টা ভালোই, চার্জ ও ভলোই থাকছে দেখা যাক কত দিন লাষ্টিক করে, সুধু খারপ লাগলো ডেলিভারি চার্জ বেশি, হেডফনের  দাম ২৫২ টাকা আর ডেলিভারি চাজ ১৫০ টাকা 😒",প্রডাক্ট টা ভালোই চার্জ ও ভলোই থাকছে দেখা যাক কত দিন লাষ্টিক সুধু খারপ লাগলো ডেলিভারি চার্জ হেডফনের দাম ২৫২ টাকা ডেলিভারি চাজ ১৫০ টাকা,Positive,Product Quality,,product_quality_positive,product_quality_positive
53442732438794,দাম অনুযায়ী মোটামুটি। এর থেকে বেশী কিছু এই দামে আশা করা যায় না। আমার কাছে ভালো লেগেছে। তবে কতদিন লাস্টিং করবে জানিনা। আপনারা বিচার বিবেচনা করে নিতে পারেন।,দাম অনুযায়ী মোটামুটি এর বেশী দামে আশা যায় কাছে ভালো লেগেছে কতদিন লাস্টিং করবে জানিনা আপনারা বিচার বিবেচনা নিতে পারেন,Neutral,Price;Product Quality,,price_neutral;product_quality_neutral,price_neutral#product_quality_neutral
53304086838794,মাশা আল্লাহ!  অনেক ভালো একটি প্রোডাক্ট!  দেখি কতদিন টিকে।জীবনের প্রথম বার অনলাইন থেকে কিছু অর্ডার করলাম। অনেক নার্ভাস ছিলাম যে অর্ডারটা হাতে পাবো কি পাবো না! ইত্যাদি। আলহামদুলিল্লাহ কোন সমস্যা হয়নি। খুব তারাতাড়ি পেয়ে গেলাম। ডেলিভারি ম্যান খুব ভালো। ধন্যবাদ দারাজ  ও দোকানদার কে। আরো সামনে এগিয়ে যান।,মাশা আল্লাহ ভালো প্রোডাক্ট দেখি কতদিন টিকে জীবনের প্রথম অনলাইন অর্ডার করলাম নার্ভাস ছিলাম যে অর্ডারটা হাতে পাবো পাবো ইত্যাদি আলহামদুলিল্লাহ সমস্যা হয়নি খুব তারাতাড়ি পেয়ে গেলাম ডেলিভারি ম্যান খুব ভালো ধন্যবাদ দারাজ ও দোকানদার আরো সামনে এগিয়ে,Positive,Delivery;Product Quality,,delivery_positive;product_quality_positive,delivery_positive#product_quality_positive
53640036838794,আমি আসলেই অনেক খুশি৷ ব্যবহারের ১৫ দিন পর রিভিউ দিচ্ছি। অল্প দামে অনেক ভালো জিনিস পেয়েছি। ধন্যবাদ দারাজ এবং সেলার কে,আমি আসলেই খুশি৷ ব্যবহারের ১৫ দিন রিভিউ দিচ্ছি অল্প দামে ভালো জিনিস পেয়েছি ধন্যবাদ দারাজ সেলার,Positive,Price;Product Quality,,price_positive;product_quality_positive,price_positive#product_quality_positive
53006987538794,"৩ দিনে ডেলিভারি পেয়েছি। দাম অনুযায়ী প্রোডাক্টের সাউন্ড কোয়ালিটি, ডিসপ্লে, ডিজাইন সব মিলিয়ে ভালোই। কিন্তু ব্যাটারি ব্যাকআপ টা আরেকটু বেশি হলে ভালো হতো।",৩ দিনে ডেলিভারি পেয়েছি দাম অনুযায়ী প্রোডাক্টের সাউন্ড কোয়ালিটি ডিসপ্লে ডিজাইন মিলিয়ে ভালোই ব্যাটারি ব্যাকআপ টা আরেকটু ভালো হতো,Positive,Delivery;Price;Product Quality,,delivery_positive;price_positive;product_quality_positive,delivery_positive#price_positive#product_quality_positive
53097031638794,দাম অনুসারে অত্যন্ত ভালো একটি প্রোডাক্ট। চাইলে আপনারা নিতে পারেন। ব্যাটারি ব্যাকআপ মোটামুটি দুই দিন ভালোভাবে যায়। আর ইয়ারবাড একটানা ২ থেকে ৩ ঘন্টা ভালোভাবে যায়।,দাম অনুসারে অত্যন্ত ভালো প্রোডাক্ট চাইলে আপনারা নিতে পারেন ব্যাটারি ব্যাকআপ মোটামুটি দুই দিন ভালোভাবে যায় ইয়ারবাড একটানা ২ ৩ ঘন্টা ভালোভাবে যায়,Positive,Price;Product Quality,,price_positive;product_quality_positive,price_positive#product_quality_positive
52508323438794,"বলের জিনিস, কেউ নিবেন না ভাই।
আমি দুইটা নিয়েছি তার ভিতরে একটা মুটামুটি ভালো আর একটা খারাপ। ভাই আমার পুরাই৬৪০টাকা লস।😡😡😡",বলের জিনিস কেউ নিবেন ভাই আমি দুইটা নিয়েছি ভিতরে একটা মুটামুটি ভালো একটা খারাপ ভাই পুরাই৬৪০টাকা লস,Negative,Product Quality,Product Quality,product_quality_negative,product_quality_negative
53613591438794,আলহামদুলিল্লাহ যেমন চেয়েছি তেমন পেয়েছি।প্রোডাক্ট অনেক ভালো ডেলিভারি ম্যানকে ধন্যবাদ সময়মত প্রোডাক্ট হাতে দেওয়ার জন্য।,আলহামদুলিল্লাহ চেয়েছি পেয়েছি প্রোডাক্ট ভালো ডেলিভারি ম্যানকে ধন্যবাদ সময়মত প্রোডাক্ট হাতে দেওয়ার,Positive,Delivery;Product Quality,,delivery_positive;product_quality_positive,delivery_positive#product_quality_positive
52469788138794,দাম অনুযায়ী অনেক ভালো। এখন চার্জিং ব্যাক আপ কেমন সেটাই দেখার বিষয়। ডেলিভারি ম্যান অনেক ভালো ছিলো।,দাম অনুযায়ী ভালো চার্জিং ব্যাক আপ কেমন সেটাই দেখার বিষয় ডেলিভারি ম্যান ভালো ছিলো,Positive,Delivery;Price;Product Quality,,delivery_positive;price_positive;product_quality_positive,delivery_positive#price_positive#product_quality_positive
53135340838794,আজকে পেয়েছে ভালো কিন্তু সাউন্ড একটু বেশি হলে আরো ভালো হতো এই দামের মধ্যে মোটামুটি ভালো,আজকে পেয়েছে ভালো সাউন্ড আরো ভালো হতো দামের মধ্যে মোটামুটি ভালো,Neutral,Price;Product Quality,,price_neutral;product_quality_neutral,price_neutral#product_quality_neutral
53368191538794,খুবই বাজে কোয়ালিটি আবার ভাঙ্গা প্রোডাক্ট দেওয়া হয়েছে সাউন্ড কোয়ালিটি একদম ভাল না,খুবই বাজে কোয়ালিটি ভাঙ্গা প্রোডাক্ট দেওয়া হয়েছে সাউন্ড কোয়ালিটি একদম ভাল,Negative,Product Quality,Product Quality,product_quality_negative,product_quality_negative
53862488238794,"এতো বাজে পোডাক্ট বেচে এরা,,, আগে একটা নিচি তাতেও এক কানে সমস্যা এটাও এক কানে সমস্যা",এতো বাজে পোডাক্ট বেচে এরা আগে একটা নিচি তাতেও এক কানে সমস্যা এটাও এক কানে সমস্যা,Negative,Product Quality,Product Quality,product_quality_negative,product_quality_negative
53165220738794,"যেটা অডার করছি সেটাই পাইছি খুব ভালো হেডফোন মাএ ২৩৫ টাকা  
দিয়ে। আপনারা নিতে পারেন।",যেটা অডার করছি সেটাই পাইছি খুব ভালো হেডফোন মাএ ২৩৫ টাকা দিয়ে আপনারা নিতে পারেন,Positive,Price;Product Quality,,price_positive;product_quality_positive,price_positive#product_quality_positive
53123135738794,এই প্রাথম কিছু নিলাম বাট প্রাডাক টা খুব ভালো ছিলো এত কম বাজেট এ এতো ভালো প্রাডাক,প্রাথম নিলাম বাট প্রাডাক টা খুব ভালো ছিলো এত বাজেট এ এতো ভালো প্রাডাক,Positive,Price;Product Quality,,price_positive;product_quality_positive,price_positive#product_quality_positive
53667185138794,"ভালো না,,,,চার্জ একদিন ও থাকে না। ফুল চার্জ করলেও চার্জ তাড়াতাড়ি চলে যাই।",ভালো চার্জ একদিন ও ফুল চার্জ করলেও চার্জ তাড়াতাড়ি চলে যাই,Negative,Product Quality,Product Quality,product_quality_negative,product_quality_negative
53969550838794,ইয়ারফোনটি সাউন্ড অনেক সুন্দর এবং জিনিসটি ও অনেক ভালো আপনার নিতে পারেন।,ইয়ারফোনটি সাউন্ড সুন্দর জিনিসটি ও ভালো আপনার নিতে পারেন,Positive,Product Quality,,product_quality_positive,product_quality_positive
51942726438794,সাউন্ড কোয়ালিটি ভালো আছে চার্জ অনেকক্ষণ থাকে আপনারা সবাই নিতে পারেন।,সাউন্ড কোয়ালিটি ভালো চার্জ অনেকক্ষণ আপনারা সবাই নিতে পারেন,Positive,Product Quality,,product_quality_positive,product_quality_positive
53751373538794,আলহামদুলিল্লাহ খুব সুন্দর একটা অরজিনাল জিনিস দেওয়ার জন্য দারাজ কে,আলহামদুলিল্লাহ খুব সুন্দর একটা অরজিনাল জিনিস দেওয়ার দারাজ,Positive,Product Quality,,product_quality_positive,product_quality_positive
52274141338794,"একটু ও ভালো নাহ,নস্ট কোনো আওয়াজ ই আসে না আমার টাকা গুলো বরবাদ😔😔",ও ভালো নাহ নস্ট আওয়াজ ই আসে টাকা গুলো বরবাদ,Negative,Product Quality,Product Quality,product_quality_negative,product_quality_negative
53752078838794,"যেমনটা দেখেছি ঠিক তেমনটাই পেয়েছি,,, দাম হিসেবে ঠিকই আছে,, 🙂🙂🙂",যেমনটা দেখেছি ঠিক তেমনটাই পেয়েছি দাম হিসেবে ঠিকই,Positive,Price;Product Quality,,price_positive;product_quality_positive,price_positive#product_quality_positive
53055474338794,আলহামদুলিল্লাহ যেমনটা চেয়েছিলাম তেমনটাই পেয়েছি সেলার খুব ভালো।,আলহামদুলিল্লাহ যেমনটা চেয়েছিলাম তেমনটাই পেয়েছি সেলার খুব ভালো,Positive,Product Quality;Seller Service,,seller_service_positive;product_quality_positive,seller_service_positive#product_quality_positive
53544626938794,প্রোডাক্টটা মানে ভালো আছে চার্জ কম দেয় আপনারা চাইলে নিতে পারেন,প্রোডাক্টটা মানে ভালো চার্জ দেয় আপনারা চাইলে নিতে পারেন,Positive,Product Quality,,product_quality_positive,product_quality_positive
51466970438794,এইটার শাওন কোয়ালিটি খুবই বাজে এটা কিনার দেখা না কিনাই ভাল ছিল,এইটার শাওন কোয়ালিটি খুবই বাজে এটা কিনার দেখা কিনাই ভাল,Negative,Product Quality,Product Quality,product_quality_negative,product_quality_negative
53117474638794,আজ দুই মাস ধরে ব্যবহার করতেছি কিন্তু এখনো অনেক সুন্দর এবং ভালো,আজ দুই মাস ধরে ব্যবহার করতেছি এখনো সুন্দর ভালো,Positive,Product Quality,,product_quality_positive,product_quality_positive
52577446138794,"অনেক সুন্দর প্রডাক্ট, চাইলে আপনারা নিয়ে ব্যবহার করতে পারেন 😊",সুন্দর প্রডাক্ট চাইলে আপনারা নিয়ে ব্যবহার করতে পারেন,Positive,Product Quality,,product_quality_positive,product_quality_positive
53220119338794,কম দামের ভিতরে ভালো একটা প্রোডাক্ট চাইলে অন্য কেউ নিতে পারেন,দামের ভিতরে ভালো একটা প্রোডাক্ট চাইলে কেউ নিতে পারেন,Positive,Price;Product Quality,,price_positive;product_quality_positive,price_positive#product_quality_positive
53450179938794,ভালো মানের কোয়ালিটি আপনারাও নিতে পারেন ডিজাইনটা অনেক সুন্দর,ভালো মানের কোয়ালিটি আপনারাও নিতে পারেন ডিজাইনটা সুন্দর,Positive,Product Quality,,product_quality_positive,product_quality_positive
52453050938794,"আলহামদুলিল্লাহ প্রোডাক্ট ভালো ছিল
আপনারা চাইলে নিতে পারেন।",আলহামদুলিল্লাহ প্রোডাক্ট ভালো আপনারা চাইলে নিতে পারেন,Positive,Product Quality,,product_quality_positive,product_quality_positive
52533202338794,আলহামদুলিল্লাহ ভালোই 👍 ৬-৭ দিন ব্যবহারের পর রিভিউ দিলাম।,আলহামদুলিল্লাহ ভালোই ৬ ৭ দিন ব্যবহারের রিভিউ দিলাম,Positive,Product Quality,,product_quality_positive,product_quality_positive
53219791838794,আমি যে জিনিসটার অর্ডার দিছি সঠিকভাবে সেই জিনিসটাই পেয়েছি,আমি যে জিনিসটার অর্ডার দিছি সঠিকভাবে সেই জিনিসটাই পেয়েছি,Positive,Product Quality,,product_quality_positive,product_quality_positive
53183483938794,এটি অনেক ভালো প্রোডাক্ট।আপনারা চাইলে কিনতে পারেন।😀😀😀,এটি ভালো প্রোডাক্ট আপনারা চাইলে কিনতে পারেন,Positive,Product Quality,,product_quality_positive,product_quality_positive
52014568338794,অসাধারণ ধন্যবাদ ভাই অনেক ভালো চাইলে আপনার ও নিতে পারেন,অসাধারণ ধন্যবাদ ভাই ভালো চাইলে আপনার ও নিতে পারেন,Positive,Product Quality,,product_quality_positive,product_quality_positive
54485181238794,ভালো একটা প্রোডাক্ট। আমি অনেকদিন যাবত ব্যবহার করিতেছি,ভালো একটা প্রোডাক্ট আমি অনেকদিন যাবত ব্যবহার করিতেছি,Positive,Product Quality,,product_quality_positive,product_quality_positive
53611717438794,দাম অনুযায়ী ঠিক আছে ভালো আছে যেমন দাম তেমন প্রডাক্ট,দাম অনুযায়ী ঠিক ভালো দাম প্রডাক্ট,Positive,Price;Product Quality,,price_positive;product_quality_positive,price_positive#product_quality_positive
53323137138794,এটা দেখতে সুন্দর মনে হয়েছে অসংখ্য ধন্যবাদ আপনাদেরকে,এটা দেখতে সুন্দর মনে হয়েছে অসংখ্য ধন্যবাদ আপনাদেরকে,Positive,Product Quality,,product_quality_positive,product_quality_positive
51894960138794,আলহামদুলিল্লাহ ডেলিভারি ম্যান অনেক আন্তরিক। ধন্যবাদ,আলহামদুলিল্লাহ ডেলিভারি ম্যান আন্তরিক ধন্যবাদ,Positive,Delivery,,delivery_positive,delivery_positive
53045733138794,আলহামদুলিল্লাহ ইনশাআল্লাহ ভালো পেয়েছি আপনারা নিবেন,আলহামদুলিল্লাহ ইনশাআল্লাহ ভালো পেয়েছি আপনারা নিবেন,Positive,Product Quality,,product_quality_positive,product_quality_positive
52350432538794,মাশা-আল্লাহ যেমন চেয়েছি তেমন পেয়েছি আলহামদুলিল্লাহ,মাশা আল্লাহ চেয়েছি পেয়েছি আলহামদুলিল্লাহ,Positive,Product Quality,,product_quality_positive,product_quality_positive
53545558438794,"খুবই ভাল কোয়লিটি সাউন্ড খুব ভাল,আপনারা নিতে পারেন",খুবই ভাল কোয়লিটি সাউন্ড খুব ভাল আপনারা নিতে পারেন,Positive,Product Quality,,product_quality_positive,product_quality_positive
52879418938794,অনেক সুন্দর একটি প্রোডাক্ট আমার খুব পছন্দ হয়েছে,সুন্দর প্রোডাক্ট খুব পছন্দ হয়েছে,Positive,Product Quality,,product_quality_positive,product_quality_positive
53503632238794,ভালো আছে দেখাযাক কত সময় চার্জ ব্যাকাপ পাওয়া যায়,ভালো দেখাযাক কত সময় চার্জ ব্যাকাপ পাওয়া যায়,Positive,Product Quality,,product_quality_positive,product_quality_positive
53358932838794,প্রোডাকটি অনেক ভালো ৫ টি প্রোডাক নিছি সবই ভালো,প্রোডাকটি ভালো ৫ টি প্রোডাক নিছি সবই ভালো,Positive,Product Quality,,product_quality_positive,product_quality_positive
53644981538794,মোটামুটি ভালই। এখন দেখা যাক লাস্টিং করে কতদিন,মোটামুটি ভালই দেখা যাক লাস্টিং কতদিন,Neutral,Product Quality,,product_quality_neutral,product_quality_neutral
54813662838794,"অনেক অনেক ভালো
অনেক অনেক ভালো
অনেক অনেক ভালো",ভালো ভালো ভালো,Positive,Product Quality,,product_quality_positive,product_quality_positive
53664575838794,আলহামদুলিল্লাহ ভালো আর চার্জটা মোটামুটি যায়,আলহামদুলিল্লাহ ভালো চার্জটা মোটামুটি যায়,Positive,Product Quality,,product_quality_positive,product_quality_positive
54733541538794,অনেক ভালো একটি হেডফোন সবাই চাইলে নিতে পারেন,ভালো হেডফোন সবাই চাইলে নিতে পারেন,Positive,Product Quality,,product_quality_positive,product_quality_positive
53277341938794,সুন্দর একটি প্রডাক্ট চাইলে কিন তে পারে🤩🤩,সুন্দর প্রডাক্ট চাইলে কিন তে পারে,Positive,Product Quality,,product_quality_positive,product_quality_positive
53581250038794,প্রোডাক্টি   রেট অনুযায়ী ভালোই কজ করে ✨✨💖,প্রোডাক্টি রেট অনুযায়ী ভালোই কজ,Positive,Price;Product Quality,,price_positive;product_quality_positive,price_positive#product_quality_positive
52301424838794,অনেক ভালো  দিয়েছে।আপনারা চাইলে নিতে পারেন,ভালো দিয়েছে আপনারা চাইলে নিতে পারেন,Positive,Product Quality,,product_quality_positive,product_quality_positive
52340493738794,কম টাকার মধ্যে সেরা প্রোডাক্ট নিতে পারেন,টাকার মধ্যে সেরা প্রোডাক্ট নিতে পারেন,Positive,Price;Product Quality,,price_positive;product_quality_positive,price_positive#product_quality_positive
53683172738794,প্রডাক্টটির দাম অনুযায়ী মোটামুটি ভালো,প্রডাক্টটির দাম অনুযায়ী মোটামুটি ভালো,Neutral,Price;Product Quality,,price_neutral;product_quality_neutral,price_neutral#product_quality_neutral
54252338638794,অনেক সুন্দর। আপনি  সাইলেন্ট নিতে পারেন,সুন্দর আপনি সাইলেন্ট নিতে পারেন,Positive,Product Quality,,product_quality_positive,product_quality_positive
53337351938794,২ দিন হলো হাতে পেলাম। খারাপ না ভালোই।,২ দিন হলো হাতে পেলাম খারাপ ভালোই,Positive,Product Quality,,product_quality_positive,product_quality_positive
52357335338794,আলহামদুলিল্লাহ এটা খুব ভালো পড়েছে 🥰,আলহামদুলিল্লাহ এটা খুব ভালো পড়েছে,Positive,Product Quality,,product_quality_positive,product_quality_positive
52583927938794,"খুব ভালো, এখনো সাউন্ড টেষ্ট করি নাই।",খুব ভালো এখনো সাউন্ড টেষ্ট করি নাই,Positive,Product Quality,,product_quality_positive,product_quality_positive
53045883938794,যেরকম চেয়েছি ঠিক সেরকমই পেয়েছি,যেরকম চেয়েছি ঠিক সেরকমই পেয়েছি,Positive,Product Quality,,product_quality_positive,product_quality_positive
51472013038794,"ভালো।  		(তবে বেইজ কম)
ধন্যবাদ।",ভালো বেইজ ধন্যবাদ,Positive,Product Quality,,product_quality_positive,product_quality_positive
53063046438794,ভালো। তবে চার্জ একটু কম থাকে।,ভালো চার্জ,Positive,Product Quality,,product_quality_positive,product_quality_positive
50986722738794,অনেক সুন্দর একটা এয়ার পট।,সুন্দর একটা এয়ার পট,Positive,Product Quality,,product_quality_positive,product_quality_positive
52409934838794,"যে পরিমান টাকা 
এর থেকে ভালো আশা করা যায় না, 
খারাপ না।",যে পরিমান টাকা এর ভালো আশা যায় খারাপ,Positive,Price;Product Quality,,price_positive;product_quality_positive,price_positive#product_quality_positive
53794320638794,"মোটামু‌টি ভা‌লোই, ত‌বে চার্জ একটু কম থা‌কে",মোটামুটি ভালোই চার্জ,Neutral,Product Quality,,product_quality_neutral,product_quality_neutral
53054080638794,"দারাজ এর কাছ থেকে এরকম আশা করি নাই।এর থেকে বাজে প্রোডাক্ট আমি জীবনে পাই নাই।একেই তো ভাঙ্গা তার ওপর চার্জ ও হচ্ছে না।আর সাউন্ড কোয়ালিটি তে একেবারেই ফালতো।তার পর আবার ডেলিভারি করতে দেরি করেছে অনেক দিন,প্রায় 15 দিন লাগসে।আমি যদি পারতাম তাহলে এই সেলার এর নামে মামলা দিতাম।আর কেউ যদি টাকা দিয়া পো*কিমা*খেতে চাও তাহলে এই প্রোডাক্ট তোমার জন্য",দারাজ এর কাছ এরকম আশা করি নাই এর বাজে প্রোডাক্ট আমি জীবনে পাই নাই একেই তো ভাঙ্গা ওপর চার্জ ও সাউন্ড কোয়ালিটি তে একেবারেই ফালতো ডেলিভারি করতে দেরি করেছে দিন প্রায় 15 দিন লাগসে আমি যদি পারতাম তাহলে সেলার এর নামে মামলা দিতাম কেউ যদি টাকা দিয়া পো কিমা খেতে চাও তাহলে প্রোডাক্ট,Negative,Delivery;Product Quality,Delivery;Product Quality,delivery_negative;product_quality_negative,delivery_negative#product_quality_negative
54582637538794,"এক দম বাজে, ফোন এর সাথে কানেক্টেড ই হয়  না সব টাকা পানিতে গেলো সমস্যা নাই সেইলারএর নামে  জিডি করবো",এক দম বাজে ফোন এর কানেক্টেড ই হয় টাকা পানিতে গেলো সমস্যা নাই সেইলারএর নামে জিডি করবো,Negative,Product Quality,Product Quality,product_quality_negative,product_quality_negative
52613263038794,"প্রোডাক্টটি  অনেক ভালো পেয়েছি। সাউন্ড কলিটি সবকিছু ঠিক আছে। 
এবং ডেলিভারি ম্যান যিনি ছিলেন অল্প সময় প্রোডাক্টটি হ্যান্ডওভার করে গেছেন এবং আচার ব্যবহার অনেক ভালো",প্রোডাক্টটি ভালো পেয়েছি সাউন্ড কলিটি সবকিছু ঠিক ডেলিভারি ম্যান ছিলেন অল্প সময় প্রোডাক্টটি হ্যান্ডওভার আচার ব্যবহার ভালো,Positive,Delivery;Product Quality,,delivery_positive;product_quality_positive,delivery_positive#product_quality_positive
52260803138794,আলহামদুলিল্লাহ প্রোডাক্টটা হাতে পেয়েছে ইউজ করে রিভিউ দিলাম অনেক ভালো মনে প্রোডাক্ট আপনার নিতে পারেন চাইলে,আলহামদুলিল্লাহ প্রোডাক্টটা হাতে পেয়েছে ইউজ রিভিউ দিলাম ভালো মনে প্রোডাক্ট আপনার নিতে পারেন চাইলে,Positive,Product Quality,,product_quality_positive,product_quality_positive
53442234238794,ভালো নিতে পারেন কিন্তু  আপনারা গান শোনার জন্য নিলে ২ ঘন্টা শুনতে পারবেন এমনে নরমাল ব্যবহার করলে৩ ঘন্টা যায়।  দাম হিসেবে ভালো। চাজ হতে সময় লাগে ২ ঘন্টা।,ভালো নিতে পারেন আপনারা গান শোনার নিলে ২ ঘন্টা শুনতে পারবেন এমনে নরমাল ব্যবহার করলে৩ ঘন্টা যায় দাম হিসেবে ভালো চাজ সময় লাগে ২ ঘন্টা,Positive,Price;Product Quality,,price_positive;product_quality_positive,price_positive#product_quality_positive
51858905138794,"এক দম ফালতু একটা প্রোডাক্ট, খুব তাহারই চার্জ শেষ হয়ে যায়, আর এখানে যে 68% চার্জ দেখানো আছে, ২৪ ঘন্টা পরও এই 64% চার্জ দেখা যায়, আমি এই প্রোডাক্টটা রিটার্ন দিতে চাই, এই সব ফালতু দোকান থেকে কেই প্রোডাক্ট কিনে প্রতারিত হবেন না প্লিজ, আমি এই প্রথম কোনো বাটপার এর কাছ থেকে প্রোডাক্ট কিনে প্রতারিত হয়েছি, সবাই এই সব বাটপার, প্রতারকের কাছ থেকে পণ্য কিনা থেকে বিরত থাকবেন, এরা কম দামে প্রোডাক্ট সেল করে মানুষকে হয়রানি করে...😡😡😡",এক দম ফালতু একটা প্রোডাক্ট খুব তাহারই চার্জ শেষ হয়ে যায় যে 68 চার্জ দেখানো ২৪ ঘন্টা পরও 64 চার্জ দেখা যায় আমি প্রোডাক্টটা রিটার্ন দিতে চাই ফালতু দোকান কেই প্রোডাক্ট কিনে প্রতারিত প্লিজ আমি প্রথম বাটপার এর কাছ প্রোডাক্ট কিনে প্রতারিত হয়েছি সবাই বাটপার প্রতারকের কাছ পণ্য কিনা বিরত থাকবেন এরা দামে প্রোডাক্ট সেল মানুষকে হয়রানি,Negative,Product Quality,Product Quality,product_quality_negative,product_quality_negative
52818703038794,"আলহামদুলিল্লাহ খুব দ্রুত ডেলিভারি পাইছি, আর যেমন'টা অর্ডার করলাম তেমন টাই পাইলাম, সাউন্ড কোয়ালিটি ও খুব ভালো, এখন দেখা যাক কয়দিন টিকে",আলহামদুলিল্লাহ খুব দ্রুত ডেলিভারি পাইছি টা অর্ডার করলাম টাই পাইলাম সাউন্ড কোয়ালিটি ও খুব ভালো দেখা যাক কয়দিন টিকে,Positive,Delivery;Product Quality,,delivery_positive;product_quality_positive,delivery_positive#product_quality_positive
54315151838794,আমি এর আগে ২ টা ব্লুটুথ কিনেছিলাম দারাজ থেকে কিন্তু দুই টাই নকল আর খারাপ জিনিস পেয়েছি এই প্রথমবার একটা ভালো ব্লুটুথ পেলাম 🙂 সাউন্ড কোয়ালিটি তো ভালোই আর চার্জ ও মোটামুটি ভালোই থাকে প্রাইজ হিসেবে ভালো। আপনারা চাইলে নিতে পারেন ভাগ্য ভালো থাকলে ভালো জিনিস পাবেন না হলে খারাপ টা পেতে পারেন,আমি এর আগে ২ টা ব্লুটুথ কিনেছিলাম দারাজ দুই টাই নকল খারাপ জিনিস পেয়েছি প্রথমবার একটা ভালো ব্লুটুথ পেলাম সাউন্ড কোয়ালিটি তো ভালোই চার্জ ও মোটামুটি ভালোই প্রাইজ হিসেবে ভালো আপনারা চাইলে নিতে পারেন ভাগ্য ভালো থাকলে ভালো জিনিস পাবেন খারাপ টা পেতে পারেন,Positive,Price;Product Quality,,price_positive;product_quality_positive,price_positive#product_quality_positive
52776008838794,প্রোডাক্ট হাতে পাইছি ঠিক কিন্তু সবচাইতে খারাপ এবং এই রমজান মাসে একটা বাজে প্রোডাক্ট আমাকে দেওয়া হয়েছে প্রোডাক্ট আনার পরে কোন ওপেনই হচ্ছে না আশা করি কাস্টমারকে ভালো কিছু দেওয়ার চেষ্টা করবেন ধন্যবাদ,প্রোডাক্ট হাতে পাইছি ঠিক সবচাইতে খারাপ রমজান মাসে একটা বাজে প্রোডাক্ট দেওয়া হয়েছে প্রোডাক্ট আনার ওপেনই আশা করি কাস্টমারকে ভালো দেওয়ার চেষ্টা করবেন ধন্যবাদ,Negative,Product Quality,Product Quality,product_quality_negative,product_quality_negative
52435236438794,দুইটা প্রোডাক্ট আলহামদুলিল্লাহ ভালো পাইছি না জানি এখন কতদিন লাস্টিং করে বা কেমন থাকে  ইভেন দুইটাই ভালো আছে এখন পর্যন্ত খুব ভালো পাইছি,দুইটা প্রোডাক্ট আলহামদুলিল্লাহ ভালো পাইছি জানি কতদিন লাস্টিং কেমন ইভেন দুইটাই ভালো পর্যন্ত খুব ভালো পাইছি,Positive,Product Quality,,product_quality_positive,product_quality_positive
53159085938794,আমি ব্যবহার করে দেখলাম খুবই ভালো। তবে প্রথমে চার্জ হচ্ছিল না । পরে আমি অন্য চার্জার দিয়ে চার্জ দিয়ে ব্যবহার করছি।,আমি ব্যবহার দেখলাম খুবই ভালো প্রথমে চার্জ হচ্ছিল আমি চার্জার দিয়ে চার্জ দিয়ে ব্যবহার করছি,Positive,Product Quality,,product_quality_positive,product_quality_positive
53534538038794,আলহামদুলিল্লাহ এই প্রোডাক্টটা অনেক সুন্দর এবং সাউন্ড কোয়ালিটি খুব সুন্দর এবং চার্জ দীর্ঘক্ষণই যায়,আলহামদুলিল্লাহ প্রোডাক্টটা সুন্দর সাউন্ড কোয়ালিটি খুব সুন্দর চার্জ দীর্ঘক্ষণই যায়,Positive,Product Quality,,product_quality_positive,product_quality_positive
54044737338794,"আলহামদুলিল্লাহ, কম দামের ভিতরে মোটামুটি ভালো একটি প্রোডাক্ট। চাজ একটু কম টিকে, আর কোন সমস্যা নাই।",আলহামদুলিল্লাহ দামের ভিতরে মোটামুটি ভালো প্রোডাক্ট চাজ টিকে সমস্যা নাই,Neutral,Price;Product Quality,,price_neutral;product_quality_neutral,price_neutral#product_quality_neutral
52053279238794,"বেশি কিছু বলব না, ডেলিভারি ম্যানের ব্যবহার অত্যন্ত ভালো, ঠিকঠাক মতো প্রোডাক্ট বুঝিয়ে দিয়েছে।",বলব ডেলিভারি ম্যানের ব্যবহার অত্যন্ত ভালো ঠিকঠাক প্রোডাক্ট বুঝিয়ে দিয়েছে,Positive,Delivery,,delivery_positive,delivery_positive
51735727738794,এয়ারবাডস টিকঠাক পাইছি মোবাইলে চাজ ওও দেওয়া জাই ডেলিভারি ম্যান খুব আন্তরিক ধন্যবাদ ডারাজকে 📌,এয়ারবাডস টিকঠাক পাইছি মোবাইলে চাজ ওও দেওয়া জাই ডেলিভারি ম্যান খুব আন্তরিক ধন্যবাদ ডারাজকে,Positive,Delivery;Product Quality,,delivery_positive;product_quality_positive,delivery_positive#product_quality_positive
53449681538794,"ভালো আছে সাউন্ড কোয়ালিটি অত্যন্ত ভালো, ব্যবহারের পর বুঝা যাবে ব্যাটারি কতক্ষণ থাকে ধন্যবাদ",ভালো সাউন্ড কোয়ালিটি অত্যন্ত ভালো ব্যবহারের বুঝা যাবে ব্যাটারি কতক্ষণ ধন্যবাদ,Positive,Product Quality,,product_quality_positive,product_quality_positive
52753718138794,দারাজ সব সময় বিশ্বাসযোগ্য হয় আমি এম টেন নিয়েছে আলহামদুলিল্লাহ সাউন্ড কোয়ালিটি অনেক ভালো,দারাজ সময় বিশ্বাসযোগ্য হয় আমি এম টেন নিয়েছে আলহামদুলিল্লাহ সাউন্ড কোয়ালিটি ভালো,Positive,Product Quality,,product_quality_positive,product_quality_positive
53458373538794,পার্সেলটা অনেক ভালো চাইলে আপনারা নিতে পারেন এটাই অনেক আওয়াজ দে সাউন্ড কোয়ালিটি অনেক ভালো,পার্সেলটা ভালো চাইলে আপনারা নিতে পারেন এটাই আওয়াজ দে সাউন্ড কোয়ালিটি ভালো,Positive,Product Quality,,product_quality_positive,product_quality_positive
52256712038794,"মোটামুটি ভালো কিন্তু পাওয়ার ব্যাংক টি একটু নরমাল, কিন্তু প্রাইজ হিসেবে খারাপ না ভালোই",মোটামুটি ভালো পাওয়ার ব্যাংক টি নরমাল প্রাইজ হিসেবে খারাপ ভালোই,Positive,Price;Product Quality,,price_positive;product_quality_neutral,price_positive#product_quality_neutral
51649290838794,"তেমন একটা ভালো না,, সাউন্ড কোয়ালিটি মোটামুটি ভালো। কিন্তু চার্জে দিয়ে চালু করতে হয়।",একটা ভালো সাউন্ড কোয়ালিটি মোটামুটি ভালো চার্জে দিয়ে চালু করতে হয়,Negative,Product Quality,Product Quality,product_quality_negative,product_quality_negative
54199901638794,অনেক সুন্দর একটা প্রোডাক্ট।  ধন্যবাদ এত কম দামে এত সুন্দর ও প্রোডাক্ট দেওয়ার জন্য,সুন্দর একটা প্রোডাক্ট ধন্যবাদ এত দামে এত সুন্দর ও প্রোডাক্ট দেওয়ার,Positive,Price;Product Quality,,price_positive;product_quality_positive,price_positive#product_quality_positive
52259862438794,ইনশাল্লাহ  হাতে পেয়েছি অনেক ভালো প্রোডাক্ট নিতে পারেন ডেলিভারি ম্যান অনেক ভালো ছিল,ইনশাল্লাহ হাতে পেয়েছি ভালো প্রোডাক্ট নিতে পারেন ডেলিভারি ম্যান ভালো,Positive,Delivery;Product Quality,,delivery_positive;product_quality_positive,delivery_positive#product_quality_positive
51752792338794,"আমি মনে করি,  এই প্রোডাকট আরেকটু আপডেট করে মার্কেটে ছাড়া উচিত 🥲 ভালো জিনিস বেচুন😎",আমি মনে করি প্রোডাকট আরেকটু আপডেট মার্কেটে ছাড়া উচিত ভালো জিনিস বেচুন,Neutral,Product Quality,,product_quality_neutral,product_quality_neutral
53710431438794,"খুব তারাতারি পেয়েছি ধন্যবাদ দারাজকে, ধন্যবাদ সেলারকে, ধন্যবাদ ডেলিভারি ম্যানকে ♥♥",খুব তারাতারি পেয়েছি ধন্যবাদ দারাজকে ধন্যবাদ সেলারকে ধন্যবাদ ডেলিভারি ম্যানকে,Positive,Delivery,,delivery_positive,delivery_positive
52049850938794,প্রোডাক্ট টা ভালো। কোন প্রকার সমস্যা নেই। দাম ও কম প্রয়োজন হলে নিতে পারেন....,প্রোডাক্ট টা ভালো প্রকার সমস্যা নেই দাম ও প্রয়োজন নিতে পারেন,Positive,Price;Product Quality,,price_positive;product_quality_positive,price_positive#product_quality_positive
53101144038794,হ্যাঁ এটাও খুব তাড়াতাড়ি পাইছি একদিনের ভিতর সব পেয়ে গেছি ভালো প্রোডাক্ট,হ্যাঁ এটাও খুব তাড়াতাড়ি পাইছি একদিনের ভিতর পেয়ে গেছি ভালো প্রোডাক্ট,Positive,Delivery;Product Quality,,delivery_positive;product_quality_positive,delivery_positive#product_quality_positive
53377086738794,"খুব ভালো হাতে পেয়ে খুব ভালো লাগছে। আমরা তিন বন্ধু তিনটা নিয়েছি
সব ঠিকঠাক",খুব ভালো হাতে পেয়ে খুব ভালো লাগছে তিন বন্ধু তিনটা নিয়েছি ঠিকঠাক,Positive,Product Quality,,product_quality_positive,product_quality_positive
51581543438794,প্রোডাক্টটা ভালো পাইছি আপনারা চাইলে নিতে পারেন দুই দিনের ভিতর হাতে পাইছি,প্রোডাক্টটা ভালো পাইছি আপনারা চাইলে নিতে পারেন দুই দিনের ভিতর হাতে পাইছি,Positive,Delivery;Product Quality,,delivery_positive;product_quality_positive,delivery_positive#product_quality_positive
53002868538794,"একদম বাজে প্রোডাক্ট।৷ কোয়ালিটি অনেক খারাপ। বিশ্বাস, টাকা ও সময় সবই নষ্ট।",একদম বাজে প্রোডাক্ট ৷ কোয়ালিটি খারাপ বিশ্বাস টাকা ও সময় সবই নষ্ট,Negative,Product Quality,Product Quality,product_quality_negative,product_quality_negative
54142545138794,"মাশা-আল্লাহ খুব ভালো একটা প্রোডাক্ট,,,,,।আমি অনেক গুলো অর্ডার দিয়েছি।",মাশা আল্লাহ খুব ভালো একটা প্রোডাক্ট আমি গুলো অর্ডার দিয়েছি,Positive,Product Quality,,product_quality_positive,product_quality_positive
53636134438794,কম দামের মধ্যে খুব সুন্দর একটি প্রোডাক্ট খুব ভালো সার্ভিস দিচ্ছে।,দামের মধ্যে খুব সুন্দর প্রোডাক্ট খুব ভালো সার্ভিস দিচ্ছে,Positive,Price;Product Quality,,price_positive;product_quality_positive,price_positive#product_quality_positive
53427394938794,ভালো মানের পণ্য। এক দিনের মধ্যেই পেয়েগেছি ডেলিভারি বয় ভালো ছিল,ভালো মানের পণ্য এক দিনের মধ্যেই পেয়েগেছি ডেলিভারি বয় ভালো,Positive,Delivery;Product Quality,,delivery_positive;product_quality_positive,delivery_positive#product_quality_positive
52674961738794,"খুবই ভাল একটা প্রডাক্ট,,,ডেলিভারি ম্যানের ব্যাবহারটাও অনেক ভালো",খুবই ভাল একটা প্রডাক্ট ডেলিভারি ম্যানের ব্যাবহারটাও ভালো,Positive,Delivery;Product Quality,,delivery_positive;product_quality_positive,delivery_positive#product_quality_positive
52771318338794,অনেক সুন্দর পন্য! নতুন এবং অথেনটিক। দাম অনুযায়ী অনেক ভালো ❤️‍🩹,সুন্দর পন্য নতুন অথেনটিক দাম অনুযায়ী ভালো,Positive,Price;Product Quality,,price_positive;product_quality_positive,price_positive#product_quality_positive
51868931538794,আলহামদুলিল্লাহ  ভোট্রাকটি অনেক ভালো হয়েছে এবং দ্রুত পেয়েছি,আলহামদুলিল্লাহ ভোট্রাকটি ভালো হয়েছে দ্রুত পেয়েছি,Positive,Delivery;Product Quality,,delivery_positive;product_quality_positive,delivery_positive#product_quality_positive
54740235338794,প্রোডাক্টটা অনেক ভালো ছিল এবং সার্ভিস প্রোভাইডার ও খুব ভালো,প্রোডাক্টটা ভালো সার্ভিস প্রোভাইডার ও খুব ভালো,Positive,Product Quality;Seller Service,,seller_service_positive;product_quality_positive,seller_service_positive#product_quality_positive
52593443638794,মাল গুলো অনেক ভালো। ডেলিভারি ম্যানের ব্যবহার অনেক ভালো। মাল গুলো সময় মতো হাতে পেয়ে আমি খুব খুশি হয়েছি,মাল গুলো ভালো ডেলিভারি ম্যানের ব্যবহার ভালো মাল গুলো সময় হাতে পেয়ে আমি খুব খুশি হয়েছি,Positive,Delivery;Product Quality,,delivery_positive;product_quality_positive,delivery_positive#product_quality_positive
54704355638794,আলহামদুলিল্লাহ খুব ভালো প্রোডাক্ট আপনারা চাইলে কিনতে পারেন,আলহামদুলিল্লাহ খুব ভালো প্রোডাক্ট আপনারা চাইলে কিনতে পারেন,Positive,Product Quality,,product_quality_positive,product_quality_positive
53148075438794,"সাউন্ড কোয়ালিটি অনেক ভালো, চার্জ ও ভালো থাকে। ভালো 👍👍👍👍",সাউন্ড কোয়ালিটি ভালো চার্জ ও ভালো ভালো,Positive,Product Quality,,product_quality_positive,product_quality_positive
53380947938794,যথেষ্ট সুন্দর কোয়ালিটি ও গুনগত মান সম্মত ধন্যবাদ আপনাদেরকে,যথেষ্ট সুন্দর কোয়ালিটি ও গুনগত মান সম্মত ধন্যবাদ আপনাদেরকে,Positive,Product Quality,,product_quality_positive,product_quality_positive
52970426738794,"এই দামে সেরা পণ্য,, আমার রাইডার ভাই অনেক ভালো মনের মানুষ ।",দামে সেরা পণ্য রাইডার ভাই ভালো মনের মানুষ,Positive,Price;Product Quality;Seller Service,,seller_service_positive;price_positive;product_quality_positive,seller_service_positive#price_positive#product_quality_positive
54164106738794,এই দামের মধ্যে অসাধারণ হেডফোন সাউন্ড কোয়ালিটি অনেক ভালো,দামের মধ্যে অসাধারণ হেডফোন সাউন্ড কোয়ালিটি ভালো,Positive,Price;Product Quality,,price_positive;product_quality_positive,price_positive#product_quality_positive
53593943838794,ভালো ভালো প্রোডাক্ট র ঠিক আছে সবকিছু ঠিক আছে নিতে পারেন,ভালো ভালো প্রোডাক্ট র ঠিক সবকিছু ঠিক নিতে পারেন,Positive,Product Quality,,product_quality_positive,product_quality_positive
52789505438794,পণ্য পাইছি পণ্য ভালো আছে চলতেছে বলতে পারি না কতদিন যাবে,পণ্য পাইছি পণ্য ভালো চলতেছে বলতে পারি কতদিন যাবে,Positive,Product Quality,,product_quality_positive,product_quality_positive
52589125738794,অনেক ভালো কিন্তু ডেলিভারি চার্জ দিয়ে অনেক দাম পরে যায়,ভালো ডেলিভারি চার্জ দিয়ে দাম যায়,Neutral,Price;Product Quality,Price,price_negative;product_quality_positive,price_negative#product_quality_positive
51803622338794,অনেক সুন্দর একটা এয়ারপোর্ট পাইলাম ধন্যবাদ দারাজ 🥰🥰,সুন্দর একটা এয়ারপোর্ট পাইলাম ধন্যবাদ দারাজ,Positive,Product Quality,,product_quality_positive,product_quality_positive
51743423838794,চার্জিং বেকাফ ভালো না। কিন্তু এই দামের মধ্যে ঠিক আছে,চার্জিং বেকাফ ভালো দামের মধ্যে ঠিক,Neutral,Price;Product Quality,,price_neutral;product_quality_neutral,price_neutral#product_quality_neutral
54297049438794,আলহামদুলিল্লাহ যেমনটা অর্ডার করেছিলাম তেমনটি পেয়েছি।,আলহামদুলিল্লাহ যেমনটা অর্ডার করেছিলাম তেমনটি পেয়েছি,Positive,Product Quality,,product_quality_positive,product_quality_positive
53433529738794,ধন্যবাদ সেলার কে যেমনটা চাইছিলাম ঠিক তেমনটাই পাইছি।,ধন্যবাদ সেলার যেমনটা চাইছিলাম ঠিক তেমনটাই পাইছি,Positive,Product Quality,,product_quality_positive,product_quality_positive
53903046338794,"আমার কাছে খুব  ভালো লেগেছে,  কেউ চাইলে নিতে  পারেন!",কাছে খুব ভালো লেগেছে কেউ চাইলে নিতে পারেন,Positive,Product Quality,,product_quality_positive,product_quality_positive
54974247538794,অনেক অনেক ভালো হয়েছে হেডফোনটি থ্যাঙ্ক ইউ দারাজ টিম,ভালো হয়েছে হেডফোনটি থ্যাঙ্ক ইউ দারাজ টিম,Positive,Product Quality,,product_quality_positive,product_quality_positive
52465936038794,"একদম বাজে প্রোডাক্ট 
মানুষ ঠকানো ছাড়া অন্য কিছু না",একদম বাজে প্রোডাক্ট মানুষ ঠকানো ছাড়া,Negative,Product Quality,Product Quality,product_quality_negative,product_quality_negative
52145111338794,আলহামদুলিল্লাহ যেমনটা চেয়েছি ঠিক তেমনটাই পাইলাম,আলহামদুলিল্লাহ যেমনটা চেয়েছি ঠিক তেমনটাই পাইলাম,Positive,Product Quality,,product_quality_positive,product_quality_positive
53989422838794,এটা হচ্ছে কম দামে খুবই হাইফাই জিনিস আর কিছু বলবেন,এটা দামে খুবই হাইফাই জিনিস বলবেন,Positive,Price;Product Quality,,price_positive;product_quality_positive,price_positive#product_quality_positive
51453114738794,"দাম অনুযায়ী ঠিক আছে, 
তবে প্যাকিংটা সুন্দর ছিল",দাম অনুযায়ী ঠিক প্যাকিংটা সুন্দর,Positive,Packaging;Price;Product Quality,,packaging_positive;price_neutral;product_quality_neutral,packaging_positive#price_neutral#product_quality_neutral
54476213838794,মোটামুটি ভালো আছে। চার্জ থাকে ও সবকিছু কাজ করে,মোটামুটি ভালো চার্জ ও সবকিছু কাজ,Neutral,Product Quality,,product_quality_neutral,product_quality_neutral
54512004738794,দাম অনুযায়ী প্রোডাক্টের সাউন্ড কোয়ালিটি  ভালো।,দাম অনুযায়ী প্রোডাক্টের সাউন্ড কোয়ালিটি ভালো,Positive,Price;Product Quality,,price_positive;product_quality_positive,price_positive#product_quality_positive
52338879638794,কেও এটা নিবেন্না এক বারও চাজ করা জাই না.. 😭😭,কেও এটা নিবেন্না এক বারও চাজ জাই,Negative,Product Quality,Product Quality,product_quality_negative,product_quality_negative
54763557338794,এখান থেকে কেউ এয়ারবাড নিবেন না আমাকে নষ্ট দিছে,এখান কেউ এয়ারবাড নিবেন নষ্ট দিছে,Negative,Product Quality,Product Quality,product_quality_negative,product_quality_negative
54025914838794,"দেখে ভালোই মনে হচ্ছে, এখন দেখা যাক কতদিন চলে।",দেখে ভালোই মনে দেখা যাক কতদিন চলে,Positive,Product Quality,,product_quality_positive,product_quality_positive
54143547838794,মোটামুটি ভালো কিন্তু সাউন্ড কোয়ালিটি একটু কম,মোটামুটি ভালো সাউন্ড কোয়ালিটি,Neutral,Product Quality,,product_quality_neutral,product_quality_neutral
54815251538794,এটি একটা ফেইক প্রাদাক্ট আর মধ্যে একটি নষ্ট।,এটি একটা ফেইক প্রাদাক্ট মধ্যে নষ্ট,Negative,Product Quality,Product Quality,product_quality_negative,product_quality_negative
53714215238794,অনেক ভালো লেগেছে আমি ব্যবহার করে দেখলাম,ভালো লেগেছে আমি ব্যবহার দেখলাম,Positive,Product Quality,,product_quality_positive,product_quality_positive
52612996838794,প্রোডাক্টটা ভালো লাগছে না চার্জ কম থাকে,প্রোডাক্টটা ভালো লাগছে চার্জ,Negative,Product Quality,Product Quality,product_quality_negative,product_quality_negative
52396836738794,"মুটামুটি ভালো আছে 

কম দামের মধ্যে ভালো",মুটামুটি ভালো দামের মধ্যে ভালো,Positive,Price;Product Quality,,price_positive;product_quality_neutral,price_positive#product_quality_neutral
52456540438794,"ভালোই,দাম অনুযায়ী ভালোই ধন্যবাদ দারাজ ❤️",ভালোই দাম অনুযায়ী ভালোই ধন্যবাদ দারাজ,Positive,Price;Product Quality,,price_positive;product_quality_positive,price_positive#product_quality_positive
53515790738794,দাম অনুযায়ী প্রোডাক্ট ঠিক আছে খুব ভালো,দাম অনুযায়ী প্রোডাক্ট ঠিক খুব ভালো,Positive,Price;Product Quality,,price_positive;product_quality_positive,price_positive#product_quality_positive
52348848238794,মাশাল্লাহ অত্যন্ত সুন্দর অত্যন্ত সুন্দর,মাশাল্লাহ অত্যন্ত সুন্দর অত্যন্ত সুন্দর,Positive,Product Quality,,product_quality_positive,product_quality_positive
52153305838794,ফালতু জিনিস একদমই চলে না কেউ কিনবেন না,ফালতু জিনিস একদমই চলে কেউ কিনবেন,Negative,Product Quality,Product Quality,product_quality_negative,product_quality_negative
54511517838794,ভালো  দামে বেস্ট একটি প্রোড নিতে পারেন,ভালো দামে বেস্ট প্রোড নিতে পারেন,Positive,Price;Product Quality,,price_positive;product_quality_positive,price_positive#product_quality_positive
54546933638794,"অনেক ভালো জিনিস, খুব কম দামে পেয়েছি।",ভালো জিনিস খুব দামে পেয়েছি,Positive,Price;Product Quality,,price_positive;product_quality_positive,price_positive#product_quality_positive
53245603438794,দাম অনুযায়ী মোটামুটি ঠিকই আছে ভালো,দাম অনুযায়ী মোটামুটি ঠিকই ভালো,Neutral,Price;Product Quality,,price_neutral;product_quality_neutral,price_neutral#product_quality_neutral
53310139238794,আলহামদুলিল্লাহ দাম অনুযায়েন ঠিক আছে,আলহামদুলিল্লাহ দাম অনুযায়েন ঠিক,Positive,Price;Product Quality,,price_positive;product_quality_positive,price_positive#product_quality_positive
51955067038794,"ভালো প্রোডাক্ট, ২ ঘন্টা চার্জ থাকে।",ভালো প্রোডাক্ট ২ ঘন্টা চার্জ,Positive,Product Quality,,product_quality_positive,product_quality_positive
53337747638794,"আলহামদুলিল্লাহ এখন অব্দি ঠিক আছে,,,",আলহামদুলিল্লাহ অব্দি ঠিক,Positive,Product Quality,,product_quality_positive,product_quality_positive
52129234138794,"ভালো ছিলো।
কোন ধরনের সমস্যা পাই নি।",ভালো ছিলো ধরনের সমস্যা পাই নি,Positive,Product Quality,,product_quality_positive,product_quality_positive
52095269538794,এটার সাউন্ড কোয়ালিটি বেষ্ট ছিল😍😍,এটার সাউন্ড কোয়ালিটি বেষ্ট,Positive,Product Quality,,product_quality_positive,product_quality_positive
52578504938794,অনেক সুন্দর হয়েছে ধন্যবাদ দারাজকে,সুন্দর হয়েছে ধন্যবাদ দারাজকে,Positive,Product Quality,,product_quality_positive,product_quality_positive
53737530338794,এতো কম টাকায় খুব সুন্দর জিনিস,এতো টাকায় খুব সুন্দর জিনিস,Positive,Price;Product Quality,,price_positive;product_quality_positive,price_positive#product_quality_positive
54406914438794,পপ্রোডাকটা অনেক ভালো চাজ থাকে,পপ্রোডাকটা ভালো চাজ,Positive,Product Quality,,product_quality_positive,product_quality_positive
51965788238794,দাম হিসাবে খুব খুব খুবই ভালো,দাম হিসাবে খুব খুব খুবই ভালো,Positive,Price;Product Quality,,price_positive;product_quality_positive,price_positive#product_quality_positive
53612116238794,"এক কান নস্ট
ভালো না",এক কান নস্ট ভালো,Negative,Product Quality,Product Quality,product_quality_negative,product_quality_negative
51756608838794,ভালো না এক কান চলে আরেক কান চলে না,ভালো এক কান চলে আরেক কান চলে,Negative,Product Quality,Product Quality,product_quality_negative,product_quality_negative
53737202838794,ভালো কিন্তু চাজ একটু কম থাকে,ভালো চাজ,Positive,Product Quality,,product_quality_positive,product_quality_positive
53739963338794,"আগে ব্যবহার করে ভালো সার্ভিস পেয়েছি কিন্তু এইবার এর টা মোটেও ভালো নাহ, বাম কানের টা চার্জ থাকে না,,খুবই হতাশ জনক, ডান কানের টা আছে মোটামুটি
হতাশ হয়ে গেলাম",আগে ব্যবহার ভালো সার্ভিস পেয়েছি এইবার এর টা মোটেও ভালো নাহ বাম কানের টা চার্জ খুবই হতাশ জনক ডান কানের টা মোটামুটি হতাশ হয়ে গেলাম,Negative,Product Quality,Product Quality,product_quality_negative,product_quality_negative
52436649438794,"দয়া করে কেও ওডার দিবেন না
এক কান নস্ট চালু হয় না,
টাকাই নস্ট",দয়া কেও ওডার দিবেন এক কান নস্ট চালু হয় টাকাই নস্ট,Negative,Product Quality,Product Quality,product_quality_negative,product_quality_negative
54922119738794,"একদম বাজে 
কাজই করে না 
পু*ক মারা খাইলে নিতে পারেন",একদম বাজে কাজই পু ক মারা খাইলে নিতে পারেন,Negative,Product Quality,Product Quality,product_quality_negative,product_quality_negative
54565129438794,"ভাঙ্গা প্রোডাক্ট দিছে, একেবার বাজে, কেউ কিনবেন না",ভাঙ্গা প্রোডাক্ট দিছে একেবার বাজে কেউ কিনবেন,Negative,Product Quality,Product Quality,product_quality_negative,product_quality_negative
52621777038794,"জঘন্য!
নকল প্রোডাক্ট।
কেউ ঠকতে চাইলে নিতে পারেন।",জঘন্য নকল প্রোডাক্ট কেউ ঠকতে চাইলে নিতে পারেন,Negative,Product Quality,Product Quality,product_quality_negative,product_quality_negative
53196236338794,"মোটামুটি ভালো,  কিন্তু চার্জ বেশি সময় থাকে না",মোটামুটি ভালো চার্জ সময়,Neutral,Product Quality,,product_quality_neutral,product_quality_neutral
53381720738794,কেউ চাইলে নিতে পারেন ভালোই চলে,কেউ চাইলে নিতে পারেন ভালোই চলে,Positive,Product Quality,,product_quality_positive,product_quality_positive
51932182038794,খুব বাজে হেড ফোন! অন ই হয় না।,খুব বাজে হেড ফোন অন ই হয়,Negative,Product Quality,Product Quality,product_quality_negative,product_quality_negative
54119072338794,সবথেকে বাজে কাজ করে না,সবথেকে বাজে কাজ,Negative,Product Quality,Product Quality,product_quality_negative,product_quality_negative
51953334849121,"ব্যাটারিতে ১০০% চার্জ তাও বাডস্ গুলাতে চার্জ নেয় না, টানা ৩ ঘন্টা চার্যে বসিয়েও এক ফোটাও চার্জ হয়নি

জানিনা বেছে বেছে খারাপটাই আমার ভাগ্যে পড়ছে কি না, বাট আমি এই সার্ভিসে মোটেও সন্তুষ্ট নই",ব্যাটারিতে ১০০ চার্জ তাও বাডস্ গুলাতে চার্জ নেয় টানা ৩ ঘন্টা চার্যে বসিয়েও এক ফোটাও চার্জ হয়নি জানিনা বেছে বেছে খারাপটাই ভাগ্যে পড়ছে বাট আমি সার্ভিসে মোটেও সন্তুষ্ট নই,Negative,Product Quality,Product Quality,product_quality_negative,product_quality_negative
54897385549121,দেখে মনে করেছিলাম ভালো। কিন্তু খারাপ। বাম পাশের ইয়ারবাড চলে না৷ কালকে পেয়েছি হাতে৷  কালকে থেকেই এমন।,দেখে মনে করেছিলাম ভালো খারাপ বাম পাশের ইয়ারবাড চলে না৷ কালকে পেয়েছি হাতে৷ কালকে থেকেই,Negative,Product Quality,Product Quality,product_quality_negative,product_quality_negative
54439505549121,"আলহামদুলিল্লাহ ছবিতে যা দেখা যাচ্ছে  তাই পেয়েছি
আজ দুই দিন হল ব্যবহার করতেছি একটা ব্লুটুথ ২ ঘন্টা চলে",আলহামদুলিল্লাহ ছবিতে দেখা যাচ্ছে তাই পেয়েছি আজ দুই দিন হল ব্যবহার করতেছি একটা ব্লুটুথ ২ ঘন্টা চলে,Positive,Product Quality,,product_quality_positive,product_quality_positive
53846858949121,"খুবই সুন্দর একটি প্রডাক্ট 
দাম অনুযায়ী অসাধারণ ব্লুটুথ ফাই  হেঁট ফোন 
ডেলিভারিতে মইন ভাই খুবই ভালো মা,,,,,,,,,,,,,❤️❤️❤️❤️❤️❤️আপনারা চাইলে নিতে পারেন",খুবই সুন্দর প্রডাক্ট দাম অনুযায়ী অসাধারণ ব্লুটুথ ফাই হেঁট ফোন ডেলিভারিতে মইন ভাই খুবই ভালো মা আপনারা চাইলে নিতে পারেন,Positive,Product Quality,,product_quality_positive,product_quality_positive
53077243449121,"এটা কি দিলেন,একটা চলে আর একটা চলে না,চার্জ ও হয়না,আপনারদের উচিৎ ছিলো চেক করে দেওয়া,এভাবে জিনিস পাঠালে তো আপনার ব্যাবসার রেপুটেশন নষ্ট হবে,ভাবলাম যে দেখি ঠিক করা যায় কিনা, দোকানে নিয়ে গেলাম বললো যে ব্যটারি নষ্ট একটা ব্যটারি ৮০ টাকা চায় এটা কে দিবে এখন,,জিনিস দেওয়ার আগে পরিক্ষা করে পাঠানো উচিৎ ছিলো আপনাদের,,,ধিক্কার জানায় আপনাদের",এটা একটা চলে একটা চলে চার্জ ও হয়না আপনারদের উচিৎ ছিলো চেক দেওয়া এভাবে জিনিস পাঠালে তো আপনার ব্যাবসার রেপুটেশন নষ্ট ভাবলাম যে দেখি ঠিক যায় কিনা দোকানে নিয়ে গেলাম বললো যে ব্যটারি নষ্ট একটা ব্যটারি ৮০ টাকা চায় এটা দিবে জিনিস দেওয়ার আগে পরিক্ষা পাঠানো উচিৎ ছিলো আপনাদের ধিক্কার জানায় আপনাদের,Negative,Product Quality,Product Quality,product_quality_negative,product_quality_negative
52768278149121,সবগুলো জিনিসই খুব সুন্দর হয়েছে আমার খুব পছন্দ হয়েছে ধন্যবাদ সেলার কে সুন্দরভাবে প্যাকিং করে দেওয়ার জন্য নিখুঁতভাবে সবগুলো প্রোডাক্ট আমার হাতে পৌঁছে দেয়ার জন্য ধন্যবাদ,সবগুলো জিনিসই খুব সুন্দর হয়েছে খুব পছন্দ হয়েছে ধন্যবাদ সেলার সুন্দরভাবে প্যাকিং দেওয়ার নিখুঁতভাবে সবগুলো প্রোডাক্ট হাতে পৌঁছে দেয়ার ধন্যবাদ,Positive,Packaging;Product Quality,,packaging_positive;product_quality_positive,packaging_positive#product_quality_positive
54123170349121,তাদের প্যাকেটিং কোয়ালিটি খুব খারাপ হয়ে গেছে। বক্স ব্যবহার করলে অনেক ভালো হতো। অনেক জায়গায় চাপ পড়ে কুচকে গেছে। সাউন্ড কোয়ালিটি মোটামুটি ভালই এই দামে। একবার চার্জ দিয়ে ২ ঘন্টা মতো ব্যাকাপ পাওয়া যাবে মনে হচ্ছে। সব মিলিয়ে ১০/৯ দেওয়া যাবে।,প্যাকেটিং কোয়ালিটি খুব খারাপ হয়ে বক্স ব্যবহার করলে ভালো হতো জায়গায় চাপ পড়ে কুচকে সাউন্ড কোয়ালিটি মোটামুটি ভালই দামে একবার চার্জ দিয়ে ২ ঘন্টা ব্যাকাপ পাওয়া যাবে মনে মিলিয়ে ১০ ৯ দেওয়া যাবে,Positive,Packaging;Price;Product Quality,Packaging,packaging_negative;price_positive;product_quality_positive,packaging_negative#price_positive#product_quality_positive
52667125049121,"মাশাআল্লাহ, তিন পিস নিয়েছি। সাউন্ড কোয়ালিটি অসাধারণ। বেজ অনেক সুন্দর। চার্জ থাকে সন্তোষজনক। 
অল্প দামে বেস্ট প্রোডাক্ট। জাযাকাল্লাহু খাইরান।",মাশাআল্লাহ তিন পিস নিয়েছি সাউন্ড কোয়ালিটি অসাধারণ বেজ সুন্দর চার্জ সন্তোষজনক অল্প দামে বেস্ট প্রোডাক্ট জাযাকাল্লাহু খাইরান,Positive,Price;Product Quality,,price_positive;product_quality_positive,price_positive#product_quality_positive
54049746449121,"খুব বাজে একটা প্রডাক্ট। চার্জ খুবই অল্প থাকে। সুতরাং যারা নিবেন দেখে শুনে বুঝে নিবেন। আমার সাথে এমন ঘটনা ঘটছে এজন্য আমি এইভাবে রিভিউ দিতেছি। ডান পাশের এয়ার বাটে চার্জ থাকে না বললেই চলে।,,,",খুব বাজে একটা প্রডাক্ট চার্জ খুবই অল্প যারা নিবেন দেখে শুনে বুঝে নিবেন ঘটনা ঘটছে এজন্য আমি এইভাবে রিভিউ দিতেছি ডান পাশের এয়ার বাটে চার্জ বললেই চলে,Negative,Product Quality,Product Quality,product_quality_negative,product_quality_negative
53872528249121,"পন্যটা যেমন চলছে তেমন পেয়েছি আপনারা চাইনে নিতে পারেন শাওনট  
এটা রিভিউ অনেক ভালো দাঁড়াজ কে
 অনেক ধন্যবাদ এরকম পণ্য দেওয়ার জন্য",পন্যটা চলছে পেয়েছি আপনারা চাইনে নিতে পারেন শাওনট এটা রিভিউ ভালো দাঁড়াজ ধন্যবাদ এরকম পণ্য দেওয়ার,Positive,Product Quality,,product_quality_positive,product_quality_positive
54414633949121,টি ডব্লিউ এস টি আমি প্রায় এক সপ্তাহের মতন ব্যবহার করে যেটি দেখলাম দাম অনুযায়ী এর চেয়ে বেশি আশা করা যায় না মোটামুটি ভালো,টি ডব্লিউ এস টি আমি প্রায় এক সপ্তাহের মতন ব্যবহার যেটি দেখলাম দাম অনুযায়ী এর চেয়ে আশা যায় মোটামুটি ভালো,Neutral,Price;Product Quality,,price_neutral;product_quality_neutral,price_neutral#product_quality_neutral
53065584349121,আলহামদুলিল্লাহ আমার প্রোডাক্টা অনেক ভালো পেয়েছি। আপনারা চাইলে কিনতে পারেন কিন্তু আমার সেলার বেশি ভালো ছিলো না,আলহামদুলিল্লাহ প্রোডাক্টা ভালো পেয়েছি আপনারা চাইলে কিনতে পারেন সেলার ভালো ছিলো,Neutral,Product Quality;Seller Service,Seller Service,seller_service_negative;product_quality_positive,seller_service_negative#product_quality_positive
53600932849121,এখন চার্জের ব্যাকআপ টা কেমন হয় এটা হচ্ছে দেখার বিষয়।।। আলহামদুলিল্লাহ প্রোডাক্ট যেমন দেখেছিলাম তেমনি হয়েছে,চার্জের ব্যাকআপ টা কেমন হয় এটা দেখার বিষয় আলহামদুলিল্লাহ প্রোডাক্ট দেখেছিলাম তেমনি হয়েছে,Positive,Product Quality,,product_quality_positive,product_quality_positive
52998092849121,"প্রায় এক মাস ব্যাবহার করার পর রিভিউ দিচ্ছি , ব্যাবহার করে ভালই মনে হচ্ছে । আপনারা চাইলে কিনতে পারেন । দাম হিসাবে ভালো।",প্রায় এক মাস ব্যাবহার করার রিভিউ দিচ্ছি ব্যাবহার ভালই মনে আপনারা চাইলে কিনতে পারেন দাম হিসাবে ভালো,Positive,Price;Product Quality,,price_positive;product_quality_positive,price_positive#product_quality_positive
54440919249121,"কম দাম হিসেবে মোটামুটি ঠিক আছে,,,,আমার ২৮১ টাকা পড়েছে,,,,৩০০ এর মাঝে হলে নিতে পারেন খারাপ না,,,",দাম হিসেবে মোটামুটি ঠিক ২৮১ টাকা পড়েছে ৩০০ এর মাঝে নিতে পারেন খারাপ,Neutral,Price;Product Quality,,price_neutral;product_quality_neutral,price_neutral#product_quality_neutral
51938681249121,অনেক সুন্দর হয়েছে যেমন চেয়েছি তেমন পেয়েছি খুব ভালো আপনারা সবাই নিতে পারেন নিঃসন্দেহ,সুন্দর হয়েছে চেয়েছি পেয়েছি খুব ভালো আপনারা সবাই নিতে পারেন নিঃসন্দেহ,Positive,Product Quality,,product_quality_positive,product_quality_positive
54871857749121,কোয়ালেটি একদম বাজে জাতা দিয়ে ধরলে চার্জ হয় ছেরে দিলে বন্ধ হয়ে জায় আমি রিবিউ ১০ এ ১ দিব,কোয়ালেটি একদম বাজে জাতা দিয়ে ধরলে চার্জ হয় ছেরে দিলে বন্ধ হয়ে জায় আমি রিবিউ ১০ এ ১ দিব,Negative,Product Quality,Product Quality,product_quality_negative,product_quality_negative
53360378749121,"ভুল প্রোডাক্ট দেওয়া হয়েছে, অডার দিলাম কি আর পাঠাইলো কি।🙄🙄🙄
খুবিই হতাশ😮‍💨😮‍💨😮‍💨",ভুল প্রোডাক্ট দেওয়া হয়েছে অডার দিলাম পাঠাইলো খুবিই হতাশ,Negative,Product Quality,Product Quality,product_quality_negative,product_quality_negative
52507127549121,"আলহামদুলিল্লাহ, যেমনটি চেয়ে ছিলাম তেমনি পেয়েছি,
দাম অনুযায়ী জিনিস ঠিক আছে......…...",আলহামদুলিল্লাহ যেমনটি চেয়ে ছিলাম তেমনি পেয়েছি দাম অনুযায়ী জিনিস ঠিক,Positive,Price;Product Quality,,price_positive;product_quality_positive,price_positive#product_quality_positive
54134722049121,সবকিছু ঠিকঠাক। এককথায় সেরা! কিন্তু ছবিতে দেওয়া বর্ণনা ঠিক থাকলেও ডিজাইন একটু আলাদা।,সবকিছু ঠিকঠাক এককথায় সেরা ছবিতে দেওয়া বর্ণনা ঠিক থাকলেও ডিজাইন আলাদা,Positive,Product Quality,,product_quality_positive,product_quality_positive
53407399149121,অনেক ভালো। এই দামে সত্যি খুব ভালো একটা প্রডাক্ট। চার্জও অনেক সময় থাকে,ভালো দামে সত্যি খুব ভালো একটা প্রডাক্ট চার্জও সময়,Positive,Price;Product Quality,,price_positive;product_quality_positive,price_positive#product_quality_positive
52766856149121,দাম অনুযায়ী ভালো মানের প্রোডাক্ট । আমার ভালো লাগছে প্রচুর ভালো লাগছে,দাম অনুযায়ী ভালো মানের প্রোডাক্ট ভালো লাগছে প্রচুর ভালো লাগছে,Positive,Price;Product Quality,,price_positive;product_quality_positive,price_positive#product_quality_positive
54428214949121,আলহামদুলিল্লাহ অনেক ভালো একটি হেটফোন। আপনার চাইলে অবর্শ্য নিতে পারেন।,আলহামদুলিল্লাহ ভালো হেটফোন আপনার চাইলে অবর্শ্য নিতে পারেন,Positive,Product Quality,,product_quality_positive,product_quality_positive
52008681949121,আলহামদুলিল্লাহ সবকিছুই ঠিক আছে ডেলিভারি ম্যানের ব্যবহার খুব ভালো,আলহামদুলিল্লাহ সবকিছুই ঠিক ডেলিভারি ম্যানের ব্যবহার খুব ভালো,Positive,Delivery;Product Quality,,delivery_positive;product_quality_positive,delivery_positive#product_quality_positive
54163444249121,অনেক সুন্দর ভালো প্রোডাক্ট পোডাক যেইটা ওয়াটার দিছি সেটাই পাইছি,সুন্দর ভালো প্রোডাক্ট পোডাক যেইটা ওয়াটার দিছি সেটাই পাইছি,Positive,Product Quality,,product_quality_positive,product_quality_positive
53328988449121,পন্যটি অনেক ভাল তবে চার্জারের কেবল এর মান আরও ভাল  দরকার ছিল ।,পন্যটি ভাল চার্জারের কেবল এর মান ভাল দরকার,Positive,Product Quality,,product_quality_positive,product_quality_positive
54484530249121,যা ভেবেছিলাম তার থেকে অনেক ভালো পেয়েছি চাইলে আপনি নিতে পারেন,ভেবেছিলাম ভালো পেয়েছি চাইলে আপনি নিতে পারেন,Positive,Product Quality,,product_quality_positive,product_quality_positive
54134671349121,"জোচ হইছে,,,কালকে অডার দিছি আজকেই পেয়ে গেছি,,,জিনিস ১০০/১০০",জোচ হইছে কালকে অডার দিছি আজকেই পেয়ে গেছি জিনিস ১০০ ১০০,Positive,Delivery;Product Quality,,delivery_positive;product_quality_positive,delivery_positive#product_quality_positive
53924785049121,খুব একটা ভালো না কিন্তু বাজেট অনুযায়ী মোটামুটি ঠিকই আছে।,খুব একটা ভালো বাজেট অনুযায়ী মোটামুটি ঠিকই,Negative,Price;Product Quality,Product Quality,price_neutral;product_quality_negative,price_neutral#product_quality_negative
52746121249121,একদম ঠিকঠাক কোন সমস্যাই পাইনি অসংখ্য ধন্যবাদ  দারাজকে❤️❤️,একদম ঠিকঠাক সমস্যাই পাইনি অসংখ্য ধন্যবাদ দারাজকে,Positive,Product Quality,,product_quality_positive,product_quality_positive
54868911549121,মাশাল্লাহ খুব ভালো প্রোডাক্ট নিয়ে জিতেছি আলহামদুলিল্লাহ।,মাশাল্লাহ খুব ভালো প্রোডাক্ট নিয়ে জিতেছি আলহামদুলিল্লাহ,Positive,Product Quality,,product_quality_positive,product_quality_positive
51762989249121,"সাউন্ড কোয়ালিটি টা ভালো আছে, ইনশাল্লাহ আশা করি ভালো হবে,",সাউন্ড কোয়ালিটি টা ভালো ইনশাল্লাহ আশা করি ভালো,Positive,Product Quality,,product_quality_positive,product_quality_positive
54853318449121,অনেক ধন্যবাদ আপনাদেরকে সুন্দর একটা প্রোডাক্ট দেওয়ার জন্য,ধন্যবাদ আপনাদেরকে সুন্দর একটা প্রোডাক্ট দেওয়ার,Positive,Product Quality,,product_quality_positive,product_quality_positive
53904890949121,কম বাজেটের ভিতরে ভালো একটি গেজেট চাইলে সবাই নিতে পারেন,বাজেটের ভিতরে ভালো গেজেট চাইলে সবাই নিতে পারেন,Positive,Price;Product Quality,,price_positive;product_quality_positive,price_positive#product_quality_positive
53315667749121,এটি একটি অসাধারণ প্রডাক্ট সাউন্ড সিন্টেম ও অসাধারণ 🥰,এটি অসাধারণ প্রডাক্ট সাউন্ড সিন্টেম ও অসাধারণ,Positive,Product Quality,,product_quality_positive,product_quality_positive
53142908749121,ভালো আপনারা চাইলে নিতে পারেন।।। চার্জ ও ভালই থাকে।।।।,ভালো আপনারা চাইলে নিতে পারেন চার্জ ও ভালই,Positive,Product Quality,,product_quality_positive,product_quality_positive
53889291849121,"আলহামদুলিল্লাহ..!
 ভালোই নিতে পারেন।
প্রাইজ ২৭৫ টাকা",আলহামদুলিল্লাহ ভালোই নিতে পারেন প্রাইজ ২৭৫ টাকা,Positive,Product Quality,,product_quality_positive,product_quality_positive
53191600949121,"দাম হিসেবে মোটামুটি ভালো, সাউন্ড কোয়ালিটি অ্যাভারেজ",দাম হিসেবে মোটামুটি ভালো সাউন্ড কোয়ালিটি অ্যাভারেজ,Neutral,Product Quality,,product_quality_neutral,product_quality_neutral
54055730049121,"২৫০ টাকায় আনলাম
ভালোই টাকা হিসেবে চার্জ ও ভাল থাকে।",২৫০ টাকায় আনলাম ভালোই টাকা হিসেবে চার্জ ও ভাল,Positive,Price;Product Quality,,price_positive;product_quality_positive,price_positive#product_quality_positive
53183015149121,আলহামদুলিল্লাহ ভালো হয়েছে এটার কোয়ালিটি খুব ভালো,আলহামদুলিল্লাহ ভালো হয়েছে এটার কোয়ালিটি খুব ভালো,Positive,Product Quality,,product_quality_positive,product_quality_positive
53256229149121,এতো কম টাকায় এতো সুন্দর প্রডাক্ট পাবো ভাবতে পারিনি,এতো টাকায় এতো সুন্দর প্রডাক্ট পাবো ভাবতে পারিনি,Positive,Price;Product Quality,,price_positive;product_quality_positive,price_positive#product_quality_positive
53694260449121,খুব ভালো হয়েছে অসংখ্য ধন্যবাদ আপনারা নিতে পারেন,খুব ভালো হয়েছে অসংখ্য ধন্যবাদ আপনারা নিতে পারেন,Positive,Product Quality,,product_quality_positive,product_quality_positive
52227395749121,মোটামুটি কিন্তু ব্লুটুথ রেঞ্জ ভালো না 🙍😮‍💨😤,মোটামুটি ব্লুটুথ রেঞ্জ ভালো,Neutral,Product Quality,,product_quality_neutral,product_quality_neutral
51838661149121,মোটামুটি ভালো এক কানেরটা বারবার অট চার্জ নেয়,মোটামুটি ভালো এক কানেরটা অট চার্জ নেয়,Neutral,Product Quality,,product_quality_neutral,product_quality_neutral
53238164149121,"প্রোডাক্ট ভালো,চলছে ভালো,সাউন্ড কোয়ালিটি হাই",প্রোডাক্ট ভালো চলছে ভালো সাউন্ড কোয়ালিটি হাই,Positive,Product Quality,,product_quality_positive,product_quality_positive
54914317949121,দাম অনুযায়ী খারাপ না।সাউন্ড ১০/৭।নিতে পারেন,দাম অনুযায়ী খারাপ সাউন্ড ১০ ৭ নিতে পারেন,Neutral,Price;Product Quality,,price_neutral;product_quality_neutral,price_neutral#product_quality_neutral
52598838749121,আলহামদুলিল্লাহ অনেক ভালো আপনারা নিতে পারেন,আলহামদুলিল্লাহ ভালো আপনারা নিতে পারেন,Positive,Product Quality,,product_quality_positive,product_quality_positive
52813524349121,"একেবারে ফালতু 
এক কান চলে 
আরেক কান চলেনা।",একেবারে ফালতু এক কান চলে আরেক কান চলেনা,Negative,Product Quality,Product Quality,product_quality_negative,product_quality_negative
53241468849121,এটা মোটা মোটি ভালো কিন্তু চার্য থাকে না,এটা মোটা মোটি ভালো চার্য,Neutral,Product Quality,,product_quality_neutral,product_quality_neutral
52825342649121,"দাম হিসেবে অনেক ভালই 
আপনারা নিতে পারেন",দাম হিসেবে ভালই আপনারা নিতে পারেন,Positive,Price;Product Quality,,price_positive;product_quality_positive,price_positive#product_quality_positive
54292955349121,"দামের তুলনায় বেশ ভালো, চারজও ভালোই থাকে",দামের তুলনায় বেশ ভালো চারজও ভালোই,Positive,Price;Product Quality,,price_positive;product_quality_positive,price_positive#product_quality_positive
54294665749121,একে একে ৪ টা অর্ডার করলাম অনেক ভালো এটা,একে একে ৪ টা অর্ডার করলাম ভালো এটা,Positive,Product Quality,,product_quality_positive,product_quality_positive
53865983449121,ভালো আছে এই দামে চাইলে সবাই নিতে পারেন,ভালো দামে চাইলে সবাই নিতে পারেন,Positive,Price;Product Quality,,price_positive;product_quality_positive,price_positive#product_quality_positive
54174615549121,ভালো চলছে চাইলে নিতে পারেন ভালো পডাক,ভালো চলছে চাইলে নিতে পারেন ভালো পডাক,Positive,Product Quality,,product_quality_positive,product_quality_positive
51633420049121,"সুন্দর💖💖
৩:৩০ ঘন্টার মত চার্জ যাই",সুন্দর ৩ ৩০ ঘন্টার চার্জ যাই,Positive,Product Quality,,product_quality_positive,product_quality_positive
53563183649121,ভালো না ডান পাশের টা চার্জ হয় না।,ভালো ডান পাশের টা চার্জ হয়,Negative,Product Quality,Product Quality,product_quality_negative,product_quality_negative
53441530149121,নাইস প্রোডাক্ট নিতে পারেন সবাই,নাইস প্রোডাক্ট নিতে পারেন সবাই,Positive,Product Quality,,product_quality_positive,product_quality_positive
52796247449121,ভালো হয়েছে অনেক ভালো হয়েছে,ভালো হয়েছে ভালো হয়েছে,Positive,Product Quality,,product_quality_positive,product_quality_positive
54133298949121,সব কিছু ঠিক আছে। অসাধারণ,ঠিক অসাধারণ,Positive,Product Quality,,product_quality_positive,product_quality_positive
53341783349121,"আলহামদুলিল্লাহ ঠিকঠাক ভাবেই হাতে পেয়েছি। তবে এই হলো সস্তার অবস্থা, এমনিতে সাউন্ড কোয়ালিটি মোটামুটি ভালো তবে বক্স এর ব্যাটারিটা খুবই দূর্বল চার্জ তাড়াতাড়ি শেষ হয়ে যায়। কত দিন যাবে আল্লাহ ভালো জানে 😂",আলহামদুলিল্লাহ ঠিকঠাক ভাবেই হাতে পেয়েছি হলো সস্তার অবস্থা এমনিতে সাউন্ড কোয়ালিটি মোটামুটি ভালো বক্স এর ব্যাটারিটা খুবই দূর্বল চার্জ তাড়াতাড়ি শেষ হয়ে যায় কত দিন যাবে আল্লাহ ভালো জানে,Neutral,Product Quality,,product_quality_neutral,product_quality_neutral
53850829949121,খুবই ভালো বলবো না কারণ বেশিক্ষণ চার্জ থাকে না তবে এই দামে ভালই।।।,খুবই ভালো বলবো বেশিক্ষণ চার্জ দামে ভালই,Positive,Price,,price_positive,price_positive
52023669049121,"এই জিনিসটা কেউ নেবেন না, অনেক খারাপ রেঞ্জ খুব খারাপ আর ব্যাটারি ব্যাকআপ এত ভালো না।। ডেলিভারি ম্যান টা ভালো ছিল",জিনিসটা কেউ নেবেন খারাপ রেঞ্জ খুব খারাপ ব্যাটারি ব্যাকআপ এত ভালো ডেলিভারি ম্যান টা ভালো,Neutral,Delivery;Product Quality,Product Quality,delivery_positive;product_quality_negative,delivery_positive#product_quality_negative
53304649749121,সাউন্ড কোয়ালিটি একদম বাজে চার্জ ব্যাকআপ ১ ঘন্টার মত কানে দেওয়ার পরে ৫ মিনিট ঘার ঘার করে তারপর ঠিক হয়ে যায় টাকা দিয়ে সব জিনিস না কেনাই ভালো  নাই ভালো,সাউন্ড কোয়ালিটি একদম বাজে চার্জ ব্যাকআপ ১ ঘন্টার কানে দেওয়ার ৫ মিনিট ঘার ঘার তারপর ঠিক হয়ে যায় টাকা দিয়ে জিনিস কেনাই ভালো নাই ভালো,Negative,Product Quality,Product Quality,product_quality_negative,product_quality_negative
51558947549121,"প্রোডাক্ট টা দাম অনুসারে যথেষ্ট ভালো,,
চার্জ টা ও মুটামুটি ঠিকাছে দাম হিসেবে 
আমার কাছে অনেক ভালো লেগেছে 
চাইলে আপনারা ও নিতে পারেন",প্রোডাক্ট টা দাম অনুসারে যথেষ্ট ভালো চার্জ টা ও মুটামুটি ঠিকাছে দাম হিসেবে কাছে ভালো লেগেছে চাইলে আপনারা ও নিতে পারেন,Positive,Price;Product Quality,,price_positive;product_quality_positive,price_positive#product_quality_positive
54554607449121,"খুবই ভালো। আজ ১০ দিন পর রিভিউ দিলাম।দাম অনুযায়ী সাউন্ড কোয়ালিটি ভালো। চার্জ ব্যাকাপ ও ভালো। বাড্স থেকে ২ঘন্টা পাওয়া যায়।বক্স থেকে বেশ কয়েকবার চার্জ দেওয়া যায়।
তাছাড়াও ২৪ঘন্টার ভিতর ডেলিভারি পাওয়াটা ভালো লাগছে। 
ধন্যবাদ সেলার ও দারাজ।",খুবই ভালো আজ ১০ দিন রিভিউ দিলাম দাম অনুযায়ী সাউন্ড কোয়ালিটি ভালো চার্জ ব্যাকাপ ও ভালো বাড্স ২ঘন্টা পাওয়া যায় বক্স বেশ কয়েকবার চার্জ দেওয়া যায় তাছাড়াও ২৪ঘন্টার ভিতর ডেলিভারি পাওয়াটা ভালো লাগছে ধন্যবাদ সেলার ও দারাজ,Positive,Delivery;Price;Product Quality,,delivery_positive;price_positive;product_quality_positive,delivery_positive#price_positive#product_quality_positive
53196273049121,প্রোডাক্টটা হাতে পায়ে খুব ভালো লাগলো সবকিছু ঠিকঠাক ছিল কোন রকমের কোন সমস্যা ছিল না আশা করি আপনারা চাইলে নিতে পারেন তারপর আপনারা দেখে নিবেন ঠিক আছে আর রাইটারকে অসংখ্য ধন্যবাদ প্রোডাক্টটি পৌঁছে দেওয়ার জন্য ঠিকমত,প্রোডাক্টটা হাতে পায়ে খুব ভালো লাগলো সবকিছু ঠিকঠাক রকমের সমস্যা আশা করি আপনারা চাইলে নিতে পারেন তারপর আপনারা দেখে নিবেন ঠিক রাইটারকে অসংখ্য ধন্যবাদ প্রোডাক্টটি পৌঁছে দেওয়ার ঠিকমত,Positive,Product Quality,,product_quality_positive,product_quality_positive
54592499149121,এটা দিয়ে আমি তিনটা নিয়েছি আমার একটা আমার দুই বন্ধুর জন্য দুইটা খুব ভালো চার্জ ভালোই বেকাপ দেয় চাইলে আপনারা নিতে পারেন,এটা দিয়ে আমি তিনটা নিয়েছি একটা দুই বন্ধুর দুইটা খুব ভালো চার্জ ভালোই বেকাপ দেয় চাইলে আপনারা নিতে পারেন,Positive,Product Quality,,product_quality_positive,product_quality_positive
53442758549121,প্রোডাক্টিটি ভালো গত ৬ তারিখে প্যাকেজ অর্ডার করেছিলাম 9 তারিখ হাতে পেয়েছি আজকে আবার অর্ডার করেছি বাট  মূল্য ৫০ টাকা বেশি!,প্রোডাক্টিটি ভালো গত ৬ তারিখে প্যাকেজ অর্ডার করেছিলাম 9 তারিখ হাতে পেয়েছি আজকে অর্ডার করেছি বাট মূল্য ৫০ টাকা,Positive,Delivery;Product Quality,,delivery_positive;product_quality_positive,delivery_positive#product_quality_positive
52976876949121,"এই দামে ভালোই মনে হচ্ছে হাতে পাবার পর, এখন চার্জে কত সময় টিকে বা কেমন সার্ভিস দিবে সেটা ইউজ করলে বুঝা যাবে।
ডেলিভারি বয়ের ব্যবহার খুব ভালো ছিলো।",দামে ভালোই মনে হাতে পাবার চার্জে কত সময় টিকে কেমন সার্ভিস দিবে সেটা ইউজ করলে বুঝা যাবে ডেলিভারি বয়ের ব্যবহার খুব ভালো ছিলো,Positive,Delivery;Price;Product Quality,,delivery_positive;price_positive;product_quality_positive,delivery_positive#price_positive#product_quality_positive
53906419849121,"আজকে প্রোডাকৃট টি হাতে পাইছি,  খুব সুন্দর সাউন্ড নেক্সট লেভেলের ব্যাজ দেয়,  সাউন্ড ফাটে না,  অনেক ধন্যবাদ দারাজ কে আমাকে এতো সুন্দর প্রোডাক্ট দেওয়ার জন্য",আজকে প্রোডাকৃট টি হাতে পাইছি খুব সুন্দর সাউন্ড নেক্সট লেভেলের ব্যাজ দেয় সাউন্ড ফাটে ধন্যবাদ দারাজ এতো সুন্দর প্রোডাক্ট দেওয়ার,Positive,Product Quality,,product_quality_positive,product_quality_positive
54604409149121,খুবই ভালো একটি প্রোডাক্ট খুব ভালো সাউন্ড কিন্তু চার্জ খুব দ্রুত চলে যায় তবে এই দামে সেরা চাইলে নিতে পারেন ধন্যবাদ,খুবই ভালো প্রোডাক্ট খুব ভালো সাউন্ড চার্জ খুব দ্রুত চলে যায় দামে সেরা চাইলে নিতে পারেন ধন্যবাদ,Positive,Price;Product Quality,,price_positive;product_quality_positive,price_positive#product_quality_positive
54446598949121,"খুবই জঘন্য। এক পাশে সাউন্ড ভলিউম ভালো। আরেক টায় সাউন্ড নাই, আটকে আটকে আসে মনে হয় যেন রেডিও ঝিরঝির করতেছে। সাউন্ড কুয়ালিটি, কল কুয়ালিটি সবই ইন্না-লিল্লাহ। এগুলা না কিনাই ভালো। ভালো দাম দিয়ে ভালো কুয়ালিটির জিনিস কিনেন, আরামে ব্যবহার করেন।",খুবই জঘন্য এক পাশে সাউন্ড ভলিউম ভালো আরেক টায় সাউন্ড নাই আটকে আটকে আসে মনে হয় যেন রেডিও ঝিরঝির করতেছে সাউন্ড কুয়ালিটি কল কুয়ালিটি সবই ইন্না লিল্লাহ এগুলা কিনাই ভালো ভালো দাম দিয়ে ভালো কুয়ালিটির জিনিস কিনেন আরামে ব্যবহার করেন,Negative,Product Quality,Product Quality,product_quality_negative,product_quality_negative
53453982149121,"আলহামদুলিল্লাহ, প্রোডাক্ট খুব সুন্দর এবং ভালো মানের। অনেক দিন ব্যাবহার করে রিভিউ দিলাম। চার্জ ব্যাকাপ ও ভালো ৩ঘন্টা+ এক কথায় অসাধারণ প্রোডাক্ট 😊😊",আলহামদুলিল্লাহ প্রোডাক্ট খুব সুন্দর ভালো মানের দিন ব্যাবহার রিভিউ দিলাম চার্জ ব্যাকাপ ও ভালো ৩ঘন্টা এক কথায় অসাধারণ প্রোডাক্ট,Positive,Product Quality,,product_quality_positive,product_quality_positive
53569499449121,"এটা ভালো ছিলো।ইউজ করছি। মোটামুটি ভালো একটা এয়ারবার্ড।তবে বাইক চালালে কথা শুনতে পায় না অন্য পার্শে।

ভালোই সার্ভিস দিচ্ছে, বেশ ভালো চার্জ থাকে।।",এটা ভালো ছিলো ইউজ করছি মোটামুটি ভালো একটা এয়ারবার্ড বাইক চালালে কথা শুনতে পায় পার্শে ভালোই সার্ভিস দিচ্ছে বেশ ভালো চার্জ,Positive,Product Quality,,product_quality_positive,product_quality_positive
54076826949121,"দাম অনুযায়ী অনেক ভালো প্রোডাক্ট পেয়েছি আলহামদুলিল্লাহ।  নিতে পারেন সবাই, কোয়ালিটি ভালো আছে।",দাম অনুযায়ী ভালো প্রোডাক্ট পেয়েছি আলহামদুলিল্লাহ নিতে পারেন সবাই কোয়ালিটি ভালো,Positive,Price;Product Quality,,price_positive;product_quality_positive,price_positive#product_quality_positive
51839583449121,"ধন্যবাদ অল্প টাকার মধ্যে, ভালো একটি প্রোডাক্ট পেলাম ।আপনারা যদি নিতে চান তাহলে নিতে পারেন ।",ধন্যবাদ অল্প টাকার মধ্যে ভালো প্রোডাক্ট পেলাম আপনারা যদি নিতে চান তাহলে নিতে পারেন,Positive,Price;Product Quality,,price_positive;product_quality_positive,price_positive#product_quality_positive
53454301349121,অনেক ভালো ছিল এটা এটার সাহায্যে গান শোনো যায় আবার ফোন চার্জও দেওয়া যায়। চাইলে নিতে পারেন,ভালো এটা এটার সাহায্যে গান শোনো যায় ফোন চার্জও দেওয়া যায় চাইলে নিতে পারেন,Positive,Product Quality,,product_quality_positive,product_quality_positive
53642271949121,আমি অনেক দিন থেকে ব্যবহার করার পর রিভিও দিচ্ছি সত্য আমার এই দামের ভিতরে ভালো পণ্য দিয়েছে,আমি দিন ব্যবহার করার রিভিও দিচ্ছি সত্য দামের ভিতরে ভালো পণ্য দিয়েছে,Positive,Price;Product Quality,,price_positive;product_quality_positive,price_positive#product_quality_positive
52459718049121,আলহামদুলিল্লাহ প্রোডাক্ট ভালো আপনারা চাইলে নিতে পারেন ধন্যবাদ সেলার কে ধন্যবাদ দারাজ কে,আলহামদুলিল্লাহ প্রোডাক্ট ভালো আপনারা চাইলে নিতে পারেন ধন্যবাদ সেলার ধন্যবাদ দারাজ,Positive,Product Quality,,product_quality_positive,product_quality_positive
54238475249121,"এত কম দামে এত অসাধারণ চিন্তা করেনি 
 বাজারে এটা কিনতে গেলে সাড়ে তিন চার পড়বে",এত দামে এত অসাধারণ চিন্তা করেনি বাজারে এটা কিনতে সাড়ে তিন চার পড়বে,Positive,Price;Product Quality,,price_positive;product_quality_positive,price_positive#product_quality_positive
54448168949121,"পাঁচ দিন পর রিভিউ দিচ্ছি, সব কিছু ভালোই বাট ১ ঘণ্টার বেশি চার্জ থাকে না।",পাঁচ দিন রিভিউ দিচ্ছি ভালোই বাট ১ ঘণ্টার চার্জ,Positive,Product Quality,,product_quality_positive,product_quality_positive
52307227849121,একবারে ফাল্তু চার্জ তো টিকে না আর চার্জে দিলে এই রকম লাইট চালু হয়ে থাকে,একবারে ফাল্তু চার্জ তো টিকে চার্জে দিলে রকম লাইট চালু হয়ে,Negative,Product Quality,Product Quality,product_quality_negative,product_quality_negative
52937044049121,"জিনিসটা অনেক সুন্দর সাউন্ড কোয়ালিটি অনেক ভালো,,,, আপনার নিতে পারেন ❤️",জিনিসটা সুন্দর সাউন্ড কোয়ালিটি ভালো আপনার নিতে পারেন,Positive,Product Quality,,product_quality_positive,product_quality_positive
51125808849121,"আলহামদুলিল্লাহ অনেক ভালো প্রোডাক্ট, সবাই এই সপ থেকে নিতে পারেন",আলহামদুলিল্লাহ ভালো প্রোডাক্ট সবাই সপ নিতে পারেন,Positive,Product Quality,,product_quality_positive,product_quality_positive
54797363549121,আলহামদুলিল্লাহ অনেক ভালো চাইলে নিতে পারেন 3 দিন পর রিভিউ দিলাম,আলহামদুলিল্লাহ ভালো চাইলে নিতে পারেন 3 দিন রিভিউ দিলাম,Positive,Product Quality,,product_quality_positive,product_quality_positive
53927338349121,অনেক ভালো কিন্তু চাজ একটু কম থাকে ডেলিভারি ম্যান ও অনেক ভালো,ভালো চাজ ডেলিভারি ম্যান ও ভালো,Positive,Delivery;Product Quality,,delivery_positive;product_quality_positive,delivery_positive#product_quality_positive
52817409549121,সব কিছু ঠিকঠাক বাট চার্জিং সার্ভিস টা খারাপ আর সব কিছু ভালো,ঠিকঠাক বাট চার্জিং সার্ভিস টা খারাপ ভালো,Positive,Product Quality,,product_quality_positive,product_quality_positive
54673362849121,প্রোডাক্টটা খুবই ভালো হয়েছে চার্জিং পারফরমেন্স টা ভালো আছে,প্রোডাক্টটা খুবই ভালো হয়েছে চার্জিং পারফরমেন্স টা ভালো,Positive,Product Quality,,product_quality_positive,product_quality_positive
52723793249121,আলহামদুলিল্লাহ ভালো সাউন্ড কোয়ালিটি ভালো চাইলে নিতে পারেন,আলহামদুলিল্লাহ ভালো সাউন্ড কোয়ালিটি ভালো চাইলে নিতে পারেন,Positive,Product Quality,,product_quality_positive,product_quality_positive
54163695949121,টাকার অনুযায়ী জিনিসটা ভালো কিন্তু চার্জার খারাপ ছিল।,টাকার অনুযায়ী জিনিসটা ভালো চার্জার খারাপ,Positive,Price;Product Quality,,price_positive;product_quality_positive,price_positive#product_quality_positive
54240219649121,সাউন্ড কোয়ালিটি মোটামুটি ভালো একটাতে কম একটাতে বেশি,সাউন্ড কোয়ালিটি মোটামুটি ভালো একটাতে একটাতে,Neutral,Product Quality,,product_quality_neutral,product_quality_neutral
53159474949121,যেমন দেখেছি তেমনি পেয়েছে খুব ভালো সবাই নিতে পারেন...,দেখেছি তেমনি পেয়েছে খুব ভালো সবাই নিতে পারেন,Positive,Product Quality,,product_quality_positive,product_quality_positive
53322822249121,মোটামুটি আনন্দময় ও ভালো কিন্তু সাউন্ড টা একটু কম,মোটামুটি আনন্দময় ও ভালো সাউন্ড টা,Neutral,Product Quality,,product_quality_neutral,product_quality_neutral
51981313249121,"দাম অনুযায়ী ঠিক আছে। 
সাউন্ড কোয়ালিটি মোটামুটি",দাম অনুযায়ী ঠিক সাউন্ড কোয়ালিটি মোটামুটি,Neutral,Price;Product Quality,,price_neutral;product_quality_neutral,price_neutral#product_quality_neutral
54530019249121,অনেক সময় চার্জ থাকে।খুবই ভালো সাউন্ড কোয়ালিটি,সময় চার্জ খুবই ভালো সাউন্ড কোয়ালিটি,Positive,Product Quality,,product_quality_positive,product_quality_positive
44350793677231,ভাই বাটপার ওরা।।।আমি রিটান করসি আমাকে অন্য খারাপ প্রদাক দিসে,ভাই বাটপার ওরা আমি রিটান করসি খারাপ প্রদাক দিসে,Negative,Product Quality,Product Quality,product_quality_negative,product_quality_negative
54666240290425,পাওয়ার ব্যাংক তো চার্জ একদিন চলে না,পাওয়ার ব্যাংক তো চার্জ একদিন চলে,Negative,Product Quality,Product Quality,product_quality_negative,product_quality_negative
52421094290425,ভালোই মনে হচ্ছে বাজেট অনুযায়ী।,ভালোই মনে বাজেট অনুযায়ী,Positive,Price;Product Quality,,price_positive;product_quality_positive,price_positive#product_quality_positive
51666701490425,এই পণ্যটা ঝামেলা আছে ভাই,পণ্যটা ঝামেলা ভাই,Negative,Product Quality,Product Quality,product_quality_negative,product_quality_negative
52059128690425,একেবারে খারাপ বলবো না। আবার ভালো সেটাও না। দামটা একটু বেশি সাড়ে ৪০০ থেকে ৫৫০ ভিতরে হলে ভালো হতো। প্রিমিয়াম একটা ভাব থাকলেও সাউন্ড কোয়ালিটি অতটাও ভালো না । বাট ওপেন করলে পপ আপ উইন্ডো কাজ করে না শুধুমাত্র ব্লুটুথ কানেক্টর পর কানেকশনের ওইখানে কতটুকু চার্জ আছে সেটা দেখায়। তাছাড়া কপি প্রোডাক্ট হলেও আরো যেসব এডভান্স ফিচার থাকার কথা সেগুলো নাই । যারা আরেকটু বাজেট এরেঞ্জ করতে পারবেন তারা দুবাই কপির অন্য ভার্সন টা নিতে পারেন। একটু খোঁজাখুঁজি করলে পেয়ে যাবেন । তবে সেলার অনেক আন্তরিক🥰,একেবারে খারাপ বলবো ভালো সেটাও দামটা সাড়ে ৪০০ ৫৫০ ভিতরে ভালো হতো প্রিমিয়াম একটা ভাব থাকলেও সাউন্ড কোয়ালিটি অতটাও ভালো বাট ওপেন করলে পপ আপ উইন্ডো কাজ শুধুমাত্র ব্লুটুথ কানেক্টর কানেকশনের ওইখানে কতটুকু চার্জ সেটা দেখায় তাছাড়া কপি প্রোডাক্ট হলেও আরো যেসব এডভান্স ফিচার থাকার কথা সেগুলো নাই যারা আরেকটু বাজেট এরেঞ্জ করতে পারবেন দুবাই কপির ভার্সন টা নিতে পারেন খোঁজাখুঁজি করলে পেয়ে যাবেন সেলার আন্তরিক,Negative,Price;Product Quality,Price;Product Quality,price_negative;product_quality_negative;product_quality_neutral,price_negative#product_quality_negative#product_quality_neutral
54696777490425,ভালো তবে বাম কানের টায় ডান কানের টার তুলনায় একটু কম শব্দ হয় 😭,ভালো বাম কানের টায় ডান কানের টার তুলনায় শব্দ হয়,Neutral,Product Quality,,product_quality_neutral,product_quality_neutral
51931529990425,"প্রোডাক্ট টা সময় মতো পাটানোর জন্য ধন্যবাদ।
কোয়ালিটি টা আলহামদুলিল্লাহ ভালো আছে।
আর ডেলিভারি ম্যান টা যথেষ্ট ভালো ছিলো।সব মিলিয়ে আমি রেটিং দিবো ১০/১০",প্রোডাক্ট টা সময় পাটানোর ধন্যবাদ কোয়ালিটি টা আলহামদুলিল্লাহ ভালো ডেলিভারি ম্যান টা যথেষ্ট ভালো ছিলো মিলিয়ে আমি রেটিং দিবো ১০ ১০,Positive,Delivery;Product Quality,Product Quality,delivery_positive;product_quality_negative;product_quality_positive,delivery_positive#product_quality_negative#product_quality_positive
52592548590425,পণ্য টি অনেক ভালো কথায় কাজে ১০০% মিল আছে আপনারা চাইলে নিতে পারেন কোন সমস্যা নায়। চার্জের ব্যাকআপ দারুণ।,পণ্য টি ভালো কথায় কাজে ১০০ মিল আপনারা চাইলে নিতে পারেন সমস্যা নায় চার্জের ব্যাকআপ দারুণ,Positive,Product Quality,,product_quality_positive,product_quality_positive
52376614190425,"আলহামদুলিল্লাহ  অনেক ভালোমানের  প্রোডাক্ট পাইছি আপনারা  নিতে পারেন, 🥰 ডেলিভারি ম্যান এর ব্যবহার অনেক ভালো ছিলো",আলহামদুলিল্লাহ ভালোমানের প্রোডাক্ট পাইছি আপনারা নিতে পারেন ডেলিভারি ম্যান এর ব্যবহার ভালো ছিলো,Positive,Delivery;Product Quality;Seller Service,,seller_service_positive;delivery_positive;product_quality_positive,seller_service_positive#delivery_positive#product_quality_positive
52405304590425,"প্রোডাক্টটি অনেক ভালো ছিল, ঠিক যেমনটি চেয়েছিলাম তেমনটাই পেয়েছি, সাউন্ড কোয়ালিটি সুপার,আমি আরেকটা অর্ডার দিব, ধন্যবাদ সেলার ভাইকে।",প্রোডাক্টটি ভালো ঠিক যেমনটি চেয়েছিলাম তেমনটাই পেয়েছি সাউন্ড কোয়ালিটি সুপার আমি আরেকটা অর্ডার দিব ধন্যবাদ সেলার ভাইকে,Positive,Product Quality,,product_quality_positive,product_quality_positive
52347486290425,"এই বাজেটে মোটামুটি অনেক ভালো চাইলে নিতে পারেন সাউন্ড কোয়ালিটি ঠিকঠাক আছে,,চার্জ ব্যাকআপ অনেক ভালো পাইছি।",বাজেটে মোটামুটি ভালো চাইলে নিতে পারেন সাউন্ড কোয়ালিটি ঠিকঠাক চার্জ ব্যাকআপ ভালো পাইছি,Positive,Product Quality,,product_quality_positive,product_quality_positive
54535631790425,"একটা আজাইরা অনলাইন শপ।না আছে প্রফেশনালিজম,না আছে পলিসি, না আছে রেসপন্সিবিলিটি। এয়ারবাডস অর্ডার করার পর কাজ করছিলোনা বলে রিফান্ড করেছিলাম।শুধুমাত্রএকটা কল আসে।ক্লাসে থাকার কারণে পিক করতে পারিনি এরপর ৭ দিন পার হয়ে যায় না সেলার ইনফরমেশন ঠিক করে দেয়,না কোনো কল আসে প্রোডাক্ট রিটার্নের জন্য। এরপর ভোক্তা অধিকারে মামলা করার পর এসে রিটার্ন নিয়ে যায়।এখন আবার নাকি রিফান্ড ক্যানসেল হইছে।এত্তো আজাইরা হয়রানি কোথাও হইনাই।ভালো মানুষের মতো মামলা উইথড্র করছিলাম।এবার আর করবোনা সিওর।নট রেকমেন্ডেড এ্যাট অল।",একটা আজাইরা অনলাইন শপ প্রফেশনালিজম পলিসি রেসপন্সিবিলিটি এয়ারবাডস অর্ডার করার কাজ করছিলোনা বলে রিফান্ড করেছিলাম শুধুমাত্রএকটা কল আসে ক্লাসে থাকার কারণে পিক করতে পারিনি এরপর ৭ দিন পার হয়ে যায় সেলার ইনফরমেশন ঠিক দেয় কল আসে প্রোডাক্ট রিটার্নের এরপর ভোক্তা অধিকারে মামলা করার এসে রিটার্ন নিয়ে যায় নাকি রিফান্ড ক্যানসেল হইছে এত্তো আজাইরা হয়রানি কোথাও হইনাই ভালো মানুষের মামলা উইথড্র করছিলাম এবার করবোনা সিওর নট রেকমেন্ডেড এ্যাট অল,Negative,Product Quality;Seller Service,Product Quality;Seller Service,seller_service_negative;product_quality_negative,seller_service_negative#product_quality_negative
54049792390425,"মোটামুটি।গ্রেটার ছিল 2500/টাকার, সেটা ছিল অনন্য।এটা কিছুটা দুর্বল। যারা প্রথম নিবেন এবং হাই সাউন্ড পছন্দ করে তাদের জন্য ভাল।",মোটামুটি গ্রেটার 2500 টাকার সেটা অনন্য এটা কিছুটা দুর্বল যারা প্রথম নিবেন হাই সাউন্ড পছন্দ ভাল,Neutral,Product Quality,,product_quality_neutral,product_quality_neutral
52404647390425,"প্রোডাক্টটা খুবই ভালো, ঠিক যেমনটা চেয়েছি তেমনটাই পেয়েছি,সাউন্ড কোয়ালিটি সুপার, গান শুনলে মনে হয় হোম থিয়েটারে শুনছি,  ধন্যবাদ সেলার ভাইকে।",প্রোডাক্টটা খুবই ভালো ঠিক যেমনটা চেয়েছি তেমনটাই পেয়েছি সাউন্ড কোয়ালিটি সুপার গান শুনলে মনে হয় হোম থিয়েটারে শুনছি ধন্যবাদ সেলার ভাইকে,Positive,Product Quality,,product_quality_positive,product_quality_positive
51761739690425,"অসাধারণ প্রোডাক্ট, নেওয়ার চার ঘন্টা পরে রিভিউ দিচ্ছি এটার কোয়ালিটি অনেক ভালো সাউন্ড কোয়ালিটি অনেক ভালো এবং মোটামুটি কথা বলা যায়। চাইলে নিতে পারেন। ধন্যবাদ সেলার কে।",অসাধারণ প্রোডাক্ট নেওয়ার চার ঘন্টা রিভিউ দিচ্ছি এটার কোয়ালিটি ভালো সাউন্ড কোয়ালিটি ভালো মোটামুটি কথা বলা যায় চাইলে নিতে পারেন ধন্যবাদ সেলার,Positive,Product Quality,,product_quality_positive,product_quality_positive
54975502290425,সবাই ভাল বলছে তা টিক আছে সায়েন্ট বেশি দিলে একটা সমস্যা না হলে আমি ১০০ তে ১০০ দিতাম   ডেলিভারি ম্যান ব্যবহার ভাল ছিল,সবাই ভাল বলছে টিক সায়েন্ট দিলে একটা সমস্যা আমি ১০০ তে ১০০ দিতাম ডেলিভারি ম্যান ব্যবহার ভাল,Positive,Delivery,,delivery_positive,delivery_positive
55024088190425,"এয়ারপড্স টা দেখতে ভালোই এবং সাউন্ড কোয়ালিটি ও এই প্রাইজে ঠিকঠাক মেনে নেয়ার মতো, সব মিলিয়ে আমার ভালো লাগছে।
সেলার টা অনেক ভালো, এয়ারপড্স টা প্রথমে একটু সমস্যা ছিলো, সেলার কে জানানোর পরে উনি অনেক তারাতাড়ি এক্সচেঞ্জ করে দিছে।
সেলারের ব্যবহারে আমি সন্তুষ্ট। 
ধন্যবাদ ভাই।",এয়ারপড্স টা দেখতে ভালোই সাউন্ড কোয়ালিটি ও প্রাইজে ঠিকঠাক মেনে নেয়ার মিলিয়ে ভালো লাগছে সেলার টা ভালো এয়ারপড্স টা প্রথমে সমস্যা ছিলো সেলার জানানোর উনি তারাতাড়ি এক্সচেঞ্জ দিছে সেলারের ব্যবহারে আমি সন্তুষ্ট ধন্যবাদ ভাই,Positive,Product Quality;Seller Service,,seller_service_positive;product_quality_positive,seller_service_positive#product_quality_positive
52532976890425,হ্যাঁ মোটামুটি ঠিক আছে আজকে হাতে পেলাম ব্যবহার করে দেখিয়ে। তারপরে বুঝতে পারব। সাউন্ড কোয়ালিটি এটা ভালো ছিল,হ্যাঁ মোটামুটি ঠিক আজকে হাতে পেলাম ব্যবহার দেখিয়ে তারপরে বুঝতে পারব সাউন্ড কোয়ালিটি এটা ভালো,Positive,Product Quality,,product_quality_positive,product_quality_positive
52248061690425,দারাজ এ অর্ডার দিতে ভয় পাচ্ছিলাম পরে ভয় ভেংগে সবার রিভিউ দেখে অর্ডার দিয়েছি।প্রোডাক্টি আজকে হাতে পেলাম খুব ভালো সাউন্ড কোয়ালিটি ও চার্জের ব্যাকআপও খুব ভালো পাচ্ছি।।সবাই নির্ভয়ে অর্ডার দিতে পারেন।।সেলারের ব্যাবহার ও খুব ভাল❤️‍🔥,দারাজ এ অর্ডার দিতে ভয় পাচ্ছিলাম ভয় ভেংগে সবার রিভিউ দেখে অর্ডার দিয়েছি প্রোডাক্টি আজকে হাতে পেলাম খুব ভালো সাউন্ড কোয়ালিটি ও চার্জের ব্যাকআপও খুব ভালো পাচ্ছি সবাই নির্ভয়ে অর্ডার দিতে পারেন সেলারের ব্যাবহার ও খুব ভাল,Positive,Product Quality;Seller Service,,seller_service_positive;product_quality_positive,seller_service_positive#product_quality_positive
54987107490425,আলহামদুলিল্লাহ আমি যেটা মনে করছি তার চেয়েও বেশি ভালো একদিন সার্চ দিয়ে সাত দিন চলা যায় যারা এয়ারপোর্ট নিতে চান এই এয়ারপোর্ট  নিতে পারেন আলহামদুলিল্লাহ এয়ারপোর্ট টা  সেই,আলহামদুলিল্লাহ আমি যেটা মনে করছি চেয়েও ভালো একদিন সার্চ দিয়ে সাত দিন চলা যায় যারা এয়ারপোর্ট নিতে চান এয়ারপোর্ট নিতে পারেন আলহামদুলিল্লাহ এয়ারপোর্ট টা সেই,Positive,Product Quality,,product_quality_positive,product_quality_positive
52368545190425,"প্রোডাক্ট কোয়ালিটি১০/১০
চার্জিং ব্যাকআপ ১০/৮
সেলার এর ব্যবহার ১০/১০
ডেলিভারি ম্যানের ব্যবহার ১০/১০
নির্দ্বিধায় প্রোডাক্টটি আপনারা কিনতে পারেন",প্রোডাক্ট কোয়ালিটি১০ ১০ চার্জিং ব্যাকআপ ১০ ৮ সেলার এর ব্যবহার ১০ ১০ ডেলিভারি ম্যানের ব্যবহার ১০ ১০ নির্দ্বিধায় প্রোডাক্টটি আপনারা কিনতে পারেন,Positive,Delivery;Product Quality;Seller Service,,seller_service_positive;delivery_positive;product_quality_positive,seller_service_positive#delivery_positive#product_quality_positive
50946019090425,২ দিন ব্যবহার করে তারপর রিভিউ দিলাম। খুব ভালো পন্যটি। ৭-৮ ঘন্টা চার্জ থাকে। সাউন্ড কোয়ালিটি খুব ভালো।,২ দিন ব্যবহার তারপর রিভিউ দিলাম খুব ভালো পন্যটি ৭ ৮ ঘন্টা চার্জ সাউন্ড কোয়ালিটি খুব ভালো,Positive,Product Quality,,product_quality_positive,product_quality_positive
51953721290425,"আলহামদুলিল্লাহ  সেলার ভাই অরিজিনাল পোডাক্ট দেবার জন্য। 
অনেক সুন্দর একটা পোডাক্ট। আপনারা সবাই নিতে পারেন।আশা করি কেও হতাশ হবেন না। সাউন্ড  ১০০ তে ১০০।",আলহামদুলিল্লাহ সেলার ভাই অরিজিনাল পোডাক্ট দেবার সুন্দর একটা পোডাক্ট আপনারা সবাই নিতে পারেন আশা করি কেও হতাশ সাউন্ড ১০০ তে ১০০,Positive,Product Quality;Seller Service,,seller_service_positive;product_quality_positive,seller_service_positive#product_quality_positive
54772794990425,"আলহামদুলিল্লাহ বিল কোয়ালিটি অনেক ভালো, তবে আমার কাছে মনে হয় বেইজ এবং সাউন্ড কম।স্পিকার ফেটে গেলে যেমন সাউন্ড শুনা যায় তেমন শুনতে লাগে",আলহামদুলিল্লাহ বিল কোয়ালিটি ভালো কাছে মনে হয় বেইজ সাউন্ড স্পিকার ফেটে সাউন্ড শুনা যায় শুনতে লাগে,Positive,Product Quality,,product_quality_neutral;product_quality_positive,product_quality_neutral#product_quality_positive
52463559890425,খুবই স্টান্ডার্ড একটা প্রোডাক্ট।প্যাকেট খুলে মনেই হচ্ছিলো না যে এই দাম এ নিয়েছি এটা।বেজ খুবই ভালো দিচ্ছে।২ দিকের সাউন্ড কম্বিনেশন ও ঠিক আছে একদম।অল অভার সব দিক দিয়ে এই দামের মধ্যে উন্নত মানের প্রোডাক্টই বলা চলে।নিতে পারেন সবাই।,খুবই স্টান্ডার্ড একটা প্রোডাক্ট প্যাকেট খুলে মনেই হচ্ছিলো যে দাম এ নিয়েছি এটা বেজ খুবই ভালো দিচ্ছে ২ দিকের সাউন্ড কম্বিনেশন ও ঠিক একদম অল অভার দিক দিয়ে দামের মধ্যে উন্নত মানের প্রোডাক্টই বলা চলে নিতে পারেন সবাই,Positive,Price;Product Quality,,price_positive;product_quality_positive,price_positive#product_quality_positive
52438223590425,দাম হিসাবে সাউন্ড কুয়ালিটি ভালোই।কিন্তু ডান কানের টায় একটু কম শোনা যাচ্ছে। চার্জের ব্যাকাপ কেমন দিবে এটায় দেখার বিষয়,দাম হিসাবে সাউন্ড কুয়ালিটি ভালোই ডান কানের টায় শোনা যাচ্ছে চার্জের ব্যাকাপ কেমন দিবে এটায় দেখার বিষয়,Positive,Price;Product Quality,,price_positive;product_quality_neutral,price_positive#product_quality_neutral
53524559390425,"স্টেরিও সাউন্ড কাজ করে না ঠিক মতো, ডান পাশের সাউন্ড বাম পাশে, আর বাম পাশের সাউন্ড ডান পাশ দিয়ে আসে 😑",স্টেরিও সাউন্ড কাজ ঠিক ডান পাশের সাউন্ড বাম পাশে বাম পাশের সাউন্ড ডান পাশ দিয়ে আসে,Negative,Product Quality,Product Quality,product_quality_negative,product_quality_negative
53072190190425,দুইদিন পর রিভিউ দিচ্ছি শেলার অসাধারণ ভালো এবং তার প্রোডাক্টটা অনেক ভালো অনলাইনে এমন ছেলার পাওয়া আসলেই মুশকিল আমি প্রোডাক্টটি পেয়ে অনেক সন্তুষ্ট।,দুইদিন রিভিউ দিচ্ছি শেলার অসাধারণ ভালো প্রোডাক্টটা ভালো অনলাইনে ছেলার পাওয়া আসলেই মুশকিল আমি প্রোডাক্টটি পেয়ে সন্তুষ্ট,Positive,Product Quality;Seller Service,,seller_service_positive;product_quality_positive,seller_service_positive#product_quality_positive
52430748990425,"সত্যি বলতে ইয়ার বাট টা অসাধারন, চার্জ ফুল সাউন্ডে 6ঘন্টা ,ও মিডিয়াম সাউন্ডে চালালে 8/9 চলে ,সেলার কে ধন্যবাদ এই প্রাইজে এই পন্য টি দেওয়ার জন্য",সত্যি বলতে ইয়ার বাট টা অসাধারন চার্জ ফুল সাউন্ডে 6ঘন্টা ও মিডিয়াম সাউন্ডে চালালে 8 9 চলে সেলার ধন্যবাদ প্রাইজে পন্য টি দেওয়ার,Positive,Price;Product Quality,,price_positive;product_quality_positive,price_positive#product_quality_positive
51875792490425,"আমি ২ দিন ব্যবহার করার পর রিভিউ দিচ্ছি।সাউন্ড কোয়ালিটি দারুণ। চার্জিং ব্যাকআপটা ও ভালো। এক কথায়,  প্রডাক্টটা অসাধারণ। সেলার ভাই এর ব্যবহারটা খুব ভালো লেগেছে। অসংখ্য ধন্যবাদ এত সুন্দর প্রোডাক্ট ডেলিভারি দেয়ার  জন্য।",আমি ২ দিন ব্যবহার করার রিভিউ দিচ্ছি সাউন্ড কোয়ালিটি দারুণ চার্জিং ব্যাকআপটা ও ভালো এক কথায় প্রডাক্টটা অসাধারণ সেলার ভাই এর ব্যবহারটা খুব ভালো লেগেছে অসংখ্য ধন্যবাদ এত সুন্দর প্রোডাক্ট ডেলিভারি দেয়ার,Positive,Product Quality,,product_quality_positive,product_quality_positive
53467541090425,একদম বাজে সাউন্ড।দারাজ থেকে এটা কখনো আশা করি নাই এমন প্রোডাক্ট দিবে । প্রথমে রিটার্ন করছিলাম পরে আবার অর্ডার করছিলাম দুই দিনেই এক ই প্রোডাক্ট দিয়েছে 😅🥺,একদম বাজে সাউন্ড দারাজ এটা আশা করি নাই প্রোডাক্ট দিবে প্রথমে রিটার্ন করছিলাম অর্ডার করছিলাম দুই দিনেই এক ই প্রোডাক্ট দিয়েছে,Negative,Product Quality,Product Quality,product_quality_negative,product_quality_negative
54403199990425,"মাঝে মাঝে ছেড়ে দেয়। ব্যাটারী ব্যাকাপ ভালো।তবে সাউন্ড অনেক কম।কেস ফুল চার্জ হলেও শো করেনা মাঝে মাঝে। কেসের চার্জার পিনটার বিল্ড কোয়ালিটি ভালো না। 
রেটিং -৫/১০.",মাঝে মাঝে ছেড়ে দেয় ব্যাটারী ব্যাকাপ ভালো সাউন্ড কেস ফুল চার্জ হলেও শো করেনা মাঝে মাঝে কেসের চার্জার পিনটার বিল্ড কোয়ালিটি ভালো রেটিং ৫ ১০,Negative,Product Quality,Product Quality,product_quality_negative,product_quality_negative
53732595390425,"♥️♥️।   সাউন্ড খুব কম,🤐 ধামের তুলনায় প্রোডাক্ট ভালো হয়নি  যারা কিনবেন দয়া করে জেনে বুঝে কিনবেন অযথা টাকা নষ্ট করবেন না",সাউন্ড খুব ধামের তুলনায় প্রোডাক্ট ভালো হয়নি যারা কিনবেন দয়া জেনে বুঝে কিনবেন অযথা টাকা নষ্ট করবেন,Negative,Price;Product Quality,Product Quality,price_neutral;product_quality_negative,price_neutral#product_quality_negative
54740400990425,"৩ দিন ব্যবহার করার পর বলতেছি আমার কাছে সব দিক দিয়েই ভালো লাগছে এই দামে এর থেকে বেশী আশা করা যায় না,চার্জ দিক থেকে যথেষ্ট ভালো,দেখতে ও অনেক সুন্দর",৩ দিন ব্যবহার করার বলতেছি কাছে দিক দিয়েই ভালো লাগছে দামে এর বেশী আশা যায় চার্জ দিক যথেষ্ট ভালো দেখতে ও সুন্দর,Positive,Price;Product Quality,,price_positive;product_quality_positive,price_positive#product_quality_positive
54587426490425,অনেক ভালো প্রডাক্ট আপনারা চাইলে নিতে পারেন সাউন্ড কোয়ালিটি অনেক ভালো। চার্জ অনেক বেশি সময় থাকে। এক কথা অসাধারণ একটি প্রডাক্ট।,ভালো প্রডাক্ট আপনারা চাইলে নিতে পারেন সাউন্ড কোয়ালিটি ভালো চার্জ সময় এক কথা অসাধারণ প্রডাক্ট,Positive,Product Quality,,product_quality_positive,product_quality_positive
54698020690425,"দাম অনুযায়ী মোটামুটি ভাল আছে সবাই নিতে পারেন। 
এই দামে এর বেশি আশা করা যায় না। 
আর হ্যা এটা অর্জিনাল ভেবে কেউ নিবেন না এটা মাস্টার কপি।
এই পণ্যাটির অর্জিনাল দাম ৩০,০০০+(-)।",দাম অনুযায়ী মোটামুটি ভাল সবাই নিতে পারেন দামে এর আশা যায় হ্যা এটা অর্জিনাল ভেবে কেউ নিবেন এটা মাস্টার কপি পণ্যাটির অর্জিনাল দাম ৩০ ০,Positive,Price,,price_positive,price_positive
50770477190425,"প্রোডাক্টটা যেমন চাইছিস সেরকম পাইছি। সাউন্ড কোয়ালিটি ভালো, এই দামে জিনিসটা  অসাধারণ বলা যায়।",প্রোডাক্টটা চাইছিস সেরকম পাইছি সাউন্ড কোয়ালিটি ভালো দামে জিনিসটা অসাধারণ বলা যায়,Positive,Price;Product Quality,,price_positive;product_quality_positive,price_positive#product_quality_positive
53979812890425,"আমি একটা কিনছি আজকেই, আমারটা দেখে আর এক বন্ধু তার জন্য একটা অর্ডার দিতে বলছে! 
ভালো প্রডাক্ট",আমি একটা কিনছি আজকেই আমারটা দেখে এক বন্ধু একটা অর্ডার দিতে বলছে ভালো প্রডাক্ট,Positive,Product Quality,,product_quality_positive,product_quality_positive
54700170090425,ফালতু একটা জিনিস সাউন্ড সিস্টেম ভালো না। সবাইকে না নেওয়ার পরামর্শ দিচ্ছি। টাকা জলে দিচ্ছি।,ফালতু একটা জিনিস সাউন্ড সিস্টেম ভালো সবাইকে নেওয়ার পরামর্শ দিচ্ছি টাকা জলে দিচ্ছি,Negative,Product Quality,Product Quality,product_quality_negative,product_quality_negative
54090095290425,দুই দিন ব্যবহার করে খুব ভাল মনে হয়েছে।ডেলিভারি ম্যান ও ভাল ছিল।টাকার হিসেবে খুব ভালই বলবো।,দুই দিন ব্যবহার খুব ভাল মনে হয়েছে ডেলিভারি ম্যান ও ভাল টাকার হিসেবে খুব ভালই বলবো,Positive,Delivery;Product Quality,,delivery_positive;product_quality_positive,delivery_positive#product_quality_positive
54647079790425,প্রোডাক্ট কোয়ালিটি ভালো। কিন্তু এক্টিভ নোয়েস ক্যান্সিলেশন থাকলে আরো ভালো হত,প্রোডাক্ট কোয়ালিটি ভালো এক্টিভ নোয়েস ক্যান্সিলেশন থাকলে আরো ভালো হত,Positive,Product Quality,,product_quality_positive,product_quality_positive
54952552690425,এই এয়ারপডস ভালো কিন্তু আইফোন এ এয়ারপোড আর ব্যাটারী বার বার আলাদা দেখাই,এয়ারপডস ভালো আইফোন এ এয়ারপোড ব্যাটারী আলাদা দেখাই,Positive,Product Quality,,product_quality_positive,product_quality_positive
52297810490425,"ডেলিভারি ম্যান খুবই বাজে ছিল 

অনেক কাহিনি করে প্রডাক্ট ডেলিভারি করেছে",ডেলিভারি ম্যান খুবই বাজে কাহিনি প্রডাক্ট ডেলিভারি করেছে,Negative,Delivery,Delivery,delivery_negative,delivery_negative
52885774590425,১০০/১০০ পাওয়ার যোগ্য এয়ারপডটু এই মূল্যে চোখ বন্ধ৷ করে নিতে পারেন সবাই,১০০ ১০০ পাওয়ার যোগ্য এয়ারপডটু মূল্যে চোখ বন্ধ৷ নিতে পারেন সবাই,Positive,Price;Product Quality,,price_positive;product_quality_positive,price_positive#product_quality_positive
54947075190425,প্রোডাক্ট ভালো ছিলো আমি ইউজ করছি খুবই ভালো সাউন্ড কোয়ালিটি ভালো ছিলো,প্রোডাক্ট ভালো ছিলো আমি ইউজ করছি খুবই ভালো সাউন্ড কোয়ালিটি ভালো ছিলো,Positive,Product Quality,,product_quality_positive,product_quality_positive
52442695690425,দারাজে যত অর্ডার করছি জীবনে এটা সর্বোচ্চ অনেক সুন্দর একটা প্রোডাক্ট,দারাজে যত অর্ডার করছি জীবনে এটা সর্বোচ্চ সুন্দর একটা প্রোডাক্ট,Positive,Product Quality,,product_quality_positive,product_quality_positive
54667604590425,আমাকে খুবি বাজে জিনিস দিয়েছে একটাত চাওন কম আরেকটাতঠিক আছে  😫😫😫,খুবি বাজে জিনিস দিয়েছে একটাত চাওন আরেকটাতঠিক,Negative,Product Quality,Product Quality,product_quality_negative,product_quality_negative
53375928890425,দাম হিসেবে ভালোই আছে। কোয়ালিটিসম্পন প্রোডাক্ট। টাকা বৃথা যায় নি।,দাম হিসেবে ভালোই কোয়ালিটিসম্পন প্রোডাক্ট টাকা বৃথা যায় নি,Positive,Price;Product Quality,,price_positive;product_quality_positive,price_positive#product_quality_positive
52347272290425,এটাও ভালই দেখে বোঝা যাচ্ছে পারফেক্ট আছে কিন্তু এখনো ব্যবহার করিনি,এটাও ভালই দেখে বোঝা যাচ্ছে পারফেক্ট এখনো ব্যবহার করিনি,Positive,Product Quality,,product_quality_positive,product_quality_positive
52293600390425,যত ভালো মনে করেছিলাম ততটা ভালো না...৩৫০ থেকে ৪০০ টাকা ঠিক আছে...,যত ভালো মনে করেছিলাম ততটা ভালো ৩৫০ ৪০০ টাকা ঠিক,Negative,Price;Product Quality,Price;Product Quality,price_negative;product_quality_negative,price_negative#product_quality_negative
52021139790425,"থ্যাংক ইউ দারাজ কে একটা ভালো মানের প্রোডাক্ট দেওয়ার জন্য,,,",থ্যাংক ইউ দারাজ একটা ভালো মানের প্রোডাক্ট দেওয়ার,Positive,Product Quality,,product_quality_positive,product_quality_positive
53302480090425,"রিটার্ন দেওয়ার সুযোগ আছে? 
এটা খুবই বাজে একটা প্রোডাক্ট।",রিটার্ন দেওয়ার সুযোগ এটা খুবই বাজে একটা প্রোডাক্ট,Negative,Product Quality,Product Quality,product_quality_negative,product_quality_negative
51884091290425,খুবই ভালো প্রোডাক্ট। সেলারের ব্যবহার অসাধারণ। রেকমেন্ডেড।,খুবই ভালো প্রোডাক্ট সেলারের ব্যবহার অসাধারণ রেকমেন্ডেড,Positive,Product Quality,,product_quality_positive,product_quality_positive
52804398190425,এমনেতে সব কিছু ঠিক আছে কিন্তো কথা একটু জুরে বলা লাগে,এমনেতে ঠিক কিন্তো কথা জুরে বলা লাগে,Positive,Product Quality,,product_quality_positive,product_quality_positive
52671140890425,চার্জ বেকাপ হাই কোয়ালিটি সাওন্ড ও চাহিদা অনুযায়ী,চার্জ বেকাপ হাই কোয়ালিটি সাওন্ড ও চাহিদা অনুযায়ী,Positive,Product Quality,,product_quality_positive,product_quality_positive
52336399590425,চাইলে নিতে পারেন! দাম হিসেবে প্রোডাক্ট ভালোই। 🖤,চাইলে নিতে পারেন দাম হিসেবে প্রোডাক্ট ভালোই,Positive,Price;Product Quality,,price_positive;product_quality_positive,price_positive#product_quality_positive
54742821690425,"একদম বাজে। 🤮
৭ দিন চালাইতে পারিনি 😤😤😤😤😤😤",একদম বাজে ৭ দিন চালাইতে পারিনি,Negative,Product Quality,Product Quality,product_quality_negative,product_quality_negative
52482702290425,আলহামদুলিল্লাহ প্রোডাক্ট টি খুব ভাল পেয়েছি,আলহামদুলিল্লাহ প্রোডাক্ট টি খুব ভাল পেয়েছি,Positive,Product Quality,,product_quality_positive,product_quality_positive
51887168790425,অনেক সুন্দর প্রোডাক্ট টা সবাই নিতে পারেন,সুন্দর প্রোডাক্ট টা সবাই নিতে পারেন,Positive,Product Quality,,product_quality_positive,product_quality_positive
51936921790425,"বেস্ট প্রোডাক্ট, আমার কেনা বেস্ট টিডি এস।",বেস্ট প্রোডাক্ট কেনা বেস্ট টিডি এস,Positive,Product Quality,,product_quality_positive,product_quality_positive
53179166590425,অনেক ভালো সবাই নিতে পারেন কথায় অসাধারণ,ভালো সবাই নিতে পারেন কথায় অসাধারণ,Positive,Product Quality,,product_quality_positive,product_quality_positive
54872161290425,১ মিনিট ও চলে না অটো ডিস কানেক্ট হয়ে যায়,১ মিনিট ও চলে অটো ডিস কানেক্ট হয়ে যায়,Negative,Product Quality,Product Quality,product_quality_negative,product_quality_negative
54535403290425,"টিক টাক আছে..  মোটামুটি
বাজেট মত টিক আছে",টিক টাক মোটামুটি বাজেট টিক,Positive,Price;Product Quality,,price_neutral;product_quality_positive,price_neutral#product_quality_positive
54537002490425,চার্জ ভালই থাকে। সাউন্ড কোয়ালিটিও ভালো।,চার্জ ভালই সাউন্ড কোয়ালিটিও ভালো,Positive,Product Quality,,product_quality_positive,product_quality_positive
53127454390425,এটা খুব সুন্দর আপনারা এটা নিতে পারেন।,এটা খুব সুন্দর আপনারা এটা নিতে পারেন,Positive,Product Quality,,product_quality_positive,product_quality_positive
53602730790425,যেমনটা আশা করছিলাম তেমনি পেয়েছি,যেমনটা আশা করছিলাম তেমনি পেয়েছি,Positive,Product Quality,,product_quality_positive,product_quality_positive
52404328890425,এক কথায় অসাধারন একটা প্রোডাক্ট,এক কথায় অসাধারন একটা প্রোডাক্ট,Positive,Product Quality,,product_quality_positive,product_quality_positive
53785160390425,ভালো হয়েছে অনেক অনেক সুন্দর,ভালো হয়েছে সুন্দর,Positive,Product Quality,,product_quality_positive,product_quality_positive
52480880790425,ভালোই সব কিছু নিতে পারেন,ভালোই নিতে পারেন,Positive,Product Quality,,product_quality_positive,product_quality_positive
54899869390425,মোটামুটি। তবে হাই বেস এর গান ফেটে ফেটে যায়,মোটামুটি হাই বেস এর গান ফেটে ফেটে যায়,Neutral,Product Quality,,product_quality_neutral,product_quality_neutral
52433065490425,একদম ফালতু একটা এয়ারপড এই টাকা দিয়ে আরো অনেক ভালো এয়ারপড পাওয়া যাবে কেউ নিয়ে না ভাই নিলে একদম মারা টা খাবেন,একদম ফালতু একটা এয়ারপড টাকা দিয়ে আরো ভালো এয়ারপড পাওয়া যাবে কেউ নিয়ে ভাই নিলে একদম মারা টা খাবেন,Negative,Product Quality,Product Quality,product_quality_negative,product_quality_negative
54149701314268,"একেবারেই বাজে যেমনটা দেখেছিলাম ছবির সাথে কোন মিল নাই আর বড় কেবল দেওয়ার কথা ছিল আমাকে দিয়েছে ছোট্ট ক্যাবল ডেলিভারি চার্জসহ ৪০০ টাকা পড়েছে এগুলা মার্কেটে ১৫০ থেকে ২০০ টাকাতে এভেলেবেল পাওয়া যায়,,",একেবারেই বাজে যেমনটা দেখেছিলাম ছবির মিল নাই বড় কেবল দেওয়ার কথা দিয়েছে ছোট্ট ক্যাবল ডেলিভারি চার্জসহ ৪০০ টাকা পড়েছে এগুলা মার্কেটে ১৫০ ২০০ টাকাতে এভেলেবেল পাওয়া যায়,Negative,Price;Product Quality,Price;Product Quality,price_negative;product_quality_negative,price_negative#product_quality_negative
54433822914268,"হাতে পাওয়ার একসপ্তাহ পর রিভিউ দিলাম 
এটা মুটামুটি গানের অডিও ঠিক আছে, কিন্তু পোনে কারো সঙ্গে  কলে কথা বলা যায় না। তিনি কথা শুনেন স্পষ্ট।",হাতে পাওয়ার একসপ্তাহ রিভিউ দিলাম এটা মুটামুটি গানের অডিও ঠিক পোনে কারো কলে কথা বলা যায় কথা শুনেন স্পষ্ট,Positive,Product Quality,,product_quality_positive,product_quality_positive
54188691914268,"2 মাস ব্যবহার করার পর রিভিউ দিলাম ,, প্রোডাক্ট টা আমি যা আসা করছিলাম তার থেকে অনেক ভালো,, সাউন্ড কোয়ালিটি জোস চার্জ ব্যাকআপ অনেক ক্ষণ দেই অল্প টাকা বাজেট হলে এটা নিতে পারেন ,, ডেলিভারি ম্যান এর ব্যবহারটা অনেক ভালো ছিল✅",2 মাস ব্যবহার করার রিভিউ দিলাম প্রোডাক্ট টা আমি আসা করছিলাম ভালো সাউন্ড কোয়ালিটি জোস চার্জ ব্যাকআপ ক্ষণ দেই অল্প টাকা বাজেট এটা নিতে পারেন ডেলিভারি ম্যান এর ব্যবহারটা ভালো,Positive,Delivery;Price;Product Quality,,delivery_positive;price_positive;product_quality_positive,delivery_positive#price_positive#product_quality_positive
54410818514268,অসাধারণ কারন আমি অনলাইন থেকে নিতে ভয় পেয়েচ্ছিলাম পরে দেখি অসাধারণ সত্যি খুব সুন্দর খুব ভালো আপনারা চাইলে কিনতে পারেন,অসাধারণ কারন আমি অনলাইন নিতে ভয় পেয়েচ্ছিলাম দেখি অসাধারণ সত্যি খুব সুন্দর খুব ভালো আপনারা চাইলে কিনতে পারেন,Positive,Product Quality,,product_quality_positive,product_quality_positive
52763909714268,আমাকে যে হেডফোনটা দেওয়া আছে ব্লুটুথ একটা ইয়ারফোন নষ্ট হইছে এটা দয়া করে ঠিক কর নাই আপনারা আন্ত আমি ভালো পাই নাই আমি  দারাজ  অ্যাপস  প্রোডাক্টটা  ভালো দেয়নি,যে হেডফোনটা দেওয়া ব্লুটুথ একটা ইয়ারফোন নষ্ট হইছে এটা দয়া ঠিক কর নাই আপনারা আন্ত আমি ভালো পাই নাই আমি দারাজ অ্যাপস প্রোডাক্টটা ভালো দেয়নি,Negative,Product Quality,Product Quality,product_quality_negative,product_quality_negative
52658638814268,"এয়ারপডস উচ্চ মানের অডিও প্রদান করে, যা সঙ্গীত, পডকাস্ট এবং ফোন কলের জন্য উপযুক্ত। এয়ারপডস প্রো মডেলগুলি অ্যাক্টিভ নয়েজ ক্যানসেলেশন (এএনসি) এবং ট্রান্সপারেন্সি মোডের সাথে আরও উন্নত অডিও
এয়ারপডস দীর্ঘস্থায়ী ব্যাটারি লাইফ প্রদান করে, যা ব্যবহারকারীদের দিনব্যাপী সঙ্গীত শোনা এবং কল করার সুবিধা দেয়",এয়ারপডস উচ্চ মানের অডিও প্রদান সঙ্গীত পডকাস্ট ফোন কলের উপযুক্ত এয়ারপডস প্রো মডেলগুলি অ্যাক্টিভ নয়েজ ক্যানসেলেশন এএনসি ট্রান্সপারেন্সি মোডের উন্নত অডিও এয়ারপডস দীর্ঘস্থায়ী ব্যাটারি লাইফ প্রদান ব্যবহারকারীদের দিনব্যাপী সঙ্গীত শোনা কল করার সুবিধা দেয়,Positive,Product Quality,,product_quality_positive,product_quality_positive
52893637314268,আলহামদুলিল্লাহ হাতে পেয়ে অনেক খুশি হলাম ব্লুটুথ অনেক ভালো আছে আপনারা চাইলে নিতে পারেন দামের দিকে ঠিক আছে আর ডেলিভারিও বেশি দিন লাগবে না থ্যাঙ্ক ইউ দারাজ,আলহামদুলিল্লাহ হাতে পেয়ে খুশি হলাম ব্লুটুথ ভালো আপনারা চাইলে নিতে পারেন দামের দিকে ঠিক ডেলিভারিও দিন লাগবে থ্যাঙ্ক ইউ দারাজ,Positive,Product Quality,,product_quality_positive,product_quality_positive
54261225614268,অর্ডার দিয়েছে একটা আর পর্ন পেয়েছি আর একটা আসলে দারাজ কখনো ভালো হবে না আমার টাকা দিয়ে যা **********। গালি দিলাম না যা,অর্ডার দিয়েছে একটা পর্ন পেয়েছি একটা আসলে দারাজ ভালো টাকা দিয়ে গালি দিলাম,Negative,Product Quality,Product Quality,product_quality_negative,product_quality_negative
54183662014268,এখান থেকে প্রোডাক্টটা কেউ কিনবেন না আমি অর্ডার দিয়েছি একটা আমারে দিছে আরেকটা আমি যেটা অর্ডার দিয়েছিলাম দেখেন সেটার পিক লাস্টে দেওয়া আছে স্ক্রিনশট আর আমারে যেটা দিছে সেটার দেখেন ভিডিও এবং ছবি দেয়া আছে কিন্তু এটা একদম বলল ভুল চাইছে একটা দিছে আরেকটা কিন্তু সাউন্ডটা যায় মোটামুটি চলার মতো আমি আপনাদেরকে সাবধান করে দিলাম এইবার আপনার ইচ্ছা  যদি কেউ কিনেন তাহলে ভেবেচিন্তে কিনবেন,এখান প্রোডাক্টটা কেউ কিনবেন আমি অর্ডার দিয়েছি একটা আমারে দিছে আরেকটা আমি যেটা অর্ডার দিয়েছিলাম দেখেন সেটার পিক লাস্টে দেওয়া স্ক্রিনশট আমারে যেটা দিছে সেটার দেখেন ভিডিও ছবি দেয়া এটা একদম ভুল চাইছে একটা দিছে আরেকটা সাউন্ডটা যায় মোটামুটি চলার আমি আপনাদেরকে সাবধান দিলাম এইবার আপনার ইচ্ছা যদি কেউ কিনেন তাহলে ভেবেচিন্তে কিনবেন,Negative,Product Quality;Seller Service,Product Quality;Seller Service,seller_service_negative;product_quality_negative,seller_service_negative#product_quality_negative
54223520114268,আলহামদুলিল্লাহ যেমনটা ভাবছিলাম তার থেকে অনেক অনেক গুণ বেশি ভালো জিনিসটা পেয়েছি আপনারা চাইলে নিতে পারেন খুবই ভালো খুবই ভালো সার্ভিস দেয় করে কিন্তু একদম দারুন,আলহামদুলিল্লাহ যেমনটা ভাবছিলাম গুণ ভালো জিনিসটা পেয়েছি আপনারা চাইলে নিতে পারেন খুবই ভালো খুবই ভালো সার্ভিস দেয় একদম দারুন,Positive,Product Quality,,product_quality_positive,product_quality_positive
52832952914268,"আলহামদুলিল্লাহ খুব দ্রুত প্রোডাক্ট হাতে পেয়েছি,
ফোনের সাথে খুব দ্রুত কানেক্ট হয়েছে মনে হচ্ছে ভালো হবে চালিয়ে দেখি আগে আবার রিভিউ দিব",আলহামদুলিল্লাহ খুব দ্রুত প্রোডাক্ট হাতে পেয়েছি ফোনের খুব দ্রুত কানেক্ট হয়েছে মনে ভালো চালিয়ে দেখি আগে রিভিউ দিব,Positive,Product Quality,,product_quality_positive,product_quality_positive
54748737614268,সো এয়ারপোর্টটা খুবই ভালো সাউন্ড কোয়ালিটি বেস্ট চাইলে আপনিও নিতে পারেন অ্যান্ড ধন্যবাদ জানাই ধার আজকে এন্ড ডেলিভারি ম্যানকে,সো এয়ারপোর্টটা খুবই ভালো সাউন্ড কোয়ালিটি বেস্ট চাইলে আপনিও নিতে পারেন অ্যান্ড ধন্যবাদ জানাই ধার আজকে এন্ড ডেলিভারি ম্যানকে,Positive,Delivery;Product Quality,,delivery_positive;product_quality_positive,delivery_positive#product_quality_positive
50159808814268,মোটামুটি দামের জন্য ঠিক আছে কিন্তু সাউন্ড লেটে আছে শাওন মোটামুটি ভালো গেমিং করতে গেলে সাউন্ডটা পরে আছে |ভিডিওতে সাউন্ড পড়ে আছে প্রায় হাফ সেকেন্ড ধন্যবাদ দারাজ কে,মোটামুটি দামের ঠিক সাউন্ড লেটে শাওন মোটামুটি ভালো গেমিং করতে সাউন্ডটা ভিডিওতে সাউন্ড পড়ে প্রায় হাফ সেকেন্ড ধন্যবাদ দারাজ,Positive,Price;Product Quality,,price_positive;product_quality_positive,price_positive#product_quality_positive
50010026114268,আলহামদুলিল্লাহ খুবই ভালো ধন্যবাদ দারাজ খুবই ভালো প্রোডাক্ট না নিতে পারেন আরজে মোটামুটি ভালোই যায় অনুযায়ী ভালো,আলহামদুলিল্লাহ খুবই ভালো ধন্যবাদ দারাজ খুবই ভালো প্রোডাক্ট নিতে পারেন আরজে মোটামুটি ভালোই যায় অনুযায়ী ভালো,Positive,Product Quality,,product_quality_positive,product_quality_positive
54175164214268,"অণেক ভালো জিনিস চাইলে নিতে পারেন। কিন্ত  কথা ছিলো ওয়ারলেস হবে,ফিতা দেওয়ার কথা ছিলো কিছুই দেই নি। কম বাজেটে ভালো একটি পণ্য।",অণেক ভালো জিনিস চাইলে নিতে পারেন কিন্ত কথা ছিলো ওয়ারলেস ফিতা দেওয়ার কথা ছিলো কিছুই দেই নি বাজেটে ভালো পণ্য,Positive,Price,,price_positive,price_positive
54198336714268,"আলহামদুলিল্লাহ্, অনেক ভালো প্রোডাক্ট, সেলার অনেক তাড়াতাড়ি ডেলিভারি দিয়েছে, সাউন্ড কোয়ালিটিও অনেক ভালো, চার্জ ব্যাকাআপও ভালো, ওভারঅল সুন্দর একটা প্রোডাক্ট",আলহামদুলিল্লাহ্ ভালো প্রোডাক্ট সেলার তাড়াতাড়ি ডেলিভারি দিয়েছে সাউন্ড কোয়ালিটিও ভালো চার্জ ব্যাকাআপও ভালো ওভারঅল সুন্দর একটা প্রোডাক্ট,Positive,Product Quality;Seller Service,,seller_service_positive;product_quality_positive,seller_service_positive#product_quality_positive
54628670214268,"যেমন টা দেখাইছে মোটেও ঐ রকম না সাথে নেই বেল্ড চারজিং পয়েন্টার টাইপ সি, ডেলিভারি করা পন্যের সাথে ছবিতে দেখানো পণ্যের কোনো মিল নেই তাও আবার পণ্যটি ডাকনা স্পিং  ভাঙ্গা 
চারজার কেবল দিয়ে চার্জ ও হয়,না",টা দেখাইছে মোটেও রকম নেই বেল্ড চারজিং পয়েন্টার টাইপ সি ডেলিভারি পন্যের ছবিতে দেখানো পণ্যের মিল নেই তাও পণ্যটি ডাকনা স্পিং ভাঙ্গা চারজার কেবল দিয়ে চার্জ ও হয়,Negative,Product Quality,Product Quality,product_quality_negative,product_quality_negative
54238261914268,প্রোডাক্টের সাউন্ড কোয়ালিটি ভালো ছিল ।কিন্তু সেলার প্যাকেটিং টা আরেকটু উন্নত করা উচিত ছিল অন্ততপক্ষে একটা ছোট কাটনে দেওয়া উচিত ছিল ছয় পিস মাল যেহেতু ।পেকেট গুলো একবারে চুপসে গেছে।আর ভিতরে চার্জিং কট নাই কিন্তু ঝোলানোর জন্য ফিতা দেওয়া আছে এটা কোথায় লাগাবে,প্রোডাক্টের সাউন্ড কোয়ালিটি ভালো সেলার প্যাকেটিং টা আরেকটু উন্নত উচিত অন্ততপক্ষে একটা ছোট কাটনে দেওয়া উচিত ছয় পিস মাল পেকেট গুলো একবারে চুপসে ভিতরে চার্জিং কট নাই ঝোলানোর ফিতা দেওয়া এটা কোথায় লাগাবে,Neutral,Packaging;Product Quality,Packaging,packaging_negative;product_quality_positive,packaging_negative#product_quality_positive
54159587514268,আলহামদুলিল্লাহ প্রোডাক্টটা হাতে পাইছি একদিন ব্যবহার করা বার বুঝতে পারব কেমন সার্ভিস দিচ্ছেএকটা ফিতা ফ্রি ছিল ওইটা দেয় নাই,আলহামদুলিল্লাহ প্রোডাক্টটা হাতে পাইছি একদিন ব্যবহার বুঝতে পারব কেমন সার্ভিস দিচ্ছেএকটা ফিতা ফ্রি ওইটা দেয় নাই,Positive,Product Quality,,product_quality_positive,product_quality_positive
52723156714268,সাউন্ড কোয়ালিটি অনেক ভালো আনেক তারাতারি ডেলিভারি পাইছি এক কথায় বেস্ট আপনারাও চাইলে নিতে পারেন,সাউন্ড কোয়ালিটি ভালো আনেক তারাতারি ডেলিভারি পাইছি এক কথায় বেস্ট আপনারাও চাইলে নিতে পারেন,Positive,Product Quality,,product_quality_positive,product_quality_positive
